/*******************************************************************************
 * Size: 13 px
 * Bpp: 4
 * Opts: --font C:\Windows/Fonts/malgunbd.ttf -r 0x20-0x7E -r 0xB0 -r 0xB1 -r 0xB7 -r 0xD7 -r 0x2013 -r 0x2014 -r 0x2018 -r 0x2019 -r 0x201C -r 0x201D -r 0x2022 -r 0x2026 -r 0x2103 -r 0x2192 --symbols 가각간감값개건검것게결경계고공과관교구그근금기김꺼끄끊끝나남내냉널네넷노높누눌는능니다단답대데델도돌동되된됨드등라래램량러렇레력로록롤롯료류르른름리린릴림링마막만말메면모목무문물미밀받방버번변별보부분불비사산상색생서설성세센소속송쇄수스슬습승시식신실심아안않알았약양어언업없었에역연열엽영예오온완왜외요용운워원웨위유육으은을음응의이인일임입있잎자작잘장재저전절정제져조족주준중즉증지직진짐집차참첫청체초최추충취측치카컨켜콜크키태터턴텔토트튼팅파판패팬펌폐표프피하함합해했행향험현형호화확회횟효후히 --size 13 --bpp 4 --format lvgl --lv-font-name font_bold_13 --lv-fallback font_kr_full_12 -o D:\Users\G433m\Documents\smartfarm\src\fonts\font_bold_13.c
 ******************************************************************************/

#ifdef LV_LVGL_H_INCLUDE_SIMPLE
#include "lvgl.h"
#else
#include "lvgl/lvgl.h"
#endif

#ifndef FONT_BOLD_13
#define FONT_BOLD_13 1
#endif

#if FONT_BOLD_13

/*-----------------
 *    BITMAPS
 *----------------*/

/*Store the image of the glyphs*/
static LV_ATTRIBUTE_LARGE_CONST const uint8_t glyph_bitmap[] = {
    /* U+0020 " " */

    /* U+0021 "!" */
    0xdf, 0x1, 0x0, 0xe7, 0x10, 0xc, 0x26, 0x1a,
    0xa0, 0xf0, 0x17, 0xa0, 0x3, 0x0,

    /* U+0022 "\"" */
    0xe9, 0x6f, 0x3, 0x13, 0x0, 0x37, 0x88, 0x80,

    /* U+0023 "#" */
    0x0, 0x1f, 0x83, 0xd8, 0x4, 0xc4, 0x1a, 0x60,
    0x16, 0xb8, 0x37, 0x1, 0x7b, 0xaf, 0x9c, 0xc1,
    0x70, 0xd6, 0x7, 0x40, 0x0, 0x51, 0x8c, 0x42,
    0x78, 0x3a, 0x8f, 0x86, 0x19, 0x34, 0xa3, 0xc4,
    0x4b, 0xa6, 0x4c, 0x20, 0xc, 0x61, 0xf1, 0x0,
    0x0,

    /* U+0024 "$" */
    0x0, 0xa5, 0x0, 0x21, 0xb6, 0xbd, 0x20, 0xd5,
    0x25, 0x61, 0x11, 0xb2, 0x75, 0x98, 0x82, 0x18,
    0x6, 0x83, 0x5d, 0x0, 0x9e, 0xc9, 0xb4, 0x80,
    0x8, 0x87, 0x28, 0x0, 0xd8, 0x8c, 0x1d, 0xb,
    0xc8, 0x80, 0x76, 0x34, 0x78, 0x9, 0xe6, 0xa8,
    0x0, 0xd6, 0x80, 0x0,

    /* U+0025 "%" */
    0x7, 0xee, 0x20, 0x1, 0x7c, 0x80, 0xe3, 0x22,
    0x80, 0x17, 0x4, 0xa, 0x44, 0x41, 0x8, 0x37,
    0x0, 0x11, 0x5, 0xc4, 0x9e, 0x40, 0x24, 0x5e,
    0xba, 0x95, 0x40, 0xd, 0x5f, 0xc2, 0x91, 0x3d,
    0x64, 0x1, 0xae, 0x15, 0x30, 0x20, 0x2, 0x83,
    0x7d, 0x52, 0xd6, 0x0, 0x13, 0xc8, 0x11, 0x87,
    0xa8, 0x2, 0x55, 0x2, 0x43, 0x8a, 0x0,

    /* U+0026 "&" */
    0x0, 0x36, 0xfe, 0x18, 0x7, 0x14, 0xb5, 0x8f,
    0x0, 0x73, 0x6, 0xa3, 0x18, 0x2d, 0x88, 0x21,
    0x45, 0x24, 0x1, 0xa1, 0x80, 0xb8, 0xaa, 0x30,
    0x70, 0x10, 0x62, 0x5d, 0x26, 0x2, 0xa0, 0x29,
    0x4a, 0x2e, 0x1e, 0x94, 0x0, 0x78, 0xd4, 0x94,
    0xc1, 0x6, 0x20, 0xf8, 0xa2, 0xb1, 0x1, 0xd4,
    0x68, 0xa, 0xf5, 0x74,

    /* U+0027 "'" */
    0xe8, 0x3f, 0x61,

    /* U+0028 "(" */
    0x0, 0x27, 0x98, 0x2, 0x98, 0xc1, 0x46, 0xc0,
    0x1c, 0x44, 0x0, 0x2b, 0x80, 0x42, 0x60, 0x1f,
    0x84, 0x80, 0x24, 0x50, 0xb, 0x85, 0x0, 0x8,
    0x7e, 0x1, 0x70, 0x18,

    /* U+0029 ")" */
    0x8e, 0x0, 0x40, 0x48, 0x1, 0x98, 0x21, 0x60,
    0x80, 0x61, 0x80, 0x1, 0x30, 0xf, 0x9, 0x1,
    0x86, 0x85, 0xa, 0x8b, 0x48, 0x32, 0xb8, 0x0,

    /* U+002A "*" */
    0x0, 0x54, 0x80, 0x9, 0xcc, 0x60, 0x87, 0x99,
    0xc4, 0x47, 0xe6, 0x58, 0x61, 0xd1, 0x2, 0x0,

    /* U+002B "+" */
    0x0, 0xb9, 0x0, 0x3f, 0xf8, 0x8f, 0xfe, 0x1b,
    0xfd, 0x6c, 0xc0, 0xce, 0x78, 0x99, 0x80, 0x8c,
    0x80, 0x28, 0x50, 0x0,

    /* U+002C "," */
    0x5, 0x33, 0x53, 0x28, 0x26, 0x18, 0x80,

    /* U+002D "-" */
    0x1, 0x18, 0x7, 0xba, 0x81, 0xcc, 0xa4,

    /* U+002E "." */
    0x2e, 0x81, 0x0, 0x0,

    /* U+002F "/" */
    0x0, 0xee, 0xa0, 0xc, 0xc3, 0x20, 0x1a, 0x88,
    0xc0, 0x23, 0x35, 0x80, 0x6a, 0x6, 0x0, 0x85,
    0x98, 0x1, 0x9c, 0x2c, 0x3, 0x59, 0x90, 0x4,
    0x85, 0x20, 0x1b, 0x85, 0x40, 0x21, 0x56, 0x0,
    0xc0,

    /* U+0030 "0" */
    0x1, 0xaf, 0xe8, 0x0, 0xa9, 0x5c, 0x9d, 0x80,
    0x91, 0x63, 0x42, 0x81, 0x3, 0x0, 0x48, 0xc0,
    0x40, 0xc0, 0x2, 0x0, 0xf0, 0x10, 0xe, 0xe0,
    0x20, 0x0, 0x80, 0x14, 0x3c, 0x4, 0x90, 0xc,
    0x9a, 0x34, 0x3c, 0x1, 0xe6, 0xe5, 0x28, 0x0,

    /* U+0031 "1" */
    0x1, 0xaf, 0x26, 0xe5, 0x0, 0x79, 0x98, 0x1,
    0x38, 0xc0, 0x1f, 0xfd, 0x40,

    /* U+0032 "2" */
    0x5, 0xcf, 0xe7, 0x0, 0x43, 0x39, 0x43, 0x7,
    0xd4, 0x70, 0x60, 0x10, 0x0, 0x40, 0xc0, 0x21,
    0xe0, 0xa0, 0x1, 0xf9, 0x49, 0x81, 0xe0, 0xd3,
    0x0, 0x3c, 0x31, 0x40, 0x23, 0x1b, 0x88, 0x29,
    0x0, 0xbb, 0xde,

    /* U+0033 "3" */
    0x7, 0xef, 0xd6, 0x0, 0x73, 0x41, 0xc9, 0x84,
    0xc3, 0xc0, 0x28, 0x0, 0x4e, 0x85, 0xc0, 0x7b,
    0xa, 0x84, 0x6, 0xe4, 0xec, 0xc0, 0x8, 0xdc,
    0x12, 0x1, 0xe3, 0x1d, 0x87, 0xd0, 0xd1, 0x66,
    0x41, 0x5a, 0x0,

    /* U+0034 "4" */
    0x0, 0xdb, 0xe0, 0x1c, 0xa4, 0x1, 0xe8, 0x0,
    0xf3, 0x1a, 0x80, 0x62, 0x98, 0x30, 0xd, 0xc6,
    0xc0, 0x19, 0x8f, 0xc4, 0xc0, 0x43, 0x3, 0x39,
    0x43, 0x8a, 0x2e, 0xe4, 0xb, 0x22, 0x22, 0x44,
    0x8, 0x0,

    /* U+0035 "5" */
    0x9, 0xff, 0xc8, 0x6, 0xe, 0xf3, 0x0, 0x94,
    0x44, 0x40, 0xe2, 0x20, 0xc, 0x27, 0xdf, 0x20,
    0x8, 0xa9, 0x26, 0x60, 0x2a, 0x9b, 0xc3, 0x0,
    0x33, 0x1, 0x86, 0x3c, 0x50, 0x50, 0x3c, 0x39,
    0x59, 0x80,

    /* U+0036 "6" */
    0x0, 0x1e, 0x7f, 0x94, 0x0, 0x78, 0x50, 0xe0,
    0x14, 0x7, 0xbc, 0x28, 0xa, 0x28, 0x80, 0x65,
    0x0, 0x6f, 0xe9, 0x0, 0x4b, 0x70, 0x5c, 0xe,
    0xc, 0xc7, 0x43, 0x2, 0x3, 0x0, 0x38, 0x80,
    0xb2, 0xc4, 0x9b, 0x80, 0x25, 0x5d, 0xe9, 0x0,

    /* U+0037 "7" */
    0x6f, 0xff, 0x2b, 0xbe, 0x4, 0x38, 0x8b, 0x82,
    0x0, 0x35, 0x99, 0x80, 0x25, 0x29, 0x0, 0xdc,
    0xa, 0x1, 0xa, 0x28, 0x6, 0x70, 0xc0, 0xd,
    0x80, 0x80, 0x19, 0xc0, 0x80, 0x0,

    /* U+0038 "8" */
    0x1, 0xbf, 0xe8, 0x0, 0xb5, 0x25, 0xdd, 0x0,
    0x3, 0x56, 0x91, 0x30, 0x2, 0x20, 0xd8, 0x74,
    0x1, 0x41, 0x92, 0xac, 0x0, 0xd0, 0x97, 0x57,
    0x4, 0x38, 0x68, 0x39, 0x0, 0xf8, 0x41, 0x46,
    0x1a, 0xd, 0x40, 0x75, 0x65, 0x99, 0x40,

    /* U+0039 "9" */
    0x2, 0xbf, 0xe6, 0x0, 0x62, 0xc1, 0x49, 0xa8,
    0xc3, 0xe8, 0x49, 0x81, 0x80, 0x89, 0x94, 0x24,
    0x98, 0x48, 0xdc, 0xf6, 0xc4, 0xc2, 0x37, 0x34,
    0x58, 0x0, 0x46, 0xa1, 0xa1, 0x4f, 0x34, 0x4c,
    0x3, 0xc, 0xb8, 0x0,

    /* U+003A ":" */
    0x3e, 0x81, 0x0, 0x17, 0x40, 0x7, 0x8b, 0xa0,
    0x40, 0x0,

    /* U+003B ";" */
    0x2e, 0x90, 0x8, 0xba, 0x40, 0x3c, 0x5e, 0xee,
    0x5, 0xd2, 0x26, 0x70, 0x0,

    /* U+003C "<" */
    0x0, 0xf0, 0x80, 0x63, 0xbb, 0x0, 0xe, 0xf0,
    0x60, 0x6f, 0xb, 0xa8, 0x88, 0xa5, 0x82, 0x0,
    0x3e, 0xab, 0xe7, 0x10, 0x3, 0xf4, 0x4d, 0x80,
    0x66, 0xe9,

    /* U+003D "=" */
    0x0, 0xf9, 0xff, 0xfb, 0x5b, 0x33, 0xbc, 0x4c,
    0xf8, 0x9f, 0xff, 0xb5, 0xb3, 0x3b, 0xc0,

    /* U+003E ">" */
    0x10, 0xf, 0x2f, 0x38, 0x6, 0x48, 0xae, 0x70,
    0x9, 0xb6, 0xeb, 0x94, 0x2, 0x67, 0x12, 0x5,
    0xcc, 0x1f, 0x3a, 0x52, 0x74, 0x88, 0x2f, 0x40,
    0x80, 0x40,

    /* U+003F "?" */
    0x3c, 0xfe, 0x80, 0x40, 0x63, 0x75, 0x6c, 0x99,
    0x1, 0x8, 0x3, 0x41, 0x0, 0xe, 0xd0, 0x60,
    0x30, 0xee, 0x0, 0x10, 0x60, 0x4, 0x7c, 0x80,
    0x11, 0x7c, 0x0, 0x42, 0x1, 0x80,

    /* U+0040 "@" */
    0x0, 0x8a, 0x7b, 0xfa, 0x8c, 0x3, 0x26, 0x9e,
    0xf6, 0x6e, 0x30, 0x0, 0xad, 0xe8, 0xc4, 0x9e,
    0xa4, 0x82, 0xce, 0xb, 0x3a, 0xf5, 0x4e, 0xc1,
    0xec, 0x3d, 0xbd, 0x98, 0x8, 0x40, 0x26, 0x62,
    0x81, 0x41, 0x0, 0xe1, 0x60, 0x20, 0x23, 0x2,
    0x20, 0x16, 0xb0, 0x19, 0x90, 0xc9, 0x68, 0x2d,
    0xc5, 0x73, 0xa5, 0x76, 0xc, 0x19, 0x73, 0xfb,
    0x5b, 0x39, 0xc0, 0x2a, 0x88, 0x77, 0xfb, 0x80,
    0x3c, 0xdb, 0xfd, 0xfa, 0x20, 0x0,

    /* U+0041 "A" */
    0x0, 0xab, 0xf0, 0x3, 0xe5, 0x3, 0x20, 0xe,
    0x50, 0x70, 0x50, 0xe, 0xf0, 0x81, 0xa0, 0xe,
    0x55, 0x3, 0x91, 0x0, 0x25, 0xd, 0x2f, 0x5,
    0x0, 0xb8, 0x23, 0x64, 0x28, 0x0, 0x28, 0x75,
    0x52, 0x11, 0x1, 0xc2, 0xd5, 0x6e, 0xa, 0xa,
    0x4, 0x0, 0x90, 0x14, 0x0,

    /* U+0042 "B" */
    0xef, 0xfb, 0x54, 0x2, 0x97, 0x2a, 0x20, 0x16,
    0x86, 0x6, 0x0, 0x11, 0xb9, 0xa0, 0xe, 0xe0,
    0x40, 0x5, 0x54, 0x2b, 0x50, 0x15, 0x57, 0x87,
    0x80, 0x67, 0x0, 0x85, 0x9e, 0x83, 0x80, 0x13,
    0x7, 0x48,

    /* U+0043 "C" */
    0x0, 0xc, 0xf7, 0xf4, 0x1, 0x7b, 0x1a, 0xa8,
    0xc3, 0xc6, 0x36, 0xae, 0xc6, 0x46, 0xe0, 0x19,
    0x41, 0x0, 0x38, 0x43, 0xc0, 0x38, 0x83, 0x0,
    0x39, 0x1, 0x14, 0x2, 0x11, 0x48, 0x56, 0x56,
    0x50, 0x35, 0x99, 0x94, 0x74,

    /* U+0044 "D" */
    0xef, 0xfb, 0xa4, 0x80, 0x33, 0xb1, 0xb6, 0x98,
    0x0, 0x62, 0x75, 0x82, 0x0, 0x3d, 0x20, 0x80,
    0x1f, 0x18, 0x10, 0x7, 0x84, 0xc, 0x3, 0x84,
    0x84, 0x40, 0x1d, 0x60, 0xc0, 0x1, 0x89, 0xd5,
    0x38, 0x0, 0x9d, 0x82, 0x30, 0x0,

    /* U+0045 "E" */
    0xef, 0xfc, 0xa0, 0x7, 0x7c, 0x3, 0x11, 0x10,
    0x7, 0xc3, 0x11, 0x0, 0x4e, 0xf0, 0x80, 0xff,
    0xc2, 0x1, 0xf0, 0xc4, 0x48, 0x0, 0x77, 0xb0,

    /* U+0046 "F" */
    0xef, 0xfc, 0xa0, 0x7, 0x7c, 0x3, 0x11, 0x10,
    0x7, 0xc3, 0x11, 0x0, 0x4e, 0xf0, 0x0, 0x7f,
    0xe0, 0xf, 0xfe, 0x38,

    /* U+0047 "G" */
    0x0, 0xc, 0xf7, 0xf6, 0x10, 0x17, 0xb1, 0x32,
    0x90, 0x87, 0x8c, 0xe4, 0xdf, 0x19, 0x88, 0xd8,
    0x3, 0x94, 0x10, 0x6, 0x22, 0x41, 0xf, 0x3,
    0x77, 0xb4, 0x83, 0x40, 0xbf, 0x0, 0xa, 0x2a,
    0x80, 0x1e, 0xb0, 0xbb, 0x4f, 0x80, 0x4b, 0x88,
    0xac, 0x2d, 0x60,

    /* U+0048 "H" */
    0xee, 0x0, 0x6e, 0xe0, 0x7, 0xff, 0x34, 0x66,
    0x70, 0x80, 0x4c, 0xd8, 0x2, 0x1f, 0xfc, 0x20,
    0x1f, 0xfc, 0xd0,

    /* U+0049 "I" */
    0xee, 0x0, 0x7f, 0xf1, 0x80,

    /* U+004A "J" */
    0x0, 0x1f, 0xc8, 0x7, 0xff, 0x3d, 0xc0, 0x40,
    0x18, 0x1d, 0x54, 0x71, 0x60, 0x53, 0xd0,

    /* U+004B "K" */
    0xee, 0x0, 0x13, 0xf4, 0x3, 0xd, 0x7, 0x80,
    0x6b, 0x19, 0x20, 0x9, 0x15, 0x4c, 0x1, 0xd,
    0xd, 0x80, 0x61, 0x31, 0x50, 0xe, 0xe0, 0xa1,
    0x0, 0xc6, 0xe3, 0x40, 0x1d, 0x4, 0x8c, 0x1,
    0xdc, 0x12, 0x40,

    /* U+004C "L" */
    0xee, 0x0, 0x7f, 0xf8, 0xc6, 0x22, 0x30, 0x3,
    0xbc, 0x80,

    /* U+004D "M" */
    0xef, 0xe0, 0xc, 0x9f, 0xe6, 0x0, 0x9, 0x80,
    0x5c, 0x1, 0x8c, 0x28, 0x2, 0x52, 0x0, 0x9c,
    0xdc, 0x0, 0xa0, 0xa0, 0x1a, 0xc5, 0x3, 0x8b,
    0x40, 0x27, 0x60, 0xe1, 0x4a, 0x0, 0xe1, 0x45,
    0x70, 0x50, 0xf, 0x70, 0x41, 0x90, 0x7, 0x94,
    0x6, 0x80, 0x3f, 0x28, 0x38, 0x6,

    /* U+004E "N" */
    0xef, 0x70, 0x9, 0xfd, 0x0, 0x10, 0x20, 0x1e,
    0x10, 0xa0, 0xf, 0x1b, 0x22, 0x80, 0x7a, 0x6,
    0xc0, 0x3c, 0x30, 0x32, 0x1, 0xe6, 0x36, 0xd0,
    0xf, 0x70, 0x28, 0x7, 0x89, 0xc0, 0x3f, 0x40,
    0x80, 0x0,

    /* U+004F "O" */
    0x0, 0x1d, 0xff, 0xb1, 0x40, 0x24, 0xc4, 0x48,
    0xe9, 0x80, 0x14, 0x17, 0x76, 0x84, 0x8a, 0xa,
    0x20, 0x0, 0x4c, 0xe, 0x61, 0x80, 0x1b, 0xc3,
    0x80, 0x3f, 0xc4, 0x18, 0x1, 0xbc, 0x39, 0x45,
    0x10, 0x0, 0x26, 0x7, 0xb, 0xb, 0xbb, 0x42,
    0x84, 0x16, 0xd1, 0x23, 0xb5, 0x0,

    /* U+0050 "P" */
    0xef, 0xfb, 0x14, 0x2, 0x86, 0x3a, 0x30, 0x17,
    0x99, 0x5, 0x80, 0x63, 0x0, 0xc4, 0x70, 0x18,
    0x3, 0xb8, 0x52, 0x80, 0xa, 0xbe, 0x60, 0x0,
    0xaa, 0x8, 0x7, 0xff, 0x10,

    /* U+0051 "Q" */
    0x0, 0x1d, 0xff, 0xb1, 0x40, 0x32, 0x62, 0x24,
    0x74, 0xc0, 0x15, 0x5, 0xdd, 0xa1, 0x22, 0x8,
    0x28, 0x80, 0x1, 0x30, 0x38, 0x18, 0x60, 0x6,
    0xf0, 0xe0, 0xf, 0xfe, 0x1, 0x6, 0x0, 0x6f,
    0xd, 0x5, 0x14, 0x40, 0x0, 0x98, 0x10, 0x1,
    0x61, 0x77, 0x68, 0x48, 0x80, 0x16, 0xd1, 0xa,
    0x21, 0x42, 0x1, 0x25, 0xff, 0x70, 0xcd, 0x82,

    /* U+0052 "R" */
    0xef, 0xfb, 0x54, 0x3, 0x43, 0x95, 0x18, 0x0,
    0x5e, 0x20, 0x8, 0x1, 0xf0, 0x80, 0x44, 0x92,
    0x2e, 0x0, 0x1d, 0xb3, 0xc1, 0x0, 0xa8, 0xc9,
    0x80, 0x21, 0x5d, 0x1a, 0x10, 0xc, 0x30, 0x36,
    0x1, 0xcc, 0x6a, 0x80,

    /* U+0053 "S" */
    0x2, 0xae, 0xfe, 0x40, 0xc5, 0x47, 0x52, 0x41,
    0x5a, 0x8b, 0x67, 0x4, 0x30, 0x8, 0xd4, 0x72,
    0x88, 0x1, 0x52, 0x2b, 0xa6, 0x0, 0x6e, 0x70,
    0x81, 0x0, 0xa8, 0x1d, 0x3a, 0xa3, 0xc2, 0xdd,
    0x51, 0xc2, 0x1c,

    /* U+0054 "T" */
    0xcf, 0xff, 0x35, 0x3b, 0x1, 0x3b, 0x95, 0xa2,
    0xc1, 0xa2, 0x6, 0x1, 0xff, 0xec,

    /* U+0055 "U" */
    0xfd, 0x0, 0x93, 0xe0, 0x3, 0xff, 0xb7, 0xe0,
    0x60, 0x10, 0x80, 0xc, 0x4c, 0x1, 0xe0, 0x72,
    0x19, 0x58, 0xa6, 0x8b, 0x24, 0xa4, 0xba, 0x0,

    /* U+0056 "V" */
    0xcf, 0x20, 0x9, 0xbd, 0xec, 0x14, 0x2, 0xd0,
    0x56, 0xb, 0x0, 0x90, 0x88, 0x26, 0x61, 0x4,
    0xa, 0x0, 0x58, 0x20, 0x68, 0x28, 0x1, 0x43,
    0xc1, 0xc8, 0x80, 0x2, 0x22, 0x18, 0xa8, 0x6,
    0xa1, 0x90, 0xa0, 0xc, 0xa0, 0xa4, 0x40, 0xc,
    0x44, 0x5, 0x0, 0x80,

    /* U+0057 "W" */
    0xcf, 0x30, 0x2, 0xfe, 0x0, 0x5f, 0xb6, 0xa,
    0x0, 0xc0, 0x30, 0x1, 0x2, 0x20, 0x30, 0x0,
    0x82, 0x8, 0x8, 0x18, 0x60, 0xe0, 0x44, 0x60,
    0xc0, 0xf0, 0x40, 0x42, 0x14, 0xa, 0x13, 0x5,
    0x21, 0xc, 0x5, 0xc1, 0x24, 0x40, 0x1a, 0x0,
    0x10, 0x31, 0x10, 0x18, 0xe, 0x18, 0x0, 0x30,
    0x41, 0xc0, 0x40, 0xa0, 0x40, 0x9, 0xc, 0x10,
    0x8, 0x48, 0x82, 0x1, 0x60, 0x9, 0x0, 0x10,
    0x10, 0x0,

    /* U+0058 "X" */
    0x6f, 0xc0, 0xb, 0xbc, 0x58, 0x8c, 0xc0, 0xe3,
    0x2, 0x12, 0x10, 0x32, 0x4e, 0x0, 0x44, 0xac,
    0x60, 0x3, 0x40, 0x2a, 0x28, 0x7, 0xce, 0x1,
    0xde, 0xc, 0x6a, 0x1, 0x31, 0xbc, 0x5, 0x80,
    0x6, 0x42, 0x45, 0xc6, 0x2, 0xc2, 0x4, 0x24,
    0x1c, 0x80,

    /* U+0059 "Y" */
    0xbf, 0x50, 0x2, 0x7d, 0x78, 0x70, 0x3, 0xc2,
    0x10, 0xd0, 0x88, 0x8a, 0x41, 0x21, 0x74, 0x12,
    0x0, 0x52, 0x76, 0x43, 0x0, 0xac, 0x45, 0x0,
    0x19, 0x80, 0x8c, 0x3, 0xff, 0x9c,

    /* U+005A "Z" */
    0x6f, 0xff, 0x52, 0xbb, 0xe0, 0x7, 0x1c, 0x45,
    0xc0, 0xc8, 0x1, 0x14, 0x8c, 0x0, 0x69, 0xa,
    0x10, 0x9, 0x91, 0x50, 0x2, 0x19, 0x1b, 0x0,
    0xd4, 0x16, 0x20, 0x13, 0x20, 0x6c, 0x44, 0xba,
    0x0, 0x77, 0xd8,

    /* U+005B "[" */
    0xaf, 0xf1, 0x81, 0x61, 0x80, 0xc, 0x3, 0xff,
    0xac, 0x5e, 0x77, 0xba, 0x30,

    /* U+005C "\\" */
    0xb, 0xc0, 0x6, 0x70, 0x3, 0x24, 0x0, 0x64,
    0x0, 0x21, 0x0, 0x17, 0x0, 0x38, 0x40, 0x44,
    0x4, 0x2, 0x60, 0x2, 0x2, 0x20, 0x89, 0xcc,
    0x18, 0x0, 0xa0, 0xea, 0xa2, 0x23, 0x1, 0x1,
    0x70, 0x54, 0xa1, 0xc5, 0x7, 0x89, 0x69, 0xa1,
    0xc4, 0x9, 0x17, 0x44, 0x9, 0x1c, 0xd5, 0x9,
    0xf0, 0x80, 0x2d, 0x30, 0x23, 0x3, 0x50, 0xc,
    0x80, 0x60, 0x2, 0x3, 0x0, 0x0,

    /* U+005D "]" */
    0x9f, 0xf2, 0x45, 0x0, 0x5, 0x80, 0x3f, 0xfa,
    0xd3, 0x80, 0x8, 0xdd, 0x20,

    /* U+005E "^" */
    0x0, 0x9c, 0x40, 0x32, 0xc4, 0x0, 0x34, 0x33,
    0x8, 0x0, 0xa7, 0x2b, 0x0, 0x8, 0x90, 0x85,
    0x25, 0x27, 0x2, 0x59,

    /* U+005F "_" */
    0xcc, 0xe6,

    /* U+0060 "`" */
    0x2e, 0x60, 0x2d, 0x84,

    /* U+0061 "a" */
    0x8, 0xdf, 0xd4, 0x0, 0x1d, 0xd0, 0x58, 0x2,
    0xdc, 0x5c, 0xc, 0x73, 0xa5, 0xc1, 0xd8, 0xef,
    0x68, 0x3, 0x1a, 0x48, 0x1, 0x92, 0x20, 0xe0,
    0x0,

    /* U+0062 "b" */
    0x1f, 0xb0, 0xf, 0xfe, 0x64, 0x7f, 0x30, 0x4,
    0x87, 0x1, 0x26, 0x0, 0x2b, 0x7b, 0xb, 0x0,
    0x38, 0x1, 0x80, 0x40, 0xc, 0x0, 0x60, 0xe0,
    0x1, 0xba, 0xd8, 0x30, 0x0, 0xf2, 0x8e, 0xc4,

    /* U+0063 "c" */
    0x1, 0x9e, 0xfb, 0xd, 0x67, 0x82, 0x43, 0x69,
    0x79, 0x30, 0xc0, 0x8, 0x83, 0x40, 0x25, 0x17,
    0x97, 0x90, 0xc4, 0x78, 0x0,

    /* U+0064 "d" */
    0x0, 0xe8, 0xf3, 0x0, 0xff, 0xe2, 0x96, 0x7e,
    0x10, 0x5, 0x86, 0xea, 0xa0, 0x2, 0x8b, 0xc4,
    0xa8, 0x0, 0x83, 0x40, 0x4, 0x0, 0x20, 0x20,
    0x1, 0x0, 0x10, 0x25, 0x5d, 0x40, 0x3, 0x67,
    0x58, 0xa0, 0x0,

    /* U+0065 "e" */
    0x1, 0xbe, 0xd6, 0x0, 0x62, 0xda, 0x4a, 0x20,
    0xa1, 0x64, 0x34, 0xc2, 0x7f, 0xc0, 0x44, 0x7,
    0xcc, 0xa5, 0x5, 0x91, 0x68, 0x7, 0x56, 0x20,
    0x46,

    /* U+0066 "f" */
    0x0, 0x4f, 0x70, 0x19, 0x8b, 0x21, 0xc1, 0xf,
    0x6e, 0x19, 0x7e, 0x80, 0xfe, 0x84, 0x16, 0x80,
    0x1f, 0xfc, 0x80,

    /* U+0067 "g" */
    0x2, 0xcf, 0xba, 0xf3, 0xc, 0x37, 0x25, 0x0,
    0x28, 0xbc, 0x4a, 0x80, 0x8, 0x34, 0x0, 0x40,
    0x2, 0x2, 0x0, 0x18, 0x1, 0x2, 0x21, 0x28,
    0x0, 0x1b, 0x27, 0x36, 0x0, 0x93, 0x7e, 0x90,
    0xc, 0x2d, 0xdd, 0x84, 0xe0, 0x1, 0x98, 0x19,
    0x80,

    /* U+0068 "h" */
    0x1f, 0xb0, 0xf, 0xfe, 0x64, 0xfe, 0xa0, 0x4,
    0x86, 0xe5, 0x20, 0x11, 0x54, 0x19, 0x0, 0x4c,
    0x0, 0x70, 0x10, 0xf, 0xfe, 0x60,

    /* U+0069 "i" */
    0x1e, 0x90, 0x30, 0x1d, 0x91, 0xfa, 0x0, 0xff,
    0xe3, 0x0,

    /* U+006A "j" */
    0x1, 0xea, 0x0, 0x19, 0x80, 0x76, 0x40, 0x7e,
    0xc0, 0x3f, 0xf9, 0xa6, 0x5, 0x12, 0x1a, 0xca,
    0xe8,

    /* U+006B "k" */
    0x1f, 0xb0, 0xf, 0xfe, 0x6b, 0x7d, 0x0, 0x62,
    0x92, 0xa0, 0xd, 0xc1, 0xe0, 0x19, 0x4d, 0x8,
    0x3, 0x2a, 0x91, 0x80, 0x3a, 0xc6, 0x48, 0x3,
    0xd, 0x7, 0x80,

    /* U+006C "l" */
    0x1f, 0xa0, 0xf, 0xfe, 0x78,

    /* U+006D "m" */
    0x1f, 0xb9, 0xfe, 0x48, 0xee, 0x30, 0x4, 0x9d,
    0x3, 0x65, 0x61, 0x20, 0x11, 0xbb, 0x84, 0x29,
    0x50, 0x8, 0x0, 0xe0, 0x3, 0x0, 0x8c, 0x4,
    0x3, 0xff, 0xb0,

    /* U+006E "n" */
    0x1f, 0xb9, 0xfe, 0x40, 0x9, 0x3a, 0x46, 0x80,
    0x23, 0x76, 0x41, 0x10, 0x1, 0xc0, 0x2, 0x1,
    0xff, 0xce,

    /* U+006F "o" */
    0x1, 0xae, 0xe5, 0x90, 0x3, 0x15, 0xa5, 0x30,
    0x54, 0x9e, 0x1e, 0x5, 0xc8, 0x34, 0x0, 0x61,
    0xc4, 0x4, 0x0, 0x30, 0xd5, 0x28, 0x8c, 0x4a,
    0x1e, 0xac, 0xc5, 0xf0,

    /* U+0070 "p" */
    0x1f, 0xb9, 0xfe, 0x60, 0x9, 0x6, 0xca, 0x4c,
    0x0, 0x70, 0x90, 0x16, 0x0, 0x60, 0x3, 0x80,
    0x80, 0x1c, 0x0, 0xa1, 0xc0, 0x2, 0xa8, 0x90,
    0x60, 0x2, 0x3, 0x95, 0x88, 0x5, 0x5f, 0xa8,
    0x1, 0xff, 0xc5,

    /* U+0071 "q" */
    0x2, 0xcf, 0xba, 0xf3, 0xc, 0x37, 0x25, 0x0,
    0x28, 0xbc, 0x4a, 0x80, 0x8, 0x34, 0x0, 0x40,
    0x2, 0x2, 0x0, 0x18, 0x1, 0x2, 0x21, 0x28,
    0x0, 0x1b, 0x27, 0x36, 0x0, 0x93, 0x7e, 0x84,
    0x3, 0xff, 0x8c,

    /* U+0072 "r" */
    0x0, 0xf0, 0xfd, 0xd7, 0x80, 0x48, 0x2e, 0x1,
    0xd, 0xc0, 0x4, 0xa0, 0x1f, 0xfc, 0x90,

    /* U+0073 "s" */
    0x6, 0xdf, 0xe2, 0x24, 0x8d, 0x48, 0x8, 0x1,
    0xdc, 0x46, 0xe7, 0xb6, 0x21, 0x1c, 0xe9, 0x27,
    0x8, 0x0, 0xf0, 0x5a, 0x66, 0x38,

    /* U+0074 "t" */
    0x0, 0xf3, 0x69, 0x0, 0x30, 0x80, 0x16, 0xa1,
    0xb5, 0xe6, 0x11, 0xc8, 0xc0, 0xa8, 0x1, 0xe3,
    0x0, 0xc2, 0x10, 0xa1, 0x26, 0xb8,

    /* U+0075 "u" */
    0x3f, 0x90, 0x6, 0x78, 0x7, 0xff, 0x24, 0x40,
    0xc0, 0x2, 0x4, 0x28, 0xb0, 0x40, 0xb, 0xa,
    0x13, 0x0,

    /* U+0076 "v" */
    0xcf, 0x10, 0x7, 0xe5, 0x83, 0x82, 0x85, 0x30,
    0x60, 0x78, 0x38, 0x9a, 0x82, 0x28, 0x85, 0x3,
    0x8f, 0x80, 0x1c, 0x24, 0x54, 0x0, 0x28, 0x2e,
    0x0,

    /* U+0077 "w" */
    0xcf, 0x0, 0x57, 0xa0, 0x47, 0x8d, 0x82, 0x2,
    0x6, 0x2, 0x18, 0xa0, 0x19, 0x9, 0xa0, 0x1a,
    0x1, 0x8e, 0x21, 0xd9, 0x98, 0x2c, 0x0, 0x8b,
    0xa8, 0x80, 0x90, 0x30, 0x6, 0xa, 0x61, 0x82,
    0xa8, 0x2, 0x70, 0x2, 0x2, 0x6, 0x0, 0x0,

    /* U+0078 "x" */
    0x7f, 0x80, 0x4f, 0x97, 0x27, 0x18, 0x19, 0x9,
    0xd, 0x3a, 0x0, 0x21, 0x19, 0x20, 0x1, 0x8,
    0xa5, 0x0, 0x50, 0xe0, 0xd8, 0x48, 0xc0, 0xc0,
    0xc8,

    /* U+0079 "y" */
    0xcf, 0x20, 0x7, 0x65, 0x2, 0x82, 0xd, 0x30,
    0x58, 0x68, 0x38, 0x31, 0x8b, 0xa8, 0x85, 0x4,
    0xf, 0x0, 0xc, 0x98, 0x50, 0x2, 0xa0, 0x60,
    0xd, 0xc1, 0x40, 0x5, 0x86, 0x52, 0x0, 0x63,
    0xad, 0x0, 0x40,

    /* U+007A "z" */
    0x7f, 0xfe, 0x4, 0x99, 0x20, 0x38, 0x1b, 0x22,
    0xe, 0x0, 0x2e, 0xe, 0x0, 0xa0, 0xe4, 0x80,
    0x8, 0xe2, 0xc, 0xc0, 0x80, 0x19, 0x98, 0x0,

    /* U+007B "{" */
    0x0, 0x4f, 0x10, 0x1b, 0x49, 0x3, 0x2, 0x80,
    0x63, 0x0, 0x68, 0x8, 0x2b, 0xc0, 0x1, 0x16,
    0x40, 0x3, 0xe2, 0x20, 0xc, 0x60, 0x1f, 0x30,
    0x38, 0x0, 0xd6, 0x88, 0x1, 0x5c, 0x40,

    /* U+007C "|" */
    0x77, 0x66, 0x0, 0x3f, 0xf9, 0x80,

    /* U+007D "}" */
    0x7d, 0x40, 0x66, 0x50, 0xe, 0x8, 0x7, 0x88,
    0xc, 0x14, 0xf0, 0xc, 0xd2, 0xa, 0xc, 0x2,
    0x1, 0xf6, 0x90, 0x3a, 0xc0, 0x3f, 0xa8, 0x0,

    /* U+007E "~" */
    0x0, 0xfc, 0x39, 0xf4, 0x6b, 0xe1, 0x1, 0x61,
    0x95, 0x1, 0x7a, 0x95, 0xdc, 0x70,

    /* U+00B0 "°" */
    0x8, 0xea, 0x2, 0x5e, 0x15, 0x0, 0xe2, 0x5e,
    0x15,

    /* U+00B1 "±" */
    0x0, 0x98, 0x40, 0x3a, 0x14, 0x3, 0xf9, 0xff,
    0xc3, 0x7f, 0xad, 0x98, 0x19, 0xcf, 0x13, 0x30,
    0x11, 0x90, 0x7, 0xc2, 0x66, 0xd7, 0x32, 0x6c,
    0xce, 0xe0,

    /* U+00B7 "·" */
    0x2e, 0x81, 0x0, 0x0,

    /* U+00D7 "×" */
    0x0, 0xf8, 0xb0, 0x80, 0x14, 0xc4, 0xde, 0x34,
    0x88, 0xa, 0x6e, 0x4c, 0x20, 0x1, 0x1, 0x98,
    0x1, 0x2f, 0x8d, 0x82, 0x4f, 0xa7, 0x62, 0xc5,
    0xc6, 0x0, 0xc7,

    /* U+2013 "–" */
    0x11, 0xf0, 0x77, 0x7a, 0xb3, 0x3d, 0x0,

    /* U+2014 "—" */
    0x11, 0xff, 0xe0, 0x87, 0x77, 0xff, 0x5, 0x73,
    0x3f, 0xf8, 0x28,

    /* U+2018 "‘" */
    0x6, 0xc0, 0xa4, 0x23, 0xc0,

    /* U+2019 "’" */
    0xa, 0xd0, 0x2, 0x58, 0x10, 0xb8, 0x0,

    /* U+201C "“" */
    0x6, 0xc0, 0xe4, 0xa, 0x44, 0xa, 0x11, 0xe7,
    0x18, 0x0,

    /* U+201D "”" */
    0xa, 0xd2, 0xf4, 0x4, 0xb4, 0x14, 0x21, 0x7c,
    0x60,

    /* U+2022 "•" */
    0x16, 0x30, 0xd9, 0xc2, 0x20, 0x1, 0xe0, 0x11,
    0x40,

    /* U+2026 "…" */
    0xd, 0xb0, 0x2e, 0x80, 0x4f, 0x60, 0xf, 0x8,
    0x6,

    /* U+2103 "℃" */
    0x5, 0x60, 0xc, 0x6c, 0xea, 0x2d, 0xdf, 0x60,
    0x37, 0x93, 0x15, 0x1f, 0xd2, 0xa1, 0x88, 0xb9,
    0xd9, 0xb5, 0x7d, 0x2c, 0x4d, 0x46, 0x26, 0x87,
    0xde, 0xfa, 0x16, 0x1, 0xf0, 0x83, 0x81, 0x80,
    0x7f, 0x38, 0x10, 0x7, 0xf6, 0x84, 0x0, 0x7f,
    0x31, 0xa6, 0xc3, 0xcc, 0x0, 0x76, 0x31, 0x3c,
    0x37, 0x80, 0x7a, 0x7f, 0xb9, 0xee,

    /* U+2192 "→" */
    0x0, 0xff, 0xe3, 0x62, 0x80, 0xd, 0x13, 0xd7,
    0x4e, 0x3f, 0x33, 0xea, 0x8, 0x6c, 0xdd, 0xf5,
    0x1f, 0x38, 0x7, 0xdf, 0xa2, 0x0,

    /* U+AC00 "가" */
    0x0, 0xfe, 0xea, 0x0, 0xa3, 0xff, 0x9c, 0x3,
    0xd5, 0x77, 0x30, 0x18, 0x7, 0x89, 0x12, 0x20,
    0x40, 0xf, 0xe2, 0x46, 0x0, 0x99, 0x8, 0x3,
    0x70, 0x40, 0x4, 0x77, 0x60, 0xa, 0xce, 0x84,
    0x2, 0x4e, 0x90, 0x3d, 0x49, 0x50, 0xc, 0x22,
    0x0, 0x71, 0x53, 0x0, 0x7f, 0x67, 0x28, 0x7,
    0xf8, 0x44, 0x1, 0xff, 0xcb,

    /* U+AC01 "각" */
    0x7, 0xff, 0xe6, 0xe, 0xa0, 0x9, 0x6a, 0xa3,
    0x5, 0x0, 0xf1, 0x2a, 0xc6, 0x46, 0x0, 0x11,
    0x0, 0x75, 0x4, 0x0, 0x49, 0xd0, 0x1, 0x52,
    0xb2, 0x80, 0x49, 0x92, 0xd, 0xaa, 0xf2, 0x1,
    0x84, 0xc4, 0x30, 0x2e, 0x0, 0x31, 0x80, 0x6a,
    0xf2, 0x66, 0xeb, 0xe0, 0xc, 0xf3, 0x3f, 0x70,
    0x6, 0x5f, 0xff, 0x8, 0x7, 0xff, 0x44,

    /* U+AC04 "간" */
    0x6, 0xff, 0xe4, 0xe, 0xa0, 0x9, 0x2a, 0xa3,
    0x5, 0x0, 0xf1, 0x2a, 0x90, 0xcc, 0x20, 0x1f,
    0xd0, 0x12, 0x1, 0x33, 0xc, 0x2, 0x66, 0x1a,
    0x80, 0x47, 0x36, 0x0, 0x99, 0x16, 0x80, 0x65,
    0xf8, 0xd, 0x64, 0xc1, 0x0, 0xfd, 0xd7, 0x61,
    0x0, 0xfe, 0x34, 0xf9, 0x0, 0xc4, 0x40, 0xf,
    0xfb, 0x20, 0x3, 0xc4, 0xab, 0xe0, 0xf, 0x25,
    0x57, 0x80, 0x0,

    /* U+AC10 "감" */
    0x7, 0xff, 0xe5, 0xe, 0xa0, 0x9, 0x6a, 0xa3,
    0x7, 0x0, 0xf1, 0x2a, 0x90, 0xcc, 0x40, 0x1,
    0x10, 0x7, 0x50, 0x40, 0x4, 0x9d, 0x0, 0x1,
    0xb4, 0x74, 0x0, 0x93, 0x24, 0x1b, 0xd1, 0xe0,
    0x3, 0x9, 0x88, 0x61, 0xdc, 0x0, 0x63, 0x0,
    0xd5, 0xa6, 0xef, 0xd5, 0xc0, 0x1d, 0x10, 0x99,
    0xd1, 0xc0, 0x1e, 0x6e, 0xec, 0x20, 0x1f, 0x12,
    0xae, 0x0, 0xfc, 0x95, 0x58, 0x40, 0x20,

    /* U+AC12 "값" */
    0x6, 0xff, 0xe8, 0xf, 0x90, 0x9, 0x2a, 0xa5,
    0xd, 0x0, 0xf1, 0x2a, 0xce, 0x2a, 0x0, 0x24,
    0x10, 0xd, 0x65, 0x0, 0x12, 0x5a, 0x80, 0xb,
    0x11, 0x98, 0x1, 0x2f, 0x20, 0x5e, 0x9c, 0x48,
    0x6, 0x31, 0x0, 0x73, 0x6b, 0x80, 0x68, 0xd0,
    0x9, 0x7b, 0xc1, 0xf4, 0x1a, 0x50, 0x3, 0x79,
    0x7c, 0x18, 0x8, 0xc0, 0x1e, 0xb5, 0x0, 0x60,
    0x38, 0x7, 0x9c, 0x0, 0xc8, 0x88, 0x20, 0xe,
    0xc5, 0x18, 0x85, 0x94, 0x0, 0x51, 0xff, 0xce,
    0x19, 0x40,

    /* U+AC1C "개" */
    0x1, 0x1e, 0xe, 0xa8, 0xf1, 0xc, 0xee, 0xc4,
    0x1, 0xee, 0xbb, 0x20, 0x10, 0x7, 0x8d, 0x10,
    0xc4, 0x1, 0xfc, 0x65, 0x40, 0x6, 0x20, 0xe,
    0xf0, 0x60, 0x1, 0xa8, 0x6, 0x73, 0x81, 0x0,
    0x2b, 0x80, 0x4d, 0x8, 0xe0, 0x1f, 0x1c, 0x9d,
    0x0, 0x7e, 0x3b, 0xc1, 0x0, 0xfe, 0x40, 0xf,
    0xfe, 0x50,

    /* U+AC74 "건" */
    0x2f, 0xfe, 0xa0, 0x1f, 0x72, 0xaa, 0x94, 0x34,
    0x3, 0x95, 0x66, 0x5, 0x0, 0xf9, 0x4d, 0x10,
    0xcc, 0x0, 0xc5, 0x61, 0x31, 0x9, 0x0, 0x8b,
    0x6, 0xcb, 0xb9, 0xe0, 0x7, 0xd0, 0xb4, 0x0,
    0xf2, 0xb6, 0x28, 0x7, 0xc5, 0x37, 0xc0, 0x18,
    0x4c, 0x80, 0x3f, 0xb1, 0x40, 0x32, 0xaf, 0x8c,
    0x3, 0x55, 0x7a, 0x0,

    /* U+AC80 "검" */
    0x8, 0xff, 0xe4, 0x7, 0xf1, 0xa, 0xac, 0x80,
    0xa0, 0x1c, 0x4a, 0xa4, 0x48, 0x43, 0xc0, 0x3d,
    0x41, 0x9f, 0xe7, 0x0, 0xc3, 0x69, 0xd, 0x54,
    0x50, 0x9, 0xbd, 0x1d, 0xc2, 0xaa, 0xd0, 0xa,
    0x82, 0xe0, 0x3, 0xf6, 0x70, 0x3b, 0xf0, 0x40,
    0x80, 0x5d, 0x13, 0x3a, 0x20, 0x20, 0x18, 0x7b,
    0xb4, 0x0, 0x78, 0x55, 0x76, 0x80, 0x7d, 0x55,
    0x94, 0x0,

    /* U+AC83 "것" */
    0x2f, 0xfe, 0x70, 0x1f, 0x70, 0x2a, 0xa9, 0x40,
    0xc0, 0x3c, 0xab, 0x38, 0xa0, 0x7, 0xe8, 0x29,
    0xee, 0x78, 0x7, 0x3b, 0x8d, 0xe2, 0x64, 0x1,
    0x15, 0x41, 0x68, 0x33, 0xb0, 0x5, 0x6a, 0xac,
    0x10, 0xf, 0xa7, 0x28, 0x43, 0x24, 0x3, 0xc6,
    0x0, 0x13, 0x70, 0x1d, 0x60, 0xe, 0xa0, 0x1a,
    0x2, 0x10, 0x0, 0xb7, 0x24, 0xe2, 0x73, 0x10,
    0x2, 0x64, 0xb8, 0xc7, 0xe9, 0x3c, 0x0, 0x8e,
    0xb3, 0x0, 0xd, 0x76, 0x80,

    /* U+AC8C "게" */
    0x0, 0x8, 0xe0, 0xae, 0x1f, 0x80, 0x9e, 0xec,
    0x60, 0x1e, 0xbb, 0x98, 0x8, 0x3, 0xc4, 0x88,
    0x22, 0x8, 0x7, 0xe1, 0x42, 0xf5, 0x0, 0xfa,
    0x2, 0x64, 0x60, 0x1e, 0x46, 0x6e, 0x0, 0xe2,
    0xa2, 0x90, 0xf, 0xd8, 0x1e, 0x1, 0xfd, 0x9a,
    0x40, 0x1f, 0xc4, 0x60, 0x1f, 0xfc, 0x90,

    /* U+ACB0 "결" */
    0x1f, 0xfe, 0xa0, 0x1f, 0x71, 0xaa, 0x90, 0x9,
    0x10, 0x1, 0x2a, 0x91, 0x3, 0xf7, 0x40, 0x18,
    0xbc, 0x29, 0xb7, 0x0, 0x5, 0x3a, 0x16, 0x9b,
    0xac, 0x0, 0x23, 0x33, 0xd0, 0x37, 0xb4, 0x0,
    0xdd, 0x48, 0xaa, 0x44, 0x3b, 0x90, 0x6, 0xab,
    0xe7, 0x40, 0x5, 0xdf, 0xc0, 0x1a, 0x2e, 0xfc,
    0x1, 0xea, 0xaf, 0x20, 0x6, 0xaa, 0xf8,

    /* U+ACBD "경" */
    0x2f, 0xfe, 0xa0, 0x1f, 0x72, 0xaa, 0x94, 0x8,
    0xd4, 0x2, 0x55, 0x9c, 0x1, 0x96, 0x1, 0xce,
    0x4d, 0x1d, 0xa0, 0x19, 0x20, 0xa5, 0x1d, 0x40,
    0x27, 0xb2, 0xc0, 0xe8, 0x90, 0x4, 0x41, 0xb4,
    0x42, 0xbb, 0xc0, 0x11, 0x92, 0x97, 0xdf, 0xd5,
    0x6e, 0x6, 0x96, 0xf1, 0x50, 0x16, 0xa0, 0xd,
    0xd, 0x65, 0x6b, 0xf, 0x0, 0x68, 0x6b, 0x2b,
    0x58, 0x78, 0x1, 0x2d, 0xe2, 0xa0, 0x29, 0x40,

    /* U+ACC4 "계" */
    0x1, 0x22, 0xc1, 0x5e, 0x3e, 0xe1, 0x1b, 0xb9,
    0x0, 0x3d, 0x79, 0x86, 0x0, 0xfc, 0x46, 0x62,
    0xb, 0x50, 0xf, 0x85, 0x1b, 0x50, 0x3, 0xeb,
    0xb, 0x21, 0x0, 0xf2, 0x2b, 0xef, 0xa8, 0x7,
    0x1d, 0x94, 0x4c, 0x8c, 0x3, 0xb4, 0x7c, 0x19,
    0xa0, 0xe, 0xfc, 0x20, 0xf, 0xe1, 0x20, 0xf,
    0xfe, 0x48,

    /* U+ACE0 "고" */
    0x0, 0x5f, 0xff, 0xd2, 0x1, 0xa2, 0xab, 0xc0,
    0x1e, 0x35, 0x5f, 0x0, 0x7f, 0xf0, 0x84, 0x3,
    0xc5, 0xee, 0x2, 0x1, 0xff, 0xc0, 0x30, 0xe0,
    0xf, 0xf9, 0x8, 0x3, 0xfc, 0x56, 0x80, 0x2,
    0xff, 0xb4, 0x23, 0xff, 0x88, 0xe6, 0x7f, 0xe3,

    /* U+ACF5 "공" */
    0x0, 0x3f, 0xff, 0xce, 0x1, 0x96, 0xab, 0xa4,
    0x3, 0xc4, 0xaa, 0x67, 0x54, 0x1, 0x0, 0xfb,
    0x24, 0x2, 0x30, 0xf, 0xf1, 0xd2, 0x0, 0xb,
    0xff, 0x2, 0x7f, 0x57, 0x79, 0x1c, 0xcf, 0xfc,
    0x62, 0xcc, 0x5f, 0xab, 0xaf, 0x56, 0x60, 0x80,
    0x17, 0x11, 0x14, 0x88, 0xc5, 0x0, 0xde, 0x1b,
    0xf, 0x1a, 0x1c, 0x1, 0xb0, 0x2d, 0x51, 0x68,
    0x30, 0x3, 0x35, 0x5, 0xdc, 0xd2, 0xe0, 0x0,

    /* U+ACFC "과" */
    0x0, 0xfe, 0xbe, 0x0, 0x9f, 0xff, 0xb0, 0x3,
    0xc9, 0x33, 0x88, 0x3, 0xe3, 0x66, 0xc2, 0x1,
    0xfc, 0x42, 0x0, 0x70, 0xf, 0xd9, 0x40, 0x22,
    0x0, 0xf, 0xd8, 0x7, 0x8c, 0xc0, 0x14, 0xf8,
    0x7, 0xa7, 0x40, 0x2, 0xc8, 0x24, 0x40, 0x73,
    0x40, 0x40, 0xd, 0x1b, 0xa1, 0x3c, 0xc5, 0xc8,
    0x6, 0x8d, 0xdd, 0xdc, 0xfd, 0x0, 0xc2, 0x45,
    0x84, 0x40, 0x1e,

    /* U+AD00 "관" */
    0x6, 0xff, 0xee, 0xe, 0xa0, 0x9, 0x2a, 0xb1,
    0x18, 0x7, 0x89, 0x57, 0x8, 0x7, 0xf4, 0x40,
    0x0, 0x20, 0x1, 0x10, 0x6, 0x54, 0x7, 0x60,
    0x2, 0x73, 0x89, 0x98, 0x4, 0xff, 0x8c, 0xe,
    0xd9, 0xf3, 0x4, 0x4c, 0xbb, 0x48, 0x32, 0xb,
    0x6e, 0xbb, 0xaf, 0xf5, 0x0, 0x71, 0x2f, 0x80,
    0x80, 0x7f, 0x78, 0x80, 0x77, 0x50, 0x7, 0x9d,
    0x57, 0x90, 0x3, 0xd3, 0x55, 0xd2, 0x0,

    /* U+AD50 "교" */
    0x0, 0xff, 0xe1, 0xe7, 0xff, 0xd6, 0x1, 0xbe,
    0xef, 0xc2, 0x1, 0xc6, 0x89, 0xe0, 0xf, 0xc2,
    0x0, 0x10, 0xf, 0xd5, 0xc1, 0x3c, 0x0, 0x10,
    0xf, 0xf8, 0x4c, 0x3, 0xfe, 0x6c, 0x0, 0xff,
    0xa5, 0x40, 0x5, 0xfe, 0x50, 0xf6, 0xf, 0xfc,
    0x47, 0x33, 0xff, 0x18,

    /* U+AD6C "구" */
    0x0, 0x3f, 0xff, 0xd0, 0x1, 0x96, 0xab, 0xc1,
    0xe0, 0x18, 0x95, 0x79, 0x0, 0x3f, 0xf8, 0x42,
    0x1, 0xfe, 0x30, 0x30, 0x0, 0xb3, 0x7d, 0x41,
    0x8c, 0x27, 0x33, 0xf3, 0x83, 0x49, 0x97, 0xfe,
    0x90, 0xcf, 0xfc, 0x40, 0x1f, 0xfe, 0x80,

    /* U+ADF8 "그" */
    0x0, 0x57, 0xff, 0xcc, 0x1, 0xa6, 0xab, 0xa0,
    0x3, 0xc6, 0xab, 0xc8, 0x1, 0xff, 0xcf, 0x30,
    0xf, 0xf3, 0x80, 0x80, 0x7f, 0x84, 0x1c, 0x2,
    0x44, 0xfb, 0x1, 0x90, 0xe, 0xef, 0xe6, 0xa,
    0xb3, 0x37, 0xff, 0xbb, 0xaf, 0xf1, 0x80,

    /* U+ADFC "근" */
    0x0, 0x47, 0xff, 0xce, 0x1, 0xaa, 0xbd, 0x20,
    0x1e, 0x25, 0x5e, 0x40, 0x10, 0xf, 0xfe, 0x58,
    0x81, 0x80, 0xb, 0xff, 0xec, 0xa, 0xf2, 0x39,
    0x9f, 0xf8, 0xc5, 0x9d, 0x19, 0xbf, 0x8, 0x2,
    0x74, 0x40, 0x3f, 0xf9, 0xae, 0xab, 0xc6, 0x1,
    0xe9, 0xaa, 0xe8, 0x0, 0x0,

    /* U+AE08 "금" */
    0x0, 0x47, 0xff, 0xce, 0x1, 0xaa, 0xbd, 0x20,
    0x1e, 0x25, 0x5e, 0x40, 0x10, 0xf, 0xfe, 0x1,
    0x80, 0x5, 0x9b, 0xea, 0xc, 0x61, 0x39, 0x9f,
    0x9c, 0x1a, 0x4c, 0xbf, 0xff, 0xe2, 0x0, 0x3f,
    0xff, 0xce, 0x1, 0xbc, 0x22, 0x66, 0x80, 0xf0,
    0xf, 0x33, 0x70, 0x7, 0xe4, 0x55, 0x90, 0x3,
    0xf5, 0x57, 0x0, 0x60,

    /* U+AE30 "기" */
    0x0, 0xfc, 0x3e, 0xe5, 0xff, 0xd8, 0x1, 0x8a,
    0xab, 0x3, 0x0, 0x72, 0xac, 0xe1, 0x80, 0x1f,
    0xa0, 0x1c, 0x3, 0xe4, 0x58, 0x10, 0xf, 0x25,
    0x9b, 0x80, 0x70, 0xc5, 0x9e, 0x80, 0x7a, 0x5d,
    0xb0, 0x40, 0x3d, 0x1b, 0x20, 0x1f, 0xc4, 0x1,
    0xff, 0xc8,

    /* U+AE40 "김" */
    0x5, 0xff, 0xe7, 0x9, 0xf0, 0x4a, 0xa9, 0x1,
    0x0, 0x30, 0xaa, 0xe2, 0x30, 0xf, 0xac, 0x64,
    0x3, 0xea, 0x47, 0x40, 0xe, 0x5d, 0x57, 0x80,
    0xf, 0x79, 0xd4, 0x0, 0x61, 0x10, 0x57, 0x1b,
    0xbf, 0x7c, 0x0, 0x51, 0x9, 0x9d, 0x12, 0x1,
    0x97, 0xbb, 0x30, 0x7, 0x32, 0xae, 0x20, 0xe,
    0x3a, 0xac, 0x80,

    /* U+AEBC "꺼" */
    0x0, 0x8, 0x80, 0x46, 0x1, 0xf7, 0xa, 0xee,
    0x4f, 0x74, 0x1, 0xd3, 0x41, 0xd6, 0xa0, 0x1e,
    0x36, 0x2, 0x43, 0x10, 0xf, 0x28, 0x20, 0x28,
    0xff, 0x0, 0x6d, 0x21, 0x3, 0x49, 0x80, 0x8,
    0x92, 0x81, 0x42, 0x19, 0x80, 0x17, 0xb, 0x7,
    0x9, 0x80, 0x75, 0xd8, 0x51, 0x12, 0x1, 0xe7,
    0x50, 0x23, 0x70, 0xf, 0xe6, 0xc0, 0xf, 0xfe,
    0x30,

    /* U+B044 "끄" */
    0x0, 0xff, 0xe1, 0x47, 0xfd, 0x95, 0xff, 0x50,
    0x5, 0x57, 0x62, 0x8, 0xbb, 0x8, 0x6, 0x24,
    0x40, 0x39, 0x22, 0x0, 0x3f, 0x18, 0x80, 0x7f,
    0xc2, 0x60, 0x1f, 0xe1, 0xe, 0x0, 0x84, 0xc0,
    0x39, 0x40, 0x80, 0x30, 0x80, 0x71, 0x3, 0x80,
    0x6f, 0x0, 0x1f, 0xfa, 0x43, 0x7f, 0xe0, 0x8f,
    0x33, 0x55, 0x7f, 0xc6,

    /* U+B04A "끊" */
    0x1, 0xff, 0xd1, 0xff, 0x58, 0x4, 0x35, 0x45,
    0xb, 0xaa, 0x8, 0x7, 0x2a, 0x88, 0xd, 0x54,
    0x62, 0x1, 0xe2, 0x10, 0x8, 0xcc, 0x0, 0x16,
    0x69, 0x1, 0x9a, 0x15, 0x61, 0x38, 0x88, 0x1,
    0x11, 0x9, 0x41, 0x97, 0x77, 0xb0, 0x2b, 0xb8,
    0x40, 0xa, 0xb0, 0x5, 0x48, 0xc5, 0x8, 0x4,
    0xcc, 0x0, 0x69, 0xa2, 0xe8, 0x80, 0x7c, 0x2e,
    0xac, 0x1, 0xe3, 0x55, 0x61, 0x61, 0xd8, 0x6,
    0x71, 0xa8, 0x90, 0xd1, 0x80, 0x0,

    /* U+B05D "끝" */
    0x1, 0xff, 0xcf, 0xff, 0x60, 0x4, 0x35, 0x45,
    0x4, 0xaa, 0x13, 0x80, 0x65, 0x51, 0x81, 0xaa,
    0x80, 0x40, 0x3c, 0x62, 0x1, 0x18, 0x4, 0x2c,
    0xd2, 0x3, 0x34, 0x2c, 0xc1, 0x39, 0x98, 0x45,
    0x33, 0x1, 0xc9, 0x97, 0xf5, 0xdf, 0xdb, 0xe4,
    0x0, 0x7b, 0xbf, 0x94, 0x3, 0xd1, 0x55, 0xcc,
    0x1, 0xe8, 0xaa, 0xe5, 0x0, 0xf4, 0xd5, 0x73,
    0x80, 0x7a, 0x6a, 0xbc, 0x0,

    /* U+B098 "나" */
    0x25, 0x0, 0xe1, 0xf8, 0x0, 0x55, 0x4, 0x3,
    0xff, 0xbc, 0x6c, 0x60, 0x1f, 0xc9, 0x28, 0x1,
    0xe1, 0x0, 0x3f, 0xb8, 0x3, 0xbf, 0xee, 0x70,
    0xd, 0x73, 0x35, 0x53, 0x10, 0x3, 0x1b, 0x34,
    0xaa, 0x33, 0x0, 0x7f, 0xf4, 0x0,

    /* U+B0A8 "남" */
    0x1f, 0x80, 0xe, 0xae, 0x0, 0xff, 0xe5, 0x8b,
    0x28, 0x7, 0xc2, 0x0, 0x99, 0x0, 0x1b, 0x7b,
    0xfd, 0x40, 0x3f, 0x83, 0x13, 0x53, 0x2a, 0x90,
    0xe, 0x77, 0xcc, 0xa4, 0x45, 0x0, 0xd9, 0xff,
    0xce, 0xa0, 0x18, 0x4a, 0x67, 0x18, 0x7, 0x85,
    0x9b, 0x80, 0x3c, 0x2a, 0xb9, 0x80, 0x3c, 0x55,
    0x58, 0xc0, 0x20,

    /* U+B0B4 "내" */
    0x13, 0x0, 0xdf, 0x43, 0xf0, 0xd8, 0x20, 0x1f,
    0xfd, 0x91, 0x40, 0xf, 0xe4, 0xa0, 0xf, 0xe5,
    0xe0, 0xd, 0xfd, 0xee, 0x1, 0xc9, 0x13, 0x2a,
    0x50, 0xe, 0x37, 0x79, 0x48, 0x3, 0xff, 0x9e,

    /* U+B0C9 "냉" */
    0x7f, 0x10, 0xb, 0xa8, 0x7e, 0x0, 0x3f, 0xf8,
    0xc2, 0x40, 0x1f, 0xc9, 0x80, 0x19, 0x9e, 0x10,
    0x12, 0x40, 0x21, 0x9a, 0x41, 0x1, 0x70, 0x3,
    0xf7, 0x37, 0x15, 0x30, 0x3, 0xc9, 0x58, 0xfb,
    0x31, 0x40, 0x7, 0xb6, 0x4a, 0x26, 0x81, 0x0,
    0x51, 0xe4, 0x3c, 0xe0, 0x58, 0x1, 0xe, 0x55,
    0x4d, 0xc1, 0x80, 0x9, 0x92, 0xdd, 0x43, 0x5a,
    0x0,

    /* U+B110 "널" */
    0x1f, 0x70, 0xe, 0x1f, 0x70, 0xe, 0x15, 0x53,
    0x80, 0x7c, 0x95, 0x49, 0x0, 0xf9, 0x7b, 0xa0,
    0xd, 0x1f, 0xf7, 0x50, 0x4, 0x35, 0x5a, 0xf2,
    0x80, 0x32, 0xb1, 0x98, 0x95, 0xdd, 0x8, 0x0,
    0xb9, 0x9f, 0x45, 0x80, 0x2a, 0xbe, 0x0, 0xd7,
    0x55, 0xe0, 0xf0, 0xd, 0x35, 0x5c, 0xa0, 0x1a,
    0x6a, 0xb9, 0x40,

    /* U+B124 "네" */
    0x13, 0x0, 0xd5, 0xc3, 0xee, 0xd8, 0x20, 0x1f,
    0xfc, 0xb6, 0x68, 0x3, 0xf4, 0x40, 0xc0, 0x3f,
    0x77, 0x14, 0x3, 0xff, 0x8b, 0x9d, 0xf2, 0x1,
    0xc9, 0x15, 0x35, 0x60, 0x1c, 0x6e, 0xf2, 0x90,
    0x7, 0xff, 0x3c,

    /* U+B137 "넷" */
    0x7f, 0x10, 0xb, 0x38, 0x7d, 0xc0, 0x3f, 0xf8,
    0xbd, 0xe6, 0x1, 0xfd, 0x74, 0x40, 0x1f, 0x2a,
    0x3, 0x88, 0x7, 0xd7, 0x6a, 0x40, 0xf, 0x3f,
    0x73, 0xfc, 0xd3, 0x0, 0x1c, 0x22, 0x0, 0x6c,
    0xb0, 0x8, 0x7, 0x88, 0x86, 0x22, 0xe7, 0x0,
    0xc5, 0xe2, 0x2d, 0x20, 0xc, 0x93, 0xa7, 0xba,
    0x2d, 0x94, 0x0, 0x6b, 0x33, 0xcc, 0xde, 0xee,
    0xf0, 0x4, 0xfc, 0x88, 0x0, 0x63, 0xac, 0x0,

    /* U+B178 "노" */
    0x0, 0x84, 0x3, 0xfe, 0x8e, 0x10, 0xf, 0xff,
    0x3f, 0x7f, 0xf5, 0x80, 0x6a, 0xbb, 0x38, 0x45,
    0xda, 0x0, 0x31, 0x22, 0x34, 0xd, 0x10, 0x60,
    0x1f, 0xfc, 0x32, 0xff, 0xd4, 0x17, 0xff, 0x88,
    0xe6, 0x7f, 0xe3,

    /* U+B192 "높" */
    0x0, 0x3f, 0x90, 0x7, 0xff, 0x35, 0x59, 0xb8,
    0xc0, 0x30, 0x84, 0x4c, 0xf5, 0x0, 0x66, 0xff,
    0x50, 0x5f, 0xfa, 0x40, 0x5, 0xff, 0xa8, 0x2f,
    0xff, 0x11, 0xcc, 0xff, 0xc6, 0x2c, 0x40, 0x1f,
    0x13, 0x8, 0x3, 0xe6, 0x7e, 0xe0, 0xd, 0x78,
    0x13, 0xf2, 0x19, 0x40, 0x19, 0x10, 0x1e, 0xbe,
    0x8, 0x80, 0xd, 0x50, 0xd, 0x4c, 0x11, 0x20,
    0x0,

    /* U+B204 "누" */
    0x0, 0x37, 0x98, 0x7, 0xff, 0x6b, 0x3f, 0xfa,
    0x80, 0x32, 0x4c, 0xfd, 0xc0, 0x18, 0x99, 0xbe,
    0x40, 0x1, 0x7f, 0xff, 0xc4, 0x73, 0x39, 0x81,
    0xe6, 0x71, 0x8b, 0x36, 0xc0, 0xc6, 0x6c, 0x20,
    0x1f, 0xfd, 0xb0,

    /* U+B20C "눌" */
    0x0, 0x3f, 0x90, 0x7, 0xff, 0x36, 0xe2, 0x39,
    0x40, 0x30, 0x92, 0x2a, 0xf6, 0x80, 0x5, 0x4e,
    0x23, 0xed, 0x51, 0x3a, 0xaf, 0xf8, 0xcb, 0xfb,
    0x31, 0x1, 0x19, 0x8e, 0xf2, 0x0, 0x4e, 0x62,
    0x2, 0x33, 0x12, 0x1, 0xaa, 0xbd, 0x20, 0x1e,
    0xaa, 0xf4, 0x87, 0x80, 0x7a, 0xae, 0xf9, 0x0,
    0x3d, 0x57, 0x7d, 0xe0, 0x0,

    /* U+B294 "는" */
    0x0, 0x3f, 0x90, 0x7, 0xff, 0x6b, 0x7f, 0xfa,
    0x40, 0x32, 0xcc, 0xfd, 0xa0, 0x11, 0x8a, 0xaf,
    0xce, 0x60, 0x79, 0x9f, 0xf1, 0x9b, 0x77, 0xfe,
    0x30, 0x27, 0x82, 0x2f, 0xc0, 0x16, 0xa8, 0x80,
    0x7f, 0xf0, 0x1d, 0x57, 0x8c, 0x3, 0xd3, 0x55,
    0xd2, 0x0,

    /* U+B2A5 "능" */
    0x0, 0x3f, 0x90, 0x7, 0xff, 0x35, 0x59, 0xb8,
    0xc0, 0x3d, 0x13, 0x3e, 0x0, 0xcf, 0xff, 0xf5,
    0x0, 0xb, 0xff, 0xfe, 0x23, 0x99, 0xff, 0x8c,
    0x59, 0xa5, 0x30, 0x35, 0x66, 0x84, 0x0, 0x5b,
    0x97, 0x76, 0x69, 0x0, 0x6b, 0x2c, 0xed, 0xec,
    0x2b, 0x0, 0xdc, 0x12, 0xa8, 0xb2, 0x1c, 0x1,
    0x9e, 0x5a, 0xee, 0x69, 0x70, 0x0,

    /* U+B2C8 "니" */
    0x8f, 0x10, 0xe, 0xea, 0x0, 0xff, 0xf6, 0x8,
    0x7, 0x7f, 0x73, 0xf9, 0x0, 0x17, 0x13, 0x28,
    0x9b, 0x40, 0x1, 0xbb, 0xcc, 0xc4, 0x0, 0xff,
    0xe5, 0x80,

    /* U+B2E4 "다" */
    0x1, 0x1e, 0x0, 0x7c, 0x80, 0x27, 0xbb, 0x90,
    0x3, 0xeb, 0xbc, 0xa0, 0x1f, 0x22, 0x61, 0x0,
    0xff, 0xe1, 0x13, 0x18, 0x7, 0xf2, 0x4d, 0x0,
    0x7f, 0x37, 0xc8, 0x1, 0x9a, 0x78, 0x0, 0xe1,
    0x9, 0x94, 0x4a, 0x0, 0x74, 0x7f, 0xdd, 0xcc,
    0x0, 0xff, 0xe8, 0x80,

    /* U+B2E8 "단" */
    0xaf, 0xfe, 0x50, 0xea, 0x0, 0xd5, 0x59, 0x0,
    0x3e, 0x55, 0xc2, 0x1, 0xff, 0xc2, 0x4c, 0x60,
    0x0, 0x8c, 0x44, 0x0, 0x8, 0xc0, 0xe, 0xeb,
    0x7c, 0x0, 0xba, 0xf1, 0x76, 0xcc, 0x6e, 0x0,
    0x71, 0x23, 0x89, 0x90, 0x80, 0x7d, 0x96, 0x1,
    0x88, 0x80, 0x1f, 0xec, 0x80, 0xe, 0x25, 0x5f,
    0x0, 0x72, 0x55, 0x78, 0x0,

    /* U+B2F5 "답" */
    0xaf, 0xfe, 0x50, 0xea, 0x0, 0xd5, 0x59, 0x0,
    0x3e, 0x55, 0xc2, 0x0, 0x66, 0x18, 0x7, 0xf1,
    0xcd, 0x80, 0x1d, 0xd1, 0x30, 0x0, 0x4b, 0xa2,
    0x25, 0x51, 0x14, 0x80, 0x2, 0x85, 0x1b, 0xb6,
    0x62, 0x82, 0x7c, 0x3, 0x7c, 0x80, 0x69, 0xf0,
    0xe, 0x6f, 0xfc, 0x20, 0x1e, 0x39, 0x9c, 0x1,
    0xf3, 0x99, 0xe0, 0xf, 0x92, 0xab, 0x0, 0x60,

    /* U+B300 "대" */
    0x1, 0x1c, 0x15, 0xc1, 0xf5, 0x4e, 0xec, 0x60,
    0x1f, 0x5d, 0xc6, 0x1, 0xe1, 0x44, 0x80, 0x3f,
    0xf8, 0x22, 0xa0, 0x1f, 0xea, 0x0, 0xfe, 0x1f,
    0x0, 0x85, 0xe2, 0x54, 0x3, 0x88, 0x94, 0x84,
    0x1, 0xe8, 0xdd, 0x65, 0xa8, 0x7, 0xff, 0x3c,

    /* U+B370 "데" */
    0x1, 0x1c, 0x13, 0xe5, 0xef, 0x5d, 0xd8, 0x3,
    0xf5, 0xdc, 0x1, 0xf0, 0xa2, 0x40, 0x1f, 0xee,
    0xf6, 0x0, 0xfd, 0x72, 0x60, 0x1f, 0x95, 0x94,
    0x3, 0x85, 0xe2, 0x54, 0x3, 0x88, 0x94, 0xaa,
    0x30, 0xe, 0x8d, 0xdb, 0x18, 0x3, 0xff, 0x9e,

    /* U+B378 "델" */
    0xaf, 0xfc, 0x51, 0xe5, 0xee, 0x0, 0xaa, 0x88,
    0x3, 0xc2, 0xaa, 0x8f, 0x70, 0xf, 0xca, 0xa2,
    0x0, 0xe1, 0x78, 0x1e, 0x50, 0xc, 0x44, 0xa4,
    0x21, 0x0, 0xe8, 0xdc, 0xf8, 0x6b, 0xc6, 0x84,
    0x0, 0x26, 0x67, 0x5c, 0x20, 0x1, 0x2a, 0xba,
    0x40, 0x32, 0x55, 0x74, 0x80, 0x80, 0x68, 0xaa,
    0xe5, 0x0, 0xd1, 0x55, 0xd0,

    /* U+B3C4 "도" */
    0x0, 0xff, 0xe1, 0xb7, 0xff, 0xcc, 0x1, 0xe8,
    0xbb, 0xe7, 0x0, 0xf2, 0x27, 0x84, 0x3, 0xff,
    0x8f, 0x6c, 0xdc, 0x60, 0x18, 0xc5, 0xa6, 0x68,
    0x85, 0x80, 0x65, 0xee, 0x50, 0x5f, 0x72, 0x0,
    0x3f, 0xf8, 0x65, 0xff, 0xa8, 0x2f, 0xff, 0x11,
    0xcc, 0xff, 0xc6,

    /* U+B3CC "돌" */
    0x0, 0x3f, 0xff, 0xce, 0x1, 0xea, 0xbb, 0xe5,
    0x0, 0xf1, 0x80, 0x7f, 0xf0, 0x26, 0xef, 0xc0,
    0x10, 0xb7, 0x72, 0x82, 0xbb, 0x90, 0x20, 0x7d,
    0xda, 0x82, 0xbb, 0xb1, 0x9b, 0x31, 0x77, 0xf6,
    0x60, 0xc0, 0xee, 0xff, 0x21, 0x80, 0x55, 0x5e,
    0x90, 0xf, 0x55, 0x7a, 0x40, 0x3f, 0x5d, 0xf9,
    0x0, 0x3d, 0x77, 0xef, 0x0, 0x0,

    /* U+B3D9 "동" */
    0x0, 0x3f, 0xff, 0xd0, 0x1, 0xe9, 0xaa, 0xf0,
    0x7, 0x91, 0x57, 0x88, 0x3, 0xdb, 0xff, 0xd4,
    0x1, 0x96, 0xa8, 0xe0, 0xf5, 0x49, 0x0, 0xc,
    0x56, 0xe8, 0x80, 0xb7, 0x57, 0x2, 0x6c, 0xd9,
    0x5, 0x19, 0xb1, 0x97, 0x75, 0xb7, 0x17, 0xbd,
    0xd1, 0x0, 0x7, 0x31, 0x71, 0x79, 0x81, 0x0,
    0xcc, 0x77, 0xdd, 0x51, 0xb0, 0x6, 0x20, 0xf5,
    0x45, 0xe0, 0x20, 0xc, 0xb4, 0xf7, 0x73, 0xd2,
    0x80, 0x0,

    /* U+B418 "되" */
    0x0, 0xfe, 0x8f, 0x10, 0x7f, 0xfe, 0xc0, 0xe,
    0xf0, 0x99, 0xd0, 0x1, 0xf3, 0xb3, 0x48, 0x1,
    0xff, 0xc7, 0xef, 0xfb, 0x80, 0x3a, 0xe6, 0x40,
    0x93, 0x60, 0x1c, 0x6c, 0xe0, 0x6c, 0xa0, 0x18,
    0x46, 0x20, 0x12, 0x33, 0x8, 0x3, 0x7b, 0x98,
    0xd, 0xb9, 0x83, 0x0, 0x76, 0x66, 0xdd, 0x77,
    0x8, 0x0, 0x46, 0x78, 0x88, 0x22, 0x0, 0x80,

    /* U+B41C "된" */
    0x0, 0x7f, 0xf8, 0x1f, 0xc4, 0x2, 0x3a, 0xac,
    0x1, 0xf3, 0x2a, 0xe0, 0xf, 0x97, 0xbb, 0x8,
    0x7, 0x4c, 0x8c, 0x22, 0x2, 0x1, 0xcc, 0xd0,
    0x33, 0x90, 0x4, 0x5f, 0xf2, 0xf, 0xf6, 0xf8,
    0x0, 0xa6, 0x55, 0x4b, 0xb6, 0x6f, 0x80, 0x4c,
    0xce, 0xc4, 0x41, 0x90, 0x7, 0x98, 0x80, 0x33,
    0xf8, 0x80, 0x66, 0x55, 0xf0, 0x80, 0x62, 0xaa,
    0xf2, 0x80,

    /* U+B428 "됨" */
    0x0, 0x7f, 0xf7, 0x3, 0xf8, 0x80, 0x49, 0x55,
    0x58, 0x7, 0xc6, 0xab, 0x80, 0x3e, 0x7f, 0xfc,
    0x1, 0xea, 0xa1, 0x12, 0xa8, 0x1, 0x85, 0xcb,
    0x4c, 0xd9, 0xf7, 0xe0, 0x14, 0xc9, 0x8c, 0xca,
    0x22, 0x0, 0x87, 0xb9, 0xb1, 0x9, 0xef, 0xf3,
    0x8, 0x5, 0x15, 0x5d, 0xc, 0x20, 0x18, 0xbf,
    0xf4, 0x0, 0x78, 0xd5, 0x76, 0x80, 0x78, 0x6a,
    0xb2, 0x80, 0x0,

    /* U+B4DC "드" */
    0x0, 0xff, 0xe1, 0xb7, 0xff, 0xcc, 0x1, 0xe8,
    0xbb, 0xe7, 0x0, 0xf2, 0x27, 0x84, 0x3, 0xff,
    0x8f, 0x9f, 0xfd, 0x0, 0x19, 0x26, 0x7e, 0xb0,
    0xc, 0x4c, 0xdf, 0x18, 0x7, 0xff, 0xc, 0xbf,
    0xff, 0xe2, 0x3a, 0xaf, 0xf8, 0xc0,

    /* U+B4F1 "등" */
    0x0, 0x3f, 0xff, 0xd0, 0x1, 0xe9, 0xaa, 0xf0,
    0x7, 0x91, 0x57, 0x88, 0x3, 0xdb, 0xff, 0xd2,
    0x1, 0x96, 0x67, 0xea, 0x0, 0xd, 0x46, 0x67,
    0xd3, 0x42, 0x6c, 0xdf, 0xf1, 0x96, 0x65, 0xf3,
    0x53, 0xf9, 0x91, 0x0, 0x7, 0x72, 0xe2, 0xf3,
    0x2, 0x1, 0x98, 0xaf, 0xba, 0xb3, 0x60, 0xc,
    0x41, 0xea, 0x8b, 0xe0, 0x40, 0x19, 0x65, 0xee,
    0xe7, 0x95, 0x0, 0x0,

    /* U+B77C "라" */
    0x13, 0x3e, 0x0, 0x75, 0x0, 0x23, 0x33, 0x84,
    0x3, 0xa3, 0x76, 0x60, 0xf, 0x84, 0x8a, 0x10,
    0xf, 0x9f, 0x32, 0x60, 0xc, 0xcc, 0x3e, 0x34,
    0x43, 0x38, 0x80, 0xe, 0x6c, 0x1, 0x11, 0x80,
    0x25, 0xf8, 0x0, 0xe1, 0x20, 0xf, 0xbf, 0xee,
    0xd5, 0x0, 0xd5, 0x55, 0xdb, 0x35, 0x40, 0x31,
    0xaa, 0x91, 0x6, 0x40, 0x1f, 0xfc, 0x50,

    /* U+B798 "래" */
    0xaf, 0xfc, 0x33, 0xe3, 0xf1, 0x35, 0x45, 0x0,
    0xf8, 0xd5, 0x44, 0x1, 0xf8, 0x44, 0x1, 0xfa,
    0xbb, 0x8e, 0x1, 0xfd, 0x11, 0x8, 0x3, 0x80,
    0x21, 0x77, 0x80, 0x2a, 0x0, 0xc2, 0x22, 0x20,
    0x1, 0x0, 0x21, 0xee, 0x6f, 0x0, 0x74, 0x66,
    0x5b, 0x80, 0x1c, 0x46, 0x71, 0x0, 0x7f, 0xf1,
    0x40,

    /* U+B7A8 "램" */
    0xef, 0xfc, 0x35, 0xc5, 0xef, 0x55, 0x28, 0x7,
    0xcc, 0xd1, 0x80, 0x7d, 0x99, 0x30, 0x4, 0x3a,
    0x1, 0x27, 0x74, 0x20, 0x9, 0x0, 0x93, 0xfd,
    0xd8, 0x2, 0x80, 0xb, 0x9b, 0xbb, 0x89, 0x40,
    0x25, 0x66, 0x19, 0x27, 0x6a, 0x42, 0x0, 0x2e,
    0x67, 0xd0, 0x80, 0x1b, 0xbf, 0xed, 0x0, 0xf2,
    0x2a, 0xc8, 0x1, 0xea, 0xad, 0x20, 0x0,

    /* U+B7C9 "량" */
    0xaf, 0xfe, 0x10, 0xea, 0x0, 0x4d, 0x54, 0xa0,
    0x19, 0x94, 0x80, 0x46, 0x0, 0xe3, 0xaa, 0x4d,
    0xdc, 0xa0, 0x19, 0x7e, 0x0, 0x19, 0x98, 0x40,
    0xc, 0xc3, 0x0, 0x5d, 0xd5, 0x43, 0x3, 0x84,
    0xd4, 0x33, 0xe1, 0x5, 0xe7, 0x75, 0xd6, 0x3,
    0xac, 0x34, 0x0, 0x6c, 0x92, 0xa4, 0x67, 0x50,
    0x9, 0xa, 0xe5, 0xe3, 0xa, 0xc0, 0x25, 0x18,
    0x75, 0x69, 0x25, 0x0, 0x87, 0x12, 0x6a, 0x16,
    0x24, 0x0,

    /* U+B7EC "러" */
    0x12, 0x2e, 0x0, 0xf, 0xc4, 0x37, 0x78, 0x40,
    0x34, 0x66, 0x4c, 0x1, 0xe1, 0x33, 0x84, 0x3,
    0xd1, 0xdd, 0x38, 0x2f, 0xf0, 0x0, 0x45, 0x10,
    0x99, 0x2c, 0xc0, 0x6, 0x66, 0xc2, 0xcc, 0x0,
    0xfc, 0x20, 0x1e, 0xee, 0xbf, 0x88, 0x2, 0xa9,
    0x8b, 0xbb, 0x8, 0x2, 0x36, 0x62, 0xa9, 0xc,
    0x3, 0xff, 0x86,

    /* U+B807 "렇" */
    0x8f, 0xfe, 0x10, 0x5f, 0x4a, 0xbb, 0x98, 0xd,
    0x8, 0x0, 0x93, 0x33, 0x83, 0xdc, 0x0, 0x38,
    0xa2, 0x6a, 0xd7, 0xe8, 0x3, 0x19, 0x1e, 0x50,
    0x6, 0xf1, 0x88, 0x4a, 0x88, 0x6, 0x7e, 0xec,
    0xc, 0x9, 0x2a, 0xd, 0xbb, 0x11, 0x37, 0x2d,
    0x81, 0x6e, 0xc8, 0xaa, 0x4a, 0xb4, 0x3, 0x28,
    0x64, 0x43, 0x41, 0x98, 0x1, 0xc3, 0x99, 0x87,
    0x80, 0x28, 0x5d, 0xdc, 0x92, 0x0,

    /* U+B808 "레" */
    0xaf, 0xfb, 0x82, 0x3c, 0xfd, 0xe6, 0xa8, 0x60,
    0x1f, 0x1a, 0xa9, 0x80, 0x3f, 0xf8, 0xd1, 0x98,
    0x40, 0xe7, 0x0, 0xc4, 0x68, 0xd3, 0x68, 0x1,
    0xc3, 0x10, 0x75, 0x30, 0xf, 0xc2, 0x20, 0xf,
    0xf, 0xfb, 0xac, 0x3, 0xa6, 0xa9, 0x79, 0x60,
    0x1c, 0x6a, 0xa4, 0x31, 0x0, 0xff, 0xe2, 0x0,

    /* U+B825 "력" */
    0x8f, 0xfe, 0x10, 0x7f, 0x1a, 0xbb, 0x94, 0x9,
    0x74, 0x0, 0x48, 0x91, 0x5, 0xd2, 0x80, 0x1f,
    0xfe, 0x70, 0x9f, 0x80, 0x7, 0x86, 0xf7, 0x4d,
    0xf0, 0x1, 0xaa, 0x65, 0x63, 0x6c, 0x0, 0xe2,
    0x55, 0x84, 0x93, 0x80, 0xd, 0xb1, 0x17, 0xa,
    0x83, 0x8, 0x2, 0xab, 0xd0, 0xc4, 0x0, 0xff,
    0xf4, 0x0, 0x7f, 0xf3, 0x0,

    /* U+B85C "로" */
    0x0, 0xff, 0xe1, 0xcf, 0xff, 0xd0, 0x1, 0xae,
    0xfd, 0x40, 0x1f, 0x8, 0xf0, 0x7, 0xd7, 0x55,
    0xe0, 0xf0, 0xf, 0x7f, 0xf9, 0xc0, 0x3d, 0xff,
    0xec, 0x0, 0xd5, 0x53, 0x83, 0xd5, 0x20, 0x3,
    0x1a, 0xab, 0x3, 0x15, 0x48, 0x0, 0x2f, 0xfd,
    0x61, 0x7f, 0xf8, 0x8e, 0xab, 0xfe, 0x30,

    /* U+B85D "록" */
    0x0, 0x37, 0xff, 0xcc, 0x1, 0x92, 0xab, 0xa0,
    0x3, 0xc9, 0x55, 0xd0, 0x1, 0xfa, 0x6e, 0xf9,
    0x0, 0x3d, 0x37, 0x7d, 0x0, 0x19, 0xf7, 0x52,
    0x13, 0xba, 0xb0, 0x1, 0xff, 0x6e, 0xa4, 0x27,
    0x75, 0xde, 0x66, 0xaa, 0xff, 0x8c, 0x17, 0xea,
    0xbe, 0xd5, 0x0, 0xba, 0x67, 0xc0, 0x1e, 0x46,
    0x6e, 0x70, 0xf, 0xfe, 0x28,

    /* U+B864 "롤" */
    0x0, 0x3f, 0xff, 0xce, 0x1, 0x96, 0xab, 0xa4,
    0x3, 0xcb, 0x55, 0xd2, 0x1, 0xfa, 0x26, 0x78,
    0xc0, 0x30, 0x8a, 0x62, 0x62, 0x2e, 0x0, 0xb,
    0x4, 0x41, 0xc1, 0xa2, 0x18, 0xc2, 0x71, 0x19,
    0xc5, 0xa2, 0x31, 0x97, 0x5a, 0x27, 0xd7, 0xc4,
    0x0, 0x6d, 0xde, 0x25, 0xd0, 0xc, 0x91, 0x1c,
    0xe0, 0x1e, 0xf0, 0x9a, 0xae, 0xb0, 0xf, 0x4d,
    0x57, 0x78, 0x0,

    /* U+B86F "롯" */
    0x0, 0x37, 0xff, 0xcc, 0x1, 0x9e, 0xef, 0xa0,
    0x3, 0xcf, 0x77, 0xd0, 0x1, 0xfa, 0x6e, 0xf9,
    0xc0, 0x3d, 0x37, 0x7e, 0x0, 0xcd, 0xba, 0x90,
    0x9d, 0xd5, 0x80, 0xb, 0xfd, 0xba, 0x90, 0x9d,
    0xd7, 0x79, 0x1c, 0xce, 0x84, 0x89, 0x9c, 0x62,
    0xcd, 0x85, 0x5, 0x9b, 0x8, 0x6, 0x49, 0x9,
    0x50, 0xe, 0x38, 0xdb, 0x4e, 0x4a, 0xd8, 0x30,
    0x1, 0x2b, 0xdd, 0x86, 0xec, 0xea, 0x40,

    /* U+B8CC "료" */
    0x0, 0xff, 0xe1, 0xcf, 0xff, 0xd0, 0x1, 0xae,
    0xfd, 0x40, 0x1e, 0x11, 0xf0, 0x7, 0xd5, 0x4b,
    0xbe, 0x10, 0xf, 0xbf, 0xfd, 0x0, 0x1e, 0xee,
    0xf6, 0x0, 0x6b, 0xa0, 0x5b, 0x70, 0x9f, 0x0,
    0xc4, 0x80, 0x49, 0xc0, 0xa6, 0x0, 0x2f, 0xf7,
    0x3, 0xfc, 0x86, 0x7f, 0x88, 0xea, 0xbf, 0xe3,

    /* U+B958 "류" */
    0x0, 0x37, 0xff, 0xcc, 0x1, 0x92, 0xab, 0xa0,
    0x3, 0xff, 0x8e, 0x95, 0x77, 0xa4, 0x40, 0x3e,
    0x8a, 0xae, 0x50, 0xf, 0x4d, 0xdf, 0x48, 0x4,
    0x6b, 0x99, 0xf4, 0x98, 0x1e, 0x67, 0xfc, 0x66,
    0xdd, 0x38, 0x5e, 0xd8, 0x3e, 0xe8, 0xc0, 0x89,
    0xe0, 0xc4, 0xc1, 0xe4, 0x40, 0xf, 0xfe, 0x78,

    /* U+B974 "르" */
    0x0, 0xff, 0xe1, 0xcf, 0xff, 0xd0, 0x1, 0xae,
    0xfd, 0x40, 0x1f, 0x8, 0xf0, 0x7, 0xd7, 0x55,
    0xe0, 0xf0, 0xf, 0x7f, 0xf9, 0xc0, 0x3d, 0xff,
    0xec, 0x0, 0xd5, 0x5f, 0xa0, 0x3, 0x1a, 0xaf,
    0xc8, 0x0, 0x2f, 0xff, 0xf8, 0x8e, 0xab, 0xfe,
    0x30,

    /* U+B978 "른" */
    0x0, 0x37, 0xff, 0xcc, 0x1, 0x9e, 0xef, 0xa0,
    0x3, 0xc9, 0x77, 0xd0, 0x1, 0xe3, 0x9, 0xcc,
    0xe7, 0x0, 0xf4, 0xe6, 0x75, 0x80, 0x64, 0xaa,
    0xfa, 0x40, 0x2, 0xc8, 0x67, 0xf2, 0xb0, 0x9c,
    0xcf, 0xfc, 0x65, 0xf9, 0x1f, 0xff, 0x88, 0x1,
    0x70, 0x20, 0x1f, 0xfc, 0x7, 0x55, 0xe3, 0x0,
    0xf4, 0xd5, 0x74, 0x80, 0x0,

    /* U+B984 "름" */
    0x0, 0x37, 0xff, 0xcc, 0x1, 0x92, 0xab, 0xa0,
    0x3, 0xc9, 0x55, 0xd0, 0x1, 0xfa, 0x6e, 0xf9,
    0x0, 0x3d, 0x37, 0x7d, 0x0, 0x11, 0x25, 0xdf,
    0xd2, 0x40, 0x7b, 0xab, 0xbf, 0xb3, 0x4c, 0xd9,
    0x8b, 0xbf, 0xb3, 0x6, 0x7, 0x77, 0xfc, 0x60,
    0x1d, 0x57, 0x78, 0x3, 0xf1, 0x88, 0xe0, 0xf,
    0xd3, 0x55, 0x80, 0x30,

    /* U+B9AC "리" */
    0x12, 0x2e, 0x10, 0x8f, 0x6, 0xdd, 0xe9, 0x0,
    0xcd, 0x99, 0x58, 0x7, 0x84, 0xce, 0x50, 0xf,
    0x3f, 0xfd, 0xc0, 0x1e, 0xf0, 0x99, 0xd6, 0x1,
    0xe7, 0x66, 0x8c, 0x3, 0xff, 0x8b, 0xfd, 0xcf,
    0xf3, 0x0, 0x57, 0x31, 0x15, 0x5b, 0x80, 0x46,
    0xcd, 0x95, 0x4, 0x3, 0xff, 0x84,

    /* U+B9B0 "린" */
    0x7f, 0xfe, 0x80, 0x9f, 0x5, 0xbb, 0xa8, 0x3,
    0xc4, 0x89, 0x80, 0x3c, 0xff, 0xf7, 0x0, 0x7e,
    0xab, 0xba, 0x80, 0x3c, 0x45, 0x1d, 0x98, 0x4,
    0x22, 0x98, 0xba, 0x27, 0x0, 0x9b, 0xba, 0xdd,
    0x5a, 0x0, 0x76, 0xe8, 0x3, 0x79, 0x80, 0x7f,
    0x36, 0x0, 0x63, 0x55, 0xf1, 0x0, 0x43, 0x55,
    0xe4,

    /* U+B9B4 "릴" */
    0x7f, 0xfe, 0x80, 0x9f, 0x5, 0xbb, 0xa8, 0x3,
    0xcf, 0xff, 0x48, 0x7, 0x89, 0x4, 0x4c, 0xba,
    0x1, 0xed, 0xcc, 0x6e, 0x8c, 0x2, 0x11, 0x4d,
    0xda, 0x8d, 0xc0, 0x26, 0xeb, 0x88, 0xb8, 0x79,
    0xc0, 0x28, 0xaa, 0xe8, 0x70, 0xb, 0xae, 0xf9,
    0x40, 0x36, 0xdd, 0xf2, 0x80, 0x71, 0xdd, 0xf8,
    0x80, 0x23, 0xbb, 0xf2, 0x0,

    /* U+B9BC "림" */
    0x7f, 0xfe, 0x80, 0x9f, 0x5b, 0xba, 0x80, 0x3f,
    0xf8, 0x6b, 0x77, 0x50, 0x78, 0x7, 0x77, 0xfc,
    0xe0, 0x1d, 0xfd, 0xcf, 0xf2, 0x80, 0x12, 0x62,
    0x2a, 0xc4, 0x10, 0x36, 0x1, 0x11, 0x23, 0x7c,
    0x0, 0x22, 0x13, 0x3a, 0x20, 0x1, 0x27, 0x76,
    0x70, 0xc, 0xea, 0xb8, 0xc0, 0x31, 0xd5, 0x64,
    0x0,

    /* U+B9C1 "링" */
    0x7f, 0xfe, 0x80, 0x9f, 0x5, 0xbb, 0xa8, 0x3,
    0xc6, 0xef, 0x8, 0x7, 0x9b, 0x32, 0xb0, 0xf,
    0xdd, 0xff, 0x40, 0x7, 0xae, 0xa9, 0x78, 0x80,
    0x11, 0x20, 0x8e, 0x47, 0x0, 0x96, 0xed, 0xc0,
    0xeb, 0xfd, 0xc0, 0xa, 0x28, 0x2a, 0xd6, 0x30,
    0x2, 0x51, 0xb7, 0x69, 0x72, 0x20, 0x1, 0x6,
    0x55, 0x4e, 0xc2, 0x40, 0x9, 0x85, 0xaa, 0x9f,
    0xc0,

    /* U+B9C8 "마" */
    0x1, 0x1e, 0x0, 0x75, 0x0, 0x27, 0xbb, 0xa0,
    0x3, 0xeb, 0xb5, 0x0, 0x7f, 0x22, 0x40, 0x1f,
    0xfc, 0x46, 0x61, 0x80, 0x7f, 0x1c, 0xd8, 0x7,
    0xf2, 0xfc, 0x0, 0x19, 0xa0, 0xf, 0x84, 0x51,
    0x9, 0x1f, 0x0, 0xe8, 0xee, 0xe7, 0x0, 0xff,
    0xe8, 0x80,

    /* U+B9C9 "막" */
    0xaf, 0xfe, 0x10, 0xea, 0x0, 0xd5, 0x45, 0x0,
    0xfe, 0x55, 0x10, 0x6, 0x64, 0x20, 0xf, 0xe3,
    0xba, 0x0, 0x2a, 0x88, 0x3, 0x1d, 0xd0, 0x2,
    0xa8, 0xa0, 0x19, 0x90, 0xab, 0xff, 0x84, 0x3,
    0xc2, 0xcd, 0xe9, 0xf0, 0x9, 0x26, 0x7d, 0x1e,
    0x1, 0x2f, 0xff, 0x84, 0x3, 0xff, 0x9e,

    /* U+B9CC "만" */
    0xaf, 0xfe, 0x10, 0xea, 0x0, 0xd5, 0x45, 0x0,
    0xfe, 0x55, 0x10, 0x7, 0xff, 0x11, 0x31, 0x80,
    0x2, 0x20, 0xe, 0x11, 0x80, 0x1d, 0xc7, 0x0,
    0xcb, 0xaf, 0x17, 0x7c, 0x20, 0x1c, 0x48, 0xca,
    0x88, 0x0, 0xfd, 0xb0, 0x1, 0x88, 0x80, 0x1f,
    0xec, 0x80, 0xe, 0x25, 0x5f, 0x0, 0x72, 0x55,
    0x78, 0x0,

    /* U+B9D0 "말" */
    0xaf, 0xfe, 0x10, 0xea, 0x0, 0xd5, 0x45, 0x0,
    0xfe, 0x55, 0x10, 0x6, 0x66, 0x18, 0x7, 0xf1,
    0xc2, 0x0, 0x33, 0xc, 0x1, 0x97, 0x9f, 0xa2,
    0xed, 0x30, 0x20, 0x66, 0x0, 0x23, 0xcc, 0xee,
    0xe1, 0x80, 0x74, 0x47, 0x84, 0xc0, 0x31, 0x9f,
    0x80, 0x3d, 0x54, 0xbb, 0xc2, 0x60, 0x1c, 0x97,
    0x7d, 0x80, 0x1c, 0x95, 0x5e, 0x0, 0x0,

    /* U+BA54 "메" */
    0x0, 0xf4, 0x79, 0x7c, 0x57, 0xfe, 0x70, 0xf,
    0xae, 0x80, 0x3f, 0xa, 0x20, 0x3, 0xff, 0x81,
    0xe, 0x1, 0xfc, 0x88, 0x0, 0xfe, 0xc3, 0x0,
    0xe1, 0x66, 0x0, 0x7f, 0x4c, 0x0, 0x7d, 0x5f,
    0xf9, 0xc0, 0x3f, 0xf9, 0xe0,

    /* U+BA74 "면" */
    0x12, 0x2e, 0x10, 0x1f, 0x76, 0xdd, 0xe8, 0x35,
    0x0, 0xd9, 0xb8, 0xd, 0x96, 0x1, 0x88, 0xa0,
    0x7e, 0xd0, 0xf, 0xcd, 0xbc, 0x1, 0xbb, 0xf8,
    0x12, 0xac, 0x0, 0xb3, 0x3d, 0xc, 0xc0, 0x1,
    0x33, 0xa3, 0x30, 0x80, 0x3d, 0x1a, 0x20, 0x18,
    0x84, 0x3, 0xf0, 0xeb, 0x0, 0x67, 0x55, 0xe2,
    0x0, 0xd3, 0x55, 0xe0,

    /* U+BAA8 "모" */
    0x0, 0xff, 0xe1, 0xb7, 0xff, 0xcc, 0x1, 0xe9,
    0xbb, 0xa4, 0x3, 0xf2, 0xa2, 0x4a, 0x1, 0xff,
    0xc9, 0xb6, 0x6a, 0xc0, 0x3e, 0x16, 0x99, 0x98,
    0x4c, 0x3, 0x37, 0x72, 0x82, 0xfb, 0x8a, 0x1,
    0xff, 0xc3, 0x2f, 0xfd, 0x41, 0x7f, 0xf8, 0x8e,
    0x67, 0xfe, 0x30,

    /* U+BAA9 "목" */
    0x0, 0x3f, 0xff, 0xce, 0x1, 0xe9, 0xaa, 0xa4,
    0x3, 0xf3, 0xaa, 0xce, 0x1, 0xfb, 0xbf, 0xee,
    0x0, 0xf2, 0xcc, 0x98, 0x1e, 0x64, 0xa0, 0x1,
    0x8a, 0xee, 0x18, 0x17, 0x72, 0xa0, 0x4d, 0x9b,
    0x20, 0xa3, 0x36, 0x32, 0xec, 0xdd, 0xfb, 0xf8,
    0x80, 0x11, 0x99, 0xf4, 0x80, 0x6b, 0xdd, 0xf0,
    0x7, 0x84, 0x8b, 0x8c, 0x3, 0xff, 0x8a,

    /* U+BB34 "무" */
    0x0, 0x37, 0xff, 0xcc, 0x1, 0xe8, 0xaa, 0xa0,
    0x3, 0xf2, 0xae, 0x40, 0xf, 0xcc, 0x45, 0x38,
    0x7, 0xeb, 0xdd, 0xac, 0x3, 0xcf, 0x99, 0xf3,
    0x80, 0x5, 0x9d, 0x57, 0xe7, 0x61, 0x39, 0x9f,
    0xf8, 0xcb, 0xff, 0x50, 0x5f, 0xfe, 0x20, 0xf,
    0xfe, 0xd8,

    /* U+BB38 "문" */
    0x0, 0x3f, 0xff, 0xce, 0x1, 0xe9, 0xaa, 0xa4,
    0x3, 0xf3, 0xaa, 0xce, 0x1, 0xf9, 0x9b, 0x80,
    0x3f, 0x44, 0xcd, 0x0, 0x1c, 0x4b, 0xbb, 0xf2,
    0x90, 0x1e, 0xef, 0xfc, 0x66, 0xdd, 0xd4, 0xf,
    0xbb, 0x8c, 0x9, 0xe4, 0x9c, 0x38, 0x8b, 0x0,
    0x5a, 0x82, 0x6c, 0xa0, 0x1f, 0xce, 0x98, 0xca,
    0xa3, 0x0, 0xf4, 0xd5, 0x74, 0x80, 0x0,

    /* U+BB3C "물" */
    0x0, 0x3f, 0xff, 0xce, 0x1, 0xea, 0xbb, 0xa8,
    0x3, 0xf1, 0x17, 0x0, 0x7e, 0x89, 0x9a, 0x0,
    0x40, 0x23, 0x4c, 0xcf, 0x94, 0xc0, 0xf3, 0x3f,
    0xe3, 0x37, 0x6e, 0x62, 0x2, 0x73, 0x1d, 0xc3,
    0x1, 0xac, 0xc4, 0x4, 0xe6, 0x18, 0x40, 0x2b,
    0x99, 0xe8, 0x0, 0xf5, 0xcc, 0xf4, 0x0, 0x7e,
    0xaa, 0xf2, 0x0, 0x7a, 0xab, 0xde, 0x0,

    /* U+BBF8 "미" */
    0x0, 0xfd, 0x1e, 0xf, 0xff, 0xd0, 0x1, 0xea,
    0xba, 0x0, 0xfc, 0x89, 0x0, 0x7f, 0xf7, 0x59,
    0xa0, 0xf, 0xd1, 0x30, 0x1e, 0x1, 0x9f, 0xff,
    0x9c, 0x3, 0xff, 0x9c,

    /* U+BC00 "밀" */
    0x7f, 0xfe, 0x70, 0x7f, 0x10, 0x4, 0xd4, 0x80,
    0x7e, 0x75, 0x70, 0xf, 0xfe, 0x3f, 0x7f, 0x0,
    0x79, 0x66, 0x79, 0x40, 0x31, 0x31, 0x19, 0xce,
    0xa2, 0xe2, 0x0, 0x9a, 0xae, 0x97, 0x10, 0x7,
    0x5d, 0xf3, 0x0, 0x6e, 0xbb, 0xe6, 0x0, 0xe2,
    0xaa, 0xf1, 0x80, 0x45, 0x55, 0xe5,

    /* U+BC1B "받" */
    0xaf, 0x0, 0x3f, 0x88, 0x75, 0x0, 0x61, 0x17,
    0x80, 0x7f, 0x77, 0x1c, 0x3, 0xfa, 0xec, 0xc0,
    0x19, 0x7e, 0x0, 0x4, 0x43, 0x0, 0xc7, 0x54,
    0x30, 0x99, 0x28, 0x6, 0x65, 0x29, 0xff, 0xe1,
    0x0, 0xf9, 0xdf, 0xd3, 0xc0, 0x1a, 0x21, 0x33,
    0xda, 0x1, 0xcf, 0xdd, 0xd2, 0x1, 0xc4, 0xab,
    0xc8, 0x1, 0xcb, 0x55, 0xd2, 0x0,

    /* U+BC29 "방" */
    0xaf, 0x0, 0x3f, 0x88, 0x75, 0x0, 0x7b, 0xc0,
    0x3f, 0xbf, 0xce, 0x1, 0x84, 0x40, 0x14, 0x41,
    0x0, 0x32, 0x74, 0x0, 0x15, 0x46, 0x1, 0x93,
    0x24, 0x1, 0xba, 0x70, 0xc, 0x26, 0x31, 0x99,
    0xc2, 0x1, 0xc4, 0x64, 0x91, 0xd9, 0x53, 0x60,
    0x1b, 0x24, 0xa9, 0x6, 0x18, 0x2, 0x32, 0x89,
    0x78, 0xb2, 0xa0, 0x8, 0x86, 0xdd, 0x5a, 0x49,
    0x0, 0x21, 0xc4, 0x9a, 0x85, 0x89, 0x0, 0x0,

    /* U+BC84 "버" */
    0xaf, 0x0, 0xf, 0xc0, 0xf, 0xb8, 0x7, 0xff,
    0x32, 0xed, 0x40, 0x1f, 0xe7, 0x7, 0xfe, 0x0,
    0xd7, 0x6d, 0x4, 0x98, 0x0, 0xfc, 0x6c, 0xc0,
    0xc, 0xcd, 0x0, 0x78, 0xc2, 0x65, 0x1, 0xe0,
    0x1a, 0x7f, 0xf9, 0xc0, 0x3f, 0xf9, 0xc0,

    /* U+BC88 "번" */
    0x8f, 0x0, 0xf, 0xc0, 0xf, 0xb8, 0x7, 0xff,
    0x5, 0x9a, 0x0, 0xfd, 0x10, 0x90, 0x7f, 0xe0,
    0xd, 0xdc, 0xf0, 0x5b, 0xa0, 0xd, 0xfe, 0xe0,
    0x24, 0x40, 0x2, 0xe6, 0x7a, 0xc0, 0x31, 0xb3,
    0xa3, 0x30, 0xc0, 0x3d, 0x1a, 0x20, 0x10, 0x99,
    0x0, 0x7f, 0x62, 0x80, 0x67, 0x55, 0xe3, 0x0,
    0xd3, 0x55, 0xd0,

    /* U+BCC0 "변" */
    0x8f, 0x0, 0xf, 0xc0, 0xf, 0xb8, 0x7, 0x8d,
    0x98, 0x1, 0x99, 0xa0, 0x49, 0x80, 0xd, 0x10,
    0x90, 0x6d, 0xc0, 0xd, 0xdc, 0xf0, 0x48, 0x90,
    0xd, 0xdc, 0xf0, 0x7f, 0xc0, 0x5, 0xcc, 0x45,
    0x32, 0x57, 0x0, 0x1b, 0x3a, 0x33, 0xc, 0x3,
    0xd1, 0xa2, 0x1, 0x9, 0x90, 0x7, 0xf6, 0x28,
    0x6, 0x75, 0x5e, 0x30, 0xd, 0x35, 0x5d, 0x0,

    /* U+BCC4 "별" */
    0x8f, 0x0, 0xf, 0xc0, 0xf, 0xb8, 0x0, 0xcc,
    0xa0, 0xb5, 0x60, 0x1b, 0x31, 0x60, 0x26, 0x1,
    0xdb, 0xac, 0x5, 0xb9, 0x0, 0xc8, 0x85, 0x6,
    0xdc, 0x0, 0xd3, 0x30, 0x3f, 0x68, 0x2, 0x3f,
    0x2a, 0xad, 0x47, 0x84, 0x0, 0x55, 0x7d, 0x8,
    0x0, 0xbb, 0xf5, 0x0, 0x6b, 0xbf, 0x50, 0x7,
    0xaa, 0xef, 0x94, 0x3, 0x55, 0xdf, 0x80,

    /* U+BCF4 "보" */
    0x0, 0x9, 0x0, 0x71, 0x8, 0x6, 0x6d, 0x20,
    0x8, 0xb5, 0x80, 0x3c, 0x8a, 0xb2, 0x0, 0x7e,
    0x9a, 0xaa, 0x40, 0x3f, 0x6f, 0xfd, 0xa0, 0x1f,
    0x95, 0x9a, 0x50, 0xf, 0xd1, 0x33, 0x40, 0x8,
    0x6, 0x7f, 0xf5, 0x5, 0xff, 0x98, 0x3, 0xff,
    0x86, 0x5f, 0xfa, 0x82, 0xff, 0xf1, 0x1c, 0xcf,
    0xfc, 0x60,

    /* U+BD80 "부" */
    0x0, 0x3f, 0x88, 0x4, 0x3e, 0xe0, 0x1e, 0x75,
    0x59, 0xc0, 0x3f, 0x4d, 0x55, 0x20, 0x1f, 0xbb,
    0xfe, 0xe0, 0xf, 0xdd, 0xff, 0x70, 0x7, 0x96,
    0x67, 0xe5, 0x0, 0xa, 0xb9, 0x9f, 0xce, 0xa2,
    0x75, 0x5f, 0xf1, 0x97, 0xfe, 0xa0, 0xbf, 0xfc,
    0x40, 0x1f, 0xfd, 0xb0,

    /* U+BD84 "분" */
    0x0, 0x3f, 0x88, 0x4, 0x3e, 0xe0, 0x1e, 0xdc,
    0xcb, 0x40, 0x3f, 0x32, 0xac, 0xc0, 0x1f, 0xb7,
    0xfe, 0xd0, 0xf, 0xd1, 0x33, 0x40, 0x7, 0x9f,
    0xff, 0xe7, 0x0, 0x1f, 0xff, 0xfc, 0x66, 0xbb,
    0xce, 0xf, 0x77, 0x8c, 0x10, 0x79, 0x34, 0x31,
    0x13, 0x0, 0x5a, 0xa2, 0xca, 0xe0, 0x1f, 0xce,
    0xde, 0xca, 0xa3, 0x0, 0xf4, 0xd5, 0x74, 0x80,
    0x0,

    /* U+BD88 "불" */
    0x0, 0x3f, 0x90, 0x4, 0x3e, 0xe0, 0x1e, 0xdf,
    0xfb, 0x80, 0x3f, 0x56, 0x65, 0x60, 0x1f, 0xab,
    0x32, 0xb0, 0xe, 0x15, 0xbb, 0xf9, 0x44, 0xf,
    0xb6, 0xef, 0xed, 0xe3, 0x36, 0xee, 0x90, 0x9d,
    0xdc, 0x60, 0x4b, 0xba, 0x90, 0x9d, 0xd2, 0x10,
    0x4, 0xb5, 0x5d, 0x20, 0x1e, 0x5a, 0xae, 0x90,
    0xf, 0xd3, 0x77, 0xca, 0x1, 0xe9, 0xbb, 0xe8,
    0x0, 0x0,

    /* U+BE44 "비" */
    0x7f, 0x10, 0x1f, 0x80, 0x7f, 0x10, 0xf, 0xfe,
    0x63, 0xb3, 0x0, 0x3f, 0x4c, 0xa0, 0x3, 0xf7,
    0x7f, 0x0, 0x7f, 0xf1, 0xdd, 0x98, 0x1, 0xfa,
    0x65, 0x1, 0xe0, 0x19, 0xff, 0xf9, 0xc0, 0x3f,
    0xf9, 0xc0,

    /* U+C0AC "사" */
    0x0, 0x87, 0xe0, 0x2, 0xae, 0x0, 0xff, 0xe9,
    0x90, 0x10, 0x7, 0xf9, 0x41, 0xc0, 0x30, 0xb2,
    0x80, 0x56, 0x4, 0xa0, 0x1a, 0x64, 0x0, 0x82,
    0x71, 0xb1, 0x0, 0xf, 0xe0, 0x3b, 0x92, 0x28,
    0x7c, 0xc0, 0x30, 0xd2, 0x58, 0x25, 0x98, 0x80,
    0x61, 0xdb, 0x0, 0x93, 0x48, 0x3, 0xff, 0xa4,

    /* U+C0B0 "산" */
    0x0, 0x97, 0xd0, 0x2, 0xea, 0x0, 0xff, 0xe3,
    0x10, 0x10, 0x7, 0xfa, 0xc3, 0x40, 0x33, 0x30,
    0xc0, 0xa, 0x66, 0x47, 0x0, 0x8e, 0x6c, 0x16,
    0x8f, 0x16, 0x28, 0x41, 0x7e, 0xa, 0x8b, 0x42,
    0xa0, 0x4, 0x3, 0x16, 0x60, 0x40, 0xf, 0x40,
    0x1e, 0x31, 0xf9, 0x0, 0xc4, 0x40, 0xf, 0xfb,
    0x20, 0x3, 0xc4, 0xab, 0xe0, 0xf, 0x25, 0x57,
    0x80, 0x0,

    /* U+C0C1 "상" */
    0x0, 0x93, 0xd0, 0x2, 0xea, 0x0, 0xf8, 0x40,
    0x3f, 0xc6, 0x4, 0x1, 0x84, 0x40, 0x1a, 0x82,
    0x40, 0x32, 0x74, 0x0, 0x24, 0x98, 0x70, 0x80,
    0x9, 0x92, 0x36, 0xcf, 0x34, 0x7a, 0x20, 0x26,
    0x23, 0x44, 0x1, 0x76, 0xc4, 0x3, 0xa9, 0xc5,
    0xef, 0xe2, 0xa6, 0xc0, 0x3b, 0x20, 0xa9, 0x6,
    0x18, 0x3, 0x19, 0x3c, 0xbc, 0x59, 0x50, 0x6,
    0x31, 0x67, 0x56, 0x92, 0x40, 0xe, 0xc7, 0xaa,
    0x42, 0xc4, 0x80, 0x0,

    /* U+C0C9 "색" */
    0x0, 0xad, 0xc0, 0x1d, 0x51, 0xe2, 0x1, 0x2f,
    0x0, 0x7f, 0x84, 0x80, 0x3f, 0x94, 0x10, 0x40,
    0xa, 0xe0, 0x1a, 0x4, 0x2c, 0x0, 0x6a, 0x0,
    0x2c, 0x2a, 0xa2, 0xd0, 0x31, 0x0, 0xc, 0x29,
    0x16, 0xe5, 0x48, 0x2, 0x1c, 0x55, 0x31, 0x2e,
    0xf7, 0x20, 0x40, 0x29, 0x9f, 0xa0, 0x40, 0x2c,
    0xff, 0xe7, 0x0, 0xff, 0xe7, 0x0,

    /* U+C0DD "생" */
    0x0, 0xb3, 0x0, 0xa, 0xe2, 0xf7, 0x0, 0xff,
    0xe1, 0x91, 0x0, 0x3f, 0x90, 0x44, 0xa0, 0x1,
    0xd0, 0x8, 0x64, 0x4a, 0xc8, 0x1, 0x0, 0x1,
    0xc2, 0xac, 0x3c, 0x11, 0x28, 0x0, 0x6a, 0xd0,
    0x73, 0x71, 0x0, 0x33, 0xa0, 0x1c, 0x7d, 0xd,
    0xc2, 0x80, 0x4d, 0x8a, 0x94, 0x4f, 0x0, 0x1a,
    0x87, 0x21, 0xe7, 0x41, 0x40, 0x24, 0x1a, 0x55,
    0x37, 0x82, 0x0, 0x51, 0x2d, 0x75, 0xd, 0x86,

    /* U+C11C "서" */
    0x0, 0x87, 0xe0, 0x2, 0x1f, 0x80, 0xf, 0xfe,
    0x79, 0x1, 0x2, 0x33, 0x80, 0x72, 0x3, 0x87,
    0xcc, 0x80, 0x3a, 0x80, 0x96, 0xff, 0x80, 0x34,
    0x14, 0xd, 0x88, 0x7, 0x3b, 0x91, 0xf4, 0x7c,
    0xc0, 0x21, 0xa5, 0xb0, 0x3c, 0x22, 0x0, 0x43,
    0xb4, 0x1, 0x1e, 0x8, 0x7, 0xff, 0x3c,

    /* U+C124 "설" */
    0x0, 0x97, 0xcc, 0x2, 0x1f, 0x70, 0xe, 0x70,
    0x23, 0x50, 0xe, 0xc0, 0xd0, 0x8c, 0xb0, 0xc,
    0x6c, 0x2c, 0xb5, 0xda, 0x1, 0x26, 0x97, 0xa5,
    0x48, 0x18, 0x0, 0x68, 0xb0, 0x6e, 0x8, 0x40,
    0x21, 0xcc, 0x12, 0xa8, 0xb9, 0x51, 0xd0, 0x8,
    0x2a, 0xbe, 0x74, 0x0, 0xae, 0xfd, 0x40, 0x1d,
    0x17, 0x7d, 0x40, 0x1f, 0x55, 0x79, 0x0, 0x3a,
    0xab, 0xe0,

    /* U+C131 "성" */
    0x0, 0x97, 0xd0, 0x2, 0x1f, 0x70, 0xf, 0xfe,
    0x19, 0x1, 0x85, 0x7f, 0x0, 0x75, 0x4, 0x87,
    0x4c, 0x0, 0x69, 0x28, 0x1d, 0x66, 0x80, 0x3,
    0x6d, 0xf, 0x67, 0xa6, 0x1, 0x8, 0xa1, 0xc1,
    0x3e, 0x8c, 0x3, 0x53, 0x82, 0x5f, 0xd7, 0x55,
    0xb8, 0x4, 0x96, 0xf1, 0x50, 0x16, 0xa0, 0x16,
    0x86, 0xb2, 0xb5, 0x87, 0x80, 0x5a, 0x1a, 0xca,
    0xd6, 0x1e, 0x1, 0x25, 0xbc, 0x54, 0x5, 0x28,

    /* U+C138 "세" */
    0x0, 0xba, 0x40, 0x15, 0xe5, 0xec, 0x1, 0xff,
    0xcf, 0x10, 0x14, 0x10, 0xf, 0xc4, 0xf6, 0x80,
    0x1e, 0x40, 0x47, 0xe5, 0x0, 0xf7, 0x80, 0x18,
    0x40, 0x3c, 0xc9, 0x9, 0x6, 0x1, 0xc9, 0x28,
    0xf4, 0x54, 0x1, 0xc9, 0x36, 0x3, 0x92, 0x1,
    0xe6, 0x0, 0x84, 0x3, 0xff, 0x8c,

    /* U+C13C "센" */
    0x0, 0xba, 0x40, 0x13, 0xe9, 0xe8, 0x1, 0xff,
    0xc3, 0x12, 0x15, 0x20, 0xf, 0x18, 0x2a, 0xa9,
    0x0, 0x3d, 0x20, 0x27, 0xec, 0x1, 0xcc, 0xac,
    0xb0, 0xc0, 0x1c, 0x72, 0x73, 0x49, 0x80, 0x1c,
    0x75, 0x84, 0x4b, 0xa0, 0xf, 0x28, 0x4e, 0x0,
    0x23, 0x5c, 0x9c, 0x3, 0xe1, 0x23, 0xd3, 0x0,
    0xc2, 0xab, 0xe2, 0x0, 0xea, 0xaf, 0x20,

    /* U+C18C "소" */
    0x0, 0xe5, 0xf5, 0x0, 0xff, 0x18, 0x18, 0x7,
    0xfa, 0x82, 0x80, 0x3f, 0xa4, 0xd8, 0xe8, 0x3,
    0xc9, 0x8d, 0x13, 0x25, 0xd5, 0x0, 0xa2, 0xca,
    0xdc, 0x1b, 0x6, 0xa0, 0x1, 0x15, 0xc8, 0x78,
    0x66, 0xcc, 0x40, 0x4, 0xa0, 0x6, 0x37, 0x0,
    0x18, 0x7, 0xff, 0xc, 0xbf, 0xf5, 0x5, 0xff,
    0xe2, 0x3a, 0xaf, 0xf8, 0xc0,

    /* U+C18D "속" */
    0x0, 0xe4, 0xf4, 0x0, 0xff, 0x78, 0x70, 0x7,
    0xe5, 0xd4, 0x75, 0xc5, 0x0, 0xcd, 0xf4, 0xfb,
    0x1a, 0xd5, 0xee, 0x0, 0x6b, 0xea, 0x6f, 0x6a,
    0xea, 0x70, 0x18, 0xc9, 0x8e, 0xe, 0x89, 0xd8,
    0x13, 0x55, 0xce, 0x4e, 0xab, 0x8c, 0xb7, 0xfb,
    0xbe, 0xcd, 0x20, 0x4, 0x66, 0x7d, 0x20, 0x1a,
    0xf7, 0x7b, 0x0, 0x3c, 0x24, 0x5e, 0x0, 0xff,
    0xe2, 0x80,

    /* U+C1A1 "송" */
    0x0, 0xe5, 0xf4, 0x0, 0xff, 0x70, 0x78, 0x7,
    0xc2, 0xda, 0x90, 0xba, 0xc2, 0x1, 0x3f, 0x4b,
    0xea, 0xe2, 0x4f, 0x38, 0x1, 0xef, 0xe9, 0xf5,
    0xa7, 0xed, 0xc0, 0x63, 0x22, 0x1e, 0x1d, 0x10,
    0xc8, 0x13, 0x55, 0xce, 0x4e, 0xab, 0x8c, 0xb7,
    0x6e, 0x8b, 0x8e, 0xdd, 0x88, 0x0, 0x5b, 0x97,
    0x76, 0x69, 0x0, 0x6b, 0x2c, 0xed, 0xec, 0x2b,
    0x0, 0xdc, 0x12, 0xa8, 0xb2, 0x1c, 0x1, 0x9e,
    0x5a, 0xee, 0x69, 0x70, 0x0,

    /* U+C1C4 "쇄" */
    0x0, 0xfa, 0x7c, 0xbd, 0xc0, 0x2e, 0x90, 0xf,
    0xf0, 0x90, 0x7, 0xf3, 0x82, 0x20, 0x3, 0xe7,
    0x87, 0x4b, 0x80, 0xe, 0x19, 0x68, 0xb6, 0x0,
    0xb4, 0x0, 0x3d, 0x35, 0x13, 0x0, 0x9, 0x0,
    0xe7, 0x20, 0xc, 0x80, 0x2, 0x44, 0x1b, 0x31,
    0xc0, 0x39, 0x2e, 0xc2, 0x51, 0x46, 0x1, 0x9b,
    0xfe, 0xee, 0x69, 0x80, 0x7f, 0xf1, 0x0,

    /* U+C218 "수" */
    0x0, 0xe5, 0xf4, 0x0, 0xff, 0x60, 0x60, 0x7,
    0xf4, 0x31, 0xbb, 0x80, 0x39, 0x27, 0x9e, 0x72,
    0x63, 0x60, 0xc0, 0xc, 0xad, 0xcc, 0xd, 0xd4,
    0x80, 0x11, 0x64, 0x8, 0x4, 0x2f, 0x86, 0x5,
    0xff, 0xff, 0x11, 0xcc, 0xe6, 0x7, 0x99, 0xc6,
    0x2c, 0xdb, 0x3, 0x19, 0xb0, 0x80, 0x7f, 0xf6,
    0xc0,

    /* U+C2A4 "스" */
    0x0, 0xe5, 0xf5, 0x0, 0xff, 0x18, 0x18, 0x7,
    0xfa, 0xc2, 0xc0, 0x3f, 0xa8, 0x9c, 0xac, 0x3,
    0x85, 0xb5, 0x6a, 0x29, 0x35, 0x84, 0x1, 0x32,
    0x1c, 0x50, 0x5d, 0x69, 0x60, 0x4, 0x66, 0xc,
    0x2, 0x2b, 0xe7, 0x0, 0x8c, 0x3, 0xe1, 0x0,
    0xff, 0xe1, 0x97, 0xff, 0xfc, 0x44, 0xaa, 0xff,
    0x88,

    /* U+C2AC "슬" */
    0x0, 0xe5, 0xf4, 0x0, 0xfe, 0x19, 0x8, 0x10,
    0xe, 0x14, 0x8f, 0x1b, 0x1f, 0x83, 0x10, 0x2,
    0x5a, 0x46, 0xa6, 0xc2, 0x63, 0x80, 0x6, 0xa0,
    0x91, 0x22, 0x8a, 0x20, 0x3b, 0xab, 0xbf, 0xaa,
    0xcc, 0xdf, 0xb9, 0x9f, 0x6f, 0x98, 0x2, 0xb3,
    0x3e, 0xa0, 0xd, 0x55, 0xe9, 0x0, 0xf5, 0x57,
    0xa4, 0x3c, 0x3, 0xd5, 0x77, 0xc8, 0x1, 0xea,
    0xbb, 0xef, 0x0, 0x0,

    /* U+C2B5 "습" */
    0x0, 0xe5, 0xf4, 0x0, 0xff, 0x48, 0x40, 0x80,
    0x78, 0xdf, 0x8a, 0x87, 0xdc, 0x80, 0x26, 0xc9,
    0x6e, 0x5d, 0x99, 0x6b, 0x80, 0x1b, 0x7a, 0x0,
    0x27, 0xed, 0x70, 0x2f, 0xdf, 0xff, 0xb7, 0xc8,
    0xe6, 0x7f, 0xe3, 0x16, 0x2f, 0x66, 0xef, 0x26,
    0x10, 0x6, 0x33, 0x7d, 0x80, 0x1e, 0x99, 0xe0,
    0xf, 0xd5, 0x5c, 0x1, 0xfa, 0xab, 0x80, 0x30,

    /* U+C2B9 "승" */
    0x0, 0xe5, 0xf4, 0x0, 0xff, 0x70, 0x78, 0x7,
    0xe4, 0xc4, 0x74, 0xc4, 0x0, 0xcd, 0xf6, 0x1b,
    0x1a, 0xf7, 0xec, 0x0, 0x69, 0xdc, 0x20, 0x2b,
    0xd9, 0x70, 0x19, 0xfb, 0x99, 0xeb, 0xf8, 0x13,
    0x55, 0xff, 0x8c, 0xb3, 0x2f, 0x9a, 0x9f, 0xcc,
    0x88, 0x0, 0x5b, 0x97, 0x76, 0x69, 0x0, 0x6b,
    0x2c, 0xed, 0xec, 0x2b, 0x0, 0xdc, 0x12, 0xa8,
    0xb2, 0x1c, 0x1, 0x9e, 0x5a, 0xee, 0x69, 0x70,
    0x0,

    /* U+C2DC "시" */
    0x0, 0x87, 0xe0, 0x2, 0x8f, 0x10, 0xf, 0xfe,
    0x79, 0x1, 0x0, 0x7f, 0x58, 0x20, 0x7, 0xe1,
    0x61, 0x13, 0x80, 0x7d, 0x43, 0x8b, 0x8, 0x1,
    0x86, 0xd2, 0xa, 0xce, 0xd4, 0x2, 0x11, 0x43,
    0x80, 0xe4, 0x28, 0x6, 0xa7, 0x0, 0xce, 0x1,
    0xff, 0xd0,

    /* U+C2DD "식" */
    0x0, 0x87, 0xe0, 0x2, 0x7f, 0x10, 0xf, 0xfe,
    0x19, 0x1, 0x0, 0x7f, 0x50, 0x29, 0x0, 0x7c,
    0x8c, 0xa3, 0xe4, 0x1, 0xcf, 0x67, 0x5a, 0x7a,
    0x80, 0x1b, 0x93, 0x40, 0xfe, 0x50, 0x3, 0x4d,
    0xbb, 0x31, 0xc1, 0x86, 0x4, 0x0, 0x33, 0x3f,
    0x40, 0x80, 0x7, 0xff, 0xce, 0x1, 0xff, 0xce,

    /* U+C2E0 "신" */
    0x0, 0xdf, 0x0, 0x13, 0xf8, 0x80, 0x7f, 0xf0,
    0xc8, 0x8, 0x3, 0xf9, 0x1, 0x0, 0x3f, 0xac,
    0x45, 0x20, 0x1e, 0x1b, 0x2d, 0x86, 0xa1, 0x0,
    0xda, 0x92, 0x6f, 0x8, 0x1, 0xdd, 0x4e, 0x40,
    0xfc, 0x20, 0x18, 0x96, 0xf0, 0x3, 0x11, 0x88,
    0x7, 0xf2, 0xe0, 0x7, 0xa, 0xaf, 0x84, 0x3,
    0xaa, 0xbc, 0x80,

    /* U+C2E4 "실" */
    0x0, 0x97, 0xcc, 0x2, 0x9f, 0x0, 0xf3, 0x80,
    0x7f, 0x60, 0x68, 0x7, 0xe3, 0x61, 0x64, 0x0,
    0xf2, 0xe9, 0x7a, 0x5c, 0x80, 0x61, 0xb3, 0xc1,
    0xb7, 0x0, 0xe1, 0xcd, 0x45, 0x56, 0xe2, 0xf3,
    0x80, 0x8, 0x2e, 0xab, 0xa1, 0xc0, 0x36, 0xdd,
    0xf2, 0x0, 0x76, 0xdd, 0xf2, 0x0, 0x78, 0xea,
    0xbc, 0x20, 0x18, 0xea, 0xbc, 0xa0,

    /* U+C2EC "심" */
    0x0, 0x97, 0xd0, 0x2, 0x9f, 0x0, 0xff, 0xe1,
    0x68, 0x18, 0x7, 0xe6, 0x9, 0x0, 0xfa, 0x86,
    0x7, 0x8, 0x2, 0x1c, 0x58, 0x7b, 0x2c, 0x10,
    0x0, 0xb4, 0xb8, 0x27, 0xe8, 0x8c, 0x14, 0xcc,
    0x77, 0x32, 0x3f, 0xc0, 0x5, 0x10, 0x99, 0xd1,
    0x20, 0x19, 0x7b, 0xb3, 0x0, 0x73, 0x2a, 0xe2,
    0x0, 0xe3, 0xaa, 0xc8, 0x0,

    /* U+C544 "아" */
    0x4, 0xdf, 0xc2, 0x0, 0x75, 0x0, 0xa, 0xc6,
    0xb, 0xc0, 0x3d, 0x41, 0xaf, 0x64, 0xa0, 0x1c,
    0x84, 0x20, 0xa1, 0xa0, 0x1c, 0x2c, 0x1, 0x84,
    0x0, 0xcc, 0x31, 0x70, 0xc, 0x20, 0x3, 0x9b,
    0x53, 0x0, 0x20, 0x68, 0x1, 0x7e, 0x28, 0x29,
    0x24, 0x54, 0x3, 0x8e, 0x56, 0xce, 0x80, 0x3e,
    0x6f, 0xde, 0x40, 0xf, 0xe2, 0x0, 0xff, 0xe4,
    0x0,

    /* U+C548 "안" */
    0x6, 0xdf, 0xc3, 0x0, 0x75, 0x0, 0x1a, 0x52,
    0x83, 0x4, 0x3, 0xac, 0xe5, 0x74, 0x18, 0x3,
    0x89, 0x40, 0x2, 0x1c, 0x0, 0x79, 0x53, 0x50,
    0x1, 0x7, 0x0, 0x9, 0xca, 0xe, 0xdf, 0xc5,
    0x80, 0xb, 0xce, 0x96, 0x16, 0x9e, 0x20, 0x1e,
    0x49, 0xd9, 0x10, 0xf, 0xdb, 0x0, 0x18, 0x88,
    0x1, 0xfe, 0xc8, 0x0, 0xe2, 0x55, 0xf0, 0x7,
    0x25, 0x57, 0x80, 0x0,

    /* U+C54A "않" */
    0x8, 0xef, 0xb2, 0x1, 0xf8, 0x0, 0x43, 0xb4,
    0xaf, 0x80, 0x79, 0x92, 0x1a, 0xc8, 0xc0, 0x9,
    0x4, 0x1, 0xe7, 0x0, 0x1b, 0x3b, 0x91, 0xd6,
    0x9, 0x0, 0xf, 0xcb, 0x2d, 0x14, 0x3e, 0x24,
    0x7c, 0x1, 0x5f, 0xfb, 0xa, 0x33, 0xc, 0x0,
    0x5d, 0x20, 0xef, 0x60, 0xff, 0x30, 0x7, 0x55,
    0x1d, 0xd3, 0x6e, 0x1, 0xcd, 0x6e, 0xd2, 0x62,
    0x1, 0x2b, 0x28, 0xce, 0x15, 0x80, 0x4, 0x22,
    0x6, 0xb1, 0xa1, 0x0, 0x0,

    /* U+C54C "알" */
    0x8, 0xef, 0xc4, 0x0, 0x75, 0x0, 0x21, 0xe6,
    0xc2, 0xc8, 0x3, 0x99, 0x1d, 0x38, 0x14, 0x0,
    0x96, 0xa6, 0x1, 0xc2, 0x1, 0x8e, 0x92, 0x9f,
    0xc5, 0xc0, 0x9, 0x6c, 0xf2, 0x34, 0xf8, 0x20,
    0x1e, 0x6c, 0xad, 0x57, 0x74, 0xf8, 0x6, 0x99,
    0xf4, 0x78, 0x6, 0xbb, 0xf0, 0x7, 0xaa, 0xbc,
    0x1, 0xf2, 0x55, 0x77, 0x80, 0x72, 0x55, 0x78,
    0x0,

    /* U+C558 "았" */
    0x5, 0xdf, 0xd4, 0x0, 0x75, 0x0, 0x12, 0x9e,
    0x9a, 0xcc, 0x3, 0xb8, 0x69, 0x6c, 0x28, 0x0,
    0x28, 0x42, 0x60, 0x10, 0x98, 0x1, 0x2e, 0xb0,
    0x94, 0x14, 0x70, 0x0, 0x9b, 0x2e, 0x95, 0xf4,
    0xac, 0x0, 0x12, 0x10, 0xbc, 0xac, 0xa0, 0x2,
    0x90, 0x7, 0x70, 0x80, 0x20, 0xe0, 0x3, 0x32,
    0x20, 0x0, 0xca, 0x1, 0xdc, 0x10, 0x66, 0x12,
    0x40, 0xa, 0x52, 0x49, 0x34, 0x8e, 0x90, 0x15,
    0xa5, 0xb2, 0x8f, 0xf4, 0xa0, 0x17, 0x98, 0x1,
    0x9a, 0x43, 0x98, 0x0,

    /* U+C57D "약" */
    0x7, 0xdf, 0xb2, 0x0, 0x75, 0x0, 0x1e, 0x16,
    0x9b, 0x4, 0x0, 0xcc, 0x3a, 0x48, 0x5e, 0x17,
    0x0, 0x1c, 0xd9, 0x8, 0x0, 0x80, 0x40, 0xb,
    0xf0, 0x8a, 0x41, 0x0, 0x80, 0x4, 0xc6, 0xa2,
    0xdf, 0x68, 0x30, 0x1, 0xa1, 0xe, 0xdd, 0x6b,
    0x80, 0x4f, 0x8, 0x4, 0x43, 0x46, 0x6a, 0x78,
    0x2, 0x79, 0x9f, 0x47, 0x0, 0x4b, 0xff, 0xe1,
    0x0, 0xff, 0xe7, 0x80,

    /* U+C591 "양" */
    0x7, 0xdf, 0xb2, 0x0, 0x75, 0x0, 0x1e, 0x16,
    0x9b, 0x4, 0x0, 0xee, 0x39, 0x48, 0x5e, 0x17,
    0x0, 0x14, 0xa0, 0x8, 0x0, 0x40, 0x40, 0xb,
    0xce, 0x8a, 0xa2, 0x90, 0x40, 0x2, 0xfc, 0x59,
    0x56, 0xa4, 0x18, 0x0, 0xea, 0xc7, 0x72, 0xf9,
    0xc0, 0x26, 0x53, 0x0, 0x11, 0xd6, 0xe5, 0x4d,
    0x80, 0x6c, 0x82, 0xa4, 0x18, 0x60, 0x8, 0xca,
    0x25, 0xe2, 0xca, 0x80, 0x22, 0x19, 0x75, 0x69,
    0x24, 0x0, 0x87, 0x1e, 0x6a, 0x16, 0x24, 0x0,

    /* U+C5B4 "어" */
    0x3, 0xcf, 0xc3, 0x0, 0xf, 0xc0, 0xe0, 0xc0,
    0xe8, 0x7, 0x30, 0x7b, 0xf8, 0xb8, 0x6, 0xd2,
    0x20, 0x11, 0x34, 0x3, 0x30, 0x80, 0x42, 0xbf,
    0xc0, 0x7, 0x10, 0x8, 0x4a, 0x64, 0x0, 0x32,
    0x10, 0x12, 0x56, 0x70, 0x4, 0x85, 0x25, 0x5,
    0x0, 0x61, 0xa4, 0xb4, 0xa2, 0x0, 0xe5, 0xfd,
    0xf5, 0x0, 0xfc, 0x40, 0x1f, 0xfc, 0x60,

    /* U+C5B8 "언" */
    0x4, 0xcf, 0xd5, 0x0, 0xf, 0xb9, 0xd8, 0x4b,
    0xd2, 0x80, 0x6a, 0xc, 0x6a, 0x39, 0x13, 0x0,
    0x11, 0x0, 0x25, 0x3e, 0xd0, 0x1, 0x10, 0x40,
    0x8, 0x57, 0x60, 0x5, 0x86, 0x46, 0x14, 0x22,
    0x80, 0xb, 0x5d, 0x5e, 0x94, 0x3, 0x8a, 0xb6,
    0xd4, 0x3, 0xe9, 0xf1, 0x0, 0x85, 0x8, 0x3,
    0xfa, 0xd4, 0x3, 0x3a, 0xaf, 0x18, 0x6, 0x9a,
    0xae, 0x80,

    /* U+C5C5 "업" */
    0x5, 0xdf, 0xd5, 0x0, 0xf, 0xba, 0x53, 0xd3,
    0xd2, 0x0, 0x6f, 0x1a, 0x5a, 0x28, 0x66, 0x0,
    0x46, 0x1, 0x9, 0xcc, 0x0, 0x34, 0x9c, 0x9c,
    0xdf, 0xf8, 0x0, 0xcf, 0x1b, 0xd, 0x0, 0x1d,
    0x1f, 0xbf, 0x20, 0x1, 0x63, 0x0, 0x46, 0x0,
    0x61, 0x72, 0x0, 0x8, 0xbf, 0xf7, 0x8, 0x80,
    0x34, 0xcf, 0x0, 0x78, 0xc8, 0xa3, 0x0, 0xf5,
    0x5d, 0xd4, 0x0,

    /* U+C5C6 "없" */
    0x5, 0xdf, 0xc3, 0x0, 0x2f, 0xa0, 0x2d, 0x3d,
    0x3e, 0x88, 0x7, 0x70, 0xd2, 0xd8, 0xdb, 0x60,
    0x6, 0x30, 0xc, 0xb2, 0xc0, 0x16, 0x93, 0x94,
    0x85, 0xfd, 0x0, 0x4c, 0xf1, 0xad, 0x8, 0x1,
    0xe9, 0xed, 0xd3, 0x80, 0x1a, 0x14, 0x7, 0x94,
    0xb2, 0x0, 0x70, 0x44, 0x1, 0x5f, 0x88, 0x0,
    0xc0, 0x40, 0x34, 0x60, 0x5, 0x41, 0x60, 0x18,
    0x46, 0x6, 0x77, 0x1c, 0x0, 0x53, 0xa2, 0x50,
    0xf1, 0x2e, 0x63, 0xff, 0xab, 0xa0, 0x1b, 0x8c,

    /* U+C5C8 "었" */
    0x5, 0xdf, 0xd5, 0x0, 0x2f, 0xa0, 0x25, 0x34,
    0xb5, 0x20, 0x7, 0x70, 0xdb, 0x58, 0xc3, 0x60,
    0x4, 0xc6, 0x1, 0x19, 0xa5, 0x80, 0x24, 0x24,
    0x4, 0x27, 0xfa, 0x0, 0xa0, 0xef, 0xac, 0xe0,
    0x3, 0xd9, 0x71, 0x78, 0x1, 0x9c, 0x2, 0x6f,
    0x60, 0x3, 0x97, 0x98, 0x4, 0x8c, 0x80, 0xa,
    0x90, 0xe, 0xa0, 0x83, 0x31, 0xa, 0x0, 0x52,
    0x72, 0x49, 0xa4, 0x76, 0xa0, 0xad, 0x2d, 0x94,
    0x7f, 0xa7, 0x20, 0xbc, 0xc0, 0xc, 0xd2, 0x1c,
    0xc0, 0x0,

    /* U+C5D0 "에" */
    0x0, 0x57, 0xe9, 0x3, 0x79, 0x7b, 0x84, 0x2c,
    0x7, 0x0, 0x7c, 0xaa, 0x78, 0x32, 0x0, 0xf1,
    0x68, 0x38, 0x38, 0x7, 0x8, 0x4, 0x61, 0x52,
    0x1, 0x84, 0x3, 0x95, 0x40, 0x1c, 0x3a, 0xa,
    0x1d, 0x80, 0x1c, 0xea, 0x9e, 0x28, 0x1, 0xe8,
    0x2b, 0x4b, 0x0, 0xf8, 0x77, 0x5e, 0xa0, 0x1f,
    0xc4, 0x1, 0xff, 0xc8,

    /* U+C5ED "역" */
    0x4, 0xcf, 0xc3, 0x0, 0xf, 0xb9, 0xdb, 0xcb,
    0xeb, 0x31, 0xc0, 0x12, 0x36, 0xd6, 0x13, 0x10,
    0x0, 0x9, 0x80, 0x46, 0x9d, 0xe0, 0x2, 0x21,
    0x81, 0x92, 0x7f, 0x0, 0x20, 0x73, 0x70, 0xaa,
    0xa0, 0x0, 0xfb, 0xbd, 0x8a, 0xa4, 0x0, 0x86,
    0xf3, 0x9d, 0x98, 0xf2, 0x80, 0x9, 0x9f, 0xd6,
    0x0, 0xaf, 0xfe, 0xe0, 0xf, 0xfe, 0x60,

    /* U+C5F0 "연" */
    0x4, 0xcf, 0xc3, 0x0, 0xf, 0xb9, 0xdb, 0xcb,
    0xe2, 0xa9, 0xc0, 0x12, 0x36, 0xd6, 0x35, 0x49,
    0x0, 0x31, 0x0, 0x44, 0x7f, 0xc0, 0x6, 0x20,
    0x8, 0x85, 0x9c, 0x1, 0x23, 0x4b, 0x42, 0x17,
    0x60, 0x1, 0xd3, 0xd2, 0x4e, 0xeb, 0x0, 0x25,
    0xde, 0xe3, 0x0, 0x7d, 0x3c, 0x1, 0xc4, 0x20,
    0x1f, 0x87, 0x58, 0x3, 0x2a, 0xf8, 0x80, 0x35,
    0x57, 0xc0,

    /* U+C5F4 "열" */
    0x5, 0xdf, 0xd6, 0x0, 0xf, 0xc2, 0x53, 0xd3,
    0x4f, 0xfb, 0x80, 0x1e, 0x54, 0xb6, 0x9, 0x74,
    0x1, 0xf9, 0xc4, 0xc0, 0x1a, 0x4c, 0x50, 0x7,
    0x52, 0x0, 0x66, 0x4e, 0xbb, 0xbf, 0xdc, 0x1,
    0x4d, 0xbc, 0xea, 0xa9, 0x1b, 0x0, 0x1c, 0xf3,
    0x55, 0x9b, 0x0, 0x11, 0x77, 0xd4, 0x1, 0xa2,
    0xef, 0xa8, 0x3c, 0x3, 0x55, 0x79, 0x0, 0x35,
    0x57, 0xc0,

    /* U+C5FD "엽" */
    0x5, 0xdf, 0xd5, 0x0, 0xf, 0xba, 0x53, 0xd3,
    0x57, 0xfb, 0x80, 0x1c, 0x34, 0xb6, 0x7, 0x54,
    0x0, 0x9, 0x80, 0x67, 0x61, 0x0, 0x69, 0x30,
    0xc0, 0x26, 0x58, 0x1, 0x9e, 0x79, 0xdd, 0xba,
    0xc0, 0xa, 0x3f, 0x3a, 0x8, 0x86, 0xa4, 0x0,
    0x88, 0x8, 0x6, 0x63, 0x0, 0x12, 0x7f, 0xf1,
    0xf0, 0x6, 0xaa, 0xd2, 0x1, 0xc2, 0x1, 0x8c,
    0x3, 0x86, 0xab, 0x80, 0x0,

    /* U+C601 "영" */
    0x5, 0xdf, 0xd5, 0x0, 0x47, 0x8a, 0x53, 0xd3,
    0x57, 0x71, 0xc0, 0x1c, 0x34, 0xb6, 0x27, 0x8,
    0x0, 0x63, 0x0, 0x8d, 0x98, 0x60, 0x4, 0x25,
    0x6, 0x24, 0xf7, 0x0, 0x49, 0x57, 0xca, 0x55,
    0x14, 0x0, 0x3b, 0x51, 0x56, 0xaa, 0x20, 0xc,
    0xa7, 0xdc, 0xfe, 0x2c, 0x10, 0x2, 0x5b, 0xc5,
    0x4a, 0x68, 0x80, 0x34, 0x35, 0x95, 0xe0, 0x54,
    0x1, 0xa1, 0xac, 0xaf, 0x2, 0xa0, 0x4, 0xb7,
    0x8a, 0x97, 0xc1,

    /* U+C608 "예" */
    0x0, 0x4f, 0xe9, 0x83, 0xfa, 0x7b, 0x3, 0x31,
    0xc7, 0x40, 0x3e, 0xa3, 0x8f, 0x1f, 0x80, 0xe,
    0x35, 0x3, 0x4, 0x50, 0xf, 0x8, 0x4, 0x5a,
    0x1, 0xe1, 0x0, 0xff, 0x11, 0x0, 0x81, 0xe4,
    0x3, 0x95, 0x11, 0x60, 0xe4, 0x1, 0xd2, 0x56,
    0xcf, 0x36, 0x1, 0xc3, 0xb9, 0xb0, 0x1, 0xfc,
    0x64, 0x1, 0xff, 0xc7,

    /* U+C624 "오" */
    0x0, 0x86, 0x77, 0xf6, 0x44, 0x3, 0x8b, 0xde,
    0xaa, 0x7f, 0x10, 0xd, 0x63, 0x8e, 0xaf, 0xa3,
    0x20, 0x18, 0x80, 0x80, 0x23, 0x2, 0x0, 0xc6,
    0x6, 0x1, 0x18, 0x10, 0x6, 0x91, 0xd8, 0x68,
    0xc1, 0x90, 0xc, 0x3e, 0xcb, 0x2a, 0xfe, 0x20,
    0x1c, 0x31, 0x0, 0x98, 0x10, 0xf, 0xfe, 0x21,
    0x7f, 0xea, 0xb, 0xff, 0xc4, 0x75, 0x5f, 0xf1,
    0x80,

    /* U+C628 "온" */
    0x0, 0x92, 0xfb, 0xfa, 0xcc, 0x3, 0x92, 0xde,
    0x2a, 0x1f, 0x10, 0x3, 0x68, 0x6b, 0x2b, 0x68,
    0x68, 0x6, 0xc0, 0xb4, 0x34, 0xb0, 0xc0, 0xc,
    0xb2, 0xf7, 0x96, 0xf2, 0xa0, 0x1c, 0xdb, 0x41,
    0x5a, 0xc0, 0x11, 0x7f, 0xea, 0xa, 0xff, 0xc4,
    0x73, 0x3f, 0xf1, 0x8b, 0x28, 0xb3, 0x7e, 0x10,
    0x5, 0xc0, 0x80, 0x7f, 0xf0, 0x1d, 0x57, 0x8c,
    0x3, 0xd3, 0x55, 0xd0, 0x0,

    /* U+C644 "완" */
    0x0, 0x26, 0x7f, 0x48, 0x2, 0xb8, 0x2, 0x2b,
    0x7a, 0x96, 0xa0, 0xf, 0x20, 0x4a, 0xbb, 0x28,
    0x7, 0x88, 0x2c, 0x8d, 0xc8, 0x0, 0x28, 0x60,
    0x8a, 0xdb, 0x81, 0xc0, 0x15, 0xc0, 0x2, 0xb0,
    0x17, 0x8c, 0x0, 0x3d, 0x6b, 0xba, 0xe0, 0x5e,
    0xfe, 0x0, 0x8, 0x3d, 0x55, 0x13, 0x75, 0x40,
    0xc, 0x4e, 0xde, 0x8c, 0xaa, 0x42, 0x20, 0x6,
    0x27, 0x50, 0xd, 0x18, 0x1, 0xef, 0x55, 0xf0,
    0x7, 0x9a, 0xab, 0xc2, 0x0,

    /* U+C65C "왜" */
    0x0, 0x57, 0x6a, 0x84, 0xf9, 0x7c, 0x4, 0xac,
    0x3d, 0x18, 0x7, 0x99, 0xaa, 0xb, 0x0, 0xfb,
    0x80, 0x2, 0x40, 0x1e, 0x1d, 0x1, 0x11, 0x0,
    0x4, 0x2, 0x65, 0xac, 0xa, 0x0, 0x60, 0x5,
    0x12, 0xa1, 0x84, 0x0, 0x90, 0xc, 0xc0, 0x86,
    0x1, 0x20, 0x0, 0x91, 0x0, 0x4a, 0xc0, 0x1c,
    0xb7, 0x60, 0x4a, 0x80, 0xe, 0x7e, 0xff, 0xdc,
    0x1, 0xe1, 0x0, 0xff, 0x0,

    /* U+C678 "외" */
    0x0, 0x15, 0xf7, 0x20, 0x0, 0x3f, 0x0, 0x38,
    0xb0, 0xcf, 0x20, 0x1c, 0xe3, 0xad, 0xa, 0xc0,
    0x1d, 0xc0, 0x40, 0xd, 0x2, 0x0, 0xdc, 0xa,
    0x0, 0xd0, 0x20, 0xc, 0xc5, 0x71, 0x4a, 0xe0,
    0x1e, 0xc6, 0x74, 0x98, 0x0, 0xf0, 0xc8, 0x23,
    0x0, 0x70, 0x91, 0x40, 0x26, 0x64, 0x20, 0x3,
    0x6e, 0xc0, 0x99, 0x8b, 0xb0, 0x1, 0xb3, 0x2d,
    0xdb, 0xb9, 0x20, 0x1, 0x33, 0x88, 0xa1, 0x10,
    0x4,

    /* U+C694 "요" */
    0x0, 0x86, 0x77, 0xf6, 0x44, 0x3, 0x87, 0xde,
    0xaa, 0x7f, 0x10, 0xd, 0x3, 0xae, 0xaf, 0xa3,
    0x20, 0x18, 0x80, 0xc0, 0x23, 0x3, 0x0, 0xc4,
    0x4, 0x1, 0x18, 0x10, 0x6, 0xb0, 0xc7, 0x57,
    0xd0, 0xb0, 0xc, 0x52, 0x31, 0x50, 0x32, 0x40,
    0x1c, 0x61, 0x9f, 0x80, 0x60, 0x1f, 0xfc, 0x42,
    0xff, 0x50, 0x67, 0xe0, 0x57, 0xf8, 0x8e, 0xab,
    0xfe, 0x30,

    /* U+C6A9 "용" */
    0x0, 0x96, 0xfb, 0xfa, 0xd4, 0x3, 0x96, 0x86,
    0xf2, 0x86, 0x94, 0x3, 0x60, 0x5a, 0x9a, 0x58,
    0x60, 0x6, 0xd0, 0xc7, 0x67, 0xd0, 0xd0, 0xc,
    0x92, 0x55, 0x74, 0x72, 0x80, 0x11, 0x98, 0x42,
    0xfa, 0xc0, 0x4c, 0xc0, 0x79, 0x88, 0x9, 0xc9,
    0x8, 0xcc, 0x19, 0xb7, 0x6a, 0x87, 0x8a, 0xdd,
    0x8c, 0x8, 0x3e, 0xa5, 0x66, 0xbc, 0x8, 0x2,
    0xb2, 0xce, 0xde, 0xc2, 0xb0, 0xd, 0xc1, 0x2a,
    0x8b, 0x21, 0xc0, 0x19, 0xe5, 0xae, 0xe6, 0x97,
    0x0, 0x0,

    /* U+C6B4 "운" */
    0x0, 0x8e, 0xfb, 0xfa, 0xcc, 0x3, 0x93, 0x1e,
    0x2a, 0x1f, 0x10, 0x3, 0x68, 0x6b, 0x2b, 0x68,
    0x68, 0x6, 0xf0, 0xb4, 0x34, 0xb0, 0xf0, 0xc,
    0xd0, 0xf7, 0x96, 0xf2, 0xc0, 0x1c, 0xfb, 0xfb,
    0xfa, 0xc0, 0x11, 0x7f, 0xf6, 0xff, 0xf1, 0x1c,
    0xce, 0x60, 0x79, 0x9c, 0x62, 0xca, 0x2d, 0x81,
    0x8c, 0xd8, 0x40, 0x17, 0x2, 0x92, 0xa0, 0x1f,
    0xce, 0x86, 0x8a, 0xa3, 0x0, 0xf4, 0xd5, 0x74,
    0x0, 0x0,

    /* U+C6CC "워" */
    0x0, 0x1d, 0xff, 0x40, 0x0, 0x7e, 0x0, 0x1a,
    0xf5, 0x2f, 0x0, 0x1c, 0x83, 0xa, 0xe8, 0xa0,
    0x1c, 0xc1, 0x80, 0x2a, 0xc0, 0x1c, 0x4e, 0xee,
    0xe0, 0x48, 0x7, 0xa3, 0x6e, 0xdc, 0x42, 0x1,
    0x2f, 0x73, 0x6a, 0xff, 0xdc, 0x40, 0x4, 0x8b,
    0xa0, 0x4b, 0xcc, 0x10, 0x0, 0x59, 0x54, 0x4,
    0x93, 0x9c, 0x1, 0xfd, 0xd3, 0x0, 0x1f, 0xc8,
    0xcc, 0x0, 0xff, 0xe1, 0x0,

    /* U+C6D0 "원" */
    0x0, 0x26, 0x7f, 0x59, 0x4, 0x78, 0x80, 0xd8,
    0x5d, 0x9b, 0xc0, 0x38, 0xc1, 0x10, 0xac, 0x60,
    0x1c, 0x4c, 0xfd, 0xc4, 0x80, 0xf, 0x4e, 0xdd,
    0xb5, 0xc4, 0x3, 0x7f, 0xb6, 0xa9, 0xbd, 0xa0,
    0x1a, 0x22, 0x40, 0x9b, 0xf0, 0xc, 0xef, 0x60,
    0x3c, 0xe3, 0x80, 0x63, 0xcd, 0x0, 0x4d, 0xa8,
    0x6, 0x73, 0xed, 0x14, 0x44, 0x50, 0x80, 0x63,
    0x75, 0x59, 0xc0, 0x80, 0x34, 0x55, 0x79, 0x0,

    /* U+C6E8 "웨" */
    0x1, 0xaf, 0xe6, 0x7, 0xf3, 0xf8, 0xb, 0x5a,
    0x69, 0x40, 0xf, 0x23, 0x2c, 0x6, 0x0, 0x79,
    0x50, 0x50, 0x38, 0x3, 0xd2, 0x7d, 0x68, 0xc0,
    0x1e, 0x2e, 0xcc, 0x51, 0x0, 0x73, 0x7f, 0xb3,
    0x1d, 0xbe, 0x1, 0x9e, 0xa8, 0x27, 0x9b, 0xe0,
    0x18, 0x55, 0x40, 0xcc, 0xd8, 0x0, 0xfe, 0x4a,
    0x50, 0xf, 0xe1, 0x5d, 0x0, 0xfa, 0x38, 0x3,
    0xe0,

    /* U+C704 "위" */
    0x0, 0x1e, 0x7f, 0x48, 0x2, 0x3c, 0x40, 0x71,
    0xea, 0x1e, 0x80, 0x39, 0x2, 0x55, 0x98, 0xa0,
    0x1c, 0xe1, 0x64, 0x6a, 0x80, 0x1c, 0x52, 0xfb,
    0x83, 0x40, 0x1e, 0x6e, 0xde, 0xc1, 0x0, 0xc9,
    0xbb, 0x67, 0xfd, 0xc0, 0x12, 0xad, 0x42, 0x53,
    0x56, 0x1, 0xc, 0x41, 0xc5, 0x98, 0xaa, 0x0,
    0xff, 0xed, 0x80,

    /* U+C720 "유" */
    0x0, 0x8a, 0xbb, 0xf6, 0x88, 0x3, 0x8b, 0x5e,
    0x2a, 0x89, 0xa4, 0x1, 0xa8, 0x3d, 0x95, 0xf4,
    0x28, 0x3, 0x78, 0x30, 0x4, 0xc1, 0xe0, 0x19,
    0x86, 0xea, 0x2a, 0x84, 0xc0, 0x18, 0x7e, 0x5,
    0x46, 0x34, 0x40, 0x24, 0x42, 0x9f, 0xcf, 0x9a,
    0x24, 0x7, 0x77, 0xff, 0x19, 0xbb, 0x94, 0x15,
    0xd4, 0x15, 0xdc, 0x30, 0x11, 0x0, 0x4, 0x60,
    0x0, 0x88, 0x3, 0xff, 0x9e,

    /* U+C721 "육" */
    0x0, 0x92, 0xfb, 0xfa, 0xd0, 0x3, 0x96, 0xc2,
    0xee, 0xb, 0x50, 0xd, 0x81, 0x4a, 0x8b, 0x41,
    0x80, 0x1b, 0x43, 0x59, 0x5b, 0x43, 0x40, 0x32,
    0x5b, 0x5d, 0x5b, 0x5a, 0x0, 0x5, 0x98, 0x59,
    0x73, 0x78, 0x4c, 0xc1, 0x39, 0x9f, 0xf8, 0xcb,
    0xfa, 0xc2, 0x7a, 0x42, 0xff, 0xc4, 0x0, 0xab,
    0x9, 0xe9, 0xb, 0x80, 0xd, 0x39, 0x9d, 0x60,
    0x1e, 0x23, 0x3e, 0x50, 0xf, 0xfe, 0x28,

    /* U+C73C "으" */
    0x0, 0x86, 0x77, 0xf6, 0x44, 0x3, 0x87, 0xde,
    0xaa, 0x7f, 0x10, 0xd, 0x3, 0xae, 0xaf, 0xa3,
    0x20, 0x18, 0x80, 0xc0, 0x23, 0x3, 0x0, 0xc4,
    0x4, 0x1, 0x18, 0x18, 0x6, 0xb1, 0xc7, 0x57,
    0xd1, 0xa0, 0xc, 0x58, 0xf3, 0x52, 0xfe, 0x40,
    0x1c, 0x53, 0xdf, 0xd2, 0x20, 0x1f, 0xfc, 0x42,
    0xff, 0xff, 0x88, 0xea, 0xbf, 0xe3,

    /* U+C740 "은" */
    0x0, 0x8e, 0xfb, 0xfa, 0xcc, 0x3, 0x93, 0x1e,
    0x2a, 0x1f, 0x10, 0x3, 0x68, 0x6b, 0x2b, 0x68,
    0x68, 0x6, 0xf0, 0xb4, 0x34, 0xb0, 0xf0, 0xc,
    0xd2, 0xf7, 0x96, 0xf2, 0xc0, 0x1c, 0xdb, 0xfd,
    0xfa, 0xc0, 0x11, 0x7f, 0xf7, 0x7f, 0xf1, 0x1c,
    0xcf, 0xfc, 0x62, 0xca, 0x2c, 0xdf, 0x84, 0x1,
    0x70, 0x20, 0x1f, 0xfc, 0x7, 0x55, 0xe3, 0x0,
    0xf4, 0xd5, 0x74, 0x0, 0x0,

    /* U+C744 "을" */
    0x0, 0x9b, 0x3b, 0xfb, 0x18, 0x3, 0x9e, 0x56,
    0xb2, 0x96, 0x5c, 0x3, 0x78, 0x6a, 0x1a, 0x68,
    0x78, 0x6, 0x95, 0xbf, 0xef, 0xb5, 0x90, 0x8,
    0x42, 0xf6, 0xee, 0xdb, 0x1, 0x3, 0xee, 0xb6,
    0xea, 0xf7, 0xba, 0x33, 0x6e, 0x5d, 0xfd, 0x9a,
    0x60, 0x57, 0x7f, 0xc4, 0x1, 0x55, 0xdf, 0x80,
    0x3d, 0x57, 0x7e, 0x0, 0xfd, 0x77, 0xf0, 0x7,
    0xae, 0xfd, 0xc0, 0x0,

    /* U+C74C "음" */
    0x0, 0x96, 0xfb, 0xfa, 0xd4, 0x3, 0x9a, 0x86,
    0xf2, 0x86, 0x98, 0x3, 0x78, 0x5a, 0x9a, 0x58,
    0x78, 0x6, 0xd0, 0xc7, 0x67, 0xd0, 0xd0, 0xc,
    0x98, 0x97, 0x72, 0xe2, 0x0, 0x5, 0xdc, 0x9d,
    0x75, 0x7c, 0x8e, 0xe1, 0x3a, 0xaf, 0xf8, 0xcb,
    0x7a, 0xef, 0xee, 0xd2, 0x0, 0x5c, 0xcf, 0xd6,
    0x1, 0xee, 0xff, 0xb8, 0x3, 0xf2, 0x2a, 0xc8,
    0x1, 0xfa, 0xab, 0x80, 0x30,

    /* U+C751 "응" */
    0x0, 0x96, 0xfb, 0xfa, 0xd4, 0x3, 0x9a, 0x86,
    0xf2, 0x86, 0x98, 0x3, 0x78, 0x5a, 0x9a, 0x58,
    0x78, 0x6, 0xd0, 0xc7, 0x67, 0xd0, 0xd0, 0xc,
    0x98, 0x97, 0x72, 0xe2, 0x0, 0x5, 0xdc, 0x9d,
    0x75, 0x7c, 0x8e, 0xe1, 0x39, 0x9f, 0xf8, 0xcb,
    0xba, 0xdb, 0x8b, 0xde, 0xe8, 0x80, 0x5, 0xb9,
    0x77, 0x66, 0x90, 0x6, 0xb2, 0xce, 0xde, 0xc2,
    0xb0, 0xd, 0xc1, 0x2a, 0x8b, 0x21, 0xc0, 0x19,
    0xe5, 0xae, 0xe6, 0x97, 0x0, 0x0,

    /* U+C758 "의" */
    0x0, 0x15, 0xfe, 0xc0, 0x0, 0x7e, 0x0, 0x71,
    0xa5, 0x1e, 0x0, 0x39, 0x87, 0xda, 0x51, 0xc0,
    0x3b, 0x80, 0x80, 0x6, 0x2, 0x1, 0xb8, 0xc,
    0x0, 0x60, 0x20, 0x19, 0x87, 0x62, 0xd2, 0x0,
    0x38, 0x7d, 0xd0, 0x29, 0xc0, 0x3c, 0x33, 0x96,
    0xa0, 0x1c, 0x26, 0x79, 0x10, 0xaa, 0x20, 0x3,
    0xe6, 0x6b, 0xb5, 0x51, 0x40, 0xd, 0xdd, 0xbf,
    0xf3, 0x80, 0x42, 0x38, 0x3, 0xe0,

    /* U+C774 "이" */
    0x3, 0xcf, 0xc2, 0x0, 0x47, 0x88, 0x68, 0xc0,
    0xe0, 0x7, 0x30, 0xf3, 0xc8, 0xa8, 0x6, 0xc1,
    0x30, 0x40, 0xd0, 0xc, 0x26, 0x1, 0x9, 0x0,
    0x61, 0x30, 0x8, 0x4c, 0x3, 0x68, 0x90, 0x10,
    0x78, 0x6, 0x60, 0x94, 0xe0, 0x60, 0xc, 0x34,
    0x96, 0x56, 0x1, 0xe5, 0xfd, 0xe4, 0x0, 0xfc,
    0x40, 0x1f, 0xfc, 0x60,

    /* U+C778 "인" */
    0x4, 0xcf, 0xc4, 0x0, 0x3f, 0x89, 0xdb, 0xcb,
    0xd9, 0x80, 0x6a, 0xb, 0x6b, 0x19, 0x0, 0xc4,
    0x40, 0x8, 0x98, 0x3, 0x11, 0x4, 0x4, 0xd4,
    0x3, 0x58, 0x64, 0x60, 0x58, 0x6, 0x2d, 0x75,
    0x7d, 0x20, 0xe, 0x2a, 0xda, 0x20, 0xf, 0xb3,
    0x0, 0x18, 0x90, 0x40, 0x3f, 0x2d, 0x80, 0x61,
    0x55, 0xf0, 0x80, 0x45, 0x55, 0xe4,

    /* U+C77C "일" */
    0x6, 0xdf, 0xc4, 0x0, 0x3f, 0x8b, 0x4a, 0x53,
    0xd9, 0x80, 0x6d, 0x29, 0x5a, 0xb, 0x0, 0xff,
    0xe1, 0xf1, 0x53, 0x68, 0x50, 0x6, 0x5a, 0x68,
    0x7c, 0x20, 0xe, 0x58, 0xbe, 0x65, 0x50, 0xb8,
    0x80, 0x26, 0xab, 0xa5, 0xc4, 0x1, 0xd7, 0x7c,
    0xa0, 0x1b, 0xae, 0xf9, 0x40, 0x38, 0xaa, 0xbc,
    0x60, 0x11, 0x55, 0x79, 0x0,

    /* U+C784 "임" */
    0x4, 0xcf, 0xd5, 0x0, 0x3f, 0x89, 0xdb, 0xd3,
    0xd2, 0x80, 0x6a, 0xb, 0x5a, 0x2e, 0x0, 0xc6,
    0x20, 0x10, 0xb8, 0x6, 0xc1, 0x60, 0x53, 0x40,
    0xc, 0xcb, 0x3f, 0x49, 0x0, 0x1d, 0x5b, 0x7b,
    0x60, 0x1f, 0x39, 0xab, 0xbc, 0x10, 0x20, 0x9,
    0x89, 0x9d, 0x10, 0x10, 0x8, 0xfb, 0xb4, 0x0,
    0x70, 0xaa, 0xed, 0x0, 0xe2, 0xaa, 0xca, 0x0,

    /* U+C785 "입" */
    0x4, 0xcf, 0xc4, 0x0, 0x3f, 0x89, 0xdb, 0xd3,
    0xd9, 0x80, 0x6a, 0xb, 0x5b, 0xa, 0x0, 0xc6,
    0x20, 0x10, 0x98, 0x6, 0xf1, 0x82, 0x81, 0xf0,
    0xc, 0xb0, 0xfa, 0xf0, 0xa0, 0x1c, 0xff, 0xbe,
    0xe0, 0x3, 0x61, 0x0, 0x5c, 0x0, 0x62, 0x71,
    0x0, 0x3a, 0xff, 0xe9, 0x10, 0xc, 0x53, 0x39,
    0x40, 0x3c, 0x45, 0x80, 0x3c, 0x57, 0x79, 0x40,
    0x0,

    /* U+C788 "있" */
    0x4, 0xcf, 0xd6, 0x0, 0x47, 0x88, 0x1d, 0x84,
    0xbc, 0xa8, 0x7, 0x50, 0x63, 0x51, 0x48, 0x7,
    0x18, 0x80, 0x42, 0x20, 0xe, 0xd1, 0x50, 0x33,
    0x20, 0x7, 0x3a, 0x57, 0x61, 0x40, 0x7, 0xae,
    0xd1, 0x7a, 0x21, 0xe0, 0x1c, 0xfe, 0xa0, 0x8,
    0x2f, 0x10, 0xa, 0xd9, 0x40, 0xf, 0xc0, 0x1c,
    0xa1, 0x24, 0xa0, 0x84, 0x0, 0x1b, 0x29, 0x15,
    0xa3, 0x1c, 0x30, 0x64, 0xb6, 0xd9, 0x3d, 0xc3,
    0x90, 0x7e, 0x40, 0x1f, 0xc1, 0x2d, 0xa0,

    /* U+C78E "잎" */
    0x4, 0xcf, 0xd5, 0x0, 0x2f, 0xa1, 0xdb, 0xcb,
    0x52, 0x80, 0x69, 0x1b, 0x6b, 0x1e, 0x0, 0xc2,
    0x60, 0x11, 0xb0, 0x6, 0x32, 0x40, 0x52, 0x40,
    0xd, 0x7, 0x7f, 0x47, 0x0, 0x1d, 0x97, 0x37,
    0x82, 0xc, 0x8c, 0x0, 0xb9, 0xbf, 0xfb, 0x11,
    0x0, 0x9, 0x40, 0x99, 0x18, 0x4a, 0x0, 0x18,
    0x81, 0x9a, 0x16, 0x20, 0x15, 0x20, 0x55, 0x8,
    0x94, 0xc1, 0x69, 0x2, 0xa8, 0x81, 0x52,

    /* U+C790 "자" */
    0x1, 0x1f, 0x83, 0xa8, 0x2, 0xfe, 0xee, 0xf0,
    0xf, 0x6d, 0xc0, 0x3d, 0xe8, 0x7, 0x8d, 0xc,
    0x35, 0xc, 0x3, 0xf1, 0x1, 0x0, 0x66, 0x61,
    0x80, 0x54, 0x12, 0x1, 0x8e, 0x6c, 0x0, 0xc6,
    0xc3, 0x20, 0x12, 0xfc, 0x2, 0xca, 0xcc, 0x35,
    0x8, 0x6, 0x1b, 0x4a, 0x7, 0x96, 0x10, 0xc,
    0x3f, 0x60, 0x13, 0x60, 0x7, 0x84, 0x3, 0xff,
    0x98,

    /* U+C791 "작" */
    0xe, 0xff, 0xea, 0xf, 0xa0, 0xa, 0xa8, 0xc1,
    0x15, 0x20, 0x1e, 0x45, 0x10, 0x35, 0x30, 0xf,
    0xca, 0x1e, 0x1, 0x97, 0xdc, 0x0, 0xe4, 0x69,
    0x0, 0x11, 0xd2, 0x84, 0x41, 0x31, 0xdd, 0x80,
    0x6, 0x52, 0x23, 0x2d, 0x84, 0x5c, 0x80, 0x71,
    0x74, 0x33, 0x44, 0x6c, 0xfe, 0x1, 0x92, 0x67,
    0xcf, 0xe0, 0x19, 0xbf, 0xfc, 0x1, 0xff, 0xd2,

    /* U+C798 "잘" */
    0xe, 0xff, 0xea, 0xf, 0xa0, 0xa, 0xa8, 0xc1,
    0x15, 0x20, 0x1e, 0x45, 0x0, 0x94, 0xc0, 0xb,
    0xce, 0x0, 0x26, 0x28, 0x40, 0x8, 0xe5, 0x1,
    0x71, 0x75, 0xae, 0x80, 0xc, 0xe6, 0x30, 0xd4,
    0x13, 0x7e, 0x4, 0x40, 0x0, 0xec, 0x7f, 0xd7,
    0x5e, 0x42, 0x1, 0xd3, 0x3e, 0x3, 0x0, 0xff,
    0xe2, 0x8c, 0xca, 0x23, 0x9, 0x0, 0x79, 0x6e,
    0xfb, 0x40, 0x3c, 0xb5, 0x5e, 0x0, 0x0,

    /* U+C7A5 "장" */
    0xe, 0xff, 0xea, 0xf, 0xa0, 0xa, 0xa8, 0xc1,
    0x15, 0x20, 0x1e, 0x45, 0x10, 0x35, 0x30, 0x8,
    0x40, 0x32, 0x7, 0x0, 0x65, 0xe7, 0x0, 0x39,
    0x99, 0x60, 0x2, 0x4c, 0x60, 0x88, 0x26, 0x33,
    0xe0, 0x0, 0x4c, 0x49, 0x99, 0x61, 0x35, 0x20,
    0x1c, 0x5d, 0x22, 0xf7, 0x13, 0x53, 0x60, 0x18,
    0x7e, 0x4a, 0x91, 0xa5, 0x80, 0x32, 0x8c, 0x4b,
    0xc6, 0xd, 0x80, 0x65, 0xb, 0x75, 0x6a, 0x14,
    0x0, 0xc3, 0xaf, 0x35, 0xd, 0x30, 0x0,

    /* U+C7AC "재" */
    0x1, 0x1e, 0xb, 0xe1, 0xf8, 0xe, 0xee, 0x90,
    0xf, 0x5d, 0x84, 0xee, 0xc0, 0x1e, 0x44, 0x1b,
    0x21, 0x0, 0x7e, 0x26, 0x0, 0xc6, 0x1, 0x8c,
    0xc, 0x2, 0x1d, 0x0, 0xd2, 0x21, 0x0, 0x1,
    0xa0, 0x9, 0x55, 0xe, 0xe6, 0x0, 0x20, 0x0,
    0xe9, 0x1a, 0x17, 0x80, 0x38, 0xee, 0xc0, 0xa,
    0x80, 0xf, 0x20, 0x7, 0xff, 0x28,

    /* U+C800 "저" */
    0x1, 0x1f, 0x80, 0x7d, 0xc3, 0xbb, 0xd8, 0x1,
    0xd7, 0x68, 0x7, 0xbe, 0x0, 0xe4, 0x41, 0x87,
    0x21, 0x80, 0x7c, 0x41, 0xc1, 0x3f, 0xc0, 0x1d,
    0x40, 0xc1, 0x53, 0x20, 0xc, 0xc6, 0xe3, 0x26,
    0xce, 0x1, 0x2c, 0xac, 0x4b, 0x50, 0x80, 0x45,
    0x69, 0x40, 0xd4, 0x22, 0x0, 0x8b, 0xec, 0x2,
    0x5b, 0x0, 0xe1, 0x0, 0xff, 0xe5, 0x0,

    /* U+C804 "전" */
    0xa, 0xff, 0xee, 0x1, 0xf7, 0x9, 0xa9, 0x5,
    0xaa, 0x0, 0x71, 0xaa, 0x1, 0xaa, 0x0, 0x7c,
    0x80, 0x80, 0xff, 0xc0, 0x1d, 0x60, 0x4c, 0xb7,
    0x40, 0x1a, 0x8a, 0x92, 0x69, 0x10, 0x1, 0x62,
    0xba, 0xdb, 0x30, 0x80, 0x34, 0xca, 0x4, 0x27,
    0xc8, 0x3, 0x2b, 0x4f, 0x0, 0x4, 0x4, 0xc8,
    0x3, 0xfd, 0x8a, 0x1, 0xca, 0xbe, 0x30, 0xe,
    0xaa, 0xf8,

    /* U+C808 "절" */
    0xa, 0xff, 0xee, 0x1, 0xf7, 0x9, 0xa9, 0x4,
    0xaa, 0x0, 0x71, 0xa9, 0x0, 0x14, 0xbf, 0x80,
    0x3a, 0x5, 0x19, 0x2a, 0x80, 0x10, 0xd9, 0xec,
    0x4c, 0x9d, 0x0, 0x2d, 0x5b, 0x37, 0xb2, 0x20,
    0x6, 0xdf, 0x65, 0x50, 0xe2, 0xa3, 0xa0, 0x8,
    0x96, 0xab, 0xce, 0x80, 0x12, 0xdd, 0xf5, 0x0,
    0x72, 0xdd, 0xf5, 0x0, 0x7d, 0x35, 0x5c, 0x80,
    0x1d, 0x35, 0x5e,

    /* U+C815 "정" */
    0xe, 0xff, 0xea, 0x7, 0xf1, 0xa, 0xa2, 0x84,
    0xd4, 0x80, 0x72, 0x29, 0x2, 0xa8, 0x17, 0x40,
    0x39, 0x42, 0x82, 0x29, 0x40, 0x33, 0x91, 0xb3,
    0x2f, 0xe0, 0x2, 0x88, 0x2e, 0x2c, 0xd8, 0x6,
    0x26, 0x65, 0x5, 0x53, 0x80, 0x31, 0x74, 0x82,
    0xe5, 0xd6, 0xf6, 0x88, 0x4, 0xd4, 0xd1, 0x54,
    0x7c, 0x0, 0xd8, 0x14, 0xca, 0xf0, 0x26, 0x1,
    0x60, 0x53, 0x2b, 0xc0, 0x98, 0x4, 0xd4, 0xd1,
    0x52, 0xf8, 0x0,

    /* U+C81C "제" */
    0x1, 0x1e, 0x9, 0xf1, 0xf8, 0xe, 0xee, 0x80,
    0xf, 0x65, 0x89, 0xdd, 0x0, 0x78, 0xd0, 0xdd,
    0xc, 0x3, 0xf1, 0x3a, 0x73, 0x0, 0x78, 0xc0,
    0xd7, 0x14, 0x3, 0xd2, 0x21, 0x26, 0x60, 0xe,
    0x55, 0x43, 0xb9, 0x40, 0x38, 0xe9, 0x1a, 0x13,
    0x0, 0x38, 0xea, 0xc0, 0x17, 0x20, 0x1e, 0x50,
    0xf, 0xfe, 0x50,

    /* U+C838 "져" */
    0x1, 0x1f, 0x80, 0x7e, 0x3, 0xfb, 0xbb, 0xc0,
    0x3b, 0x6e, 0x41, 0xae, 0x88, 0x80, 0x11, 0xa2,
    0x87, 0x21, 0x6e, 0x0, 0x73, 0x6, 0x83, 0x7f,
    0x0, 0x74, 0x82, 0x8a, 0xee, 0x0, 0x66, 0x39,
    0x1d, 0x6b, 0xa0, 0x9, 0xe5, 0x99, 0x47, 0xce,
    0xc0, 0x1, 0xa6, 0x90, 0x4c, 0x41, 0x0, 0x87,
    0x64, 0x2, 0x39, 0x0, 0xff, 0xe8, 0x0,

    /* U+C870 "조" */
    0x0, 0xff, 0xe1, 0xff, 0xff, 0x0, 0x6b, 0xb9,
    0x81, 0xae, 0xe0, 0xc, 0x89, 0x81, 0x13, 0x0,
    0x71, 0xe9, 0xd9, 0xe1, 0x80, 0x65, 0xbc, 0x1f,
    0x4f, 0xc, 0xc2, 0x80, 0x1c, 0x6f, 0xa, 0xcb,
    0x29, 0xdc, 0x0, 0x2a, 0x40, 0x64, 0x70, 0x5b,
    0x20, 0xf, 0xfe, 0x11, 0x7f, 0xea, 0xb, 0xff,
    0xc4, 0x75, 0x5f, 0xf1, 0x80,

    /* U+C871 "족" */
    0x0, 0x77, 0xff, 0xdc, 0x1, 0xaa, 0xa2, 0x2,
    0xaa, 0x80, 0x32, 0x3f, 0x92, 0x17, 0xba, 0x0,
    0x4d, 0xba, 0x7b, 0xb5, 0x3e, 0xe2, 0x80, 0x1a,
    0xb3, 0x47, 0xc7, 0x72, 0xd0, 0x6, 0x7a, 0xa7,
    0x83, 0xe6, 0xba, 0x4, 0xd5, 0x73, 0x9b, 0xaa,
    0xe3, 0x2c, 0xf9, 0x9f, 0xbb, 0x8, 0x1, 0x15,
    0x5f, 0x80, 0x35, 0xff, 0xf7, 0x0, 0x7f, 0xf4,
    0x80,

    /* U+C8FC "주" */
    0x0, 0x7f, 0xff, 0x0, 0x6b, 0xaa, 0x20, 0x25,
    0x54, 0x1, 0x91, 0x45, 0x1, 0x1, 0x54, 0x1,
    0x8e, 0xad, 0x39, 0x2a, 0xd0, 0x40, 0x11, 0x8f,
    0x56, 0x37, 0x2d, 0x6c, 0x0, 0x8d, 0xd2, 0x80,
    0x4d, 0xbc, 0xe0, 0x5f, 0xbf, 0xff, 0x77, 0x91,
    0xcc, 0xe6, 0x7, 0x99, 0xc6, 0x2c, 0xdb, 0x3,
    0x19, 0xb0, 0x80, 0x7f, 0xf6, 0xc0,

    /* U+C900 "준" */
    0x0, 0x77, 0xff, 0xdc, 0x1, 0xaa, 0xa4, 0x3,
    0xaa, 0x80, 0x32, 0x29, 0xa0, 0x19, 0x95, 0x0,
    0x23, 0x7c, 0x94, 0xe4, 0x9c, 0x62, 0x0, 0x3c,
    0xb5, 0xd8, 0x6e, 0xcd, 0xc, 0x0, 0x6c, 0x86,
    0x22, 0x9a, 0x31, 0x80, 0xf7, 0x7f, 0xe3, 0x36,
    0x66, 0x80, 0x9c, 0xcc, 0x60, 0x6d, 0x4, 0x40,
    0x23, 0x3c, 0x1, 0x6a, 0x3, 0xb9, 0x80, 0x3f,
    0x9d, 0xda, 0xea, 0xa3, 0x0, 0xf4, 0xd5, 0x77,
    0x80, 0x0,

    /* U+C911 "중" */
    0x0, 0x77, 0xff, 0xdc, 0x1, 0xaa, 0xa2, 0x2,
    0xaa, 0x80, 0x32, 0xf, 0x12, 0x94, 0x8a, 0x0,
    0x4d, 0xf6, 0x3b, 0x58, 0xf7, 0xec, 0x0, 0x6b,
    0xea, 0x20, 0x3b, 0xeb, 0x60, 0x2f, 0xbe, 0xff,
    0xee, 0xbf, 0x23, 0x99, 0xcc, 0xd, 0x33, 0x8c,
    0x59, 0x89, 0xca, 0xa, 0x28, 0xcc, 0x10, 0x1,
    0xeb, 0x36, 0x9d, 0x30, 0xd, 0x41, 0xf5, 0x35,
    0xe1, 0x40, 0x1b, 0xc2, 0x99, 0x5a, 0x83, 0xc0,
    0x33, 0x53, 0xc5, 0x43, 0xd3, 0x0, 0x0,

    /* U+C989 "즉" */
    0x0, 0x77, 0xff, 0xdc, 0x1, 0xaa, 0xa3, 0x2,
    0xaa, 0x80, 0x32, 0x2e, 0x99, 0x13, 0x55, 0x0,
    0x24, 0x9e, 0x78, 0xd8, 0x7e, 0x94, 0x0, 0x31,
    0xc7, 0x38, 0x3f, 0x49, 0x30, 0xa, 0xe8, 0xb3,
    0xbc, 0xc1, 0x8a, 0x27, 0x33, 0xff, 0x19, 0x76,
    0xdd, 0xfd, 0x9c, 0x40, 0x8, 0xaa, 0xfc, 0x1,
    0xaf, 0xff, 0xb8, 0x3, 0xff, 0xa4,

    /* U+C99D "증" */
    0x0, 0x77, 0xff, 0xdc, 0x1, 0xaa, 0xa2, 0x2,
    0xaa, 0x80, 0x32, 0x3f, 0x92, 0x17, 0xba, 0x0,
    0x4d, 0xba, 0x7a, 0xba, 0x7d, 0xc5, 0x0, 0x3d,
    0x66, 0xa8, 0x2e, 0xe5, 0xa0, 0xd, 0xec, 0xd5,
    0x74, 0xed, 0x89, 0xb3, 0x7f, 0xc6, 0x59, 0x97,
    0xcd, 0x4f, 0xe6, 0x44, 0x0, 0x2d, 0xcb, 0xbb,
    0x34, 0x80, 0x35, 0x96, 0x76, 0xf6, 0x15, 0x80,
    0x6e, 0x9, 0x54, 0x59, 0xe, 0x0, 0xcf, 0x2d,
    0x77, 0x34, 0xb8, 0x0,

    /* U+C9C0 "지" */
    0x1, 0x1f, 0x82, 0x3c, 0x1, 0x9d, 0xde, 0x0,
    0xee, 0xb9, 0x7, 0xbb, 0x0, 0x71, 0xa2, 0x87,
    0x22, 0x0, 0x3e, 0x60, 0xf0, 0xf, 0xee, 0x7,
    0x10, 0xf, 0x95, 0x20, 0x68, 0x3, 0xcb, 0x4a,
    0xf4, 0x96, 0x20, 0x10, 0xc2, 0x50, 0x2d, 0x80,
    0x80, 0x43, 0x96, 0x1, 0x25, 0x80, 0x70, 0x80,
    0x7f, 0xf2, 0x80,

    /* U+C9C1 "직" */
    0xa, 0xff, 0xee, 0x7, 0xf1, 0x9, 0xa8, 0x6,
    0xaa, 0x0, 0x71, 0xa9, 0x0, 0xaa, 0x0, 0x7d,
    0x80, 0xa0, 0x1f, 0x8d, 0x8c, 0xa8, 0x3, 0xc9,
    0xa5, 0xb2, 0xba, 0x40, 0x1a, 0xf, 0xc5, 0xb1,
    0x48, 0x3, 0x6e, 0x23, 0x31, 0x79, 0x86, 0x4,
    0x4, 0x26, 0x7e, 0x81, 0x0, 0xf, 0xff, 0x9c,
    0x3, 0xff, 0x9c,

    /* U+C9C4 "진" */
    0xa, 0xff, 0xee, 0x7, 0xf1, 0x9, 0xa9, 0x5,
    0xaa, 0x0, 0x71, 0xaa, 0x80, 0x95, 0x0, 0x3e,
    0x50, 0x40, 0xf, 0xe8, 0x13, 0x70, 0xf, 0xac,
    0x75, 0xa2, 0x44, 0x3, 0x6a, 0x41, 0xcb, 0xa0,
    0x7, 0x44, 0xb0, 0x84, 0x68, 0x80, 0x65, 0x6f,
    0xa0, 0xc, 0x46, 0x20, 0x1f, 0xcb, 0x80, 0x1c,
    0xea, 0xbe, 0x10, 0xc, 0x75, 0x5e, 0x20,

    /* U+C9D0 "짐" */
    0xa, 0xff, 0xee, 0x7, 0xf1, 0x9, 0xa9, 0x5,
    0xaa, 0x0, 0x71, 0xa9, 0x0, 0x15, 0x0, 0x3e,
    0xf0, 0x52, 0x0, 0xf9, 0x91, 0x87, 0xc, 0x3,
    0xa6, 0x49, 0x38, 0x78, 0x40, 0x1c, 0xb6, 0x5,
    0xb8, 0x40, 0x1a, 0x69, 0x5d, 0xe4, 0x70, 0x81,
    0x0, 0xa6, 0x26, 0x74, 0x40, 0x40, 0x31, 0x77,
    0x68, 0x0, 0xf9, 0x57, 0x68, 0x7, 0x8a, 0xab,
    0x28, 0x0,

    /* U+C9D1 "집" */
    0xa, 0xff, 0xee, 0x7, 0xf1, 0x9, 0xa8, 0x5,
    0xaa, 0x0, 0x71, 0xa9, 0x0, 0x15, 0x0, 0x3e,
    0xe0, 0x53, 0x0, 0xfa, 0x12, 0xb, 0x54, 0x3,
    0xa9, 0xd5, 0xf1, 0x68, 0x80, 0x36, 0xbd, 0x0,
    0xde, 0x91, 0xb0, 0x83, 0xc4, 0xe0, 0x0, 0x80,
    0x9c, 0x40, 0x22, 0x3f, 0xfd, 0x22, 0x1, 0xc3,
    0x33, 0x94, 0x3, 0xe2, 0x2c, 0x1, 0xf0, 0xdd,
    0xe5, 0x0, 0x0,

    /* U+CC28 "차" */
    0x0, 0x8f, 0xd4, 0x2, 0xeb, 0x0, 0x99, 0x96,
    0x18, 0xcc, 0x10, 0xe, 0x99, 0x38, 0x34, 0xc8,
    0xc0, 0x3b, 0xfd, 0x81, 0x5f, 0xe2, 0x0, 0xf9,
    0x80, 0x80, 0x33, 0xa9, 0x80, 0x5c, 0x14, 0x1,
    0x8e, 0xa8, 0x0, 0x54, 0x62, 0x90, 0x9, 0x3e,
    0x41, 0x29, 0x26, 0x1a, 0x84, 0x3, 0xd, 0x1d,
    0x83, 0xcb, 0x80, 0x70, 0xe6, 0x0, 0x26, 0xd1,
    0x0, 0xe2, 0x0, 0xff, 0xe6, 0x0,

    /* U+CC38 "참" */
    0x0, 0x85, 0x4, 0x2, 0x11, 0x0, 0x72, 0xda,
    0x0, 0x5f, 0x60, 0x17, 0x72, 0x82, 0xfb, 0x80,
    0x1e, 0x88, 0x20, 0x24, 0x40, 0x0, 0x22, 0x0,
    0x33, 0xc, 0x5, 0x98, 0x0, 0x4e, 0x80, 0x2,
    0x32, 0x22, 0x0, 0x24, 0xc9, 0x8, 0xb4, 0xb9,
    0x7e, 0x10, 0x13, 0x10, 0x36, 0xb0, 0x6d, 0x81,
    0x0, 0xeb, 0x97, 0x79, 0x45, 0xe7, 0x80, 0x3a,
    0x21, 0x33, 0xa3, 0x80, 0x3c, 0xdd, 0xd8, 0x40,
    0x3e, 0x25, 0x5c, 0x1, 0xf9, 0x2a, 0xb0, 0x80,
    0x40,

    /* U+CCAB "첫" */
    0x0, 0xc2, 0x1, 0xfe, 0x3e, 0x60, 0x9, 0xb8,
    0x42, 0xaf, 0xc2, 0xee, 0x1, 0x10, 0x0, 0x88,
    0xc0, 0xc4, 0x40, 0xe, 0x89, 0xf0, 0x39, 0x1b,
    0xa0, 0xe, 0x90, 0x72, 0xe2, 0x10, 0x8, 0x6c,
    0xec, 0xf4, 0x62, 0xc0, 0x2c, 0x5c, 0x4c, 0x6a,
    0x0, 0xef, 0xf1, 0x80, 0xe, 0x4, 0x60, 0x1,
    0x8, 0x0, 0xd7, 0xc1, 0xb8, 0x40, 0x30, 0xf8,
    0x2a, 0x0, 0x70, 0xb7, 0x96, 0x2d, 0xc9, 0x0,
    0x7, 0xe5, 0x3c, 0xea, 0x5f, 0x58, 0x7, 0x3a,
    0x84, 0x0, 0xdd, 0x6c,

    /* U+CCAD "청" */
    0x0, 0x85, 0x48, 0x2, 0x12, 0x0, 0xc5, 0x48,
    0x1, 0x36, 0x88, 0x77, 0xe0, 0x4f, 0xf8, 0x40,
    0x35, 0xd3, 0x83, 0x55, 0x4, 0x3, 0x2a, 0xbc,
    0xd, 0x7f, 0xd0, 0x1, 0x86, 0x45, 0x5b, 0xa9,
    0x40, 0x24, 0xf3, 0xf8, 0x98, 0x7d, 0x0, 0xa1,
    0x70, 0x5f, 0x10, 0x80, 0x36, 0x58, 0xa5, 0x7a,
    0xd8, 0x78, 0x80, 0x4d, 0x6c, 0x94, 0x51, 0xa0,
    0x1a, 0x87, 0x21, 0xe6, 0x44, 0x60, 0x12, 0xc,
    0xaa, 0x9e, 0x4, 0x80, 0x28, 0x95, 0xba, 0x97,
    0xc1,

    /* U+CCB4 "체" */
    0x0, 0xae, 0x0, 0x11, 0xe5, 0xf0, 0xa, 0xa4,
    0x42, 0x98, 0x7, 0xaa, 0x80, 0x75, 0x0, 0x1e,
    0xff, 0xa, 0xfd, 0x80, 0x7e, 0x11, 0x1f, 0x38,
    0x7, 0x8c, 0x10, 0x61, 0x0, 0x3d, 0x22, 0x14,
    0xc6, 0x1, 0xca, 0xab, 0x77, 0x30, 0x7, 0x15,
    0x22, 0xc2, 0xf8, 0x7, 0x16, 0x58, 0x2, 0xa4,
    0x3, 0xc6, 0x1, 0xff, 0xca,

    /* U+CD08 "초" */
    0x0, 0xe4, 0xf5, 0x0, 0xf9, 0x9a, 0xc0, 0xc6,
    0x68, 0x3, 0x44, 0x4e, 0xd, 0x11, 0x0, 0x6e,
    0xe9, 0xc1, 0xfb, 0xa0, 0xf, 0x33, 0x93, 0xa8,
    0x7, 0x13, 0x64, 0xbe, 0xbd, 0x6b, 0x90, 0x1,
    0xe1, 0x76, 0x9a, 0xb5, 0xe1, 0xc0, 0xb, 0xd2,
    0x4f, 0x2c, 0x55, 0xea, 0x1, 0xff, 0xc2, 0x2f,
    0xfd, 0x41, 0x7f, 0xf8, 0x8e, 0xab, 0xfe, 0x30,

    /* U+CD5C "최" */
    0x0, 0x8b, 0xdc, 0x2, 0x8f, 0x10, 0x55, 0x83,
    0x55, 0x40, 0x1d, 0x75, 0x0, 0xb5, 0x42, 0x0,
    0xdd, 0xf4, 0x9, 0xfe, 0x20, 0xe, 0x2b, 0x24,
    0x80, 0xe, 0x18, 0xd2, 0xda, 0x7e, 0x70, 0xc,
    0x93, 0x94, 0x1d, 0x2a, 0x1, 0xe, 0x30, 0x2e,
    0xb, 0x90, 0x4, 0x24, 0x43, 0x3, 0x39, 0x4,
    0x1, 0x1b, 0xac, 0x5, 0xcc, 0x5a, 0x0, 0x23,
    0x32, 0xdd, 0xbb, 0xd4, 0x0, 0x26, 0x71, 0x14,
    0x20, 0x18,

    /* U+CD94 "추" */
    0x0, 0xf0, 0x80, 0x7e, 0x11, 0x97, 0x98, 0x46,
    0x0, 0xdd, 0xd5, 0x4, 0xf7, 0x40, 0x1b, 0x32,
    0x30, 0x3c, 0xc8, 0x3, 0x19, 0x49, 0x9d, 0x2,
    0x60, 0x13, 0xdf, 0x25, 0x65, 0x2e, 0xe3, 0x80,
    0xc, 0x6b, 0x94, 0x17, 0xa9, 0x4c, 0x4, 0xb0,
    0xd9, 0xb8, 0xfc, 0x84, 0xe6, 0x7f, 0xe3, 0x2f,
    0xfd, 0x41, 0x7f, 0xf8, 0x80, 0x3f, 0xfb, 0x60,

    /* U+CDA9 "충" */
    0x0, 0xe1, 0x41, 0x0, 0xf8, 0x8a, 0x7b, 0x72,
    0x28, 0x3, 0x6e, 0xd2, 0x13, 0xbb, 0x0, 0x6d,
    0xd5, 0x88, 0xd, 0xee, 0x80, 0x24, 0x59, 0xb3,
    0xa3, 0xb9, 0x54, 0x0, 0xd, 0xd, 0xea, 0xed,
    0x95, 0x0, 0x7, 0x54, 0xb2, 0x22, 0xc1, 0x5c,
    0x13, 0x44, 0xca, 0xea, 0x89, 0x8c, 0xb3, 0x2f,
    0x40, 0x4f, 0xcc, 0x88, 0x0, 0x5b, 0x8e, 0x4f,
    0x9a, 0x40, 0x1a, 0xcb, 0x3b, 0x7b, 0xa, 0xc0,
    0x37, 0x4, 0xaa, 0xd2, 0x1c, 0x1, 0x9e, 0x5a,
    0xea, 0x8d, 0xe, 0x0,

    /* U+CDE8 "취" */
    0x0, 0xdf, 0x0, 0x14, 0x78, 0x5f, 0xf8, 0x1f,
    0xfc, 0x62, 0x0, 0x8a, 0x70, 0x1a, 0xa1, 0x0,
    0x46, 0xc, 0x43, 0xcc, 0x20, 0x1, 0xea, 0x4d,
    0xc6, 0xc6, 0x0, 0xe, 0xf5, 0x1, 0xee, 0x30,
    0x1, 0xbb, 0x3b, 0x9f, 0xec, 0xf0, 0x2, 0xd5,
    0x24, 0x4e, 0xae, 0xc0, 0x3, 0x77, 0x81, 0x95,
    0x10, 0x1, 0xff, 0xd7,

    /* U+CE21 "측" */
    0x0, 0xe1, 0x41, 0x0, 0xf8, 0x8a, 0x7b, 0x72,
    0x28, 0x3, 0x6e, 0xd2, 0x13, 0xbb, 0x0, 0x6d,
    0xd5, 0x88, 0xd, 0xee, 0x80, 0x24, 0x59, 0xb3,
    0xa3, 0xb9, 0x54, 0x0, 0xd, 0xd, 0xea, 0xed,
    0x95, 0x0, 0x4, 0xef, 0x9, 0x9a, 0x2f, 0xb2,
    0x13, 0x99, 0xff, 0x8c, 0xbf, 0xdd, 0xdf, 0x7f,
    0x88, 0x1, 0x5d, 0xdf, 0x40, 0x6, 0x8b, 0xbe,
    0xa0, 0xf, 0x12, 0x27, 0x80, 0x3f, 0xf8, 0xa0,

    /* U+CE58 "치" */
    0x0, 0x8b, 0xdc, 0x2, 0xaf, 0x5, 0x65, 0xd,
    0x66, 0x8, 0x5, 0x73, 0x0, 0xb3, 0x25, 0x0,
    0xbb, 0xf4, 0x23, 0xfc, 0x80, 0x1c, 0xc1, 0xc0,
    0x1f, 0xb4, 0x1c, 0x3, 0xe3, 0x65, 0x1a, 0x0,
    0xe3, 0xd3, 0xaa, 0x2d, 0x90, 0x0, 0x74, 0xf4,
    0x16, 0x94, 0x2, 0x1f, 0xd1, 0x0, 0x2f, 0x10,
    0x4, 0x20, 0x1f, 0xfc, 0x80,

    /* U+CE74 "카" */
    0x0, 0xfe, 0xea, 0x0, 0xa3, 0xff, 0x9c, 0x3,
    0xd5, 0x77, 0x38, 0x18, 0x7, 0x89, 0x19, 0xc8,
    0x10, 0x3, 0xdd, 0xfb, 0x8a, 0xc0, 0x13, 0x21,
    0x6, 0xde, 0x18, 0x40, 0x4, 0x77, 0x60, 0x34,
    0x93, 0x91, 0x0, 0x93, 0xa4, 0xb, 0x16, 0x18,
    0x3, 0x8, 0x80, 0x1e, 0x54, 0xe0, 0x1f, 0xd9,
    0xea, 0x1, 0xfe, 0x11, 0x0, 0x7f, 0xf2, 0xc0,

    /* U+CEE8 "컨" */
    0x2f, 0xfe, 0xa0, 0x1f, 0x72, 0xaa, 0x98, 0x30,
    0x3, 0x95, 0x60, 0x2, 0x0, 0x67, 0xab, 0xc6,
    0x54, 0x66, 0x0, 0x4, 0xc, 0xc3, 0x71, 0x9,
    0x0, 0x35, 0xa0, 0x68, 0xf7, 0x3c, 0x0, 0xdc,
    0x58, 0x60, 0x1e, 0x46, 0xf2, 0x0, 0xf8, 0xa6,
    0x38, 0x3, 0x9, 0x90, 0x7, 0xf6, 0x28, 0x6,
    0x55, 0xf1, 0x80, 0x6a, 0xaf, 0x40,

    /* U+CF1C "켜" */
    0x0, 0xfe, 0x1f, 0x70, 0x8f, 0xfe, 0x70, 0xe,
    0xaa, 0xd0, 0x4, 0x26, 0x1, 0x12, 0xa3, 0xf8,
    0x4f, 0x68, 0x0, 0x7f, 0xdd, 0xae, 0x9d, 0x74,
    0x0, 0x18, 0x85, 0x20, 0x41, 0x22, 0x0, 0x27,
    0x71, 0xa4, 0x1a, 0x33, 0x80, 0x68, 0x96, 0x70,
    0x89, 0x90, 0x0, 0x75, 0xdd, 0x20, 0xc, 0xfe,
    0x0, 0xf, 0x64, 0x0, 0x7f, 0x19, 0x80, 0x3f,
    0xf9, 0x20,

    /* U+CF5C "콜" */
    0x0, 0x3f, 0xff, 0xce, 0x1, 0x96, 0xef, 0xa4,
    0x3, 0xdf, 0x54, 0xbb, 0xa4, 0x4, 0x3, 0x45,
    0xd2, 0x3e, 0xd8, 0x18, 0x4, 0x82, 0x20, 0x44,
    0x30, 0xb8, 0x20, 0x1d, 0xde, 0x3, 0xba, 0x7a,
    0xb3, 0x37, 0x64, 0xcf, 0xd9, 0xc6, 0x3, 0x73,
    0x3f, 0x58, 0x80, 0x55, 0x77, 0xd4, 0x1, 0xea,
    0xbb, 0xea, 0xf, 0x0, 0xf4, 0xd5, 0x71, 0x80,
    0x7a, 0x6a, 0xba, 0x40, 0x0,

    /* U+D06C "크" */
    0x0, 0xff, 0xe1, 0xe7, 0xff, 0xd0, 0x1, 0xbe,
    0xef, 0xa8, 0x3, 0xc6, 0x89, 0xe0, 0xe, 0x13,
    0x32, 0x2a, 0x99, 0x81, 0xe0, 0x12, 0xe6, 0x2e,
    0xa9, 0x12, 0x1, 0xc9, 0xbd, 0xcf, 0xf7, 0x60,
    0x8, 0x6, 0x21, 0x10, 0x4, 0x20, 0x60, 0x1f,
    0xe7, 0x1, 0x0, 0x17, 0xff, 0xd6, 0x17, 0xe4,
    0x4a, 0xaf, 0xf8, 0x80,

    /* U+D0A4 "키" */
    0x0, 0xfc, 0x3e, 0xe5, 0xff, 0xd8, 0x1, 0x8a,
    0xab, 0x3, 0x0, 0x72, 0xa9, 0x4, 0x3c, 0x3,
    0x57, 0xfb, 0xac, 0x54, 0x3, 0x4c, 0xad, 0xc2,
    0x0, 0x38, 0xd8, 0x1d, 0x18, 0x3, 0xcf, 0x67,
    0x60, 0x1e, 0x88, 0x36, 0x0, 0x7d, 0x1b, 0x20,
    0x1f, 0xc4, 0x1, 0xff, 0xc8,

    /* U+D0DC "태" */
    0x1, 0x1c, 0x15, 0xc1, 0xf5, 0x4e, 0xec, 0x60,
    0x1f, 0x5d, 0xc6, 0x1, 0xe1, 0x44, 0x80, 0x3e,
    0x1d, 0xd5, 0x80, 0x5, 0x40, 0x35, 0x53, 0x40,
    0x2a, 0x0, 0x85, 0xdc, 0xc0, 0x1, 0xf0, 0x8,
    0x5d, 0xd0, 0x80, 0x1c, 0x44, 0xab, 0x31, 0x0,
    0xe8, 0xdd, 0x65, 0xa8, 0x7, 0xff, 0x3c,

    /* U+D130 "터" */
    0x0, 0xfc, 0x3e, 0xf3, 0xff, 0xd0, 0x1, 0xeb,
    0xbd, 0x40, 0x1e, 0x44, 0xc4, 0x1, 0xee, 0xe9,
    0xc9, 0xd8, 0x3, 0x4c, 0xc6, 0xd3, 0x20, 0xc,
    0xef, 0x22, 0x3b, 0xc0, 0x33, 0xbe, 0x81, 0x0,
    0x84, 0x53, 0x2a, 0xa1, 0x80, 0x68, 0xee, 0xb7,
    0x56, 0x20, 0x1f, 0xfc, 0xd0,

    /* U+D134 "턴" */
    0x8f, 0xfe, 0x80, 0x7f, 0x10, 0x5, 0x57, 0x0,
    0x79, 0x15, 0x62, 0x0, 0xf7, 0xf7, 0x1d, 0x7e,
    0x0, 0x34, 0x5d, 0x95, 0xe9, 0x40, 0x31, 0x88,
    0x3b, 0x97, 0x40, 0x35, 0x5d, 0x52, 0x40, 0x34,
    0x7f, 0xf6, 0x0, 0x7a, 0x38, 0x3, 0x11, 0x88,
    0x0, 0x44, 0x1, 0x97, 0x0, 0x39, 0x57, 0xc4,
    0x1, 0xaa, 0xbe,

    /* U+D154 "텔" */
    0xaf, 0xfc, 0x51, 0xe5, 0xee, 0x0, 0xaa, 0x88,
    0x3, 0xe9, 0x93, 0x5a, 0x80, 0x79, 0x98, 0x2,
    0x1, 0xf6, 0x95, 0xf2, 0x80, 0x63, 0x1a, 0x54,
    0x10, 0xe, 0x9e, 0xce, 0xf6, 0xbc, 0x68, 0x40,
    0x2, 0x66, 0x75, 0xc2, 0x0, 0x12, 0xab, 0xa4,
    0x3, 0x25, 0x57, 0x48, 0x8, 0x6, 0x8a, 0xae,
    0x50, 0xd, 0x15, 0x5d, 0x0,

    /* U+D1A0 "토" */
    0x0, 0xff, 0xe1, 0xc7, 0xff, 0xd2, 0x1, 0xea,
    0xbb, 0xf0, 0x7, 0x88, 0xbc, 0x60, 0x1e, 0x98,
    0x8e, 0x30, 0xf, 0x6e, 0x67, 0x18, 0x7, 0xb3,
    0x77, 0xc0, 0x1a, 0x77, 0x52, 0x13, 0xba, 0xe0,
    0xc, 0x24, 0x43, 0x2, 0x2c, 0x0, 0x2f, 0xfd,
    0x41, 0x7f, 0xf8, 0x8e, 0x67, 0xfe, 0x30,

    /* U+D2B8 "트" */
    0x0, 0xff, 0xe1, 0xc7, 0xff, 0xd2, 0x1, 0xea,
    0xbb, 0xf0, 0x7, 0x8c, 0x8b, 0x8c, 0x3, 0xd3,
    0x3e, 0x20, 0xf, 0x66, 0xef, 0x10, 0x7, 0xb3,
    0x77, 0xc0, 0x1a, 0x73, 0x3e, 0xe0, 0xc, 0x26,
    0x7f, 0x10, 0x0, 0xbf, 0xff, 0xe2, 0x39, 0x9f,
    0xf8, 0xc0,

    /* U+D2BC "튼" */
    0x0, 0x3f, 0xff, 0xd0, 0x1, 0xe9, 0xbb, 0xea,
    0x0, 0xf4, 0xdd, 0xf3, 0x0, 0x7a, 0x6e, 0xf9,
    0x40, 0x3d, 0x37, 0x7d, 0x0, 0x19, 0x6a, 0xbf,
    0x0, 0x5, 0x90, 0xcf, 0xe5, 0x61, 0x39, 0x9f,
    0xf8, 0xcb, 0xf6, 0xbf, 0xff, 0x10, 0x2, 0xa8,
    0x20, 0x1f, 0xfc, 0x7, 0x55, 0xe3, 0x0, 0xf4,
    0xd5, 0x74, 0x80, 0x0,

    /* U+D305 "팅" */
    0x8f, 0xfe, 0x80, 0x9f, 0x0, 0xa6, 0xab, 0x0,
    0x79, 0x13, 0x10, 0x7, 0xb7, 0xba, 0x0, 0xfb,
    0x37, 0x60, 0xf, 0xa2, 0x66, 0xb0, 0xd, 0xaa,
    0x23, 0x16, 0x0, 0x88, 0x16, 0xa9, 0x8c, 0xf1,
    0xa1, 0xe0, 0x14, 0xc9, 0x6e, 0xa8, 0xd8, 0x1,
    0x21, 0xca, 0xa9, 0xd8, 0x88, 0x0, 0x43, 0x95,
    0x53, 0xb1, 0x10, 0x1, 0x30, 0xb5, 0x53, 0x60,
    0x0,

    /* U+D30C "파" */
    0x1, 0x1f, 0x83, 0xac, 0x2, 0xfe, 0xef, 0x18,
    0x7, 0x6d, 0xdf, 0x8c, 0x3, 0x8f, 0xfc, 0x85,
    0x4a, 0x1, 0xf9, 0xc0, 0x44, 0x1, 0x32, 0x98,
    0x7, 0xc2, 0x0, 0x2a, 0x90, 0x0, 0x88, 0x3c,
    0x3, 0x27, 0xd0, 0xab, 0x1a, 0x90, 0x2a, 0x0,
    0x64, 0xa3, 0x1a, 0x50, 0xae, 0x0, 0xcb, 0xff,
    0xf5, 0x0, 0x7f, 0xf4, 0x80,

    /* U+D310 "판" */
    0xe, 0xff, 0xf0, 0x75, 0x0, 0x55, 0x5f, 0x0,
    0x79, 0x5, 0x95, 0xc1, 0x40, 0x3e, 0x8f, 0xb,
    0xa0, 0x9, 0x98, 0x60, 0x7, 0x0, 0x84, 0x2,
    0x39, 0xb1, 0x57, 0x25, 0x50, 0x32, 0x2, 0xfc,
    0x15, 0x18, 0xd1, 0x8c, 0x60, 0x6, 0x3f, 0xff,
    0x74, 0x0, 0x7d, 0xf2, 0x1, 0x88, 0x80, 0x1f,
    0xf6, 0x40, 0x7, 0x89, 0x57, 0xc0, 0x1e, 0x4a,
    0xaf, 0x0, 0x0,

    /* U+D328 "패" */
    0x0, 0xf9, 0xfd, 0x3d, 0xc3, 0xff, 0xc0, 0x1e,
    0xcb, 0xcc, 0x5e, 0x0, 0x78, 0xad, 0x16, 0xc8,
    0x3, 0xc2, 0x1, 0xf0, 0x80, 0x7e, 0x10, 0x5,
    0x0, 0x77, 0x88, 0x6, 0x90, 0x0, 0xa8, 0x1e,
    0x83, 0x78, 0x10, 0x1, 0x68, 0x11, 0x42, 0x8,
    0x3, 0x27, 0xff, 0x76, 0x80, 0x7f, 0xf4, 0x0,

    /* U+D32C "팬" */
    0x1f, 0xfe, 0xd7, 0xf2, 0xf8, 0x1a, 0xae, 0x90,
    0xf, 0x28, 0x23, 0x82, 0x0, 0x78, 0xa9, 0x6a,
    0xc0, 0x28, 0x0, 0x8c, 0x4, 0x3, 0x98, 0x0,
    0x4e, 0x18, 0x60, 0xfe, 0x1c, 0x0, 0x49, 0x6,
    0x41, 0xa1, 0x0, 0xcd, 0xfe, 0xec, 0xfd, 0xe0,
    0xf, 0xa7, 0x4, 0x1f, 0x8c, 0xdc, 0x1, 0xf8,
    0x45, 0x8c, 0x1, 0xce, 0xab, 0xc6, 0x1, 0xd3,
    0x55, 0xd2,

    /* U+D38C "펌" */
    0xb, 0xff, 0xf0, 0x3f, 0x88, 0x45, 0xdf, 0x80,
    0x38, 0xcd, 0x88, 0x78, 0xa5, 0xc0, 0x1b, 0x54,
    0x31, 0x27, 0x58, 0x3, 0xf3, 0xce, 0xb0, 0x0,
    0xa9, 0xca, 0x95, 0x54, 0x9c, 0x1, 0xb, 0x20,
    0xaa, 0x84, 0xc0, 0x22, 0xbb, 0x76, 0x65, 0xa4,
    0x10, 0x20, 0x17, 0x44, 0xce, 0x88, 0x8, 0x6,
    0x3e, 0xed, 0x0, 0x1e, 0x15, 0x5d, 0xa0, 0x1e,
    0x2a, 0xac, 0xa0, 0x0,

    /* U+D3D0 "폐" */
    0x2, 0x2e, 0x17, 0xf3, 0xf6, 0x1d, 0xde, 0x90,
    0xe, 0x1c, 0xac, 0xab, 0xa0, 0xf, 0xd, 0x3c,
    0x66, 0x20, 0x3, 0xfd, 0x4c, 0x1, 0xf8, 0xff,
    0x14, 0x3, 0x8c, 0x4, 0x4, 0x84, 0x3, 0x13,
    0x86, 0xe, 0x7d, 0x0, 0x65, 0x90, 0x60, 0x4c,
    0x0, 0xe7, 0xff, 0xdd, 0x20, 0x1f, 0xfd, 0x10,

    /* U+D45C "표" */
    0x0, 0xff, 0xe1, 0xf, 0xff, 0xf0, 0x80, 0x6,
    0xe6, 0x2e, 0xe8, 0xab, 0x10, 0x9, 0x3a, 0x15,
    0x16, 0x35, 0x0, 0x3b, 0xc0, 0x3b, 0x80, 0x39,
    0x78, 0x1d, 0x5c, 0x3d, 0x40, 0x22, 0xa6, 0x9,
    0xa9, 0x6, 0xa2, 0x0, 0x17, 0xd0, 0x5f, 0xd8,
    0x57, 0x90, 0x7, 0xff, 0x8, 0xbf, 0xd4, 0x17,
    0xf6, 0x15, 0xfe, 0x23, 0x99, 0xff, 0x8c,

    /* U+D504 "프" */
    0x0, 0xff, 0xe1, 0xf, 0xff, 0xf0, 0x80, 0x6,
    0xea, 0x2e, 0xe8, 0xab, 0x10, 0x9, 0x36, 0x15,
    0x16, 0x35, 0x0, 0x3b, 0xc0, 0x3b, 0xc0, 0x38,
    0xfc, 0x14, 0xd4, 0x3c, 0xc0, 0x22, 0xc7, 0xb,
    0xcb, 0x7, 0xc2, 0x0, 0x16, 0xef, 0xf1, 0x0,
    0x44, 0x5f, 0xc0, 0x2, 0xff, 0xff, 0x88, 0xe6,
    0x7f, 0xe3,

    /* U+D53C "피" */
    0x1, 0x1f, 0x82, 0xb8, 0x3f, 0xbb, 0xc8, 0x1,
    0x6d, 0xdf, 0x94, 0x2, 0x3f, 0xf2, 0xd, 0x30,
    0x80, 0x67, 0x70, 0x18, 0x98, 0x7, 0x38, 0x80,
    0x7f, 0x8, 0x6, 0x10, 0x8, 0x55, 0x8d, 0x70,
    0x15, 0x0, 0x9, 0x46, 0x34, 0xa1, 0x5e, 0x0,
    0x5f, 0xff, 0xac, 0x3, 0xff, 0x98,

    /* U+D558 "하" */
    0x0, 0x87, 0xe0, 0x2, 0xeb, 0x0, 0x99, 0x8e,
    0x6, 0xcc, 0x20, 0xe, 0x99, 0x81, 0x26, 0x4a,
    0x1, 0xdf, 0xeb, 0x8a, 0xef, 0x70, 0xf, 0x5d,
    0xef, 0x30, 0xf, 0x2a, 0x56, 0x70, 0x78, 0x1,
    0x3e, 0x40, 0x81, 0x0, 0xa, 0x40, 0x3, 0x9a,
    0x3, 0x8, 0x14, 0x42, 0x80, 0x1d, 0x8c, 0x11,
    0xdb, 0xac, 0xe8, 0x3, 0xe8, 0xeb, 0xdc, 0x10,
    0xf, 0xc2, 0x84, 0x1, 0xff, 0xc8,

    /* U+D568 "함" */
    0x0, 0x86, 0xc, 0x2, 0x43, 0x0, 0x8c, 0xc8,
    0xf4, 0x66, 0x1a, 0x80, 0x0, 0xe6, 0x28, 0x1b,
    0x30, 0xe0, 0x18, 0x7f, 0xa5, 0xe3, 0x3d, 0x80,
    0x38, 0x72, 0x52, 0xb1, 0x80, 0x9, 0xd0, 0xe,
    0x59, 0x8d, 0x3b, 0x0, 0x14, 0x58, 0x10, 0x4a,
    0x31, 0xb0, 0x1, 0x98, 0x60, 0x90, 0x97, 0x2b,
    0x40, 0x1f, 0x35, 0x5d, 0xb9, 0x52, 0x3c, 0x3,
    0x2d, 0xdf, 0xa7, 0xc0, 0x3d, 0x5d, 0xd8, 0x40,
    0x3e, 0xd4, 0x4c, 0x1, 0xf9, 0xea, 0xb0, 0x80,
    0x40,

    /* U+D569 "합" */
    0x0, 0xce, 0x60, 0x12, 0x18, 0x4, 0x66, 0x48,
    0xa3, 0x30, 0xd4, 0x0, 0x7, 0x31, 0x60, 0xd9,
    0x87, 0x0, 0xc3, 0xdc, 0x97, 0x8c, 0xe6, 0x0,
    0xf6, 0x4a, 0xce, 0x20, 0x1, 0x3e, 0x1, 0xcb,
    0x37, 0x8e, 0x0, 0x5, 0x36, 0x4, 0x16, 0x48,
    0x4c, 0x0, 0x66, 0x18, 0x24, 0x3e, 0xda, 0xd0,
    0x7, 0xcf, 0x17, 0xf6, 0x21, 0x1c, 0x1, 0x8a,
    0x35, 0x57, 0x47, 0x0, 0x79, 0xaa, 0xb0, 0x80,
    0x7c, 0xd7, 0x78, 0x40, 0x3e, 0x6b, 0xbc, 0x20,
    0x10,

    /* U+D574 "해" */
    0x0, 0xb6, 0x80, 0xf, 0xe3, 0xf0, 0x2a, 0xa3,
    0x65, 0x40, 0xe, 0x2a, 0xa0, 0x9d, 0x50, 0x3,
    0x8f, 0xfa, 0xa9, 0xfc, 0x1, 0xe3, 0xfa, 0xa6,
    0x88, 0x7, 0xa4, 0x3b, 0x9, 0x80, 0x1c, 0x1,
    0x3a, 0x89, 0x8f, 0x0, 0x20, 0x2, 0x75, 0x24,
    0x1e, 0x0, 0x30, 0x5, 0x1, 0xb6, 0x6e, 0x1,
    0xe2, 0xeb, 0xcc, 0x0, 0x7f, 0x21, 0x80, 0x7f,
    0xf1, 0xc0,

    /* U+D588 "했" */
    0x0, 0xba, 0xc0, 0xf, 0xe7, 0xec, 0x7, 0xfe,
    0x14, 0xff, 0x0, 0x1c, 0x4, 0xa, 0xa9, 0x10,
    0xaa, 0x0, 0x78, 0x5a, 0xe2, 0x27, 0x0, 0x60,
    0x6, 0xf3, 0xa9, 0x28, 0x0, 0x38, 0x7, 0x98,
    0x84, 0x2, 0xb0, 0xd, 0xe7, 0x96, 0x70, 0x1,
    0xf1, 0xf6, 0x46, 0x13, 0xd8, 0xd2, 0x80, 0x66,
    0x87, 0x0, 0x4c, 0x29, 0x0, 0x6e, 0x8, 0x34,
    0x22, 0x20, 0x6, 0x94, 0x95, 0xba, 0x34, 0xb6,
    0x0, 0x23, 0xd3, 0x5a, 0x2e, 0xda, 0xe8, 0x1,
    0x39, 0x40, 0x19, 0x62, 0x15, 0x60,

    /* U+D589 "행" */
    0x0, 0xba, 0xc0, 0xd, 0xe7, 0xee, 0x7f, 0xe1,
    0x4f, 0xf0, 0x80, 0x5e, 0x55, 0x48, 0x85, 0x50,
    0x40, 0x30, 0xb5, 0xc4, 0x4e, 0x0, 0xb0, 0xb,
    0xce, 0xa4, 0xa0, 0x0, 0xe0, 0x1c, 0xc4, 0x20,
    0x16, 0x0, 0x5e, 0x79, 0x67, 0x6, 0x60, 0xc,
    0x7d, 0xba, 0xe7, 0x39, 0x7, 0xc0, 0x8, 0x73,
    0x17, 0x6a, 0xc4, 0x50, 0xa, 0x7, 0x7b, 0x7e,
    0x8d, 0x80, 0x22, 0xb, 0x54, 0x6e, 0x2, 0x0,
    0xa6, 0x16, 0xed, 0x1, 0x4a,

    /* U+D5A5 "향" */
    0x0, 0xc8, 0x40, 0x10, 0x88, 0x3, 0x8a, 0xd4,
    0x2, 0xfa, 0x0, 0xf, 0xfb, 0x42, 0x3f, 0xcc,
    0x0, 0x10, 0x1b, 0xb4, 0xbc, 0x5d, 0x9c, 0x13,
    0x9c, 0x13, 0xa5, 0xe2, 0x9c, 0x40, 0xf1, 0x81,
    0x96, 0xbf, 0x8f, 0xc0, 0x27, 0x0, 0x18, 0x69,
    0x29, 0x80, 0x47, 0x6c, 0xa, 0xcf, 0xb6, 0x7c,
    0x0, 0x4f, 0x70, 0x4, 0xfd, 0xcd, 0xb9, 0xbe,
    0x80, 0x74, 0xdc, 0xc5, 0xe3, 0x90, 0x6, 0x36,
    0x67, 0xf7, 0x41, 0x20, 0x18, 0x81, 0x19, 0x16,
    0x45, 0xc0, 0x30, 0xe3, 0xc5, 0xd2, 0xbd, 0x0,
    0x0,

    /* U+D5D8 "험" */
    0x0, 0xc8, 0x20, 0x18, 0x40, 0x31, 0xda, 0x0,
    0x4f, 0xc2, 0x2f, 0xf6, 0x5, 0x7f, 0x98, 0x2,
    0x1b, 0xb4, 0xc4, 0xdd, 0x9c, 0x3, 0x27, 0xcc,
    0x4f, 0xb3, 0xe8, 0x4, 0xc9, 0x7d, 0x69, 0x32,
    0x50, 0x8, 0xc0, 0x40, 0x43, 0xbe, 0x0, 0x25,
    0x6a, 0xea, 0x65, 0x0, 0xf4, 0xdc, 0xd6, 0x2a,
    0x85, 0xc4, 0x2, 0x99, 0x55, 0x69, 0x71, 0x0,
    0xcb, 0xff, 0xa0, 0x3, 0xcc, 0xab, 0xb4, 0x3,
    0xc7, 0x55, 0x94, 0x0,

    /* U+D604 "현" */
    0x0, 0xc2, 0x1, 0xfe, 0x3e, 0x50, 0x9, 0xf8,
    0x42, 0xed, 0xe1, 0x37, 0x64, 0xf1, 0x0, 0x11,
    0x15, 0x94, 0x88, 0xe0, 0x1a, 0x68, 0x91, 0x72,
    0xe5, 0x40, 0x21, 0xc7, 0xa6, 0xa4, 0x31, 0x0,
    0x94, 0x3d, 0xe8, 0x3a, 0x94, 0x2, 0x51, 0xe8,
    0xb0, 0xec, 0x60, 0x8, 0x71, 0xc, 0x6d, 0xb9,
    0xc0, 0x31, 0x7, 0x52, 0x0, 0xf8, 0x7, 0x36,
    0x0, 0x67, 0xf1, 0x0, 0xc4, 0xab, 0xe3, 0x0,
    0xc9, 0x55, 0xf0,

    /* U+D615 "형" */
    0x0, 0xc8, 0x20, 0x18, 0x40, 0x31, 0xda, 0x0,
    0x51, 0xc2, 0x2f, 0xf6, 0x5, 0x7f, 0x98, 0x2,
    0x1b, 0xb4, 0x3c, 0x5d, 0x94, 0x40, 0x24, 0x88,
    0x3c, 0x40, 0x31, 0x80, 0x26, 0x3d, 0xfc, 0x32,
    0xd6, 0x0, 0xe4, 0x34, 0xf, 0xd6, 0x0, 0x99,
    0x27, 0x21, 0x62, 0x94, 0x3, 0x5f, 0x64, 0xe3,
    0x86, 0x28, 0x80, 0x49, 0xb3, 0x10, 0xa9, 0x20,
    0xd, 0x65, 0xdd, 0x7b, 0x39, 0x0, 0x4a, 0x72,
    0xaa, 0x64, 0x3, 0x0, 0xad, 0xd6, 0xa9, 0xf,
    0xa2,

    /* U+D638 "호" */
    0x0, 0xe4, 0xf4, 0x0, 0xf1, 0x4c, 0xde, 0x1f,
    0x33, 0x10, 0x4, 0x67, 0xa, 0x89, 0x9c, 0x1,
    0x15, 0x41, 0xb3, 0xb1, 0xc5, 0x10, 0x4, 0x9a,
    0xa9, 0x48, 0x8d, 0x30, 0xd, 0x81, 0xd0, 0xf1,
    0xe1, 0x60, 0x1a, 0xc3, 0xe1, 0xe3, 0xc2, 0xc0,
    0x31, 0xea, 0xa4, 0x22, 0xe9, 0x80, 0x71, 0x44,
    0x2, 0x20, 0x40, 0x11, 0x77, 0x6a, 0xa, 0xee,
    0xc4, 0x71, 0x1d, 0x31, 0x1c, 0x60,

    /* U+D654 "화" */
    0x0, 0xca, 0x40, 0x11, 0x18, 0x7, 0xd, 0x50,
    0x2, 0xbc, 0x0, 0xf, 0xfb, 0x81, 0xff, 0xce,
    0x1, 0x86, 0x66, 0x78, 0x99, 0x20, 0x7, 0x30,
    0xcb, 0xc5, 0x39, 0x80, 0x71, 0xc2, 0x5c, 0x9d,
    0x0, 0x79, 0x42, 0x11, 0x8d, 0x80, 0x2f, 0xb0,
    0x40, 0xe7, 0x93, 0x50, 0xa, 0x7c, 0xb, 0x1e,
    0x12, 0x60, 0x2, 0x64, 0x0, 0x1d, 0x82, 0xb0,
    0x88, 0x3, 0x3f, 0xfb, 0x81, 0xff, 0xbc, 0x3,
    0x2d, 0x57, 0x5d, 0xb4, 0x3, 0x12, 0xaf, 0x22,
    0xc, 0x3, 0x0,

    /* U+D655 "확" */
    0x0, 0xc8, 0x40, 0x10, 0x88, 0x2, 0x23, 0x35,
    0xc9, 0x98, 0x73, 0x40, 0x2c, 0xc8, 0x13, 0x31,
    0x20, 0x1d, 0xd8, 0xea, 0xa9, 0xe8, 0x0, 0xe2,
    0xc4, 0xd2, 0x8a, 0x0, 0xf3, 0x5, 0xb5, 0x12,
    0x80, 0xf, 0xe0, 0x12, 0x2b, 0xb4, 0x28, 0x0,
    0x53, 0x62, 0x87, 0x20, 0x92, 0x28, 0x2, 0xc6,
    0x57, 0x70, 0xac, 0x43, 0x40, 0x31, 0xfe, 0xcc,
    0x42, 0xed, 0xeb, 0x40, 0x19, 0xe6, 0x7c, 0xf4,
    0x1, 0x97, 0xff, 0xc4, 0x1, 0xff, 0xc4,

    /* U+D68C "회" */
    0x0, 0xc8, 0x60, 0x19, 0x8, 0x3, 0x54, 0x0,
    0x43, 0x74, 0x19, 0xdc, 0x14, 0xee, 0x48, 0x6,
    0xb6, 0x63, 0xb9, 0x99, 0x80, 0x19, 0xed, 0x1d,
    0xc7, 0x4a, 0x1, 0x87, 0x6, 0xa5, 0x7c, 0x3,
    0x88, 0x2d, 0x59, 0xc8, 0x3, 0x8c, 0x62, 0x12,
    0xca, 0x1, 0xef, 0x77, 0xa2, 0x80, 0x3c, 0x32,
    0x2a, 0xe2, 0x20, 0x9, 0xff, 0xe1, 0x4f, 0xee,
    0x30, 0x1, 0x6a, 0xba, 0xed, 0x8a, 0x0, 0x25,
    0x5e, 0x44, 0x19, 0x80, 0x0,

    /* U+D69F "횟" */
    0x0, 0xc8, 0x40, 0x10, 0x88, 0x0, 0x46, 0x6b,
    0x83, 0x30, 0xc7, 0x0, 0x33, 0x20, 0x5c, 0xc3,
    0x0, 0x6e, 0xc7, 0x56, 0x9f, 0x70, 0xc, 0x78,
    0x84, 0x13, 0x60, 0x1c, 0xc1, 0x75, 0x43, 0x50,
    0xe, 0x57, 0x9d, 0xc0, 0xd0, 0xc, 0x27, 0x74,
    0x9, 0x2a, 0xc6, 0x0, 0x6c, 0xc5, 0xa, 0xc5,
    0xd0, 0x80, 0x1f, 0xfd, 0xdd, 0x2d, 0xe1, 0x0,
    0x7c, 0xaf, 0x5, 0x3e, 0x1, 0x12, 0xdd, 0x32,
    0xec, 0xa0, 0x80, 0x3a, 0x87, 0x26, 0xe9, 0x6e,
    0x0, 0x19, 0xf4, 0x60, 0x5, 0xcf, 0x90,

    /* U+D6A8 "효" */
    0x0, 0xe4, 0xf4, 0x0, 0xf1, 0x4c, 0xde, 0x1f,
    0x33, 0x10, 0x4, 0x67, 0xa, 0x89, 0x9c, 0x1,
    0x15, 0x41, 0xb3, 0xb1, 0xc5, 0x10, 0x4, 0x7a,
    0x88, 0xa4, 0x46, 0x98, 0x6, 0xb0, 0xf8, 0x78,
    0xf0, 0xb0, 0xd, 0xa1, 0x2a, 0x8b, 0x21, 0x80,
    0x19, 0x61, 0x2a, 0xe9, 0x21, 0x0, 0x38, 0xc2,
    0xfe, 0x80, 0xc0, 0x21, 0x66, 0x68, 0x6b, 0x60,
    0x6b, 0x30, 0x4e, 0x20, 0xe2, 0xf0, 0xe2, 0xf1,
    0x3,

    /* U+D6C4 "후" */
    0x0, 0xe1, 0x31, 0x0, 0xff, 0x26, 0x28, 0x7,
    0x8f, 0xfe, 0xa0, 0xbf, 0xf8, 0xc0, 0x7, 0x76,
    0xa7, 0x67, 0xab, 0xb1, 0x80, 0x49, 0xd4, 0xec,
    0xf5, 0xc8, 0x1, 0x99, 0x67, 0xfe, 0x85, 0x60,
    0xc, 0x61, 0xaa, 0x8b, 0x80, 0x60, 0x19, 0x65,
    0xea, 0xe9, 0xe5, 0x40, 0x2, 0xcc, 0xa, 0x99,
    0xa8, 0x19, 0x82, 0x73, 0x3f, 0xf1, 0x97, 0xfe,
    0xa0, 0xbf, 0xfc, 0x40, 0x1f, 0xfc, 0xe0,

    /* U+D788 "히" */
    0x0, 0x8b, 0xdc, 0x2, 0x8f, 0x10, 0x55, 0x83,
    0x55, 0x44, 0x1, 0xd, 0x52, 0x1, 0x6a, 0x8e,
    0x1, 0xf, 0xfa, 0xe6, 0xbf, 0xca, 0x1, 0xd7,
    0x68, 0xae, 0x20, 0xe, 0x64, 0xae, 0xd1, 0x80,
    0xe, 0xe0, 0x50, 0x23, 0x70, 0xe, 0xd0, 0x81,
    0x43, 0x40, 0xe, 0x56, 0x7e, 0xb3, 0x80, 0xf,
    0x4f, 0x5e, 0xe0, 0x80, 0x7c, 0x28, 0x40, 0x1f,
    0xfc, 0x60
};


/*---------------------
 *  GLYPH DESCRIPTION
 *--------------------*/

static const lv_font_fmt_txt_glyph_dsc_t glyph_dsc[] = {
    {.bitmap_index = 0, .adv_w = 0, .box_w = 0, .box_h = 0, .ofs_x = 0, .ofs_y = 0} /* id = 0 reserved */,
    {.bitmap_index = 0, .adv_w = 73, .box_w = 0, .box_h = 0, .ofs_x = 0, .ofs_y = 0},
    {.bitmap_index = 0, .adv_w = 67, .box_w = 3, .box_h = 10, .ofs_x = 1, .ofs_y = 0},
    {.bitmap_index = 14, .adv_w = 99, .box_w = 5, .box_h = 3, .ofs_x = 1, .ofs_y = 7},
    {.bitmap_index = 22, .adv_w = 126, .box_w = 8, .box_h = 10, .ofs_x = 0, .ofs_y = 0},
    {.bitmap_index = 63, .adv_w = 121, .box_w = 7, .box_h = 13, .ofs_x = 0, .ofs_y = -2},
    {.bitmap_index = 107, .adv_w = 182, .box_w = 11, .box_h = 10, .ofs_x = 0, .ofs_y = 0},
    {.bitmap_index = 162, .adv_w = 178, .box_w = 11, .box_h = 10, .ofs_x = 0, .ofs_y = 0},
    {.bitmap_index = 214, .adv_w = 59, .box_w = 2, .box_h = 3, .ofs_x = 1, .ofs_y = 7},
    {.bitmap_index = 217, .adv_w = 74, .box_w = 5, .box_h = 12, .ofs_x = 0, .ofs_y = -2},
    {.bitmap_index = 245, .adv_w = 74, .box_w = 4, .box_h = 12, .ofs_x = 0, .ofs_y = -2},
    {.bitmap_index = 269, .adv_w = 95, .box_w = 6, .box_h = 5, .ofs_x = 0, .ofs_y = 5},
    {.bitmap_index = 285, .adv_w = 150, .box_w = 7, .box_h = 7, .ofs_x = 1, .ofs_y = 0},
    {.bitmap_index = 305, .adv_w = 54, .box_w = 3, .box_h = 4, .ofs_x = 0, .ofs_y = -2},
    {.bitmap_index = 312, .adv_w = 86, .box_w = 5, .box_h = 3, .ofs_x = 0, .ofs_y = 2},
    {.bitmap_index = 319, .adv_w = 54, .box_w = 3, .box_h = 2, .ofs_x = 0, .ofs_y = 0},
    {.bitmap_index = 323, .adv_w = 91, .box_w = 7, .box_h = 11, .ofs_x = -1, .ofs_y = -1},
    {.bitmap_index = 356, .adv_w = 121, .box_w = 8, .box_h = 10, .ofs_x = 0, .ofs_y = 0},
    {.bitmap_index = 396, .adv_w = 121, .box_w = 5, .box_h = 10, .ofs_x = 1, .ofs_y = 0},
    {.bitmap_index = 409, .adv_w = 121, .box_w = 7, .box_h = 10, .ofs_x = 0, .ofs_y = 0},
    {.bitmap_index = 444, .adv_w = 121, .box_w = 7, .box_h = 10, .ofs_x = 0, .ofs_y = 0},
    {.bitmap_index = 479, .adv_w = 121, .box_w = 8, .box_h = 10, .ofs_x = 0, .ofs_y = 0},
    {.bitmap_index = 513, .adv_w = 121, .box_w = 7, .box_h = 10, .ofs_x = 0, .ofs_y = 0},
    {.bitmap_index = 547, .adv_w = 121, .box_w = 8, .box_h = 10, .ofs_x = 0, .ofs_y = 0},
    {.bitmap_index = 587, .adv_w = 121, .box_w = 7, .box_h = 10, .ofs_x = 0, .ofs_y = 0},
    {.bitmap_index = 617, .adv_w = 121, .box_w = 8, .box_h = 10, .ofs_x = 0, .ofs_y = 0},
    {.bitmap_index = 656, .adv_w = 121, .box_w = 7, .box_h = 10, .ofs_x = 0, .ofs_y = 0},
    {.bitmap_index = 692, .adv_w = 54, .box_w = 3, .box_h = 7, .ofs_x = 0, .ofs_y = 0},
    {.bitmap_index = 702, .adv_w = 54, .box_w = 3, .box_h = 9, .ofs_x = 0, .ofs_y = -2},
    {.bitmap_index = 715, .adv_w = 150, .box_w = 7, .box_h = 8, .ofs_x = 1, .ofs_y = 0},
    {.bitmap_index = 741, .adv_w = 150, .box_w = 7, .box_h = 6, .ofs_x = 1, .ofs_y = 1},
    {.bitmap_index = 756, .adv_w = 150, .box_w = 7, .box_h = 8, .ofs_x = 1, .ofs_y = 0},
    {.bitmap_index = 782, .adv_w = 94, .box_w = 6, .box_h = 10, .ofs_x = 0, .ofs_y = 0},
    {.bitmap_index = 812, .adv_w = 204, .box_w = 12, .box_h = 12, .ofs_x = 0, .ofs_y = -2},
    {.bitmap_index = 882, .adv_w = 146, .box_w = 10, .box_h = 10, .ofs_x = 0, .ofs_y = 0},
    {.bitmap_index = 927, .adv_w = 133, .box_w = 7, .box_h = 10, .ofs_x = 1, .ofs_y = 0},
    {.bitmap_index = 961, .adv_w = 133, .box_w = 8, .box_h = 10, .ofs_x = 0, .ofs_y = 0},
    {.bitmap_index = 998, .adv_w = 155, .box_w = 9, .box_h = 10, .ofs_x = 1, .ofs_y = 0},
    {.bitmap_index = 1036, .adv_w = 112, .box_w = 6, .box_h = 10, .ofs_x = 1, .ofs_y = 0},
    {.bitmap_index = 1060, .adv_w = 109, .box_w = 6, .box_h = 10, .ofs_x = 1, .ofs_y = 0},
    {.bitmap_index = 1080, .adv_w = 150, .box_w = 9, .box_h = 10, .ofs_x = 0, .ofs_y = 0},
    {.bitmap_index = 1123, .adv_w = 160, .box_w = 8, .box_h = 10, .ofs_x = 1, .ofs_y = 0},
    {.bitmap_index = 1142, .adv_w = 64, .box_w = 2, .box_h = 10, .ofs_x = 1, .ofs_y = 0},
    {.bitmap_index = 1147, .adv_w = 90, .box_w = 5, .box_h = 10, .ofs_x = 0, .ofs_y = 0},
    {.bitmap_index = 1162, .adv_w = 134, .box_w = 8, .box_h = 10, .ofs_x = 1, .ofs_y = 0},
    {.bitmap_index = 1197, .adv_w = 107, .box_w = 6, .box_h = 10, .ofs_x = 1, .ofs_y = 0},
    {.bitmap_index = 1207, .adv_w = 201, .box_w = 11, .box_h = 10, .ofs_x = 1, .ofs_y = 0},
    {.bitmap_index = 1253, .adv_w = 166, .box_w = 9, .box_h = 10, .ofs_x = 1, .ofs_y = 0},
    {.bitmap_index = 1287, .adv_w = 161, .box_w = 10, .box_h = 10, .ofs_x = 0, .ofs_y = 0},
    {.bitmap_index = 1333, .adv_w = 128, .box_w = 7, .box_h = 10, .ofs_x = 1, .ofs_y = 0},
    {.bitmap_index = 1362, .adv_w = 161, .box_w = 11, .box_h = 11, .ofs_x = 0, .ofs_y = -1},
    {.bitmap_index = 1418, .adv_w = 136, .box_w = 8, .box_h = 10, .ofs_x = 1, .ofs_y = 0},
    {.bitmap_index = 1454, .adv_w = 118, .box_w = 7, .box_h = 10, .ofs_x = 0, .ofs_y = 0},
    {.bitmap_index = 1489, .adv_w = 121, .box_w = 8, .box_h = 10, .ofs_x = 0, .ofs_y = 0},
    {.bitmap_index = 1503, .adv_w = 152, .box_w = 8, .box_h = 10, .ofs_x = 1, .ofs_y = 0},
    {.bitmap_index = 1527, .adv_w = 140, .box_w = 9, .box_h = 10, .ofs_x = 0, .ofs_y = 0},
    {.bitmap_index = 1571, .adv_w = 210, .box_w = 13, .box_h = 10, .ofs_x = 0, .ofs_y = 0},
    {.bitmap_index = 1637, .adv_w = 136, .box_w = 9, .box_h = 10, .ofs_x = 0, .ofs_y = 0},
    {.bitmap_index = 1679, .adv_w = 126, .box_w = 8, .box_h = 10, .ofs_x = 0, .ofs_y = 0},
    {.bitmap_index = 1709, .adv_w = 127, .box_w = 8, .box_h = 10, .ofs_x = 0, .ofs_y = 0},
    {.bitmap_index = 1744, .adv_w = 74, .box_w = 4, .box_h = 13, .ofs_x = 1, .ofs_y = -3},
    {.bitmap_index = 1757, .adv_w = 159, .box_w = 12, .box_h = 10, .ofs_x = -1, .ofs_y = 0},
    {.bitmap_index = 1819, .adv_w = 74, .box_w = 4, .box_h = 13, .ofs_x = 0, .ofs_y = -3},
    {.bitmap_index = 1832, .adv_w = 150, .box_w = 7, .box_h = 6, .ofs_x = 1, .ofs_y = 4},
    {.bitmap_index = 1852, .adv_w = 89, .box_w = 6, .box_h = 1, .ofs_x = 0, .ofs_y = -2},
    {.bitmap_index = 1854, .adv_w = 64, .box_w = 4, .box_h = 2, .ofs_x = 0, .ofs_y = 8},
    {.bitmap_index = 1858, .adv_w = 113, .box_w = 7, .box_h = 7, .ofs_x = 0, .ofs_y = 0},
    {.bitmap_index = 1883, .adv_w = 130, .box_w = 8, .box_h = 10, .ofs_x = 0, .ofs_y = 0},
    {.bitmap_index = 1915, .adv_w = 101, .box_w = 6, .box_h = 7, .ofs_x = 0, .ofs_y = 0},
    {.bitmap_index = 1936, .adv_w = 130, .box_w = 8, .box_h = 10, .ofs_x = 0, .ofs_y = 0},
    {.bitmap_index = 1971, .adv_w = 114, .box_w = 7, .box_h = 7, .ofs_x = 0, .ofs_y = 0},
    {.bitmap_index = 1996, .adv_w = 77, .box_w = 5, .box_h = 10, .ofs_x = 0, .ofs_y = 0},
    {.bitmap_index = 2015, .adv_w = 130, .box_w = 8, .box_h = 10, .ofs_x = 0, .ofs_y = -3},
    {.bitmap_index = 2056, .adv_w = 126, .box_w = 8, .box_h = 10, .ofs_x = 0, .ofs_y = 0},
    {.bitmap_index = 2078, .adv_w = 57, .box_w = 3, .box_h = 10, .ofs_x = 0, .ofs_y = 0},
    {.bitmap_index = 2088, .adv_w = 58, .box_w = 4, .box_h = 13, .ofs_x = -1, .ofs_y = -3},
    {.bitmap_index = 2105, .adv_w = 115, .box_w = 8, .box_h = 10, .ofs_x = 0, .ofs_y = 0},
    {.bitmap_index = 2132, .adv_w = 57, .box_w = 3, .box_h = 10, .ofs_x = 0, .ofs_y = 0},
    {.bitmap_index = 2137, .adv_w = 192, .box_w = 12, .box_h = 7, .ofs_x = 0, .ofs_y = 0},
    {.bitmap_index = 2164, .adv_w = 127, .box_w = 8, .box_h = 7, .ofs_x = 0, .ofs_y = 0},
    {.bitmap_index = 2182, .adv_w = 129, .box_w = 8, .box_h = 7, .ofs_x = 0, .ofs_y = 0},
    {.bitmap_index = 2210, .adv_w = 130, .box_w = 8, .box_h = 10, .ofs_x = 0, .ofs_y = -3},
    {.bitmap_index = 2245, .adv_w = 130, .box_w = 8, .box_h = 10, .ofs_x = 0, .ofs_y = -3},
    {.bitmap_index = 2280, .adv_w = 82, .box_w = 6, .box_h = 8, .ofs_x = 0, .ofs_y = 0},
    {.bitmap_index = 2295, .adv_w = 96, .box_w = 6, .box_h = 7, .ofs_x = 0, .ofs_y = 0},
    {.bitmap_index = 2317, .adv_w = 80, .box_w = 5, .box_h = 10, .ofs_x = 0, .ofs_y = 0},
    {.bitmap_index = 2339, .adv_w = 127, .box_w = 7, .box_h = 7, .ofs_x = 0, .ofs_y = 0},
    {.bitmap_index = 2357, .adv_w = 112, .box_w = 7, .box_h = 7, .ofs_x = 0, .ofs_y = 0},
    {.bitmap_index = 2382, .adv_w = 165, .box_w = 11, .box_h = 7, .ofs_x = 0, .ofs_y = 0},
    {.bitmap_index = 2422, .adv_w = 112, .box_w = 7, .box_h = 7, .ofs_x = 0, .ofs_y = 0},
    {.bitmap_index = 2447, .adv_w = 111, .box_w = 7, .box_h = 10, .ofs_x = 0, .ofs_y = -3},
    {.bitmap_index = 2482, .adv_w = 101, .box_w = 7, .box_h = 7, .ofs_x = 0, .ofs_y = 0},
    {.bitmap_index = 2506, .adv_w = 74, .box_w = 5, .box_h = 13, .ofs_x = 0, .ofs_y = -3},
    {.bitmap_index = 2537, .adv_w = 64, .box_w = 2, .box_h = 14, .ofs_x = 1, .ofs_y = -3},
    {.bitmap_index = 2543, .adv_w = 74, .box_w = 4, .box_h = 13, .ofs_x = 0, .ofs_y = -3},
    {.bitmap_index = 2567, .adv_w = 150, .box_w = 8, .box_h = 4, .ofs_x = 1, .ofs_y = 2},
    {.bitmap_index = 2581, .adv_w = 81, .box_w = 5, .box_h = 4, .ofs_x = 0, .ofs_y = 6},
    {.bitmap_index = 2590, .adv_w = 150, .box_w = 7, .box_h = 9, .ofs_x = 1, .ofs_y = 0},
    {.bitmap_index = 2616, .adv_w = 54, .box_w = 3, .box_h = 2, .ofs_x = 0, .ofs_y = 3},
    {.bitmap_index = 2620, .adv_w = 150, .box_w = 7, .box_h = 8, .ofs_x = 1, .ofs_y = 0},
    {.bitmap_index = 2647, .adv_w = 107, .box_w = 7, .box_h = 3, .ofs_x = 0, .ofs_y = 2},
    {.bitmap_index = 2654, .adv_w = 213, .box_w = 14, .box_h = 3, .ofs_x = 0, .ofs_y = 2},
    {.bitmap_index = 2665, .adv_w = 58, .box_w = 3, .box_h = 3, .ofs_x = 0, .ofs_y = 7},
    {.bitmap_index = 2670, .adv_w = 58, .box_w = 4, .box_h = 3, .ofs_x = 0, .ofs_y = 7},
    {.bitmap_index = 2677, .adv_w = 98, .box_w = 6, .box_h = 3, .ofs_x = 0, .ofs_y = 7},
    {.bitmap_index = 2687, .adv_w = 98, .box_w = 6, .box_h = 3, .ofs_x = 0, .ofs_y = 7},
    {.bitmap_index = 2696, .adv_w = 87, .box_w = 4, .box_h = 4, .ofs_x = 1, .ofs_y = 2},
    {.bitmap_index = 2705, .adv_w = 184, .box_w = 11, .box_h = 2, .ofs_x = 0, .ofs_y = 0},
    {.bitmap_index = 2714, .adv_w = 198, .box_w = 12, .box_h = 11, .ofs_x = 0, .ofs_y = -1},
    {.bitmap_index = 2768, .adv_w = 208, .box_w = 11, .box_h = 6, .ofs_x = 1, .ofs_y = 1},
    {.bitmap_index = 2790, .adv_w = 208, .box_w = 13, .box_h = 12, .ofs_x = 0, .ofs_y = -1},
    {.bitmap_index = 2843, .adv_w = 208, .box_w = 13, .box_h = 12, .ofs_x = 0, .ofs_y = -1},
    {.bitmap_index = 2898, .adv_w = 208, .box_w = 13, .box_h = 12, .ofs_x = 0, .ofs_y = -1},
    {.bitmap_index = 2957, .adv_w = 208, .box_w = 13, .box_h = 12, .ofs_x = 0, .ofs_y = -1},
    {.bitmap_index = 3020, .adv_w = 208, .box_w = 13, .box_h = 13, .ofs_x = 0, .ofs_y = -2},
    {.bitmap_index = 3094, .adv_w = 208, .box_w = 12, .box_h = 12, .ofs_x = 0, .ofs_y = -1},
    {.bitmap_index = 3144, .adv_w = 208, .box_w = 11, .box_h = 12, .ofs_x = 1, .ofs_y = -1},
    {.bitmap_index = 3196, .adv_w = 208, .box_w = 12, .box_h = 12, .ofs_x = 0, .ofs_y = -1},
    {.bitmap_index = 3254, .adv_w = 208, .box_w = 12, .box_h = 13, .ofs_x = 1, .ofs_y = -2},
    {.bitmap_index = 3323, .adv_w = 208, .box_w = 12, .box_h = 12, .ofs_x = 0, .ofs_y = -1},
    {.bitmap_index = 3370, .adv_w = 208, .box_w = 11, .box_h = 12, .ofs_x = 1, .ofs_y = -1},
    {.bitmap_index = 3425, .adv_w = 208, .box_w = 11, .box_h = 12, .ofs_x = 1, .ofs_y = -1},
    {.bitmap_index = 3489, .adv_w = 208, .box_w = 12, .box_h = 12, .ofs_x = 0, .ofs_y = -1},
    {.bitmap_index = 3539, .adv_w = 208, .box_w = 13, .box_h = 10, .ofs_x = 0, .ofs_y = 0},
    {.bitmap_index = 3579, .adv_w = 208, .box_w = 13, .box_h = 12, .ofs_x = 0, .ofs_y = -1},
    {.bitmap_index = 3643, .adv_w = 208, .box_w = 13, .box_h = 12, .ofs_x = 0, .ofs_y = -1},
    {.bitmap_index = 3702, .adv_w = 208, .box_w = 13, .box_h = 12, .ofs_x = 0, .ofs_y = -1},
    {.bitmap_index = 3765, .adv_w = 208, .box_w = 13, .box_h = 11, .ofs_x = 0, .ofs_y = 0},
    {.bitmap_index = 3809, .adv_w = 208, .box_w = 13, .box_h = 12, .ofs_x = 0, .ofs_y = -1},
    {.bitmap_index = 3848, .adv_w = 208, .box_w = 13, .box_h = 10, .ofs_x = 0, .ofs_y = 0},
    {.bitmap_index = 3887, .adv_w = 208, .box_w = 13, .box_h = 12, .ofs_x = 0, .ofs_y = -1},
    {.bitmap_index = 3932, .adv_w = 208, .box_w = 13, .box_h = 12, .ofs_x = 0, .ofs_y = -1},
    {.bitmap_index = 3984, .adv_w = 208, .box_w = 11, .box_h = 12, .ofs_x = 1, .ofs_y = -1},
    {.bitmap_index = 4026, .adv_w = 208, .box_w = 11, .box_h = 12, .ofs_x = 0, .ofs_y = -1},
    {.bitmap_index = 4077, .adv_w = 208, .box_w = 12, .box_h = 12, .ofs_x = 0, .ofs_y = -1},
    {.bitmap_index = 4134, .adv_w = 208, .box_w = 13, .box_h = 11, .ofs_x = 0, .ofs_y = 0},
    {.bitmap_index = 4186, .adv_w = 208, .box_w = 13, .box_h = 12, .ofs_x = 0, .ofs_y = -1},
    {.bitmap_index = 4256, .adv_w = 208, .box_w = 13, .box_h = 12, .ofs_x = 0, .ofs_y = -1},
    {.bitmap_index = 4317, .adv_w = 208, .box_w = 12, .box_h = 12, .ofs_x = 1, .ofs_y = -1},
    {.bitmap_index = 4355, .adv_w = 208, .box_w = 12, .box_h = 12, .ofs_x = 1, .ofs_y = -1},
    {.bitmap_index = 4406, .adv_w = 208, .box_w = 11, .box_h = 12, .ofs_x = 1, .ofs_y = -1},
    {.bitmap_index = 4438, .adv_w = 208, .box_w = 11, .box_h = 12, .ofs_x = 1, .ofs_y = -1},
    {.bitmap_index = 4495, .adv_w = 208, .box_w = 11, .box_h = 12, .ofs_x = 1, .ofs_y = -1},
    {.bitmap_index = 4546, .adv_w = 208, .box_w = 11, .box_h = 12, .ofs_x = 1, .ofs_y = -1},
    {.bitmap_index = 4581, .adv_w = 208, .box_w = 12, .box_h = 13, .ofs_x = 1, .ofs_y = -2},
    {.bitmap_index = 4645, .adv_w = 208, .box_w = 13, .box_h = 11, .ofs_x = 0, .ofs_y = 0},
    {.bitmap_index = 4680, .adv_w = 208, .box_w = 13, .box_h = 12, .ofs_x = 0, .ofs_y = -1},
    {.bitmap_index = 4737, .adv_w = 208, .box_w = 13, .box_h = 12, .ofs_x = 0, .ofs_y = -1},
    {.bitmap_index = 4772, .adv_w = 208, .box_w = 13, .box_h = 12, .ofs_x = 0, .ofs_y = -1},
    {.bitmap_index = 4825, .adv_w = 208, .box_w = 13, .box_h = 12, .ofs_x = 0, .ofs_y = -1},
    {.bitmap_index = 4867, .adv_w = 208, .box_w = 13, .box_h = 12, .ofs_x = 0, .ofs_y = -1},
    {.bitmap_index = 4921, .adv_w = 208, .box_w = 10, .box_h = 12, .ofs_x = 1, .ofs_y = -1},
    {.bitmap_index = 4947, .adv_w = 208, .box_w = 12, .box_h = 12, .ofs_x = 1, .ofs_y = -1},
    {.bitmap_index = 4991, .adv_w = 208, .box_w = 12, .box_h = 12, .ofs_x = 1, .ofs_y = -1},
    {.bitmap_index = 5044, .adv_w = 208, .box_w = 12, .box_h = 12, .ofs_x = 1, .ofs_y = -1},
    {.bitmap_index = 5100, .adv_w = 208, .box_w = 11, .box_h = 12, .ofs_x = 1, .ofs_y = -1},
    {.bitmap_index = 5140, .adv_w = 208, .box_w = 11, .box_h = 12, .ofs_x = 1, .ofs_y = -1},
    {.bitmap_index = 5180, .adv_w = 208, .box_w = 11, .box_h = 12, .ofs_x = 1, .ofs_y = -1},
    {.bitmap_index = 5233, .adv_w = 208, .box_w = 13, .box_h = 11, .ofs_x = 0, .ofs_y = 0},
    {.bitmap_index = 5276, .adv_w = 208, .box_w = 13, .box_h = 12, .ofs_x = 0, .ofs_y = -1},
    {.bitmap_index = 5330, .adv_w = 208, .box_w = 13, .box_h = 12, .ofs_x = 0, .ofs_y = -1},
    {.bitmap_index = 5396, .adv_w = 208, .box_w = 12, .box_h = 12, .ofs_x = 0, .ofs_y = -1},
    {.bitmap_index = 5452, .adv_w = 208, .box_w = 12, .box_h = 12, .ofs_x = 0, .ofs_y = -1},
    {.bitmap_index = 5510, .adv_w = 208, .box_w = 12, .box_h = 12, .ofs_x = 0, .ofs_y = -1},
    {.bitmap_index = 5569, .adv_w = 208, .box_w = 13, .box_h = 11, .ofs_x = 0, .ofs_y = 0},
    {.bitmap_index = 5607, .adv_w = 208, .box_w = 13, .box_h = 12, .ofs_x = 0, .ofs_y = -1},
    {.bitmap_index = 5667, .adv_w = 208, .box_w = 12, .box_h = 12, .ofs_x = 1, .ofs_y = -1},
    {.bitmap_index = 5722, .adv_w = 208, .box_w = 11, .box_h = 12, .ofs_x = 1, .ofs_y = -1},
    {.bitmap_index = 5771, .adv_w = 208, .box_w = 11, .box_h = 12, .ofs_x = 1, .ofs_y = -1},
    {.bitmap_index = 5826, .adv_w = 208, .box_w = 12, .box_h = 12, .ofs_x = 1, .ofs_y = -1},
    {.bitmap_index = 5892, .adv_w = 208, .box_w = 11, .box_h = 12, .ofs_x = 1, .ofs_y = -1},
    {.bitmap_index = 5943, .adv_w = 208, .box_w = 11, .box_h = 12, .ofs_x = 1, .ofs_y = -1},
    {.bitmap_index = 6005, .adv_w = 208, .box_w = 11, .box_h = 12, .ofs_x = 1, .ofs_y = -1},
    {.bitmap_index = 6053, .adv_w = 208, .box_w = 11, .box_h = 12, .ofs_x = 1, .ofs_y = -1},
    {.bitmap_index = 6106, .adv_w = 208, .box_w = 13, .box_h = 11, .ofs_x = 0, .ofs_y = 0},
    {.bitmap_index = 6153, .adv_w = 208, .box_w = 13, .box_h = 12, .ofs_x = 0, .ofs_y = -1},
    {.bitmap_index = 6206, .adv_w = 208, .box_w = 13, .box_h = 12, .ofs_x = 0, .ofs_y = -1},
    {.bitmap_index = 6265, .adv_w = 208, .box_w = 13, .box_h = 12, .ofs_x = 0, .ofs_y = -1},
    {.bitmap_index = 6328, .adv_w = 208, .box_w = 13, .box_h = 11, .ofs_x = 0, .ofs_y = 0},
    {.bitmap_index = 6376, .adv_w = 208, .box_w = 13, .box_h = 12, .ofs_x = 0, .ofs_y = -1},
    {.bitmap_index = 6424, .adv_w = 208, .box_w = 13, .box_h = 11, .ofs_x = 0, .ofs_y = 0},
    {.bitmap_index = 6465, .adv_w = 208, .box_w = 13, .box_h = 12, .ofs_x = 0, .ofs_y = -1},
    {.bitmap_index = 6518, .adv_w = 208, .box_w = 13, .box_h = 12, .ofs_x = 0, .ofs_y = -1},
    {.bitmap_index = 6570, .adv_w = 208, .box_w = 11, .box_h = 12, .ofs_x = 1, .ofs_y = -1},
    {.bitmap_index = 6616, .adv_w = 208, .box_w = 11, .box_h = 12, .ofs_x = 1, .ofs_y = -1},
    {.bitmap_index = 6665, .adv_w = 208, .box_w = 11, .box_h = 12, .ofs_x = 1, .ofs_y = -1},
    {.bitmap_index = 6718, .adv_w = 208, .box_w = 10, .box_h = 12, .ofs_x = 1, .ofs_y = -1},
    {.bitmap_index = 6767, .adv_w = 208, .box_w = 11, .box_h = 12, .ofs_x = 1, .ofs_y = -1},
    {.bitmap_index = 6824, .adv_w = 208, .box_w = 12, .box_h = 12, .ofs_x = 1, .ofs_y = -1},
    {.bitmap_index = 6866, .adv_w = 208, .box_w = 12, .box_h = 12, .ofs_x = 1, .ofs_y = -1},
    {.bitmap_index = 6913, .adv_w = 208, .box_w = 12, .box_h = 12, .ofs_x = 1, .ofs_y = -1},
    {.bitmap_index = 6963, .adv_w = 208, .box_w = 12, .box_h = 12, .ofs_x = 1, .ofs_y = -1},
    {.bitmap_index = 7018, .adv_w = 208, .box_w = 11, .box_h = 12, .ofs_x = 1, .ofs_y = -1},
    {.bitmap_index = 7055, .adv_w = 208, .box_w = 11, .box_h = 12, .ofs_x = 1, .ofs_y = -1},
    {.bitmap_index = 7107, .adv_w = 208, .box_w = 13, .box_h = 11, .ofs_x = 0, .ofs_y = 0},
    {.bitmap_index = 7150, .adv_w = 208, .box_w = 13, .box_h = 12, .ofs_x = 0, .ofs_y = -1},
    {.bitmap_index = 7205, .adv_w = 208, .box_w = 13, .box_h = 12, .ofs_x = 0, .ofs_y = -1},
    {.bitmap_index = 7247, .adv_w = 208, .box_w = 13, .box_h = 12, .ofs_x = 0, .ofs_y = -1},
    {.bitmap_index = 7302, .adv_w = 208, .box_w = 13, .box_h = 12, .ofs_x = 0, .ofs_y = -1},
    {.bitmap_index = 7357, .adv_w = 208, .box_w = 11, .box_h = 12, .ofs_x = 1, .ofs_y = -1},
    {.bitmap_index = 7385, .adv_w = 208, .box_w = 11, .box_h = 12, .ofs_x = 1, .ofs_y = -1},
    {.bitmap_index = 7431, .adv_w = 208, .box_w = 12, .box_h = 12, .ofs_x = 1, .ofs_y = -1},
    {.bitmap_index = 7485, .adv_w = 208, .box_w = 12, .box_h = 12, .ofs_x = 1, .ofs_y = -1},
    {.bitmap_index = 7549, .adv_w = 208, .box_w = 11, .box_h = 12, .ofs_x = 1, .ofs_y = -1},
    {.bitmap_index = 7588, .adv_w = 208, .box_w = 11, .box_h = 12, .ofs_x = 1, .ofs_y = -1},
    {.bitmap_index = 7639, .adv_w = 208, .box_w = 11, .box_h = 12, .ofs_x = 1, .ofs_y = -1},
    {.bitmap_index = 7695, .adv_w = 208, .box_w = 11, .box_h = 12, .ofs_x = 1, .ofs_y = -1},
    {.bitmap_index = 7750, .adv_w = 208, .box_w = 13, .box_h = 11, .ofs_x = 0, .ofs_y = 0},
    {.bitmap_index = 7800, .adv_w = 208, .box_w = 13, .box_h = 12, .ofs_x = 0, .ofs_y = -1},
    {.bitmap_index = 7844, .adv_w = 208, .box_w = 13, .box_h = 12, .ofs_x = 0, .ofs_y = -1},
    {.bitmap_index = 7901, .adv_w = 208, .box_w = 13, .box_h = 12, .ofs_x = 0, .ofs_y = -1},
    {.bitmap_index = 7959, .adv_w = 208, .box_w = 11, .box_h = 12, .ofs_x = 1, .ofs_y = -1},
    {.bitmap_index = 7993, .adv_w = 208, .box_w = 13, .box_h = 12, .ofs_x = 0, .ofs_y = -1},
    {.bitmap_index = 8041, .adv_w = 208, .box_w = 13, .box_h = 12, .ofs_x = 0, .ofs_y = -1},
    {.bitmap_index = 8099, .adv_w = 208, .box_w = 13, .box_h = 12, .ofs_x = 0, .ofs_y = -1},
    {.bitmap_index = 8167, .adv_w = 208, .box_w = 12, .box_h = 12, .ofs_x = 0, .ofs_y = -1},
    {.bitmap_index = 8221, .adv_w = 208, .box_w = 12, .box_h = 12, .ofs_x = 0, .ofs_y = -1},
    {.bitmap_index = 8285, .adv_w = 208, .box_w = 12, .box_h = 12, .ofs_x = 0, .ofs_y = -1},
    {.bitmap_index = 8332, .adv_w = 208, .box_w = 12, .box_h = 12, .ofs_x = 0, .ofs_y = -1},
    {.bitmap_index = 8390, .adv_w = 208, .box_w = 12, .box_h = 12, .ofs_x = 0, .ofs_y = -1},
    {.bitmap_index = 8454, .adv_w = 208, .box_w = 12, .box_h = 12, .ofs_x = 0, .ofs_y = -1},
    {.bitmap_index = 8500, .adv_w = 208, .box_w = 12, .box_h = 12, .ofs_x = 0, .ofs_y = -1},
    {.bitmap_index = 8555, .adv_w = 208, .box_w = 13, .box_h = 11, .ofs_x = 0, .ofs_y = 0},
    {.bitmap_index = 8608, .adv_w = 208, .box_w = 13, .box_h = 12, .ofs_x = 0, .ofs_y = -1},
    {.bitmap_index = 8666, .adv_w = 208, .box_w = 13, .box_h = 12, .ofs_x = 0, .ofs_y = -1},
    {.bitmap_index = 8735, .adv_w = 208, .box_w = 12, .box_h = 12, .ofs_x = 0, .ofs_y = -1},
    {.bitmap_index = 8790, .adv_w = 208, .box_w = 13, .box_h = 12, .ofs_x = 0, .ofs_y = -1},
    {.bitmap_index = 8839, .adv_w = 208, .box_w = 13, .box_h = 11, .ofs_x = 0, .ofs_y = 0},
    {.bitmap_index = 8888, .adv_w = 208, .box_w = 13, .box_h = 12, .ofs_x = 0, .ofs_y = -1},
    {.bitmap_index = 8948, .adv_w = 208, .box_w = 13, .box_h = 12, .ofs_x = 0, .ofs_y = -1},
    {.bitmap_index = 9004, .adv_w = 208, .box_w = 13, .box_h = 12, .ofs_x = 0, .ofs_y = -1},
    {.bitmap_index = 9069, .adv_w = 208, .box_w = 12, .box_h = 12, .ofs_x = 0, .ofs_y = -1},
    {.bitmap_index = 9111, .adv_w = 208, .box_w = 12, .box_h = 12, .ofs_x = 0, .ofs_y = -1},
    {.bitmap_index = 9159, .adv_w = 208, .box_w = 12, .box_h = 12, .ofs_x = 0, .ofs_y = -1},
    {.bitmap_index = 9210, .adv_w = 208, .box_w = 12, .box_h = 12, .ofs_x = 0, .ofs_y = -1},
    {.bitmap_index = 9264, .adv_w = 208, .box_w = 11, .box_h = 12, .ofs_x = 0, .ofs_y = -1},
    {.bitmap_index = 9317, .adv_w = 208, .box_w = 12, .box_h = 12, .ofs_x = 1, .ofs_y = -1},
    {.bitmap_index = 9374, .adv_w = 208, .box_w = 12, .box_h = 12, .ofs_x = 1, .ofs_y = -1},
    {.bitmap_index = 9434, .adv_w = 208, .box_w = 12, .box_h = 12, .ofs_x = 1, .ofs_y = -1},
    {.bitmap_index = 9503, .adv_w = 208, .box_w = 12, .box_h = 12, .ofs_x = 1, .ofs_y = -1},
    {.bitmap_index = 9560, .adv_w = 208, .box_w = 12, .box_h = 13, .ofs_x = 1, .ofs_y = -2},
    {.bitmap_index = 9636, .adv_w = 208, .box_w = 12, .box_h = 12, .ofs_x = 1, .ofs_y = -1},
    {.bitmap_index = 9696, .adv_w = 208, .box_w = 12, .box_h = 12, .ofs_x = 1, .ofs_y = -1},
    {.bitmap_index = 9768, .adv_w = 208, .box_w = 11, .box_h = 12, .ofs_x = 1, .ofs_y = -1},
    {.bitmap_index = 9823, .adv_w = 208, .box_w = 11, .box_h = 12, .ofs_x = 1, .ofs_y = -1},
    {.bitmap_index = 9881, .adv_w = 208, .box_w = 11, .box_h = 12, .ofs_x = 1, .ofs_y = -1},
    {.bitmap_index = 9940, .adv_w = 208, .box_w = 12, .box_h = 13, .ofs_x = 1, .ofs_y = -2},
    {.bitmap_index = 10012, .adv_w = 208, .box_w = 12, .box_h = 13, .ofs_x = 1, .ofs_y = -2},
    {.bitmap_index = 10086, .adv_w = 208, .box_w = 12, .box_h = 12, .ofs_x = 0, .ofs_y = -1},
    {.bitmap_index = 10138, .adv_w = 208, .box_w = 11, .box_h = 12, .ofs_x = 1, .ofs_y = -1},
    {.bitmap_index = 10193, .adv_w = 208, .box_w = 11, .box_h = 12, .ofs_x = 1, .ofs_y = -1},
    {.bitmap_index = 10251, .adv_w = 208, .box_w = 11, .box_h = 12, .ofs_x = 1, .ofs_y = -1},
    {.bitmap_index = 10309, .adv_w = 208, .box_w = 11, .box_h = 12, .ofs_x = 1, .ofs_y = -1},
    {.bitmap_index = 10370, .adv_w = 208, .box_w = 11, .box_h = 12, .ofs_x = 1, .ofs_y = -1},
    {.bitmap_index = 10437, .adv_w = 208, .box_w = 12, .box_h = 12, .ofs_x = 0, .ofs_y = -1},
    {.bitmap_index = 10489, .adv_w = 208, .box_w = 13, .box_h = 11, .ofs_x = 0, .ofs_y = 0},
    {.bitmap_index = 10546, .adv_w = 208, .box_w = 13, .box_h = 12, .ofs_x = 0, .ofs_y = -1},
    {.bitmap_index = 10607, .adv_w = 208, .box_w = 13, .box_h = 12, .ofs_x = 0, .ofs_y = -1},
    {.bitmap_index = 10676, .adv_w = 208, .box_w = 12, .box_h = 12, .ofs_x = 0, .ofs_y = -1},
    {.bitmap_index = 10737, .adv_w = 208, .box_w = 12, .box_h = 12, .ofs_x = 0, .ofs_y = -1},
    {.bitmap_index = 10802, .adv_w = 208, .box_w = 13, .box_h = 11, .ofs_x = 0, .ofs_y = 0},
    {.bitmap_index = 10860, .adv_w = 208, .box_w = 13, .box_h = 12, .ofs_x = 0, .ofs_y = -1},
    {.bitmap_index = 10934, .adv_w = 208, .box_w = 13, .box_h = 12, .ofs_x = 0, .ofs_y = -1},
    {.bitmap_index = 11000, .adv_w = 208, .box_w = 12, .box_h = 12, .ofs_x = 0, .ofs_y = -1},
    {.bitmap_index = 11061, .adv_w = 208, .box_w = 12, .box_h = 12, .ofs_x = 0, .ofs_y = -1},
    {.bitmap_index = 11125, .adv_w = 208, .box_w = 12, .box_h = 12, .ofs_x = 0, .ofs_y = -1},
    {.bitmap_index = 11182, .adv_w = 208, .box_w = 12, .box_h = 12, .ofs_x = 0, .ofs_y = -1},
    {.bitmap_index = 11233, .adv_w = 208, .box_w = 13, .box_h = 12, .ofs_x = 0, .ofs_y = -1},
    {.bitmap_index = 11294, .adv_w = 208, .box_w = 13, .box_h = 12, .ofs_x = 0, .ofs_y = -1},
    {.bitmap_index = 11357, .adv_w = 208, .box_w = 13, .box_h = 11, .ofs_x = 0, .ofs_y = 0},
    {.bitmap_index = 11411, .adv_w = 208, .box_w = 13, .box_h = 12, .ofs_x = 0, .ofs_y = -1},
    {.bitmap_index = 11472, .adv_w = 208, .box_w = 13, .box_h = 12, .ofs_x = 0, .ofs_y = -1},
    {.bitmap_index = 11532, .adv_w = 208, .box_w = 13, .box_h = 12, .ofs_x = 0, .ofs_y = -1},
    {.bitmap_index = 11593, .adv_w = 208, .box_w = 13, .box_h = 12, .ofs_x = 0, .ofs_y = -1},
    {.bitmap_index = 11663, .adv_w = 208, .box_w = 12, .box_h = 12, .ofs_x = 0, .ofs_y = -1},
    {.bitmap_index = 11725, .adv_w = 208, .box_w = 11, .box_h = 12, .ofs_x = 1, .ofs_y = -1},
    {.bitmap_index = 11777, .adv_w = 208, .box_w = 11, .box_h = 12, .ofs_x = 1, .ofs_y = -1},
    {.bitmap_index = 11831, .adv_w = 208, .box_w = 11, .box_h = 12, .ofs_x = 1, .ofs_y = -1},
    {.bitmap_index = 11884, .adv_w = 208, .box_w = 11, .box_h = 12, .ofs_x = 1, .ofs_y = -1},
    {.bitmap_index = 11940, .adv_w = 208, .box_w = 11, .box_h = 12, .ofs_x = 1, .ofs_y = -1},
    {.bitmap_index = 11997, .adv_w = 208, .box_w = 12, .box_h = 13, .ofs_x = 1, .ofs_y = -2},
    {.bitmap_index = 12068, .adv_w = 208, .box_w = 11, .box_h = 12, .ofs_x = 1, .ofs_y = -1},
    {.bitmap_index = 12131, .adv_w = 208, .box_w = 13, .box_h = 12, .ofs_x = 0, .ofs_y = -1},
    {.bitmap_index = 12188, .adv_w = 208, .box_w = 13, .box_h = 12, .ofs_x = 0, .ofs_y = -1},
    {.bitmap_index = 12244, .adv_w = 208, .box_w = 13, .box_h = 12, .ofs_x = 0, .ofs_y = -1},
    {.bitmap_index = 12307, .adv_w = 208, .box_w = 13, .box_h = 12, .ofs_x = 0, .ofs_y = -1},
    {.bitmap_index = 12378, .adv_w = 208, .box_w = 12, .box_h = 12, .ofs_x = 0, .ofs_y = -1},
    {.bitmap_index = 12432, .adv_w = 208, .box_w = 12, .box_h = 12, .ofs_x = 0, .ofs_y = -1},
    {.bitmap_index = 12487, .adv_w = 208, .box_w = 12, .box_h = 12, .ofs_x = 0, .ofs_y = -1},
    {.bitmap_index = 12545, .adv_w = 208, .box_w = 12, .box_h = 12, .ofs_x = 0, .ofs_y = -1},
    {.bitmap_index = 12604, .adv_w = 208, .box_w = 12, .box_h = 12, .ofs_x = 0, .ofs_y = -1},
    {.bitmap_index = 12671, .adv_w = 208, .box_w = 12, .box_h = 12, .ofs_x = 0, .ofs_y = -1},
    {.bitmap_index = 12722, .adv_w = 208, .box_w = 12, .box_h = 12, .ofs_x = 0, .ofs_y = -1},
    {.bitmap_index = 12777, .adv_w = 208, .box_w = 13, .box_h = 11, .ofs_x = 0, .ofs_y = 0},
    {.bitmap_index = 12830, .adv_w = 208, .box_w = 13, .box_h = 12, .ofs_x = 0, .ofs_y = -1},
    {.bitmap_index = 12887, .adv_w = 208, .box_w = 13, .box_h = 12, .ofs_x = 0, .ofs_y = -1},
    {.bitmap_index = 12941, .adv_w = 208, .box_w = 13, .box_h = 12, .ofs_x = 0, .ofs_y = -1},
    {.bitmap_index = 13007, .adv_w = 208, .box_w = 13, .box_h = 12, .ofs_x = 0, .ofs_y = -1},
    {.bitmap_index = 13078, .adv_w = 208, .box_w = 13, .box_h = 12, .ofs_x = 0, .ofs_y = -1},
    {.bitmap_index = 13132, .adv_w = 208, .box_w = 13, .box_h = 12, .ofs_x = 0, .ofs_y = -1},
    {.bitmap_index = 13200, .adv_w = 208, .box_w = 12, .box_h = 12, .ofs_x = 0, .ofs_y = -1},
    {.bitmap_index = 13251, .adv_w = 208, .box_w = 12, .box_h = 12, .ofs_x = 0, .ofs_y = -1},
    {.bitmap_index = 13302, .adv_w = 208, .box_w = 12, .box_h = 12, .ofs_x = 0, .ofs_y = -1},
    {.bitmap_index = 13357, .adv_w = 208, .box_w = 12, .box_h = 12, .ofs_x = 0, .ofs_y = -1},
    {.bitmap_index = 13415, .adv_w = 208, .box_w = 12, .box_h = 12, .ofs_x = 0, .ofs_y = -1},
    {.bitmap_index = 13474, .adv_w = 208, .box_w = 13, .box_h = 12, .ofs_x = 0, .ofs_y = -1},
    {.bitmap_index = 13536, .adv_w = 208, .box_w = 13, .box_h = 13, .ofs_x = 0, .ofs_y = -1},
    {.bitmap_index = 13609, .adv_w = 208, .box_w = 12, .box_h = 14, .ofs_x = 0, .ofs_y = -2},
    {.bitmap_index = 13685, .adv_w = 208, .box_w = 12, .box_h = 13, .ofs_x = 0, .ofs_y = -1},
    {.bitmap_index = 13758, .adv_w = 208, .box_w = 12, .box_h = 12, .ofs_x = 0, .ofs_y = -1},
    {.bitmap_index = 13811, .adv_w = 208, .box_w = 13, .box_h = 11, .ofs_x = 0, .ofs_y = 0},
    {.bitmap_index = 13867, .adv_w = 208, .box_w = 12, .box_h = 12, .ofs_x = 0, .ofs_y = -1},
    {.bitmap_index = 13933, .adv_w = 208, .box_w = 13, .box_h = 13, .ofs_x = 0, .ofs_y = -1},
    {.bitmap_index = 13989, .adv_w = 208, .box_w = 13, .box_h = 13, .ofs_x = 0, .ofs_y = -1},
    {.bitmap_index = 14065, .adv_w = 208, .box_w = 11, .box_h = 12, .ofs_x = 0, .ofs_y = -1},
    {.bitmap_index = 14117, .adv_w = 208, .box_w = 13, .box_h = 13, .ofs_x = 0, .ofs_y = -1},
    {.bitmap_index = 14181, .adv_w = 208, .box_w = 11, .box_h = 12, .ofs_x = 0, .ofs_y = -1},
    {.bitmap_index = 14234, .adv_w = 208, .box_w = 13, .box_h = 12, .ofs_x = 0, .ofs_y = -1},
    {.bitmap_index = 14290, .adv_w = 208, .box_w = 11, .box_h = 12, .ofs_x = 1, .ofs_y = -1},
    {.bitmap_index = 14344, .adv_w = 208, .box_w = 12, .box_h = 12, .ofs_x = 0, .ofs_y = -1},
    {.bitmap_index = 14402, .adv_w = 208, .box_w = 13, .box_h = 12, .ofs_x = 0, .ofs_y = -1},
    {.bitmap_index = 14463, .adv_w = 208, .box_w = 13, .box_h = 11, .ofs_x = 0, .ofs_y = 0},
    {.bitmap_index = 14515, .adv_w = 208, .box_w = 11, .box_h = 12, .ofs_x = 1, .ofs_y = -1},
    {.bitmap_index = 14560, .adv_w = 208, .box_w = 11, .box_h = 12, .ofs_x = 1, .ofs_y = -1},
    {.bitmap_index = 14607, .adv_w = 208, .box_w = 11, .box_h = 12, .ofs_x = 1, .ofs_y = -1},
    {.bitmap_index = 14652, .adv_w = 208, .box_w = 11, .box_h = 12, .ofs_x = 1, .ofs_y = -1},
    {.bitmap_index = 14703, .adv_w = 208, .box_w = 11, .box_h = 12, .ofs_x = 1, .ofs_y = -1},
    {.bitmap_index = 14756, .adv_w = 208, .box_w = 13, .box_h = 11, .ofs_x = 0, .ofs_y = 0},
    {.bitmap_index = 14803, .adv_w = 208, .box_w = 13, .box_h = 11, .ofs_x = 0, .ofs_y = 0},
    {.bitmap_index = 14845, .adv_w = 208, .box_w = 13, .box_h = 12, .ofs_x = 0, .ofs_y = -1},
    {.bitmap_index = 14897, .adv_w = 208, .box_w = 11, .box_h = 12, .ofs_x = 1, .ofs_y = -1},
    {.bitmap_index = 14954, .adv_w = 208, .box_w = 13, .box_h = 12, .ofs_x = 0, .ofs_y = -1},
    {.bitmap_index = 15007, .adv_w = 208, .box_w = 13, .box_h = 12, .ofs_x = 0, .ofs_y = -1},
    {.bitmap_index = 15066, .adv_w = 208, .box_w = 12, .box_h = 12, .ofs_x = 0, .ofs_y = -1},
    {.bitmap_index = 15114, .adv_w = 208, .box_w = 12, .box_h = 12, .ofs_x = 0, .ofs_y = -1},
    {.bitmap_index = 15172, .adv_w = 208, .box_w = 12, .box_h = 12, .ofs_x = 0, .ofs_y = -1},
    {.bitmap_index = 15232, .adv_w = 208, .box_w = 12, .box_h = 12, .ofs_x = 0, .ofs_y = -1},
    {.bitmap_index = 15280, .adv_w = 208, .box_w = 13, .box_h = 11, .ofs_x = 0, .ofs_y = 0},
    {.bitmap_index = 15335, .adv_w = 208, .box_w = 13, .box_h = 11, .ofs_x = 0, .ofs_y = 0},
    {.bitmap_index = 15385, .adv_w = 208, .box_w = 11, .box_h = 12, .ofs_x = 0, .ofs_y = -1},
    {.bitmap_index = 15431, .adv_w = 208, .box_w = 13, .box_h = 12, .ofs_x = 0, .ofs_y = -1},
    {.bitmap_index = 15493, .adv_w = 208, .box_w = 13, .box_h = 13, .ofs_x = 0, .ofs_y = -1},
    {.bitmap_index = 15566, .adv_w = 208, .box_w = 13, .box_h = 13, .ofs_x = 0, .ofs_y = -1},
    {.bitmap_index = 15639, .adv_w = 208, .box_w = 12, .box_h = 12, .ofs_x = 0, .ofs_y = -1},
    {.bitmap_index = 15697, .adv_w = 208, .box_w = 13, .box_h = 13, .ofs_x = 0, .ofs_y = -2},
    {.bitmap_index = 15775, .adv_w = 208, .box_w = 12, .box_h = 12, .ofs_x = 0, .ofs_y = -1},
    {.bitmap_index = 15844, .adv_w = 208, .box_w = 13, .box_h = 13, .ofs_x = 0, .ofs_y = -1},
    {.bitmap_index = 15925, .adv_w = 208, .box_w = 12, .box_h = 13, .ofs_x = 0, .ofs_y = -1},
    {.bitmap_index = 15993, .adv_w = 208, .box_w = 12, .box_h = 13, .ofs_x = 0, .ofs_y = -1},
    {.bitmap_index = 16060, .adv_w = 208, .box_w = 12, .box_h = 13, .ofs_x = 0, .ofs_y = -1},
    {.bitmap_index = 16133, .adv_w = 208, .box_w = 13, .box_h = 11, .ofs_x = 0, .ofs_y = 0},
    {.bitmap_index = 16195, .adv_w = 208, .box_w = 13, .box_h = 13, .ofs_x = 0, .ofs_y = -1},
    {.bitmap_index = 16270, .adv_w = 208, .box_w = 13, .box_h = 13, .ofs_x = 0, .ofs_y = -1},
    {.bitmap_index = 16341, .adv_w = 208, .box_w = 12, .box_h = 13, .ofs_x = 0, .ofs_y = -1},
    {.bitmap_index = 16410, .adv_w = 208, .box_w = 12, .box_h = 14, .ofs_x = 0, .ofs_y = -2},
    {.bitmap_index = 16489, .adv_w = 208, .box_w = 13, .box_h = 11, .ofs_x = 0, .ofs_y = 0},
    {.bitmap_index = 16554, .adv_w = 208, .box_w = 13, .box_h = 13, .ofs_x = 0, .ofs_y = -1},
    {.bitmap_index = 16617, .adv_w = 208, .box_w = 12, .box_h = 12, .ofs_x = 0, .ofs_y = -1}
};

/*---------------------
 *  CHARACTER MAPPING
 *--------------------*/

static const uint16_t unicode_list_1[] = {
    0x0, 0x1, 0x7, 0x27, 0x1f63, 0x1f64, 0x1f68, 0x1f69,
    0x1f6c, 0x1f6d, 0x1f72, 0x1f76, 0x2053, 0x20e2, 0xab50, 0xab51,
    0xab54, 0xab60, 0xab62, 0xab6c, 0xabc4, 0xabd0, 0xabd3, 0xabdc,
    0xac00, 0xac0d, 0xac14, 0xac30, 0xac45, 0xac4c, 0xac50, 0xaca0,
    0xacbc, 0xad48, 0xad4c, 0xad58, 0xad80, 0xad90, 0xae0c, 0xaf94,
    0xaf9a, 0xafad, 0xafe8, 0xaff8, 0xb004, 0xb019, 0xb060, 0xb074,
    0xb087, 0xb0c8, 0xb0e2, 0xb154, 0xb15c, 0xb1e4, 0xb1f5, 0xb218,
    0xb234, 0xb238, 0xb245, 0xb250, 0xb2c0, 0xb2c8, 0xb314, 0xb31c,
    0xb329, 0xb368, 0xb36c, 0xb378, 0xb42c, 0xb441, 0xb6cc, 0xb6e8,
    0xb6f8, 0xb719, 0xb73c, 0xb757, 0xb758, 0xb775, 0xb7ac, 0xb7ad,
    0xb7b4, 0xb7bf, 0xb81c, 0xb8a8, 0xb8c4, 0xb8c8, 0xb8d4, 0xb8fc,
    0xb900, 0xb904, 0xb90c, 0xb911, 0xb918, 0xb919, 0xb91c, 0xb920,
    0xb9a4, 0xb9c4, 0xb9f8, 0xb9f9, 0xba84, 0xba88, 0xba8c, 0xbb48,
    0xbb50, 0xbb6b, 0xbb79, 0xbbd4, 0xbbd8, 0xbc10, 0xbc14, 0xbc44,
    0xbcd0, 0xbcd4, 0xbcd8, 0xbd94, 0xbffc, 0xc000, 0xc011, 0xc019,
    0xc02d, 0xc06c, 0xc074, 0xc081, 0xc088, 0xc08c, 0xc0dc, 0xc0dd,
    0xc0f1, 0xc114, 0xc168, 0xc1f4, 0xc1fc, 0xc205, 0xc209, 0xc22c,
    0xc22d, 0xc230, 0xc234, 0xc23c, 0xc494, 0xc498, 0xc49a, 0xc49c,
    0xc4a8, 0xc4cd, 0xc4e1, 0xc504, 0xc508, 0xc515, 0xc516, 0xc518,
    0xc520, 0xc53d, 0xc540, 0xc544, 0xc54d, 0xc551, 0xc558, 0xc574,
    0xc578, 0xc594, 0xc5ac, 0xc5c8, 0xc5e4, 0xc5f9, 0xc604, 0xc61c,
    0xc620, 0xc638, 0xc654, 0xc670, 0xc671, 0xc68c, 0xc690, 0xc694,
    0xc69c, 0xc6a1, 0xc6a8, 0xc6c4, 0xc6c8, 0xc6cc, 0xc6d4, 0xc6d5,
    0xc6d8, 0xc6de, 0xc6e0, 0xc6e1, 0xc6e8, 0xc6f5, 0xc6fc, 0xc750,
    0xc754, 0xc758, 0xc765, 0xc76c, 0xc788, 0xc7c0, 0xc7c1, 0xc84c,
    0xc850, 0xc861, 0xc8d9, 0xc8ed, 0xc910, 0xc911, 0xc914, 0xc920,
    0xc921, 0xcb78, 0xcb88, 0xcbfb, 0xcbfd, 0xcc04, 0xcc58, 0xccac,
    0xcce4, 0xccf9, 0xcd38, 0xcd71, 0xcda8, 0xcdc4, 0xce38, 0xce6c,
    0xceac, 0xcfbc, 0xcff4, 0xd02c, 0xd080, 0xd084, 0xd0a4, 0xd0f0,
    0xd208, 0xd20c, 0xd255, 0xd25c, 0xd260, 0xd278, 0xd27c, 0xd2dc,
    0xd320, 0xd3ac, 0xd454, 0xd48c, 0xd4a8, 0xd4b8, 0xd4b9, 0xd4c4,
    0xd4d8, 0xd4d9, 0xd4f5, 0xd528, 0xd554, 0xd565, 0xd588, 0xd5a4,
    0xd5a5, 0xd5dc, 0xd5ef, 0xd5f8, 0xd614, 0xd6d8
};

/*Collect the unicode lists and glyph_id offsets*/
static const lv_font_fmt_txt_cmap_t cmaps[] =
{
    {
        .range_start = 32, .range_length = 95, .glyph_id_start = 1,
        .unicode_list = NULL, .glyph_id_ofs_list = NULL, .list_length = 0, .type = LV_FONT_FMT_TXT_CMAP_FORMAT0_TINY
    },
    {
        .range_start = 176, .range_length = 55001, .glyph_id_start = 96,
        .unicode_list = unicode_list_1, .glyph_id_ofs_list = NULL, .list_length = 262, .type = LV_FONT_FMT_TXT_CMAP_SPARSE_TINY
    }
};



/*--------------------
 *  ALL CUSTOM DATA
 *--------------------*/

#if LVGL_VERSION_MAJOR == 8
/*Store all the custom data of the font*/
static  lv_font_fmt_txt_glyph_cache_t cache;
#endif

#if LVGL_VERSION_MAJOR >= 8
static const lv_font_fmt_txt_dsc_t font_dsc = {
#else
static lv_font_fmt_txt_dsc_t font_dsc = {
#endif
    .glyph_bitmap = glyph_bitmap,
    .glyph_dsc = glyph_dsc,
    .cmaps = cmaps,
    .kern_dsc = NULL,
    .kern_scale = 0,
    .cmap_num = 2,
    .bpp = 4,
    .kern_classes = 0,
    .bitmap_format = 1,
#if LVGL_VERSION_MAJOR == 8
    .cache = &cache
#endif
};

extern const lv_font_t font_kr_full_12;


/*-----------------
 *  PUBLIC FONT
 *----------------*/

/*Initialize a public general font descriptor*/
#if LVGL_VERSION_MAJOR >= 8
const lv_font_t font_bold_13 = {
#else
lv_font_t font_bold_13 = {
#endif
    .get_glyph_dsc = lv_font_get_glyph_dsc_fmt_txt,    /*Function pointer to get glyph's data*/
    .get_glyph_bitmap = lv_font_get_bitmap_fmt_txt,    /*Function pointer to get glyph's bitmap*/
    .line_height = 15,          /*The maximum line height required by the font*/
    .base_line = 3,             /*Baseline measured from the bottom of the line*/
#if !(LVGL_VERSION_MAJOR == 6 && LVGL_VERSION_MINOR == 0)
    .subpx = LV_FONT_SUBPX_NONE,
#endif
#if LV_VERSION_CHECK(7, 4, 0) || LVGL_VERSION_MAJOR >= 8
    .underline_position = -3,
    .underline_thickness = 1,
#endif
    .dsc = &font_dsc,          /*The custom font data. Will be accessed by `get_glyph_bitmap/dsc` */
#if LV_VERSION_CHECK(8, 2, 0) || LVGL_VERSION_MAJOR >= 9
    .fallback = &font_kr_full_12,
#endif
    .user_data = NULL,
};



#endif /*#if FONT_BOLD_13*/

