/*******************************************************************************
 * Size: 19 px
 * Bpp: 4
 * Opts: --font C:\Windows/Fonts/malgunbd.ttf -r 0x20-0x7E -r 0xB0 -r 0xB1 -r 0xB7 -r 0xD7 -r 0x2013 -r 0x2014 -r 0x2018 -r 0x2019 -r 0x201C -r 0x201D -r 0x2022 -r 0x2026 -r 0x2103 -r 0x2192 --symbols 가각간감값개건검것게결경계고공과관교구그근금기김꺼끄끊끝나남내냉널네넷노높누눌는능니다단답대데델도돌동되된됨드등라래램량러렇레력로록롤롯료류르른름리린릴림링마막만말메면모목무문물미밀받방버번변별보부분불비사산상색생서설성세센소속송쇄수스슬습승시식신실심아안않알았약양어언업없었에역연열엽영예오온완왜외요용운워원웨위유육으은을음응의이인일임입있잎자작잘장재저전절정제져조족주준중즉증지직진짐집차참첫청체초최추충취측치카컨켜콜크키태터턴텔토트튼팅파판패팬펌폐표프피하함합해했행향험현형호화확회횟효후히 --size 19 --bpp 4 --format lvgl --lv-font-name font_bold_19 --lv-fallback font_kr_full_12 -o D:\Users\G433m\Documents\smartfarm\src\fonts\font_bold_19.c
 ******************************************************************************/

#ifdef LV_LVGL_H_INCLUDE_SIMPLE
#include "lvgl.h"
#else
#include "lvgl/lvgl.h"
#endif

#ifndef FONT_BOLD_19
#define FONT_BOLD_19 1
#endif

#if FONT_BOLD_19

/*-----------------
 *    BITMAPS
 *----------------*/

/*Store the image of the glyphs*/
static LV_ATTRIBUTE_LARGE_CONST const uint8_t glyph_bitmap[] = {
    /* U+0020 " " */

    /* U+0021 "!" */
    0x4f, 0xf3, 0x0, 0x46, 0xe0, 0x1e, 0x11, 0x0,
    0x79, 0xcc, 0x3, 0xc2, 0x20, 0xc, 0xee, 0x20,
    0x88, 0x0, 0xdd, 0x89, 0xd1, 0x14, 0x84, 0x36,

    /* U+0022 "\"" */
    0x6f, 0xc0, 0xcf, 0x62, 0x7, 0x7, 0x3, 0x70,
    0x10, 0x10, 0x11, 0x1, 0x81, 0x83, 0x96, 0x58,
    0x46, 0x18,

    /* U+0023 "#" */
    0x0, 0xdd, 0xa0, 0xe, 0xd0, 0xf, 0xb, 0x80,
    0x89, 0xc0, 0x38, 0xc3, 0x41, 0x43, 0x40, 0x39,
    0x40, 0xc0, 0xc0, 0xc0, 0x2c, 0xf9, 0xb, 0xf8,
    0xb, 0xf1, 0xb, 0x71, 0x13, 0xb8, 0x5, 0xe0,
    0x41, 0xe0, 0x52, 0x24, 0x12, 0x1c, 0x2, 0x30,
    0xd0, 0x50, 0xd0, 0x9, 0xff, 0x2, 0x3e, 0xc2,
    0x3d, 0x40, 0xdc, 0x81, 0xdc, 0x20, 0xee, 0x40,
    0x48, 0x32, 0x88, 0x1, 0xc4, 0x4, 0x0, 0x22,
    0x70, 0x21, 0x50, 0xe, 0x50, 0xc0, 0x70, 0xc0,
    0xe, 0x4f, 0x60, 0x5f, 0x50, 0xc,

    /* U+0024 "$" */
    0x0, 0xce, 0x20, 0x1f, 0xa1, 0x40, 0x3d, 0x1c,
    0x17, 0xd4, 0x1, 0x6b, 0x88, 0x0, 0x54, 0x81,
    0xc8, 0x70, 0x2f, 0x14, 0xc3, 0x41, 0xcc, 0x0,
    0x74, 0x20, 0x60, 0xa0, 0x1f, 0x68, 0x1e, 0x0,
    0x79, 0x18, 0xc, 0x21, 0x0, 0x34, 0xd9, 0x81,
    0xdd, 0x0, 0x64, 0xc0, 0x20, 0x58, 0x0, 0xf4,
    0xb0, 0x30, 0x7, 0xda, 0x2, 0x11, 0x48, 0x20,
    0x3e, 0x6, 0x0, 0x5b, 0xe0, 0xa4, 0xf, 0xa,
    0x72, 0x0, 0xb, 0x69, 0x81, 0x46, 0xf8, 0x54,
    0x90, 0x7, 0xff, 0x0,

    /* U+0025 "%" */
    0x0, 0x46, 0xfd, 0x90, 0x6, 0xaf, 0x60, 0xa,
    0x5d, 0xcc, 0x98, 0x1, 0x22, 0x9b, 0x0, 0x4c,
    0x75, 0x2e, 0x28, 0x0, 0x90, 0xe0, 0x8, 0x81,
    0x80, 0x1c, 0x2, 0x10, 0x4e, 0x40, 0x11, 0x3,
    0x0, 0x38, 0x18, 0x9c, 0xa0, 0x3, 0x94, 0xea,
    0x5c, 0xcd, 0xc1, 0x20, 0x1e, 0xb6, 0x47, 0x5d,
    0x63, 0x64, 0x0, 0xf0, 0xcf, 0x72, 0x82, 0x46,
    0x13, 0x3f, 0x58, 0x3, 0xeb, 0xb, 0x3b, 0x17,
    0x9, 0x50, 0xe, 0x55, 0x22, 0xd8, 0x74, 0x78,
    0x78, 0x7, 0x58, 0x48, 0x10, 0x18, 0x10, 0x30,
    0x6, 0x91, 0x82, 0x1, 0x2, 0x1, 0x5, 0x0,
    0x8d, 0x8d, 0xc0, 0x1c, 0x12, 0xd4, 0x16, 0x1,
    0x70, 0x78, 0x4, 0x94, 0xd2, 0xf6, 0x40,

    /* U+0026 "&" */
    0x0, 0x8a, 0x7b, 0xf6, 0x0, 0x3f, 0x87, 0x18,
    0x48, 0x8f, 0x60, 0x1f, 0x98, 0x43, 0x75, 0x40,
    0x84, 0x1, 0xfc, 0x44, 0x6, 0x0, 0x18, 0x36,
    0x48, 0x4, 0xa0, 0x4c, 0x3e, 0x8, 0x20, 0x3,
    0x40, 0x8, 0xa4, 0x27, 0x8d, 0xac, 0x0, 0x20,
    0x20, 0x11, 0x68, 0x6, 0x10, 0xb, 0x41, 0x40,
    0x7, 0xa8, 0x8c, 0x80, 0x7c, 0x0, 0x28, 0x68,
    0x3, 0x80, 0xac, 0xdf, 0x44, 0xee, 0x0, 0xd0,
    0x4, 0x81, 0x40, 0x22, 0xc0, 0x47, 0xf, 0x0,
    0xe1, 0x0, 0xc4, 0xc0, 0x7, 0x30, 0x0, 0x90,
    0x33, 0x88, 0x92, 0xd8, 0x0, 0xc8, 0x26, 0x1c,
    0x0, 0x8e, 0xe5, 0xa0, 0x49, 0xd, 0xf6, 0x1,
    0xeb, 0x8, 0x0, 0xdf, 0x9b, 0x18, 0x41, 0x0,

    /* U+0027 "'" */
    0x6f, 0xc3, 0x7, 0x10, 0x27, 0x1, 0x3c, 0x90,

    /* U+0028 "(" */
    0x0, 0xb7, 0xd0, 0x1, 0x24, 0xa8, 0x4, 0xc1,
    0x60, 0xb, 0x5, 0x10, 0x3, 0x87, 0x80, 0xc,
    0x41, 0x0, 0xa, 0x4, 0x20, 0x1, 0x1, 0x0,
    0xbc, 0x1c, 0x2, 0xf0, 0x70, 0x8, 0x40, 0x80,
    0x24, 0x1, 0x10, 0x0, 0x84, 0x10, 0x2, 0x60,
    0xe0, 0xa, 0x41, 0x8, 0x0, 0x30, 0x1c, 0x1,
    0x3b, 0x2, 0x0,

    /* U+0029 ")" */
    0x8f, 0xa0, 0xa, 0x9, 0x58, 0x2, 0x90, 0x80,
    0x9, 0x8, 0x58, 0x2, 0x50, 0xa0, 0xa, 0xc0,
    0xc0, 0x23, 0x0, 0x18, 0x7, 0x38, 0x4, 0x20,
    0x20, 0x10, 0x80, 0x80, 0x4, 0x0, 0xe0, 0x5,
    0x0, 0x18, 0x3, 0x1, 0x0, 0x26, 0xe, 0x0,
    0x28, 0x92, 0x80, 0xd8, 0x48, 0x1, 0x8a, 0x10,
    0x0,

    /* U+002A "*" */
    0x0, 0xa7, 0xd0, 0x2, 0x10, 0xe0, 0x60, 0xb,
    0xef, 0x81, 0x76, 0x85, 0xdc, 0xc1, 0x2c, 0x43,
    0x30, 0x2, 0x75, 0x0, 0x56, 0x5a, 0x5a, 0x0,
    0x34, 0x93, 0x64, 0x0, 0xd, 0xa0, 0x4c, 0x0,

    /* U+002B "+" */
    0x0, 0xdf, 0x60, 0x1f, 0xfd, 0x6c, 0xff, 0x81,
    0x3f, 0xe6, 0x44, 0xc0, 0x28, 0x91, 0x45, 0xdc,
    0xb, 0x77, 0x20, 0x7, 0xff, 0x33, 0x24, 0x3,
    0x0,

    /* U+002C "," */
    0x8, 0xc8, 0x6, 0x3e, 0x11, 0x3, 0xa0, 0x18,
    0xe8, 0x20, 0x0,

    /* U+002D "-" */
    0x8d, 0xdc, 0xe4, 0x5d, 0xc0,

    /* U+002E "." */
    0x7, 0xc6, 0x0, 0x41, 0xc8, 0x1, 0x81, 0x80,

    /* U+002F "/" */
    0x0, 0xfb, 0xfc, 0xa0, 0x1e, 0x60, 0x15, 0x0,
    0xf5, 0x83, 0x0, 0x78, 0xc8, 0x24, 0x3, 0xd2,
    0xa, 0x20, 0x1c, 0x2a, 0x1c, 0x1, 0xe6, 0x2,
    0x40, 0xf, 0x48, 0x50, 0x7, 0x90, 0x41, 0x80,
    0x3d, 0xe0, 0xc2, 0x1, 0xc4, 0x81, 0x40, 0x1e,
    0xa0, 0x33, 0x0, 0x79, 0x82, 0x40, 0x3c, 0xc2,
    0x25, 0x0, 0xf5, 0x3, 0x0, 0x78, 0xcc, 0x14,
    0x1, 0xe0,

    /* U+0030 "0" */
    0x0, 0x9f, 0x7f, 0xa8, 0x40, 0x35, 0xc1, 0x0,
    0xae, 0x8, 0x1, 0x50, 0x23, 0xe4, 0xa, 0x40,
    0x12, 0x4, 0xe0, 0xc6, 0xc, 0x0, 0x30, 0x50,
    0x9, 0x0, 0x44, 0x40, 0xe, 0x0, 0xb8, 0x0,
    0x4c, 0x0, 0x30, 0x8, 0xc0, 0xe, 0x1, 0xff,
    0x38, 0x0, 0xc0, 0x23, 0x0, 0x39, 0x0, 0x38,
    0x2, 0xe0, 0x1, 0x8, 0x81, 0x0, 0x24, 0x3,
    0x10, 0x60, 0x37, 0x6, 0x30, 0xa0, 0x4, 0x90,
    0x47, 0xc8, 0x23, 0x0, 0x7, 0x18, 0x40, 0x9e,
    0xc0, 0x0,

    /* U+0031 "1" */
    0x0, 0xd, 0xfc, 0x14, 0x72, 0x0, 0x35, 0xc0,
    0x3c, 0xe0, 0x16, 0x7c, 0x80, 0x46, 0x1, 0xff,
    0xe9,

    /* U+0032 "2" */
    0x5, 0xbe, 0xfe, 0xa2, 0x5, 0xa4, 0x10, 0x15,
    0xc2, 0x2, 0x9d, 0xd3, 0x80, 0xdb, 0xeb, 0x11,
    0x20, 0x41, 0x48, 0x3, 0x8c, 0x3, 0xe4, 0x20,
    0x40, 0xc, 0xb6, 0x3, 0x0, 0x14, 0x50, 0xe,
    0x80, 0x54, 0xe0, 0x58, 0x60, 0x9, 0x50, 0x5d,
    0x20, 0x1, 0xb0, 0x2d, 0x0, 0x6a, 0x0, 0x49,
    0x9e, 0x25, 0x0, 0x66, 0x74, 0x88, 0x7, 0xe0,

    /* U+0033 "3" */
    0x7, 0xce, 0xfd, 0x70, 0x1, 0x41, 0x88, 0x14,
    0x58, 0x1b, 0x67, 0xe9, 0x82, 0x18, 0xc9, 0x81,
    0x40, 0x1, 0x80, 0x38, 0x40, 0xc, 0x1, 0xa,
    0x58, 0x21, 0x81, 0xff, 0x58, 0xbd, 0x80, 0x7c,
    0xcc, 0x0, 0x1f, 0xfb, 0x14, 0x65, 0x40, 0x31,
    0xd0, 0x87, 0x0, 0x7e, 0x78, 0x62, 0x2, 0xa1,
    0x4, 0x29, 0xdf, 0xd5, 0x2, 0x8e, 0x41, 0x0,
    0x1c, 0x68, 0x0,

    /* U+0034 "4" */
    0x0, 0xf6, 0xfe, 0x80, 0x7c, 0xc4, 0x1, 0xfd,
    0x0, 0x1f, 0xd0, 0x20, 0x1f, 0x8d, 0xc9, 0x80,
    0x3e, 0xe0, 0x90, 0xf, 0xa4, 0x99, 0x0, 0x3c,
    0xac, 0x52, 0x1, 0xe2, 0xa0, 0xf0, 0xf, 0xa8,
    0x1, 0x9d, 0xc6, 0x2, 0xe6, 0x0, 0x84, 0x60,
    0x8, 0x45, 0x1f, 0xfc, 0xc0, 0x5e, 0xe0, 0x1f,
    0xfc, 0xa0,

    /* U+0035 "5" */
    0xe, 0xff, 0xf1, 0x80, 0x80, 0x7f, 0xab, 0x77,
    0x19, 0x0, 0x1c, 0x8b, 0x0, 0x80, 0xc, 0x3,
    0x9c, 0x1, 0xfe, 0xe9, 0x10, 0x10, 0x0, 0x80,
    0xb6, 0x2, 0x67, 0x72, 0xcc, 0x9, 0xc4, 0xc4,
    0x49, 0x80, 0xc, 0x0, 0xf1, 0x3, 0x80, 0x70,
    0x90, 0x34, 0x38, 0x81, 0xe8, 0x3, 0x86, 0x3b,
    0xf0, 0xc1, 0x93, 0x50, 0x40, 0x52, 0xa4, 0x0,

    /* U+0036 "6" */
    0x0, 0xcd, 0x9f, 0xed, 0x40, 0xd, 0x92, 0x60,
    0x2, 0x20, 0x5, 0x46, 0x11, 0xdf, 0x8a, 0x0,
    0x25, 0x8, 0x71, 0x3, 0x30, 0x2, 0x80, 0x5c,
    0x3, 0xe4, 0x5, 0x4c, 0xfd, 0x60, 0x8, 0xc1,
    0xac, 0xc0, 0xa5, 0xc0, 0x31, 0x47, 0xe9, 0x4,
    0x0, 0x63, 0x70, 0x28, 0x0, 0x20, 0x10, 0x38,
    0x4, 0x20, 0x19, 0xc1, 0x40, 0x22, 0x0, 0x30,
    0x70, 0xc, 0x89, 0xc0, 0x11, 0x1, 0x18, 0x1b,
    0xb0, 0x43, 0x80, 0x29, 0x82, 0x1, 0x5d, 0x30,

    /* U+0037 "7" */
    0x1f, 0xff, 0xe2, 0x0, 0xff, 0x18, 0xee, 0xf8,
    0xc1, 0x44, 0x8, 0xb8, 0x4c, 0x20, 0x3, 0xef,
    0x5, 0x20, 0xf, 0x21, 0x84, 0x80, 0x7d, 0xe0,
    0x66, 0x0, 0xf1, 0x20, 0x48, 0x7, 0xd4, 0x0,
    0x50, 0xf, 0x94, 0x10, 0x3, 0xe2, 0x20, 0x68,
    0x7, 0xca, 0x0, 0x40, 0xf, 0xb4, 0x0, 0x40,
    0x1f, 0x20, 0x18, 0x7, 0x0,

    /* U+0038 "8" */
    0x0, 0x9f, 0x7f, 0xa4, 0x40, 0x36, 0x41, 0x0,
    0xb7, 0x90, 0x1, 0x8c, 0x2b, 0xf4, 0x45, 0x0,
    0xf, 0x1, 0x50, 0x27, 0x7, 0x0, 0x8, 0x7,
    0x18, 0x30, 0x2, 0x40, 0x60, 0x55, 0x41, 0xe0,
    0x1, 0xc1, 0x7e, 0xa1, 0xb4, 0x0, 0xac, 0x40,
    0x21, 0xf0, 0xa, 0x1c, 0x2b, 0xf0, 0x92, 0xc0,
    0xe, 0xe, 0xa0, 0x70, 0x8, 0x40, 0x17, 0x80,
    0x42, 0x0, 0x10, 0x20, 0x92, 0x1, 0x80, 0x1,
    0x4, 0x80, 0xef, 0xf1, 0x84, 0x8, 0x26, 0x28,
    0x80, 0xa5, 0xb8, 0x0,

    /* U+0039 "9" */
    0x0, 0xc, 0xf7, 0xec, 0x0, 0x61, 0xf6, 0x10,
    0x27, 0xb0, 0xa, 0x84, 0x2f, 0xa0, 0x11, 0x40,
    0x50, 0x1d, 0x5, 0xcc, 0x24, 0x8, 0x1, 0xc0,
    0x12, 0x81, 0x80, 0x80, 0x38, 0x2, 0x30, 0x0,
    0x90, 0x83, 0x20, 0x2a, 0x80, 0x35, 0x80, 0xdf,
    0xd0, 0x80, 0x4, 0x16, 0x88, 0x5, 0xd8, 0x4,
    0x2, 0x5d, 0xfe, 0x83, 0x5, 0x0, 0xf8, 0x90,
    0x34, 0x0, 0x88, 0x10, 0x4c, 0x2, 0x60, 0x1,
    0xdf, 0x7d, 0x88, 0xbc, 0x2, 0x43, 0x10, 0x26,
    0xf2, 0x0, 0x0,

    /* U+003A ":" */
    0x9, 0xf9, 0x0, 0x30, 0x30, 0x2, 0xe, 0x0,
    0xf, 0x8e, 0x1, 0xff, 0xc5, 0x7c, 0x60, 0x4,
    0x1c, 0x80, 0x18, 0x18, 0x0,

    /* U+003B ";" */
    0x8, 0xfa, 0x0, 0x38, 0x28, 0x2, 0x4e, 0x0,
    0xd, 0x8e, 0x1, 0xff, 0xc5, 0x8c, 0x80, 0x3,
    0x1f, 0x0, 0x88, 0x1c, 0x10, 0xc, 0x43, 0x41,
    0x0, 0x0,

    /* U+003C "<" */
    0x0, 0xfc, 0x42, 0x1, 0xe2, 0xad, 0x30, 0xc,
    0x55, 0xaa, 0x46, 0x0, 0x29, 0xd5, 0x3a, 0xd1,
    0x14, 0xeb, 0x25, 0xe2, 0x80, 0x25, 0x82, 0x6d,
    0x0, 0x35, 0x30, 0x4e, 0x28, 0x6, 0x29, 0xe7,
    0x3a, 0xe8, 0x10, 0x8, 0x63, 0xa0, 0x1f, 0x88,
    0x3, 0xb, 0xf4, 0x88, 0x7, 0xe6, 0xe2,

    /* U+003D "=" */
    0xcf, 0xff, 0xcc, 0xa6, 0x7f, 0xd3, 0x99, 0xf9,
    0x40, 0x3f, 0xd3, 0x99, 0xf9, 0x54, 0x67, 0xfc,

    /* U+003E ">" */
    0x31, 0x0, 0xfd, 0x7d, 0x2, 0x1, 0xec, 0x17,
    0xe8, 0x10, 0xc, 0x9d, 0x24, 0xfd, 0x2, 0x1,
    0x9b, 0x68, 0xdf, 0xa0, 0x3, 0x97, 0x50, 0x1c,
    0x80, 0x22, 0x9e, 0x42, 0x92, 0x4, 0xbd, 0x63,
    0xad, 0x60, 0x7b, 0x44, 0x5e, 0x28, 0x6, 0x5c,
    0xb4, 0x0, 0xe7, 0xa3, 0x0, 0xf8,

    /* U+003F "?" */
    0x6, 0xce, 0xfc, 0x50, 0x1, 0xc9, 0x88, 0x1d,
    0x40, 0x0, 0xa7, 0x28, 0x41, 0x80, 0xb5, 0x8d,
    0x5c, 0x4, 0x4, 0x3, 0x28, 0x10, 0x7, 0x41,
    0x84, 0x80, 0x68, 0x70, 0xa4, 0x0, 0x8d, 0xc2,
    0xd4, 0x3, 0x20, 0x1a, 0x0, 0x71, 0xb, 0x80,
    0x79, 0x7a, 0xc0, 0x3c, 0x57, 0x61, 0x0, 0xea,
    0x44, 0x38, 0x7, 0x58, 0x92, 0x0, 0x40,

    /* U+0040 "@" */
    0x0, 0xe6, 0xbe, 0xfe, 0xc8, 0x20, 0xf, 0x93,
    0xa5, 0x51, 0xdc, 0xf, 0xb0, 0x1, 0xcb, 0x63,
    0x3d, 0x51, 0x39, 0xa6, 0xf2, 0x1, 0x1d, 0x6,
    0x30, 0x7, 0x16, 0x13, 0x28, 0x2, 0x2, 0x4c,
    0x23, 0xbe, 0x3b, 0x81, 0xc1, 0x20, 0x48, 0x4c,
    0x14, 0xe4, 0xec, 0x26, 0x6, 0x26, 0x28, 0xa,
    0x6, 0xa5, 0x91, 0x60, 0x20, 0x5, 0x2, 0xe0,
    0xe0, 0xb0, 0xa0, 0x3, 0x3, 0x0, 0x70, 0x81,
    0x81, 0x1, 0x0, 0x1c, 0xc, 0x0, 0xe0, 0x42,
    0x6, 0x6, 0x1, 0xb4, 0x4, 0x4, 0xc8, 0x74,
    0x3c, 0x3c, 0x24, 0x51, 0x0, 0x81, 0x61, 0x0,
    0x80, 0xc2, 0xc4, 0x7d, 0x72, 0x27, 0xeb, 0xa,
    0x2, 0xe1, 0x61, 0xb3, 0x18, 0x9f, 0x10, 0xd7,
    0x0, 0xa0, 0xd6, 0xc9, 0x9c, 0xc0, 0x5d, 0x88,
    0x3, 0xb1, 0x53, 0x72, 0x62, 0xaf, 0xdc, 0x3,
    0xea, 0xc6, 0x16, 0x74, 0x77, 0x20, 0x6,

    /* U+0041 "A" */
    0x0, 0xef, 0xf9, 0x80, 0x3f, 0x94, 0x2, 0xa0,
    0xf, 0xee, 0x1, 0x3, 0x10, 0xf, 0x85, 0x2,
    0x40, 0xc, 0x1, 0xf3, 0x0, 0x18, 0x82, 0x80,
    0x3e, 0xa0, 0x31, 0x50, 0x22, 0x0, 0x71, 0x10,
    0x2c, 0x2c, 0x1, 0x40, 0x1d, 0x40, 0x5, 0x3,
    0x10, 0x60, 0xe, 0x60, 0x23, 0x11, 0x20, 0x9,
    0x80, 0x48, 0x20, 0x5d, 0xd2, 0x80, 0x28, 0x2,
    0xd0, 0xf, 0xe7, 0x0, 0x98, 0x7, 0xff, 0x98,
    0x5, 0x41, 0x40, 0xc, 0x1, 0xd4, 0x0, 0xf0,
    0xe0, 0x5, 0x0, 0x71, 0x90, 0x28, 0x0,

    /* U+0042 "B" */
    0x6f, 0xfe, 0xd9, 0x20, 0xf, 0xc4, 0xda, 0x40,
    0x1a, 0xff, 0x54, 0x1, 0x60, 0x1e, 0x2b, 0x0,
    0x10, 0x7, 0xc6, 0x0, 0x30, 0xf, 0x17, 0x1,
    0x40, 0x6, 0xbf, 0xd3, 0x4c, 0x0, 0xfe, 0x4f,
    0x30, 0xd, 0x7f, 0xeb, 0x1, 0xd0, 0xf, 0x91,
    0xc0, 0x50, 0x3, 0xe1, 0x0, 0xfc, 0x2a, 0xc0,
    0x5, 0x0, 0xaf, 0xfa, 0x80, 0x12, 0x20, 0x1e,
    0x14, 0xc6, 0x0,

    /* U+0043 "C" */
    0x0, 0xc7, 0x3b, 0xfe, 0xea, 0x20, 0xa, 0x31,
    0x88, 0x0, 0x2a, 0xc0, 0x9, 0x70, 0x3, 0x55,
    0x20, 0xc0, 0x8, 0xc0, 0x5b, 0x2a, 0xa7, 0xc4,
    0x8, 0x0, 0x71, 0x0, 0x7c, 0x60, 0x66, 0x0,
    0xf8, 0x80, 0xa, 0x1, 0xf8, 0x40, 0x3f, 0xe1,
    0x0, 0x10, 0x7, 0xe2, 0x10, 0x41, 0x0, 0xfc,
    0xc0, 0xd, 0x0, 0xfd, 0x22, 0x7, 0xd0, 0xaa,
    0x8d, 0x40, 0x1c, 0x20, 0x17, 0xaa, 0x39, 0x0,
    0x45, 0xb0, 0x62, 0x2, 0x6e, 0xa0,

    /* U+0044 "D" */
    0x6f, 0xfe, 0xeb, 0x71, 0x0, 0xfe, 0x14, 0x8e,
    0x50, 0xe, 0x9c, 0xc4, 0x98, 0x2, 0x8c, 0x3,
    0x11, 0x99, 0xb1, 0x80, 0x1e, 0x1, 0xfd, 0x24,
    0x6, 0x20, 0x1f, 0xca, 0x0, 0x50, 0xf, 0xee,
    0x0, 0x10, 0x7, 0xff, 0x0, 0xc0, 0x3f, 0xbc,
    0x0, 0xc0, 0x1f, 0xce, 0x0, 0x30, 0xf, 0xd4,
    0x20, 0xe0, 0x18, 0x8c, 0xcd, 0xaa, 0x7, 0x0,
    0x1a, 0x73, 0x12, 0x40, 0x9a, 0x1, 0xf8, 0x56,
    0xec, 0x20, 0x0,

    /* U+0045 "E" */
    0x6f, 0xff, 0x8c, 0x3, 0xff, 0x81, 0x39, 0x98,
    0xc0, 0x22, 0x33, 0xc0, 0x1f, 0xfc, 0xab, 0xff,
    0xb8, 0x3, 0xff, 0x83, 0x39, 0x98, 0x3, 0x11,
    0x9c, 0x40, 0x1f, 0xfc, 0x12, 0x33, 0xc2, 0x1,
    0x4e, 0x66, 0x90, 0xf, 0xe0,

    /* U+0046 "F" */
    0x6f, 0xff, 0x8c, 0x3, 0xff, 0x81, 0x39, 0x98,
    0xc0, 0x22, 0x33, 0xc0, 0x1f, 0xfc, 0xab, 0xff,
    0xb4, 0x3, 0xff, 0x83, 0x39, 0x97, 0x80, 0x62,
    0x33, 0x88, 0x3, 0xff, 0xb2,

    /* U+0047 "G" */
    0x0, 0xc5, 0x3b, 0xfe, 0xec, 0x80, 0xd, 0x1a,
    0xc4, 0x0, 0x13, 0x70, 0xa, 0x5c, 0x5, 0xee,
    0xd2, 0xc2, 0x0, 0x46, 0x2, 0xf8, 0x44, 0x34,
    0xf0, 0x2, 0x0, 0x1e, 0x20, 0x1f, 0x8c, 0xc,
    0x80, 0x3f, 0x10, 0x1, 0x40, 0x2e, 0xff, 0xd0,
    0x20, 0x1f, 0xfc, 0x2, 0x0, 0x10, 0x5, 0x9b,
    0x80, 0x10, 0x88, 0x10, 0x40, 0x4, 0x50, 0x6,
    0x60, 0x5, 0x0, 0x7f, 0x41, 0x2, 0x6b, 0x22,
    0x20, 0x3, 0xbc, 0xc0, 0xa6, 0xec, 0xc0, 0x1c,
    0x59, 0x28, 0x20, 0x2, 0x5a, 0x80,

    /* U+0048 "H" */
    0x6f, 0xf2, 0x0, 0x75, 0x7f, 0x80, 0x3f, 0xfe,
    0x77, 0xff, 0xca, 0x1, 0xff, 0xc5, 0x8b, 0xbe,
    0x30, 0xe, 0x34, 0x4e, 0x60, 0xf, 0xff, 0x30,

    /* U+0049 "I" */
    0x6f, 0xf2, 0x0, 0x7f, 0xfa, 0x0,

    /* U+004A "J" */
    0x0, 0xdf, 0xeb, 0x0, 0xff, 0xf5, 0x88, 0x7,
    0x8c, 0x2, 0x50, 0x7, 0x3a, 0xb5, 0x80, 0x17,
    0x2a, 0x44, 0x20, 0x8c, 0x0, 0x74, 0xe0,

    /* U+004B "K" */
    0x6f, 0xf2, 0x0, 0x51, 0xfe, 0xa0, 0xf, 0x8d,
    0xc0, 0xa8, 0x3, 0xee, 0x0, 0x78, 0x7, 0xd2,
    0x41, 0x44, 0x1, 0xe5, 0x60, 0x65, 0x0, 0xf0,
    0xd8, 0x1c, 0x80, 0x7d, 0x2, 0x1c, 0x1, 0xf8,
    0x40, 0x14, 0x1, 0xfa, 0x8, 0x1d, 0x0, 0x3f,
    0x78, 0x2, 0x84, 0x3, 0xe2, 0x80, 0x1d, 0x0,
    0xfc, 0xe8, 0x7, 0x0, 0x1f, 0xa8, 0x41, 0xd0,
    0x3, 0xe1, 0xb0, 0x5, 0x10,

    /* U+004C "L" */
    0x6f, 0xf2, 0x0, 0x7f, 0xff, 0xc0, 0x3f, 0xf9,
    0x64, 0x67, 0x84, 0x2, 0x9c, 0xcc, 0xc0, 0x1f,
    0xc0,

    /* U+004D "M" */
    0x6f, 0xfa, 0x40, 0x3c, 0x5f, 0xf5, 0x80, 0x66,
    0x0, 0xf5, 0x0, 0x7f, 0x28, 0x7, 0x30, 0x7,
    0xc6, 0x1c, 0x1, 0x90, 0x44, 0x40, 0x1d, 0x60,
    0x82, 0x1, 0x70, 0x39, 0x80, 0x72, 0x80, 0x18,
    0x0, 0x2a, 0x14, 0x1, 0xe2, 0x40, 0xb0, 0x3,
    0x81, 0x18, 0x7, 0xdc, 0x6, 0x41, 0x41, 0x40,
    0x1f, 0x94, 0x1, 0x44, 0x60, 0xc0, 0x1f, 0xcc,
    0xa, 0xa0, 0x41, 0x0, 0xfe, 0xa0, 0x2a, 0xd,
    0x0, 0xff, 0x19, 0x1, 0x3, 0x0, 0x7f, 0xd4,
    0x0, 0x50, 0xf, 0xfe, 0x3, 0x0, 0x38, 0x3,
    0xc0,

    /* U+004E "N" */
    0x6f, 0xf6, 0x80, 0x7b, 0xfd, 0x0, 0x11, 0x40,
    0x7, 0xff, 0x1, 0xcc, 0x3, 0xfc, 0x21, 0xc0,
    0x1f, 0xe8, 0x2, 0x70, 0xf, 0xe4, 0x50, 0x82,
    0x0, 0xfe, 0xb1, 0xe, 0x0, 0xfe, 0x18, 0x3,
    0x60, 0xf, 0xe6, 0x40, 0x91, 0x0, 0xfe, 0x90,
    0x5, 0x0, 0x7f, 0x14, 0x2, 0x0, 0x7f, 0x9c,
    0x80, 0x3f, 0xf8, 0x1c, 0x1, 0xff, 0xc0, 0x37,
    0x0, 0x80,

    /* U+004F "O" */
    0x0, 0xcb, 0x7d, 0xfd, 0x6a, 0x1, 0xc3, 0x94,
    0x82, 0x2, 0x95, 0x40, 0xd, 0xa6, 0x5, 0x15,
    0x4, 0xb, 0x40, 0x6, 0x30, 0x4d, 0x75, 0x7d,
    0x20, 0x53, 0xb, 0x0, 0x50, 0x7, 0x40, 0x2,
    0x44, 0x81, 0x4, 0x3, 0x94, 0x0, 0xe6, 0x0,
    0x20, 0xf, 0x88, 0x8, 0x40, 0x3f, 0xc2, 0x0,
    0x20, 0x1, 0x0, 0x7c, 0x40, 0x42, 0x20, 0x41,
    0x0, 0xe4, 0x10, 0x40, 0x90, 0x5, 0x80, 0x74,
    0x80, 0x28, 0x1c, 0x81, 0x71, 0x95, 0xf8, 0x81,
    0xcc, 0x1, 0x84, 0x7, 0x35, 0x2, 0xd, 0x0,
    0x10, 0xec, 0x98, 0x80, 0xad, 0xc8, 0x0,

    /* U+0050 "P" */
    0x6f, 0xfe, 0xea, 0x20, 0xf, 0xc2, 0xba, 0x60,
    0x1a, 0xbb, 0x14, 0x1, 0xe0, 0x18, 0x44, 0x74,
    0x40, 0x60, 0x1f, 0x98, 0x0, 0x20, 0x1f, 0x30,
    0x0, 0x40, 0x38, 0x64, 0x81, 0x80, 0x35, 0xff,
    0x30, 0x1c, 0x0, 0x7c, 0x4f, 0x82, 0x1, 0xab,
    0xbf, 0x60, 0x3, 0xc2, 0x20, 0xf, 0xfe, 0xd8,

    /* U+0051 "Q" */
    0x0, 0xcb, 0x7d, 0xfd, 0x6a, 0x1, 0xf0, 0xe5,
    0x20, 0x80, 0xa5, 0x50, 0x3, 0xda, 0x60, 0x51,
    0x50, 0x40, 0xb4, 0x1, 0x98, 0xc1, 0x35, 0xd5,
    0xf4, 0x81, 0x4c, 0x2, 0xb0, 0x5, 0x0, 0x74,
    0x0, 0x24, 0x0, 0x24, 0x8, 0x20, 0x1c, 0xa0,
    0x7, 0x0, 0x18, 0x0, 0x80, 0x3e, 0x20, 0x20,
    0x0, 0x80, 0x7f, 0x84, 0x3, 0x10, 0x0, 0x80,
    0x3e, 0x20, 0x20, 0x0, 0x88, 0x10, 0x40, 0x39,
    0x4, 0x10, 0x2, 0x90, 0x5, 0x80, 0x74, 0x80,
    0x28, 0x2, 0x72, 0x5, 0xc6, 0x57, 0xe2, 0x7,
    0x30, 0xd, 0x84, 0x7, 0x35, 0x2, 0x0, 0xa0,
    0xe, 0x1d, 0x93, 0x10, 0x12, 0x0, 0x61, 0x80,
    0x79, 0xb3, 0xbf, 0xb5, 0x0, 0x71, 0x0, 0x3f,
    0xeb, 0x87, 0x71, 0x80,

    /* U+0052 "R" */
    0x6f, 0xfe, 0xea, 0x30, 0xf, 0xe1, 0x5c, 0x30,
    0xe, 0xbe, 0xd6, 0x0, 0x78, 0x7, 0x84, 0xa4,
    0x40, 0xc0, 0x3f, 0x8c, 0x4, 0x3, 0xf0, 0x90,
    0x28, 0x7, 0x84, 0xf4, 0x1, 0xe0, 0x1d, 0x7d,
    0x86, 0x34, 0x80, 0x1f, 0xd2, 0xa0, 0x1e, 0xbf,
    0x60, 0x87, 0x0, 0xfd, 0x28, 0x10, 0x60, 0x1f,
    0xa4, 0x1, 0xc0, 0x1f, 0x8a, 0x0, 0xa4, 0x3,
    0xf3, 0x98, 0x32, 0x0,

    /* U+0053 "S" */
    0x0, 0xc, 0x6f, 0xfb, 0xac, 0xc0, 0xbd, 0xc8,
    0x0, 0x28, 0xa1, 0xc2, 0xd, 0x98, 0xa5, 0x0,
    0x18, 0x1c, 0x99, 0x96, 0x98, 0x2, 0x31, 0x0,
    0xf3, 0x0, 0x3d, 0x80, 0x3a, 0xc, 0x6, 0x79,
    0xc0, 0x21, 0xc9, 0x10, 0x18, 0xc1, 0x0, 0x9b,
    0xa4, 0x40, 0xe0, 0x3, 0x9b, 0x0, 0xe, 0x4,
    0x1, 0x88, 0x80, 0x21, 0xb2, 0x84, 0x72, 0x40,
    0x80, 0x6, 0xbd, 0xc6, 0x1, 0x90, 0x94, 0x10,
    0x1, 0x3f, 0x90,

    /* U+0054 "T" */
    0xbf, 0xff, 0xec, 0x0, 0xff, 0xa7, 0x32, 0x20,
    0x1c, 0xcb, 0x88, 0xce, 0x10, 0x33, 0xc4, 0x1,
    0xff, 0xff, 0x0, 0xff, 0xeb, 0x80,

    /* U+0055 "U" */
    0x8f, 0xf1, 0x0, 0x63, 0xff, 0x38, 0x7, 0xff,
    0xfc, 0x3, 0xf0, 0x80, 0x7e, 0x70, 0xb, 0x80,
    0xc, 0x1, 0x88, 0x0, 0x4a, 0x0, 0xf0, 0xd,
    0x40, 0x5, 0x32, 0x4, 0xb6, 0x65, 0x98, 0x28,
    0x87, 0x0, 0x12, 0x64, 0x80, 0x56, 0x0, 0x3d,
    0x62, 0x0, 0x13, 0xe0, 0x80,

    /* U+0056 "V" */
    0xbf, 0xf1, 0x0, 0x72, 0x7f, 0x9f, 0x40, 0xa,
    0x1, 0xda, 0x0, 0x67, 0x0, 0x60, 0x7, 0x38,
    0x18, 0x89, 0x1, 0x4, 0x2, 0x31, 0xa, 0x0,
    0x70, 0x1, 0x0, 0x2b, 0x0, 0x38, 0x1, 0x40,
    0x1e, 0x1, 0x28, 0x20, 0x80, 0x48, 0xa, 0x0,
    0x22, 0x6, 0x80, 0x6e, 0x0, 0x20, 0x28, 0x1,
    0xc0, 0x32, 0x80, 0x34, 0x2c, 0x10, 0x40, 0x39,
    0x41, 0xc4, 0xc3, 0x80, 0x3d, 0xe0, 0x32, 0x0,
    0x50, 0xf, 0x28, 0x1, 0x81, 0x40, 0x3f, 0x28,
    0x8, 0x78, 0x7, 0xee, 0x0, 0x94, 0x3, 0x0,

    /* U+0057 "W" */
    0xaf, 0xf1, 0x80, 0x6a, 0xff, 0x28, 0x6, 0xdf,
    0xdc, 0x0, 0x28, 0x6, 0x50, 0x6, 0x0, 0x62,
    0x4, 0x40, 0x3, 0x0, 0x23, 0x0, 0x90, 0x2,
    0x40, 0x6, 0x10, 0x82, 0x0, 0x56, 0x4, 0x4,
    0x20, 0x3, 0x0, 0x20, 0x20, 0x8, 0x80, 0x8,
    0xa, 0x0, 0x40, 0x6, 0x1, 0x88, 0x78, 0x1,
    0x0, 0x6, 0x16, 0x41, 0x80, 0x5, 0x4, 0x0,
    0x20, 0x3, 0x41, 0x40, 0x4d, 0x1, 0x0, 0x84,
    0x30, 0x0, 0x24, 0x8, 0x18, 0x8, 0x18, 0x4,
    0x2e, 0x0, 0x40, 0x9, 0x0, 0xc1, 0x3, 0x1,
    0x0, 0x9, 0x80, 0x60, 0x1b, 0x40, 0xa, 0x40,
    0x80, 0x24, 0x18, 0xa1, 0x60, 0x19, 0x0, 0x1c,
    0x2, 0x40, 0x4, 0x5, 0x30, 0x40, 0xe, 0x30,
    0x40, 0x70, 0xb, 0x40, 0xc0, 0x6, 0x1, 0xc8,
    0x1, 0x60, 0x4, 0x80, 0x12, 0x0, 0x7a, 0xc0,
    0x24, 0x0, 0xc6, 0x0, 0xc0, 0x8,

    /* U+0058 "X" */
    0x3f, 0xf7, 0x0, 0x61, 0xff, 0x68, 0x1a, 0x80,
    0xb8, 0x5, 0x0, 0x9, 0x0, 0x58, 0x2, 0x40,
    0x4, 0xc0, 0xa8, 0x0, 0x17, 0x1, 0x70, 0x90,
    0x5, 0x80, 0x68, 0x10, 0x93, 0x40, 0x81, 0x0,
    0xeb, 0x1, 0xd0, 0x27, 0x0, 0xf2, 0x98, 0x8,
    0x48, 0x7, 0xff, 0x0, 0x40, 0x3e, 0x63, 0x2,
    0xb, 0x0, 0xf0, 0xc8, 0x1c, 0x80, 0xc8, 0x7,
    0x50, 0x3, 0xd0, 0xc1, 0x88, 0x2, 0x54, 0x5,
    0x30, 0xf0, 0x7, 0x0, 0x56, 0x0, 0x80, 0x1,
    0xa0, 0x1a, 0x84, 0x88, 0x39, 0x0, 0x52, 0x0,
    0xb0,

    /* U+0059 "Y" */
    0xbf, 0xf2, 0x0, 0x68, 0xff, 0x24, 0x0, 0x3c,
    0x3, 0x30, 0x1a, 0x1a, 0x2, 0x10, 0x1, 0x84,
    0x20, 0x1, 0xe0, 0xb, 0x0, 0x58, 0x1a, 0x0,
    0x10, 0xc1, 0x85, 0x48, 0x20, 0x3, 0x40, 0x1,
    0xa4, 0xd, 0x0, 0x32, 0x10, 0x51, 0x84, 0x0,
    0x7a, 0x0, 0x80, 0xd0, 0x3, 0xca, 0x40, 0x8,
    0x0, 0xfc, 0x80, 0x4, 0x0, 0xff, 0xf4, 0x0,

    /* U+005A "Z" */
    0x1f, 0xff, 0xf1, 0x0, 0x7f, 0xc6, 0x39, 0x9e,
    0x40, 0x4, 0x88, 0x19, 0xf3, 0xa0, 0x23, 0x0,
    0x78, 0x68, 0x6, 0x80, 0x3e, 0xb1, 0xb, 0x10,
    0xf, 0x2a, 0x81, 0x54, 0x1, 0xe1, 0xa0, 0x1a,
    0x0, 0xfb, 0x40, 0x14, 0x1, 0xf3, 0x98, 0x32,
    0x0, 0x78, 0xa0, 0xa, 0x40, 0x3e, 0xf0, 0x5,
    0x99, 0xf8, 0x20, 0x80, 0x13, 0x99, 0xe2, 0x20,
    0x7, 0xfc,

    /* U+005B "[" */
    0xff, 0xc6, 0x0, 0x44, 0x8, 0x2, 0x6c, 0x80,
    0x3f, 0xfe, 0x5b, 0xe6, 0xa8, 0x90, 0x80,

    /* U+005C "\\" */
    0x9, 0xf9, 0x0, 0xb3, 0xe4, 0x2, 0xff, 0x8,
    0x78, 0x10, 0x4, 0x60, 0x40, 0x2, 0x1, 0x10,
    0x28, 0x28, 0x0, 0x80, 0xa, 0x0, 0x60, 0x50,
    0x1, 0x0, 0x80, 0x1c, 0x4, 0x60, 0x30, 0x30,
    0x0, 0x88, 0xc, 0x34, 0x14, 0x8, 0x38, 0x34,
    0x2, 0x50, 0x60, 0x30, 0xd0, 0x50, 0x50, 0x70,
    0x29, 0x60, 0x99, 0x28, 0xe8, 0x54, 0x98, 0x5b,
    0xb3, 0x8, 0xd, 0x84, 0x48, 0x6, 0xc0, 0x6,
    0xb4, 0xfd, 0x2, 0xb0, 0x9f, 0x21, 0xc0, 0x6f,
    0xc0, 0x1, 0x1, 0x18, 0x28, 0x38, 0xa0, 0x78,
    0x7, 0x18, 0x58, 0x18, 0x68, 0x58, 0x28, 0x7,
    0x28, 0x19, 0x0, 0xc, 0xc, 0xc, 0x3, 0xbc,
    0x0, 0xe0, 0x5, 0x0, 0x10, 0x7, 0x94, 0x1,
    0xa0, 0x1, 0x10, 0x38, 0x4,

    /* U+005D "]" */
    0x6f, 0xfb, 0x49, 0xc, 0x0, 0x97, 0x20, 0x1f,
    0xff, 0x26, 0xfa, 0x0, 0x12, 0x24, 0xa0,

    /* U+005E "^" */
    0x0, 0x8b, 0xe4, 0x3, 0xe8, 0x6, 0x20, 0xe,
    0x35, 0x30, 0x90, 0xe, 0x80, 0xe5, 0x43, 0x0,
    0x8d, 0x10, 0x50, 0x1e, 0x1, 0x40, 0x40, 0x12,
    0x9a, 0x81, 0xa1, 0x98, 0x1, 0x1, 0x1, 0x1,
    0x0, 0x11, 0x29, 0x30,

    /* U+005F "_" */
    0xff, 0xfc, 0x3b, 0xbf, 0x84,

    /* U+0060 "`" */
    0x1d, 0xf5, 0x0, 0xe, 0x15, 0x10, 0x0, 0x7c,
    0x7c, 0x40,

    /* U+0061 "a" */
    0x1, 0x8c, 0xef, 0xc6, 0x0, 0x9d, 0xc6, 0x61,
    0x39, 0x60, 0x1, 0xcf, 0xef, 0x20, 0x40, 0x1,
    0x58, 0x0, 0x46, 0x2, 0x0, 0x18, 0xdf, 0xd7,
    0x0, 0x8, 0x63, 0x93, 0x43, 0x80, 0xd, 0x8,
    0x32, 0x5f, 0x80, 0x21, 0x0, 0xea, 0x0, 0x90,
    0x1, 0xb7, 0xc4, 0x1, 0xe, 0x18, 0xab, 0x58,
    0x4,

    /* U+0062 "b" */
    0xaf, 0xf0, 0x7, 0xff, 0x86, 0x7b, 0xf1, 0x0,
    0x3b, 0x18, 0x40, 0xed, 0x0, 0x30, 0xe7, 0x40,
    0x2, 0x0, 0x37, 0x98, 0xb9, 0x81, 0x80, 0x62,
    0x0, 0x90, 0x0, 0x40, 0x1, 0x0, 0xc2, 0x0,
    0x30, 0x0, 0x80, 0x65, 0x1, 0x10, 0x5, 0x20,
    0x5, 0x30, 0x70, 0xc, 0xdd, 0xb4, 0x3, 0x0,
    0x1a, 0xc8, 0x82, 0xbe, 0x20,

    /* U+0063 "c" */
    0x0, 0x9f, 0x3f, 0xda, 0xa0, 0xc, 0x83, 0x0,
    0x16, 0x84, 0x98, 0x2e, 0xfe, 0x60, 0x18, 0xe,
    0x88, 0xd, 0x8, 0x1, 0x60, 0x1c, 0x20, 0x1f,
    0x88, 0x1, 0x80, 0x1c, 0x28, 0x9, 0x24, 0x28,
    0xa1, 0x42, 0xd, 0xbd, 0x7a, 0x3, 0xec, 0x40,
    0x27, 0x80,

    /* U+0064 "d" */
    0x0, 0xfd, 0xfe, 0x80, 0xf, 0xfe, 0xb8, 0xd7,
    0x7e, 0x18, 0x6, 0x1f, 0x51, 0x3, 0xd0, 0xd,
    0x62, 0x11, 0xd8, 0x60, 0x19, 0x41, 0x1c, 0x4f,
    0x80, 0x23, 0x0, 0x60, 0x4, 0x60, 0x1e, 0x10,
    0xf, 0x88, 0x1, 0xe0, 0x11, 0x80, 0x42, 0x40,
    0xc6, 0x0, 0xf0, 0xd, 0x20, 0xc, 0xdf, 0x20,
    0xc, 0x96, 0x60, 0x6b, 0x80, 0x10,

    /* U+0065 "e" */
    0x0, 0xa3, 0x7f, 0xa4, 0x40, 0x3, 0xae, 0x44,
    0x16, 0xc0, 0x4, 0x10, 0xee, 0xc2, 0x4e, 0xc,
    0x12, 0x40, 0x48, 0x18, 0x60, 0x8, 0xff, 0x94,
    0x18, 0x2, 0x34, 0x4f, 0x10, 0x1, 0x2e, 0xfa,
    0x44, 0xc1, 0xd0, 0x0, 0x2e, 0x0, 0xe0, 0x5,
    0xff, 0xba, 0x0, 0x5, 0xaa, 0x20, 0x27, 0x20,

    /* U+0066 "f" */
    0x0, 0x9b, 0x3f, 0xc6, 0x0, 0x79, 0x30, 0x3,
    0x80, 0x28, 0x7, 0x79, 0x0, 0x6, 0x8, 0x42,
    0x11, 0xe2, 0xb, 0xfc, 0x1, 0xfd, 0x1e, 0x20,
    0xbf, 0xc0, 0x1f, 0xfe, 0xd0,

    /* U+0067 "g" */
    0x0, 0x15, 0x77, 0xd9, 0x7f, 0xa0, 0x7, 0x14,
    0x41, 0x30, 0x3, 0x58, 0x84, 0x76, 0x90, 0x6,
    0x50, 0x47, 0x12, 0xf0, 0x8, 0x80, 0x18, 0x1,
    0x18, 0x4, 0x20, 0x1, 0x0, 0xf8, 0x80, 0x18,
    0x1, 0x20, 0x4, 0x24, 0xa, 0xc2, 0x72, 0x1,
    0xa4, 0x1, 0x3d, 0x82, 0x1, 0x92, 0xcc, 0x5,
    0xb8, 0x1, 0xe0, 0x4, 0xcf, 0xe9, 0x40, 0x1,
    0x82, 0x30, 0x80, 0xb4, 0x81, 0x20, 0x14, 0xf7,
    0xf4, 0x80, 0xf8, 0x1, 0x10, 0x20, 0x2, 0x7f,
    0x20,

    /* U+0068 "h" */
    0xaf, 0xf0, 0x7, 0xff, 0x70, 0x6b, 0xb9, 0x42,
    0x1, 0xb5, 0x44, 0x4b, 0x40, 0x19, 0xf7, 0x46,
    0x8, 0x40, 0x15, 0x11, 0x24, 0x0, 0xc0, 0x10,
    0x80, 0x4, 0x0, 0x20, 0x1f, 0xfe, 0x60,

    /* U+0069 "i" */
    0x7f, 0xa0, 0xa0, 0x51, 0x93, 0x81, 0x4c, 0x70,
    0xbf, 0xe0, 0xf, 0xfe, 0xc8,

    /* U+006A "j" */
    0x0, 0x9b, 0xec, 0x3, 0x50, 0x21, 0x0, 0x50,
    0x8e, 0x40, 0x12, 0x5c, 0x0, 0x6a, 0xff, 0x0,
    0x7f, 0xfc, 0x84, 0x3, 0x30, 0x18, 0x10, 0xa1,
    0x82, 0x2, 0xf5, 0x80, 0x2c, 0x8, 0x0, 0x98,
    0x40,

    /* U+006B "k" */
    0xaf, 0xf0, 0x7, 0xff, 0x78, 0xbf, 0xdc, 0x20,
    0x1d, 0xc0, 0xd, 0x10, 0xd, 0x6, 0x14, 0x60,
    0x19, 0x1c, 0x1d, 0x40, 0x3a, 0x80, 0xe0, 0x3,
    0xca, 0x6, 0x40, 0x1e, 0xa1, 0xf, 0x0, 0xf0,
    0xd8, 0x15, 0x80, 0x79, 0x58, 0x11, 0xc0, 0x3d,
    0x24, 0x10, 0x80,

    /* U+006C "l" */
    0xbf, 0xe0, 0xf, 0xfe, 0xd8,

    /* U+006D "m" */
    0xaf, 0xf0, 0xd7, 0x7d, 0x88, 0xab, 0xb9, 0x62,
    0x1, 0xbd, 0xc0, 0x9, 0x9e, 0x80, 0x29, 0xa0,
    0x19, 0xb7, 0x88, 0x8, 0x9d, 0xc5, 0x3, 0x20,
    0xa, 0x40, 0xa, 0x0, 0x80, 0x7, 0x0, 0x18,
    0x2, 0x10, 0x7, 0x80, 0x18, 0x0, 0xe0, 0x1,
    0x0, 0xff, 0xff, 0x80, 0x70,

    /* U+006E "n" */
    0xaf, 0xf0, 0xd7, 0x72, 0xc4, 0x3, 0x7a, 0x0,
    0xa6, 0x80, 0x67, 0xee, 0x28, 0x19, 0x0, 0x50,
    0x0, 0xe0, 0x3, 0x80, 0x42, 0x0, 0x70, 0xf,
    0xfe, 0x1, 0x80, 0x7f, 0xf7, 0x0,

    /* U+006F "o" */
    0x0, 0x9f, 0x7f, 0xda, 0xe0, 0x18, 0x76, 0x8,
    0x0, 0x51, 0x80, 0x15, 0x90, 0x47, 0x71, 0x80,
    0xdc, 0x0, 0xa0, 0x8e, 0x22, 0x92, 0xa, 0x3,
    0x0, 0x60, 0x6, 0x70, 0x20, 0xc, 0x20, 0x1f,
    0x88, 0x1, 0x80, 0x19, 0xc0, 0xc0, 0x50, 0x15,
    0x84, 0x52, 0x41, 0x40, 0xa, 0x10, 0x9e, 0xe3,
    0x2, 0xb0, 0x0, 0x7d, 0xc8, 0x0, 0x73, 0x40,
    0x0,

    /* U+0070 "p" */
    0xaf, 0xf0, 0xd7, 0x7e, 0x20, 0x7, 0x7a, 0x18,
    0x1d, 0xa0, 0x6, 0x4e, 0xdc, 0x0, 0x40, 0x6,
    0xb0, 0x1, 0xa8, 0x18, 0x4, 0x22, 0x0, 0x88,
    0x0, 0x40, 0x1f, 0x8, 0x0, 0xc0, 0x2, 0x20,
    0x9, 0x0, 0x44, 0x1, 0x69, 0xc, 0x90, 0x38,
    0x6, 0x2d, 0xe6, 0x2, 0x80, 0xd, 0xa6, 0x2,
    0xd8, 0x20, 0x18, 0xf3, 0xfa, 0x44, 0x3, 0xff,
    0xae,

    /* U+0071 "q" */
    0x0, 0x15, 0x77, 0xd9, 0xff, 0xa0, 0xb, 0x14,
    0x41, 0x34, 0x3, 0x40, 0x84, 0x76, 0x98, 0x6,
    0x50, 0x47, 0x12, 0xe0, 0x8, 0x80, 0x18, 0x1,
    0x18, 0x4, 0x20, 0x1, 0x0, 0xf8, 0x80, 0x18,
    0x1, 0x20, 0x4, 0x24, 0xa, 0xc2, 0x72, 0x1,
    0xa4, 0x1, 0x3d, 0x82, 0x1, 0x92, 0xcc, 0x5,
    0xb4, 0x3, 0x93, 0x3f, 0xa4, 0x40, 0x3f, 0xfb,
    0x0,

    /* U+0072 "r" */
    0x0, 0xfa, 0xbf, 0xc5, 0x9e, 0xa0, 0x17, 0x98,
    0x7, 0xb3, 0x50, 0x2, 0xe3, 0x21, 0x0, 0x8c,
    0x3, 0xff, 0xb4,

    /* U+0073 "s" */
    0x5, 0xce, 0xfd, 0x70, 0x7a, 0x30, 0x22, 0x68,
    0x48, 0x27, 0x6f, 0xc8, 0x18, 0x29, 0x80, 0xc,
    0x2c, 0x7, 0x35, 0x80, 0xd, 0x68, 0x5, 0x36,
    0x0, 0x4b, 0xe4, 0x4, 0x27, 0x10, 0x1c, 0x0,
    0xa3, 0xba, 0x80, 0x42, 0x62, 0x10, 0x38, 0xb0,

    /* U+0074 "t" */
    0x0, 0x2c, 0xb8, 0x6, 0xa6, 0xe0, 0xf, 0xe9,
    0xf0, 0x3, 0x7e, 0x80, 0x7d, 0x3e, 0x0, 0x6f,
    0xd0, 0xf, 0xfe, 0x90, 0x82, 0x8, 0x80, 0x8,
    0x5, 0xd8, 0x0, 0xb5, 0x10, 0x70,

    /* U+0075 "u" */
    0xdf, 0xc0, 0x9, 0x7f, 0xc6, 0x1, 0xff, 0xdc,
    0x10, 0xf, 0xf8, 0x40, 0x22, 0x0, 0x98, 0x9,
    0x0, 0x68, 0x2, 0x90, 0x5, 0xef, 0x0, 0x63,
    0xa2, 0x3, 0x88, 0x0, 0x40,

    /* U+0076 "v" */
    0xcf, 0xf0, 0x6, 0xbf, 0xf0, 0x50, 0x1, 0x0,
    0x24, 0x6, 0x7, 0x0, 0x68, 0x1, 0x0, 0x14,
    0x2, 0x80, 0xe0, 0xd, 0x2, 0x30, 0x7, 0x0,
    0x90, 0x38, 0x50, 0x4, 0xa0, 0x5, 0x31, 0x5,
    0x0, 0xca, 0x16, 0x80, 0x64, 0x1, 0xb8, 0xf,
    0x2, 0x80, 0x39, 0x4, 0x10, 0x18, 0x3, 0xce,
    0x0, 0x50, 0xc,

    /* U+0077 "w" */
    0xbf, 0xe0, 0xa, 0x7f, 0xc4, 0x0, 0x9f, 0xcd,
    0x1, 0x20, 0x2, 0x0, 0x10, 0x0, 0x81, 0x68,
    0x0, 0x40, 0x12, 0x0, 0x60, 0x0, 0x81, 0x8,
    0x81, 0xe0, 0xe0, 0xa0, 0xe0, 0x80, 0x26, 0x8,
    0x8, 0x18, 0x12, 0x4, 0x26, 0x8, 0x0, 0xd0,
    0x21, 0x41, 0x33, 0x2, 0x68, 0x78, 0x1, 0x0,
    0xc, 0x2e, 0x8, 0x18, 0x80, 0x80, 0x12, 0x5,
    0x6, 0x6, 0x2, 0x9, 0x88, 0x5, 0x80, 0x40,
    0x80, 0x80, 0x40, 0x80, 0x19, 0x40, 0x6, 0x20,
    0x3, 0x0, 0x58, 0x0,

    /* U+0078 "x" */
    0x6f, 0xf4, 0x0, 0x5d, 0xf8, 0xc, 0x60, 0xe2,
    0x10, 0x21, 0xc0, 0xe, 0x0, 0x40, 0xb8, 0x41,
    0x0, 0x9, 0xc1, 0xac, 0xd, 0xc0, 0x34, 0x8,
    0x28, 0x70, 0x7, 0x8c, 0x2, 0x10, 0xe, 0x82,
    0x13, 0xe, 0x0, 0xc6, 0xe1, 0x30, 0x4, 0xe0,
    0x17, 0x0, 0xba, 0x20, 0x20, 0x82, 0x8, 0x2c,
    0x1, 0x0, 0xe, 0x0,

    /* U+0079 "y" */
    0xcf, 0xf0, 0x80, 0x53, 0xfe, 0x9, 0x0, 0x38,
    0x4, 0xe0, 0xc0, 0xa2, 0x1a, 0x0, 0x31, 0xa,
    0x0, 0x30, 0x20, 0x85, 0x1, 0x18, 0x2, 0x80,
    0x8, 0xe, 0x14, 0x1, 0x12, 0x7, 0x20, 0x83,
    0x0, 0x6f, 0x4, 0xd0, 0x51, 0x0, 0xc8, 0x40,
    0xc1, 0xc0, 0x1e, 0xa0, 0x1, 0x20, 0x7, 0x94,
    0x1, 0x40, 0x1f, 0x50, 0x1, 0x80, 0x30, 0x89,
    0x1c, 0x18, 0x40, 0x34, 0xf5, 0x81, 0x40, 0x7,
    0x78, 0xa, 0xe0, 0x80, 0x70,

    /* U+007A "z" */
    0x3f, 0xff, 0xb0, 0x3, 0xf2, 0x1f, 0xfd, 0xc2,
    0x7, 0x0, 0x1a, 0x84, 0x38, 0x3, 0x3a, 0x4,
    0x90, 0x4, 0x70, 0xa, 0xc0, 0x1b, 0x80, 0xa8,
    0x3, 0x51, 0x7, 0x0, 0x66, 0x50, 0x6, 0x7f,
    0xd9, 0xa0, 0x1f, 0x80,

    /* U+007B "{" */
    0x0, 0x97, 0x3c, 0x40, 0x7, 0x46, 0x61, 0x0,
    0x20, 0x26, 0x0, 0x5e, 0x4, 0x1, 0x84, 0x3,
    0xff, 0x82, 0x41, 0xc0, 0x15, 0xa0, 0xb0, 0x4,
    0x80, 0xe2, 0x1, 0x68, 0xb2, 0x80, 0x44, 0xe1,
    0xa0, 0x1e, 0x10, 0xf, 0xf8, 0x40, 0x3d, 0xc0,
    0x82, 0x1, 0x31, 0x13, 0x84, 0x2, 0xc9, 0x61,

    /* U+007C "|" */
    0x8, 0x80, 0xbb, 0x80, 0x3f, 0xfd, 0x40,

    /* U+007D "}" */
    0x3f, 0xb3, 0x0, 0x9, 0x26, 0x80, 0xb, 0x44,
    0x48, 0x1, 0x28, 0x10, 0x7, 0xff, 0xc, 0x83,
    0xc0, 0x2b, 0x6, 0x90, 0x1, 0x20, 0x20, 0x1,
    0xd0, 0xf0, 0x1, 0x81, 0x42, 0x1, 0xff, 0xc2,
    0x70, 0x30, 0x1, 0x98, 0x18, 0x13, 0x1, 0xc,
    0x19, 0x95, 0x60, 0x0,

    /* U+007E "~" */
    0x1, 0xaf, 0xe9, 0x20, 0x1f, 0xa0, 0xa5, 0x20,
    0x6d, 0xd7, 0x87, 0x82, 0x1e, 0xf5, 0xa1, 0x83,
    0xa8,

    /* U+00B0 "°" */
    0x0, 0xf0, 0xdf, 0xf2, 0x85, 0xad, 0x3d, 0x13,
    0xb2, 0xc8, 0x23, 0x29, 0x30, 0x2c, 0x86, 0xcb,
    0x99, 0x6e, 0x74, 0x0,

    /* U+00B1 "±" */
    0x0, 0xdf, 0x60, 0x1f, 0xfd, 0x6b, 0xff, 0x81,
    0x3f, 0xe6, 0x34, 0x48, 0x5, 0x12, 0x28, 0xbb,
    0x81, 0x6e, 0xe4, 0x0, 0xff, 0xe6, 0x64, 0x80,
    0x68, 0xbb, 0xa2, 0x6e, 0xe4, 0x4f, 0xf1, 0x0,

    /* U+00B7 "·" */
    0x7, 0xc6, 0x0, 0x41, 0xc8, 0x1, 0x81, 0x80,

    /* U+00D7 "×" */
    0x0, 0xff, 0xe, 0x98, 0x6, 0x7a, 0x5, 0x2c,
    0x30, 0x3, 0xc3, 0x8a, 0x58, 0x61, 0xbc, 0x16,
    0x8, 0x25, 0x86, 0x41, 0x60, 0x80, 0x48, 0xa0,
    0x8, 0x10, 0xd, 0xa, 0x41, 0x46, 0x1, 0x43,
    0x96, 0x58, 0x61, 0x83, 0x39, 0x60, 0xa5, 0x86,
    0xb, 0x33, 0x4, 0x0, 0x97, 0x22,

    /* U+2013 "–" */
    0xdd, 0xfe, 0xa2, 0x2f, 0xe6,

    /* U+2014 "—" */
    0xdd, 0xff, 0xe3, 0xb1, 0x17, 0xff, 0x1c, 0x40,

    /* U+2018 "‘" */
    0x0, 0x4f, 0x90, 0x1, 0x84, 0x81, 0x41, 0x0,
    0x12, 0x18, 0x0, 0xfb, 0x60,

    /* U+2019 "’" */
    0xf, 0xf1, 0x98, 0xc, 0xc8, 0x14, 0x18, 0xc,
    0x11, 0x80, 0x0,

    /* U+201C "“" */
    0x0, 0x4f, 0x90, 0x76, 0x0, 0x18, 0x49, 0x45,
    0x1, 0x41, 0x3, 0x83, 0x2, 0x43, 0x5, 0x1,
    0x3, 0xed, 0x82, 0xf0, 0x0,

    /* U+201D "”" */
    0xf, 0xf1, 0xaf, 0xe8, 0x18, 0x19, 0xb0, 0x28,
    0x10, 0x28, 0x10, 0x18, 0x30, 0x18, 0x49, 0x44,
    0x23, 0x0, 0x17, 0x60, 0x0,

    /* U+2022 "•" */
    0x6, 0xee, 0x30, 0x24, 0x88, 0xa4, 0xcc, 0x1,
    0x94, 0xc0, 0x32, 0xa4, 0x8, 0xa4, 0xc0,

    /* U+2026 "…" */
    0x3c, 0xa0, 0xa, 0x31, 0x40, 0x5, 0x76, 0x19,
    0x35, 0x40, 0x17, 0x38, 0x0, 0x52, 0x21, 0xbc,
    0x4d, 0x40, 0x54, 0x28, 0x1, 0x62, 0x4a,

    /* U+2103 "℃" */
    0x3, 0xbc, 0x70, 0xe, 0x49, 0xcd, 0xcb, 0x70,
    0x1c, 0x5, 0x87, 0x0, 0xe, 0x5b, 0x19, 0x1a,
    0x40, 0x38, 0x5c, 0xbd, 0x0, 0xf9, 0x80, 0xb4,
    0x3a, 0x80, 0xc, 0x8, 0xc, 0x43, 0x44, 0x1f,
    0xa5, 0xe2, 0xbc, 0x14, 0xf7, 0x93, 0xd0, 0xc1,
    0x60, 0x3, 0xf6, 0x54, 0x69, 0xe8, 0x2, 0x0,
    0x3f, 0xca, 0xc4, 0xa, 0x0, 0x20, 0xf, 0xfe,
    0x20, 0x80, 0x7f, 0xf0, 0xdc, 0x4, 0x3, 0xff,
    0x86, 0x60, 0x5, 0x0, 0xff, 0xe1, 0x58, 0x2,
    0xc4, 0x3, 0xff, 0x82, 0x6a, 0x3, 0xee, 0x42,
    0x4b, 0x40, 0x1f, 0xa9, 0x0, 0x63, 0x7b, 0x69,
    0x40, 0x3f, 0xae, 0x48, 0x3, 0x94, 0x3, 0xfc,
    0xdb, 0xdb, 0xae, 0xfa, 0x0,

    /* U+2192 "→" */
    0x0, 0xff, 0xe0, 0x8, 0x7, 0xff, 0xf, 0x74,
    0x1, 0xff, 0xc3, 0x83, 0x90, 0x8, 0x62, 0x3f,
    0xda, 0x2d, 0xae, 0x26, 0xef, 0xff, 0x8, 0x14,
    0x19, 0x6e, 0xff, 0xc2, 0x11, 0xc4, 0x4, 0x5f,
    0xeb, 0x1c, 0x71, 0x0, 0xff, 0xe0, 0xc, 0x18,
    0x4,

    /* U+AC00 "가" */
    0x0, 0xff, 0xe0, 0xf7, 0xb0, 0x7, 0x77, 0x7e,
    0xb0, 0xf, 0xf0, 0x8f, 0xe2, 0x0, 0xff, 0x7f,
    0xf8, 0x1, 0xe0, 0x1f, 0xfc, 0x34, 0x0, 0x20,
    0x7, 0xff, 0xf, 0x80, 0xc8, 0x3, 0xff, 0x84,
    0x6a, 0x12, 0x1, 0xc2, 0x1, 0xfd, 0xc0, 0x6a,
    0x1, 0xd1, 0xfe, 0x30, 0xe, 0xa2, 0xf, 0x0,
    0xf8, 0x46, 0x0, 0xd2, 0xa1, 0x26, 0x1, 0xe9,
    0xee, 0x10, 0x0, 0x6d, 0x81, 0xd8, 0x3, 0xff,
    0x80, 0xde, 0x81, 0x10, 0x0, 0xff, 0xe0, 0x88,
    0xd4, 0xe0, 0x1f, 0xfc, 0x27, 0xaf, 0x50, 0xf,
    0xfe, 0x22, 0x88, 0x7, 0xff, 0xa4,

    /* U+AC01 "각" */
    0x0, 0xff, 0xe0, 0x77, 0xb0, 0x6, 0xef, 0xff,
    0xa8, 0x3, 0xff, 0x8b, 0xa0, 0x1f, 0xdd, 0xff,
    0xa8, 0x0, 0xa0, 0x1f, 0xfc, 0x28, 0x4, 0x20,
    0xd, 0x3d, 0xc1, 0x0, 0xea, 0x20, 0x90, 0xf,
    0x8, 0x8c, 0x2, 0x1b, 0x50, 0x92, 0x0, 0xe9,
    0xff, 0x10, 0x1, 0xbd, 0x2, 0x58, 0x3, 0xfc,
    0xfd, 0x22, 0x2b, 0x60, 0xf, 0xf9, 0x4, 0x1f,
    0xd0, 0x3, 0xff, 0x80, 0x79, 0xd0, 0x20, 0x1f,
    0x66, 0xb8, 0x6, 0x34, 0xff, 0xfe, 0xdd, 0x38,
    0x7, 0x8, 0xff, 0x80, 0x3f, 0x27, 0x77, 0xf0,
    0x80, 0x7f, 0xfb, 0xc0,

    /* U+AC04 "간" */
    0x0, 0xff, 0xe0, 0x37, 0xf0, 0x6, 0x8f, 0xff,
    0xc0, 0x1f, 0xfc, 0x53, 0x0, 0xfe, 0x8f, 0xfd,
    0xc0, 0xb, 0x0, 0xff, 0xe1, 0x40, 0x1, 0x80,
    0x3f, 0xf8, 0x28, 0xc0, 0xe2, 0x1, 0x87, 0xb9,
    0x20, 0x19, 0x2c, 0xe, 0x0, 0x3c, 0x22, 0x30,
    0xa, 0x2c, 0xb, 0x40, 0x3c, 0x3f, 0xea, 0x17,
    0xe7, 0x3, 0xc1, 0x0, 0xff, 0x14, 0x8, 0x46,
    0x8, 0x7, 0xfc, 0x76, 0xfc, 0xe0, 0x1f, 0xfc,
    0x24, 0x87, 0xed, 0x0, 0xff, 0xe2, 0x9, 0x80,
    0x78, 0xc4, 0x80, 0x3f, 0xf8, 0x6b, 0xd8, 0x1,
    0xff, 0xce, 0x1f, 0xff, 0xe4, 0x0, 0xff, 0xe4,
    0x0,

    /* U+AC10 "감" */
    0x0, 0xff, 0xe0, 0x37, 0xf0, 0x6, 0x6f, 0xff,
    0xc2, 0x1, 0xff, 0xc4, 0x11, 0x0, 0x7e, 0x6f,
    0xfe, 0x10, 0x70, 0xf, 0xfe, 0x14, 0x8, 0x58,
    0x6, 0x1e, 0xe4, 0x80, 0x72, 0xb8, 0x39, 0x0,
    0x70, 0x88, 0xc0, 0x34, 0x50, 0x1c, 0x0, 0x70,
    0xff, 0xa8, 0x0, 0x98, 0xe0, 0x78, 0x1, 0xfe,
    0x2d, 0xb3, 0x6, 0xc0, 0xf, 0xf8, 0x9c, 0xe,
    0xe4, 0x3, 0xff, 0x83, 0x57, 0x8c, 0x45, 0xf2,
    0x5e, 0x80, 0x72, 0x36, 0xef, 0xf5, 0xe8, 0x7,
    0xf1, 0x17, 0x84, 0x3, 0xfc, 0x3b, 0xbe, 0x80,
    0xf, 0xfe, 0x80, 0xff, 0xfa, 0x40, 0x3f, 0xf9,
    0x60,

    /* U+AC12 "값" */
    0x0, 0xff, 0xe0, 0x5f, 0xc0, 0x5, 0x7f, 0xff,
    0x84, 0x3, 0xe1, 0x0, 0xf8, 0x44, 0x1, 0xf5,
    0x7f, 0xf0, 0x83, 0x0, 0x61, 0x0, 0xfd, 0x22,
    0x12, 0x1, 0x9b, 0xf8, 0x3, 0xa5, 0x82, 0x84,
    0x3, 0x84, 0x80, 0x23, 0xc6, 0x8, 0x50, 0xe,
    0x7e, 0xc1, 0x5b, 0xc3, 0x1a, 0x70, 0xf, 0xe4,
    0xa4, 0x6, 0xf5, 0x0, 0xff, 0x2d, 0x46, 0x40,
    0x81, 0x10, 0x2, 0xc6, 0xc0, 0x9, 0x4f, 0x30,
    0x0, 0xdd, 0x8, 0x2c, 0x2a, 0x0, 0x7e, 0x10,
    0xc, 0x60, 0x20, 0x1f, 0x17, 0xf0, 0x6, 0xe0,
    0x20, 0xf, 0xc8, 0x80, 0xc, 0xc0, 0x4, 0x0,
    0xf1, 0x5d, 0x80, 0x28, 0x10, 0x4, 0x80, 0x78,
    0xb3, 0x0, 0xa, 0x70, 0xc3, 0x2c, 0x20, 0xe,
    0x33, 0x0, 0x1c, 0x28, 0xf4, 0x44, 0x60, 0x4,
    0xff, 0xf6, 0x6a, 0x80, 0xfe, 0x8,

    /* U+AC1C "개" */
    0x0, 0xff, 0x27, 0xf8, 0x1b, 0xf8, 0x1, 0xbd,
    0xde, 0x50, 0xf, 0xe2, 0x11, 0xf8, 0x3, 0xfb,
    0xff, 0x60, 0x1, 0x80, 0x3f, 0xf8, 0x2a, 0x2,
    0x40, 0x1f, 0xfc, 0x1a, 0x4, 0x0, 0xff, 0xe0,
    0x91, 0x87, 0x0, 0x7f, 0xf0, 0x64, 0x9, 0x0,
    0x37, 0xc8, 0x7, 0x95, 0x2, 0x0, 0x38, 0x40,
    0x3c, 0x56, 0x8, 0xa0, 0x1d, 0xd2, 0x1, 0x87,
    0xc4, 0x54, 0x1, 0xff, 0x1e, 0x10, 0x68, 0x80,
    0x7f, 0xd4, 0x41, 0x66, 0x1, 0xff, 0xc0, 0x9a,
    0xc4, 0x0, 0xff, 0xe1, 0x29, 0x80, 0x7f, 0xf8,
    0xc0,

    /* U+AC74 "건" */
    0x0, 0xff, 0xe0, 0xf7, 0xa8, 0x67, 0xff, 0xd8,
    0x1, 0xf3, 0x80, 0x7c, 0x80, 0x1f, 0x5f, 0xfe,
    0xe0, 0x6, 0x0, 0x7f, 0xf0, 0x20, 0x9, 0x0,
    0x3f, 0xe4, 0x60, 0xaf, 0xfc, 0x20, 0x1e, 0x4b,
    0x5, 0x50, 0x8e, 0x0, 0xf3, 0x58, 0x25, 0x17,
    0x76, 0x10, 0x8, 0xf2, 0x41, 0x6c, 0x3, 0xf9,
    0xb0, 0xc2, 0x68, 0x3, 0xfc, 0xce, 0xee, 0x60,
    0xf, 0xfe, 0x4, 0x40, 0x7f, 0xc8, 0x1, 0xff,
    0xca, 0x53, 0x10, 0xf, 0xfe, 0xd, 0xe2, 0x0,
    0x7f, 0xf2, 0xaf, 0xff, 0xf6, 0x80, 0x7f, 0xf1,
    0x0,

    /* U+AC80 "검" */
    0x0, 0xff, 0xe0, 0xf7, 0xa8, 0x57, 0xff, 0xdc,
    0x1, 0xff, 0xc3, 0x40, 0xf, 0xab, 0xff, 0x68,
    0x3, 0xc0, 0x3f, 0xf8, 0x12, 0x5, 0x7f, 0xf0,
    0x80, 0x7d, 0x8, 0x12, 0x20, 0x1f, 0xc3, 0x4e,
    0xe, 0x9f, 0xf8, 0x40, 0x32, 0xfa, 0x83, 0x40,
    0x7, 0xe5, 0xda, 0x10, 0x99, 0x0, 0x7f, 0x21,
    0x82, 0x6b, 0x0, 0x7f, 0x87, 0x2e, 0xc0, 0x45,
    0xfb, 0x6d, 0x0, 0x90, 0xb7, 0x7f, 0xb2, 0xd0,
    0x3, 0xc4, 0x5f, 0x0, 0x7f, 0x7e, 0xef, 0x84,
    0x3, 0xff, 0x99, 0xbf, 0xfe, 0x10, 0xf, 0xfe,
    0x30,

    /* U+AC83 "것" */
    0x0, 0xff, 0xe0, 0xf7, 0xa8, 0x3, 0x3f, 0xfe,
    0xe0, 0xf, 0xce, 0x1, 0xf2, 0x80, 0x7e, 0xbf,
    0xfd, 0xc0, 0xd, 0x0, 0xff, 0xe0, 0xc0, 0x1,
    0xc0, 0x3f, 0xf8, 0xa, 0xc0, 0xbd, 0xff, 0x8,
    0x7, 0xcb, 0x40, 0x70, 0x1, 0xff, 0x4d, 0x1,
    0x69, 0x7f, 0xe1, 0x0, 0xcd, 0xac, 0x9, 0x82,
    0x1, 0xfc, 0xf2, 0x41, 0x16, 0x20, 0x1f, 0xe7,
    0x65, 0xd7, 0x0, 0x9d, 0xc2, 0x1, 0xf4, 0xd1,
    0x0, 0x43, 0x10, 0x50, 0x1, 0x88, 0x7, 0xf2,
    0x0, 0x30, 0x1, 0xbc, 0xa0, 0x1f, 0xd, 0x80,
    0x1c, 0xc0, 0x3f, 0xc9, 0xe2, 0x86, 0x18, 0xa0,
    0x1e, 0x15, 0xbb, 0xa, 0x5e, 0x98, 0x56, 0x28,
    0x80, 0x7, 0xe9, 0x6, 0x6c, 0x7, 0x20, 0xe,
    0xbc, 0x40, 0x68, 0xe7, 0x98, 0x3, 0x3f, 0x41,
    0xd0, 0x80,

    /* U+AC8C "게" */
    0x0, 0xfe, 0x4f, 0xf0, 0x37, 0xf0, 0x6f, 0x77,
    0x84, 0x3, 0xf1, 0x8, 0xfc, 0x1, 0xfb, 0xff,
    0x48, 0x10, 0x7, 0xff, 0x7, 0xc1, 0xc0, 0x3f,
    0xf8, 0x2e, 0x1a, 0x2, 0x1, 0xfe, 0x51, 0x8,
    0xfa, 0x0, 0xff, 0x48, 0x0, 0x46, 0x0, 0xfe,
    0x63, 0xc, 0xee, 0x50, 0x7, 0xe2, 0x90, 0x63,
    0x0, 0xff, 0xe, 0x1, 0x48, 0x7, 0xf8, 0xb0,
    0x45, 0xe0, 0x1f, 0xf2, 0x90, 0x69, 0x0, 0x7f,
    0xcf, 0x78, 0x60, 0x1f, 0xfc, 0x14, 0x30, 0xf,
    0xff, 0x8,

    /* U+ACB0 "결" */
    0xa, 0xff, 0xfb, 0x40, 0x2e, 0xf5, 0x0, 0xfe,
    0x40, 0xf, 0xab, 0xff, 0x60, 0x0, 0x77, 0x61,
    0x0, 0xfd, 0xc0, 0x9a, 0x45, 0x0, 0x7c, 0x38,
    0x43, 0x2b, 0xff, 0x8, 0x7, 0x37, 0x98, 0x69,
    0x45, 0x54, 0x20, 0x2, 0x7d, 0x91, 0x2c, 0x30,
    0x55, 0xc0, 0x13, 0xc1, 0x3, 0xe9, 0x80, 0x3f,
    0x76, 0x10, 0x2, 0xc4, 0x3a, 0x0, 0x31, 0x16,
    0x0, 0xce, 0xe1, 0x66, 0xfe, 0x89, 0x70, 0x8,
    0x66, 0x7f, 0xe7, 0x0, 0x86, 0xef, 0xf8, 0x3,
    0xee, 0xef, 0xe0, 0xf, 0xa, 0xaf, 0xf0, 0x7,
    0xf5, 0xf7, 0x7e, 0x50, 0xf, 0x57, 0xff, 0xee,
    0x0, 0xf0, 0x8f, 0xf8,

    /* U+ACBD "경" */
    0x0, 0xff, 0xe0, 0xf7, 0xa8, 0x5f, 0xff, 0xd8,
    0x1, 0xff, 0xc3, 0x63, 0x38, 0x40, 0x2b, 0xff,
    0xdc, 0x1, 0x66, 0x40, 0x1f, 0xd6, 0x5, 0xca,
    0xb0, 0x7, 0xe6, 0x50, 0x94, 0xaa, 0x84, 0x3,
    0xcf, 0x20, 0xe9, 0x7b, 0xb0, 0x80, 0x62, 0xc8,
    0x6, 0x80, 0x52, 0x28, 0x2, 0x3a, 0xd3, 0x8,
    0x90, 0x7, 0x7f, 0xc2, 0x0, 0x75, 0x2, 0xc7,
    0x0, 0xff, 0x25, 0xce, 0x98, 0x2d, 0x66, 0xea,
    0xe2, 0x18, 0x80, 0x8c, 0x5, 0xb4, 0xa6, 0x44,
    0x47, 0x9b, 0x10, 0xd, 0xc4, 0x33, 0xbd, 0xcc,
    0x60, 0x75, 0x0, 0xc6, 0x10, 0xc4, 0x22, 0x39,
    0x20, 0xc0, 0xc, 0x41, 0x68, 0x1, 0xb, 0x90,
    0x70, 0x6, 0xe1, 0x2b, 0xff, 0xba, 0x1, 0x1c,
    0x3, 0x1f, 0xb9, 0x88, 0x0, 0x56, 0xac, 0x0,

    /* U+ACC4 "계" */
    0x0, 0xfe, 0x3f, 0xf0, 0xb7, 0xf0, 0x66, 0xef,
    0x88, 0x3, 0xf1, 0x91, 0x78, 0xc0, 0x3f, 0x6e,
    0x65, 0x0, 0x22, 0x0, 0xfc, 0x46, 0x77, 0x80,
    0xf6, 0x80, 0x7f, 0xca, 0x0, 0x11, 0x0, 0x7f,
    0x90, 0x83, 0xbe, 0xc0, 0x3f, 0xd0, 0xa, 0x20,
    0xe0, 0x1f, 0xca, 0x61, 0x20, 0x7, 0x0, 0xfc,
    0x54, 0xf, 0x1f, 0xeb, 0x0, 0xf8, 0x7c, 0xa,
    0x8, 0x46, 0x0, 0xf0, 0xe1, 0x7, 0x84, 0xf7,
    0x34, 0x3, 0xd2, 0x41, 0x64, 0x1, 0xff, 0x45,
    0xe2, 0x0, 0x7f, 0xf0, 0x50, 0xc0, 0x3f, 0xfc,
    0x20,

    /* U+ACE0 "고" */
    0x0, 0x4e, 0xef, 0xfc, 0x80, 0x18, 0x8b, 0xff,
    0x80, 0x20, 0x1a, 0xbb, 0xbf, 0x80, 0x3e, 0x11,
    0xff, 0x0, 0x7f, 0xf6, 0x4, 0x3, 0xf6, 0xf2,
    0x80, 0x7f, 0xf0, 0x88, 0x4c, 0x0, 0x20, 0x7,
    0x0, 0xff, 0xe0, 0x90, 0x0, 0x80, 0x3f, 0xf8,
    0x2e, 0x0, 0x10, 0xf, 0xfe, 0xa, 0x76, 0x80,
    0x7f, 0xf0, 0xc4, 0x80, 0x2d, 0xee, 0xe0, 0x4,
    0xf7, 0x7d, 0x26, 0x23, 0xc0, 0x10, 0x8f, 0xc7,
    0xdf, 0xff, 0xfc, 0x3a,

    /* U+ACF5 "공" */
    0x0, 0x2f, 0xff, 0xfc, 0x40, 0x18, 0x40, 0x3f,
    0xf8, 0x89, 0xff, 0xfb, 0x40, 0x3f, 0xf8, 0xe6,
    0x1, 0xfa, 0x7e, 0xc0, 0x3f, 0xf8, 0x46, 0x1,
    0x84, 0x0, 0x20, 0x1f, 0xfc, 0x12, 0xaa, 0x0,
    0x55, 0x77, 0xc8, 0xb, 0x76, 0xae, 0xe5, 0xd9,
    0xd1, 0x3c, 0x20, 0x28, 0x9f, 0x6e, 0xb3, 0x3f,
    0xf8, 0x70, 0x67, 0x89, 0x6a, 0x62, 0x69, 0x48,
    0xce, 0x20, 0x9, 0xfa, 0x59, 0x51, 0x5a, 0x79,
    0xc0, 0x39, 0x60, 0x12, 0xb3, 0x72, 0x8c, 0x21,
    0x0, 0x36, 0x1, 0x5a, 0x99, 0x1a, 0xe0, 0x86,
    0x0, 0x6e, 0x2, 0x71, 0x0, 0x85, 0xc4, 0x38,
    0x3, 0x3a, 0x4, 0x77, 0x5f, 0xd0, 0x8, 0xc0,
    0x1d, 0x74, 0xa4, 0x22, 0x2, 0x5a, 0xb0, 0x8,

    /* U+ACFC "과" */
    0x0, 0xff, 0xe0, 0xb7, 0xf8, 0x3, 0x89, 0x13,
    0xf0, 0x80, 0x7f, 0x4d, 0xdf, 0xe6, 0x0, 0xfe,
    0x34, 0x4f, 0x0, 0x7f, 0xf0, 0x22, 0xef, 0xc6,
    0x1, 0xff, 0xc6, 0x10, 0x10, 0xf, 0xfe, 0x93,
    0x76, 0x80, 0xc, 0xc, 0x3, 0x77, 0x24, 0x3,
    0x8, 0x8c, 0x0, 0x20, 0x20, 0x18, 0x44, 0x40,
    0x1f, 0xf3, 0x80, 0x6f, 0xf5, 0x80, 0x7e, 0x10,
    0x0, 0x80, 0x7f, 0xf0, 0xc7, 0x70, 0x80, 0x3f,
    0xf8, 0x42, 0x40, 0x3, 0x40, 0xf, 0x2f, 0xfd,
    0x0, 0x3d, 0xba, 0xcc, 0x58, 0x7, 0x98, 0x47,
    0x88, 0xa3, 0x44, 0x28, 0x7, 0x8f, 0xbb, 0xb7,
    0x6c, 0xbb, 0x50, 0x7, 0xff, 0x34,

    /* U+AD00 "관" */
    0x0, 0xff, 0xe0, 0xb7, 0xf0, 0x7, 0x57, 0xff,
    0xe8, 0x0, 0xfe, 0x30, 0xf, 0xfe, 0x34, 0xff,
    0xf8, 0xc0, 0x3f, 0xf8, 0x22, 0xaa, 0x0, 0x8,
    0x78, 0x7, 0xfc, 0xb5, 0x40, 0x1, 0x80, 0x80,
    0x43, 0x10, 0x40, 0xf, 0xe3, 0x12, 0x0, 0xce,
    0xed, 0x0, 0xfe, 0xde, 0x40, 0xd, 0x10, 0xa2,
    0xcc, 0xa4, 0x1, 0xba, 0xee, 0x7e, 0x80, 0x5,
    0xdc, 0x67, 0xc4, 0x0, 0x22, 0x8, 0x80, 0x3f,
    0xe, 0x6e, 0xf7, 0x73, 0xfe, 0xd0, 0xf, 0x8c,
    0x86, 0x64, 0x42, 0x20, 0xf, 0xfe, 0xb, 0x22,
    0x0, 0x3f, 0xf9, 0xcd, 0xbe, 0x1, 0xff, 0xc5,
    0x21, 0x0, 0xfe, 0xff, 0xff, 0x10, 0x7, 0xff,
    0x24,

    /* U+AD50 "교" */
    0x0, 0x57, 0x77, 0xfc, 0xe0, 0x19, 0x84, 0x7f,
    0xef, 0x0, 0xd9, 0xff, 0xfc, 0x60, 0x1f, 0xfe,
    0xe1, 0xff, 0x18, 0x57, 0xc8, 0x8, 0x78, 0x7,
    0xf8, 0x40, 0x38, 0x40, 0x3f, 0xf8, 0x44, 0x6,
    0x1, 0xff, 0xc2, 0x10, 0x60, 0xf, 0xfe, 0x17,
    0x79, 0x80, 0x7f, 0xf1, 0xf7, 0xb9, 0xe0, 0xd,
    0xe4, 0x6, 0xee, 0xe9, 0x31, 0x18, 0x0, 0x22,
    0x0, 0x84, 0x78, 0xfb, 0xff, 0xff, 0x87, 0x40,

    /* U+AD6C "구" */
    0x0, 0x27, 0xff, 0xfc, 0x80, 0x1f, 0xfc, 0x47,
    0x0, 0xc9, 0xff, 0xfc, 0x1, 0xff, 0xc4, 0x10,
    0x0, 0x80, 0x7f, 0xf1, 0xc, 0x3, 0xff, 0x82,
    0x60, 0x1, 0x0, 0xff, 0xe0, 0xb0, 0x7, 0x77,
    0xff, 0xfa, 0xc0, 0x1f, 0xea, 0x31, 0x1f, 0x0,
    0x42, 0x3e, 0x3d, 0xee, 0xf1, 0x4, 0x77, 0x7a,
    0x40, 0x3f, 0xff, 0xe0, 0x1f, 0xfc, 0xf0,

    /* U+ADF8 "그" */
    0x0, 0x35, 0xdf, 0xfc, 0x20, 0x1b, 0xd1, 0x3f,
    0xe0, 0xe, 0x8c, 0xcf, 0xd2, 0x1, 0xf0, 0x99,
    0xfe, 0x50, 0xf, 0xff, 0x33, 0x80, 0x4, 0x3,
    0xff, 0xa4, 0x20, 0x1f, 0xfc, 0x43, 0x2, 0x0,
    0xff, 0xe1, 0x70, 0x8, 0x4, 0x23, 0xff, 0x10,
    0x38, 0x88, 0x3f, 0xbb, 0xfc, 0xa0, 0x9d, 0xca,
    0x22, 0xff, 0xe2, 0x80,

    /* U+ADFC "근" */
    0x0, 0x3f, 0xff, 0xfc, 0x80, 0x18, 0x40, 0x3f,
    0xf8, 0x8d, 0xff, 0xfb, 0x80, 0x3f, 0xf8, 0xee,
    0x1, 0xff, 0xc1, 0x30, 0x0, 0x80, 0x7f, 0xf0,
    0x44, 0x0, 0x60, 0xc, 0xdd, 0xff, 0x70, 0x3,
    0x36, 0x8, 0xbf, 0xf8, 0x0, 0x2, 0x2b, 0xf7,
    0x7f, 0xf8, 0x76, 0x24, 0x43, 0x31, 0x17, 0xfc,
    0x20, 0x7, 0xef, 0x0, 0xff, 0xfb, 0x8f, 0xff,
    0xf4, 0x80, 0x7f, 0xf1, 0xc0,

    /* U+AE08 "금" */
    0x0, 0x47, 0xff, 0xfc, 0x40, 0x1b, 0xc0, 0x3f,
    0xf8, 0x8f, 0xff, 0xfb, 0x40, 0x3f, 0xf8, 0xe6,
    0x1, 0xff, 0xc1, 0x10, 0x0, 0x80, 0x7f, 0xf0,
    0x5c, 0x3, 0xb3, 0x77, 0xfd, 0x40, 0xd, 0xd4,
    0x11, 0x7f, 0xc2, 0x0, 0x22, 0xbf, 0x77, 0xff,
    0x87, 0x62, 0x45, 0xff, 0xc3, 0x10, 0x0, 0x99,
    0xff, 0xc0, 0x1c, 0xd9, 0x9f, 0xf1, 0x80, 0x7c,
    0x89, 0xf0, 0x7, 0xf1, 0x5d, 0xfa, 0x80, 0x3f,
    0xf9, 0xc5, 0xff, 0xee, 0x0, 0xff, 0xe5, 0x0,

    /* U+AE30 "기" */
    0x0, 0xff, 0xe0, 0x17, 0xf8, 0x82, 0x7b, 0xbf,
    0x8, 0x7, 0x8c, 0x47, 0xf8, 0x3, 0xd5, 0xdd,
    0xce, 0x4, 0x1, 0xf8, 0x47, 0x8c, 0x10, 0x3,
    0xff, 0x80, 0x48, 0x14, 0x1, 0xff, 0xc0, 0x80,
    0x33, 0x0, 0x7f, 0xca, 0xa0, 0x80, 0xf, 0xf8,
    0xe8, 0x19, 0x0, 0x3f, 0xc9, 0x80, 0x72, 0x1,
    0xfe, 0x9b, 0x3, 0xc0, 0xf, 0xe5, 0xe6, 0x6,
    0xc0, 0xf, 0xf2, 0xa8, 0x6a, 0x40, 0x3f, 0xf8,
    0x17, 0xca, 0x1, 0xff, 0xf0,

    /* U+AE40 "김" */
    0x0, 0xff, 0xe0, 0xff, 0x90, 0x17, 0xff, 0xf1,
    0x0, 0x7f, 0xf0, 0x84, 0x80, 0x3c, 0xbf, 0xfc,
    0x40, 0xc0, 0x1f, 0xfc, 0x7, 0x20, 0x90, 0xf,
    0xf9, 0x20, 0x24, 0x40, 0x3f, 0xcb, 0x60, 0xac,
    0x1, 0xfc, 0x35, 0x40, 0x5a, 0x0, 0xfc, 0x53,
    0xca, 0xf, 0x40, 0x1f, 0xc6, 0x80, 0x59, 0x0,
    0x1f, 0xe1, 0xca, 0xd1, 0x22, 0xfd, 0x76, 0x50,
    0x15, 0x56, 0xef, 0xf5, 0xd9, 0x40, 0x3c, 0x45,
    0xf0, 0x7, 0xf6, 0xef, 0xc0, 0x1f, 0xfc, 0xdf,
    0xff, 0x80, 0x3f, 0xf8, 0xe0,

    /* U+AEBC "꺼" */
    0x0, 0xff, 0xe0, 0xf7, 0xb0, 0x77, 0x68, 0xce,
    0xea, 0xc0, 0x38, 0x47, 0x80, 0x47, 0x38, 0x7,
    0xf, 0xf8, 0xc3, 0xf7, 0xdc, 0x1c, 0x3, 0xf0,
    0x81, 0x0, 0x8, 0x4, 0x3, 0xf1, 0x3, 0x0,
    0x4, 0x8, 0x3, 0xe3, 0x0, 0x18, 0x1, 0x41,
    0xff, 0xc2, 0x1, 0xac, 0x10, 0x0, 0x42, 0x1,
    0xfc, 0xc1, 0xa0, 0x5, 0x1, 0xff, 0x84, 0x2,
    0x61, 0x6, 0x0, 0x58, 0x38, 0x7, 0x86, 0x1,
    0xc0, 0x6, 0x60, 0xa0, 0xf, 0x40, 0x8a, 0x40,
    0x10, 0x4, 0x60, 0x1e, 0x9a, 0xa0, 0x82, 0xa0,
    0x48, 0x7, 0xe5, 0x40, 0x6, 0x82, 0x20, 0x3,
    0xff, 0x81, 0x1f, 0x40, 0x1f, 0xfc, 0x31, 0x0,
    0xff, 0xe6, 0x0,

    /* U+B044 "끄" */
    0xc, 0xee, 0xe6, 0xae, 0xee, 0x60, 0x8, 0x47,
    0xff, 0x84, 0x1, 0x6f, 0xfc, 0x20, 0x37, 0xff,
    0x18, 0x7, 0xff, 0x40, 0xc0, 0x3f, 0xf8, 0x42,
    0x2, 0x1, 0xff, 0xc1, 0x10, 0x3, 0x80, 0x7f,
    0xf0, 0x4c, 0x0, 0x20, 0x1f, 0xfc, 0x16, 0x0,
    0x10, 0x6, 0x10, 0x10, 0xf, 0x10, 0x10, 0x7,
    0xc6, 0x1, 0xef, 0x6, 0x0, 0xe3, 0x1, 0x0,
    0xf2, 0x81, 0x80, 0x70, 0x83, 0x80, 0x37, 0xba,
    0x30, 0x7e, 0xee, 0x0, 0x6f, 0x49, 0x88, 0xc0,
    0x10, 0x8f, 0x0, 0x4, 0x46,

    /* U+B04A "끊" */
    0x4, 0xff, 0xee, 0x7f, 0xfe, 0x90, 0x9, 0xc0,
    0x38, 0xc0, 0x3f, 0xc7, 0xff, 0x38, 0x1, 0xff,
    0xe4, 0x0, 0xfe, 0x10, 0x60, 0xc, 0xe0, 0x20,
    0x1f, 0x10, 0x10, 0x6, 0x10, 0xf0, 0xf, 0x98,
    0x3c, 0x3, 0x18, 0x8, 0x3, 0x7b, 0xb1, 0x4,
    0xf7, 0x61, 0x9, 0xe9, 0x31, 0x1c, 0x1, 0x8,
    0xe0, 0x8, 0x4f, 0xbf, 0xff, 0xb6, 0xf7, 0xfe,
    0xa0, 0x0, 0x8c, 0x1, 0xd3, 0x74, 0x1, 0xea,
    0xe8, 0x0, 0x1d, 0xd9, 0x41, 0x6e, 0xc2, 0x1,
    0xf9, 0x91, 0x2, 0x4, 0x88, 0x30, 0xf, 0xcb,
    0xfb, 0xf, 0x3d, 0xe4, 0x1, 0xfc, 0xdb, 0xf,
    0x3c, 0x60, 0x1f, 0xeb, 0x9, 0xd7, 0x9, 0x0,
    0xf3, 0x77, 0xcb, 0x85, 0xc3, 0x6, 0x80, 0x7e,
    0x21, 0xb6, 0x35, 0x7, 0x70, 0x0,

    /* U+B05D "끝" */
    0x4, 0xff, 0xf2, 0xff, 0xf6, 0x0, 0x4e, 0x1,
    0xc2, 0x20, 0xe, 0x70, 0x8, 0xff, 0xe8, 0x0,
    0x27, 0xfc, 0xc0, 0x1f, 0xde, 0x4, 0x1, 0xe1,
    0x0, 0xf8, 0x81, 0x80, 0x31, 0x81, 0x80, 0x7c,
    0xe0, 0x40, 0x18, 0x40, 0x40, 0x19, 0xdd, 0x88,
    0x1b, 0xbb, 0x20, 0x37, 0x49, 0x8, 0xe0, 0x0,
    0x8f, 0x0, 0x4, 0x47, 0xfd, 0xdf, 0xfc, 0x3b,
    0x11, 0x1d, 0x57, 0xfc, 0x42, 0x20, 0x0, 0xa2,
    0x7f, 0xcc, 0x1, 0xf5, 0xdf, 0xf2, 0x0, 0x7d,
    0x1f, 0xff, 0x84, 0x3, 0xe3, 0x44, 0xfc, 0x1,
    0xfa, 0xf3, 0x3f, 0x0, 0x7e, 0xad, 0xdf, 0xce,
    0x1, 0xf0, 0x8f, 0xf0, 0x4,

    /* U+B098 "나" */
    0x0, 0xff, 0x17, 0xf8, 0x80, 0x28, 0x93, 0x0,
    0xff, 0xe1, 0x33, 0x14, 0x3, 0xff, 0xfe, 0x1,
    0x39, 0x10, 0x3, 0xff, 0x85, 0x5b, 0xa1, 0x0,
    0xff, 0xe0, 0x91, 0x98, 0x40, 0x3f, 0xf8, 0x3f,
    0x98, 0x0, 0xb8, 0xce, 0x45, 0x78, 0x0, 0xfe,
    0x7c, 0xca, 0xea, 0x1c, 0x3, 0xe4, 0x4f, 0x2b,
    0x3c, 0x80, 0x7d, 0x57, 0x7d, 0x53, 0xc, 0x1,
    0xff, 0xee,

    /* U+B0A8 "남" */
    0x0, 0xff, 0xbb, 0xd8, 0x2, 0x6f, 0xe0, 0xf,
    0xff, 0x8d, 0xdc, 0x20, 0x1f, 0xc2, 0x1, 0x12,
    0x20, 0xc0, 0x3, 0x99, 0x6e, 0xbf, 0x88, 0x1,
    0x1d, 0xc2, 0x0, 0x8c, 0xe2, 0x20, 0x10, 0x80,
    0x4, 0x60, 0x7c, 0xcd, 0xba, 0xef, 0xd3, 0x0,
    0xf0, 0x99, 0xe2, 0x20, 0x80, 0x46, 0x26, 0x1,
    0xcf, 0x99, 0xf8, 0x48, 0x40, 0x3b, 0x8c, 0xff,
    0xc4, 0x1, 0xf2, 0x66, 0x78, 0x40, 0x3f, 0x84,
    0xcf, 0xc0, 0x1f, 0xfc, 0xf5, 0xff, 0xf0, 0x80,
    0x7f, 0xf2, 0x80,

    /* U+B0B4 "내" */
    0x0, 0xfd, 0xde, 0xc1, 0xde, 0xdd, 0xea, 0x1,
    0xff, 0xff, 0x0, 0xff, 0xe5, 0x4f, 0x88, 0x7,
    0xff, 0x4, 0x40, 0x3f, 0xf8, 0x33, 0xc2, 0x1,
    0xa3, 0x31, 0xbc, 0x60, 0x1f, 0xc4, 0x66, 0x21,
    0x60, 0xf, 0xb3, 0x2d, 0xd7, 0x7a, 0x80, 0x7c,
    0x46, 0x62, 0x20, 0x80, 0x7f, 0xfa, 0x80,

    /* U+B0C9 "냉" */
    0x0, 0xfd, 0xde, 0xc1, 0xde, 0xdb, 0xec, 0x1,
    0xff, 0xe8, 0xc6, 0x10, 0xf, 0xfe, 0x2, 0xc8,
    0x7, 0x71, 0x1a, 0x30, 0x80, 0x11, 0xc0, 0x39,
    0xf7, 0x2e, 0x48, 0x1, 0xb0, 0x20, 0x6, 0x33,
    0x91, 0x58, 0x40, 0x3e, 0xbc, 0xca, 0xea, 0x49,
    0xc, 0x80, 0x3f, 0x96, 0x28, 0x1b, 0x11, 0x22,
    0x0, 0x97, 0xa9, 0xd5, 0x67, 0xb4, 0xf4, 0x0,
    0x1d, 0x9, 0xcd, 0xdd, 0x4, 0x36, 0x40, 0xb,
    0x2, 0xc6, 0x44, 0x9f, 0x40, 0x8, 0x0, 0xd0,
    0x26, 0x10, 0x8, 0x60, 0x0, 0x40, 0x5, 0x50,
    0x4f, 0x7f, 0x7f, 0x38, 0x32, 0x0, 0x55, 0x6a,
    0x40, 0x20, 0x4d, 0x92, 0x0,

    /* U+B110 "널" */
    0x0, 0xff, 0xe0, 0x77, 0xaa, 0xbf, 0x80, 0x3f,
    0xf8, 0xf3, 0xdd, 0x84, 0x3, 0xf8, 0x84, 0x70,
    0x7, 0xfa, 0xff, 0xf0, 0x80, 0x7e, 0x12, 0x35,
    0x10, 0xf, 0xf, 0xfd, 0xdb, 0x94, 0x80, 0x1c,
    0x23, 0x88, 0x86, 0x8c, 0xc0, 0xc, 0xbd, 0xdb,
    0x75, 0x97, 0x26, 0x4, 0x41, 0x0, 0xb, 0xbf,
    0xf5, 0xd3, 0x0, 0xe, 0x23, 0xfe, 0x40, 0x1,
    0x5d, 0xff, 0x8, 0x6, 0x18, 0x8f, 0xe1, 0x0,
    0xc6, 0x7f, 0xe0, 0xf, 0xd9, 0xdd, 0xf9, 0x80,
    0x3b, 0x3b, 0xbf, 0x58, 0x7, 0xff, 0x9, 0xc0,

    /* U+B124 "네" */
    0x0, 0xfc, 0xbf, 0xc1, 0xde, 0xdd, 0xea, 0x1,
    0xff, 0xe6, 0x30, 0xf, 0xfb, 0x7f, 0xd2, 0x1,
    0xff, 0x8, 0xe0, 0xf, 0xfb, 0x3b, 0x96, 0x1,
    0xff, 0xda, 0x8c, 0xc6, 0xf3, 0x80, 0x7f, 0x11,
    0x98, 0x87, 0xc0, 0x3e, 0xcd, 0xdd, 0xdf, 0x0,
    0x1f, 0x11, 0x70, 0x80, 0x7f, 0xfa, 0x80,

    /* U+B137 "넷" */
    0x0, 0xfc, 0xff, 0x61, 0xde, 0xa1, 0xbe, 0xc0,
    0x1f, 0xfc, 0x9f, 0x0, 0xff, 0xe0, 0x57, 0xf9,
    0xc0, 0x3f, 0xf8, 0x4, 0x23, 0x0, 0x7f, 0xf0,
    0x23, 0xb9, 0x20, 0x1f, 0xc2, 0x44, 0x35, 0x10,
    0xf, 0xf4, 0x6e, 0xb2, 0x94, 0x3, 0xf3, 0x11,
    0xc, 0xc8, 0xce, 0x1, 0xfa, 0xf7, 0x59, 0x8b,
    0x93, 0x49, 0xf0, 0xf, 0xfe, 0x6, 0x7a, 0xa0,
    0x7, 0xfc, 0x26, 0x66, 0x0, 0x33, 0x40, 0x1f,
    0x48, 0x3, 0x80, 0x11, 0x26, 0x1, 0xe4, 0x70,
    0x2, 0x38, 0x7, 0xf3, 0xd8, 0x24, 0x4, 0x48,
    0x80, 0x64, 0x8e, 0x80, 0x5b, 0x78, 0x6, 0xf9,
    0x40, 0x4, 0x38, 0x8a, 0x68, 0x0, 0xf8, 0x62,
    0xd2, 0x0, 0xd6, 0xbe, 0x60, 0xc, 0x79, 0x87,
    0xe0,

    /* U+B178 "노" */
    0x0, 0x36, 0xe0, 0x7, 0xff, 0x8, 0x48, 0x80,
    0x1f, 0xff, 0xf0, 0xf, 0xe1, 0xee, 0xfe, 0xa0,
    0xf, 0x84, 0x7f, 0xc0, 0x19, 0xff, 0xf2, 0x2,
    0xff, 0xeb, 0x0, 0xff, 0xf4, 0xef, 0x77, 0x90,
    0x17, 0xbb, 0xd2, 0x62, 0x3e, 0x0, 0x84, 0x7c,
    0x7d, 0xff, 0xff, 0xc3, 0xa0,

    /* U+B192 "높" */
    0x0, 0x37, 0xf8, 0x3, 0xff, 0xce, 0x23, 0xfc,
    0x1, 0xfb, 0xbb, 0xf9, 0x80, 0x31, 0x88, 0xe0,
    0x8, 0x47, 0x18, 0x6, 0x5e, 0xec, 0x60, 0xfd,
    0xd9, 0x40, 0x1b, 0xdd, 0xe3, 0x7, 0xee, 0xf4,
    0x98, 0x8f, 0x80, 0x21, 0x1f, 0x1f, 0xf7, 0x7f,
    0xf0, 0xec, 0x47, 0xff, 0x8a, 0x0, 0xcf, 0xff,
    0xfa, 0x0, 0x33, 0x88, 0x4, 0x23, 0x0, 0x4,
    0x5e, 0x1, 0xaf, 0x9c, 0xf, 0xba, 0x0, 0x5f,
    0x38, 0x7, 0xff, 0x27, 0xfc, 0xe0, 0x7f, 0xf0,
    0x2, 0xbe, 0xc0, 0x3f, 0xf8, 0xe0,

    /* U+B204 "누" */
    0x0, 0x27, 0xf8, 0x40, 0x3f, 0xfc, 0xc4, 0x23,
    0xfc, 0x1, 0xf6, 0x77, 0x7e, 0x80, 0xc, 0xe4,
    0x5f, 0xf0, 0x80, 0x63, 0xdd, 0xff, 0xa0, 0x3,
    0xff, 0x8f, 0xdf, 0xff, 0xfc, 0x3a, 0x31, 0x1f,
    0x0, 0x42, 0x3e, 0x3d, 0xee, 0xf2, 0x3, 0x77,
    0x7a, 0x40, 0x3f, 0xff, 0xe0, 0x1f, 0xe0,

    /* U+B20C "눌" */
    0x0, 0x37, 0xf8, 0x3, 0xff, 0xcf, 0x77, 0xfc,
    0xa0, 0x1f, 0x22, 0x7f, 0x68, 0x6, 0x7c, 0xcf,
    0xfa, 0x40, 0x15, 0x75, 0x11, 0xff, 0x55, 0xba,
    0x27, 0xff, 0x13, 0x73, 0x3e, 0x30, 0x4c, 0xcf,
    0x41, 0x19, 0x88, 0xb0, 0x0, 0x48, 0xb1, 0x98,
    0x80, 0xf, 0xdd, 0x8c, 0x17, 0xbb, 0x30, 0x6,
    0x12, 0x2f, 0xe0, 0xf, 0x9f, 0xff, 0xf8, 0x3,
    0xe6, 0xdd, 0xfe, 0x0, 0xff, 0x2a, 0xff, 0x80,
    0x3e, 0x44, 0xfe, 0x80, 0xf, 0x84, 0x7f, 0x9c,
    0x0,

    /* U+B294 "는" */
    0x0, 0x37, 0xf8, 0x3, 0xff, 0xce, 0x89, 0xfc,
    0x40, 0x1f, 0x5d, 0xff, 0x50, 0x6, 0x24, 0x4f,
    0xfb, 0x40, 0x32, 0x5d, 0xff, 0xca, 0x0, 0xcd,
    0xdf, 0xfe, 0x1c, 0x11, 0x7f, 0xf1, 0x7f, 0x77,
    0xff, 0x87, 0x62, 0x40, 0xcc, 0x22, 0xff, 0x84,
    0x0, 0xb7, 0x40, 0x1f, 0xfe, 0x61, 0xff, 0xfe,
    0x90, 0xf, 0xfe, 0x38,

    /* U+B2A5 "능" */
    0x0, 0x37, 0xf8, 0x3, 0xff, 0xf1, 0xff, 0xfc,
    0xc0, 0x1f, 0xfc, 0x43, 0x0, 0xcd, 0xff, 0xff,
    0x28, 0x2, 0xae, 0xff, 0xf8, 0x6e, 0x89, 0xff,
    0xc4, 0xdd, 0x66, 0x7f, 0xf0, 0xe0, 0xcf, 0xe2,
    0x12, 0x33, 0xf1, 0x0, 0x45, 0x3b, 0xfd, 0xbd,
    0xf8, 0xe0, 0x1e, 0x3d, 0x62, 0x12, 0x32, 0x3,
    0x8d, 0x0, 0xe9, 0x2, 0xde, 0xdc, 0xdf, 0xb0,
    0x26, 0x0, 0xc6, 0x6, 0xc0, 0x18, 0x48, 0x0,
    0x60, 0x1a, 0xc4, 0x57, 0xfe, 0xef, 0xe9, 0x4,
    0x50, 0xc, 0x5f, 0x8, 0x20, 0x20, 0x4b, 0x56,
    0x1, 0x0,

    /* U+B2C8 "니" */
    0x0, 0xff, 0x8b, 0xfc, 0x2d, 0xfc, 0x1, 0xff,
    0xff, 0x0, 0xff, 0xf4, 0x8, 0x7, 0x87, 0x33,
    0x6f, 0x7c, 0x0, 0x7c, 0x67, 0x88, 0x40, 0x3c,
    0xfb, 0x99, 0xb7, 0x5f, 0xe9, 0x0, 0xc2, 0x46,
    0x78, 0x88, 0x1, 0xff, 0xe8,

    /* U+B2E4 "다" */
    0x0, 0xff, 0xbb, 0xd8, 0x2, 0xde, 0xef, 0xa0,
    0x3, 0xf1, 0x88, 0xfe, 0x0, 0xff, 0x4f, 0xff,
    0x48, 0x7, 0xff, 0xaf, 0x8c, 0xc2, 0x1, 0xff,
    0xc1, 0x7c, 0xc3, 0x80, 0x7f, 0xf0, 0x49, 0x10,
    0x40, 0x1f, 0xfc, 0x1b, 0xb9, 0x0, 0x38, 0x44,
    0x46, 0x40, 0x1f, 0xd3, 0xfe, 0xee, 0x6e, 0x58,
    0x7, 0xc6, 0x23, 0x88, 0x86, 0x9c, 0x1, 0xf6,
    0xf7, 0x6d, 0xd6, 0x5b, 0x80, 0x7f, 0xfb, 0x80,

    /* U+B2E8 "단" */
    0x0, 0xff, 0xbb, 0xd8, 0x2, 0xff, 0xfd, 0x60,
    0x1f, 0xfc, 0xfa, 0xff, 0xeb, 0x0, 0xff, 0xed,
    0x47, 0x70, 0x40, 0x3f, 0xf8, 0x22, 0x31, 0x80,
    0x2f, 0xba, 0xff, 0x98, 0x2, 0x9f, 0xf1, 0x0,
    0x4, 0x70, 0x0, 0x40, 0x3f, 0x77, 0x6f, 0xfd,
    0xcc, 0x1, 0xf0, 0x88, 0xc, 0x40, 0x3f, 0xf8,
    0x51, 0xba, 0x0, 0xff, 0xe5, 0x90, 0x98, 0x7,
    0xff, 0xb, 0x39, 0x40, 0x3f, 0xf9, 0x87, 0xff,
    0xfc, 0x20, 0x1f, 0xfc, 0x70,

    /* U+B2F5 "답" */
    0x0, 0xff, 0xbb, 0xd8, 0x2, 0xff, 0xfd, 0x60,
    0x1f, 0xfc, 0xfa, 0xff, 0xeb, 0x0, 0xff, 0xe4,
    0xdd, 0xc2, 0x1, 0xff, 0xc1, 0x25, 0x50, 0x5,
    0x1b, 0xbb, 0xbd, 0x40, 0x29, 0xee, 0x8, 0x0,
    0x8b, 0x84, 0xc, 0x3, 0xed, 0xdb, 0xba, 0xff,
    0x98, 0x3, 0xe2, 0x20, 0x29, 0x8, 0x7, 0x29,
    0x90, 0x7, 0x5d, 0xa0, 0x3, 0xca, 0x64, 0x1,
    0xff, 0xcc, 0x4f, 0xff, 0x8, 0x7, 0xf8, 0x47,
    0xc0, 0x1f, 0xe4, 0xee, 0xf0, 0x80, 0x7f, 0x27,
    0xff, 0x84, 0x3, 0xff, 0x94,

    /* U+B300 "대" */
    0x0, 0xfe, 0x6f, 0xe0, 0x6f, 0xe1, 0xee, 0xf6,
    0x80, 0x7f, 0x8, 0xf8, 0x80, 0x3f, 0xec, 0xff,
    0xc0, 0x1f, 0xf0, 0x80, 0x7f, 0xfa, 0xc7, 0xe4,
    0x3, 0xff, 0x84, 0x20, 0x1f, 0xfc, 0x21, 0xe9,
    0x0, 0xe6, 0x23, 0x45, 0x20, 0xf, 0xf5, 0xee,
    0x5d, 0x20, 0x7, 0xe2, 0x21, 0x99, 0x15, 0x88,
    0x3, 0xe1, 0xdd, 0x66, 0x2e, 0xa5, 0x0, 0x3f,
    0xfd, 0x60,

    /* U+B370 "데" */
    0x0, 0xfe, 0x3f, 0xf0, 0xb7, 0xf0, 0x77, 0x7a,
    0xc0, 0x3f, 0x84, 0x7c, 0xc0, 0x1f, 0xf5, 0xff,
    0xda, 0x1, 0xff, 0xd5, 0x70, 0xf, 0xfe, 0x5,
    0x7f, 0xac, 0x3, 0xff, 0x80, 0x62, 0x20, 0xf,
    0xfe, 0xc, 0xf7, 0x30, 0x3, 0xff, 0x9a, 0x24,
    0x43, 0x42, 0x0, 0xff, 0x56, 0xeb, 0x2e, 0x80,
    0x3f, 0x19, 0xc8, 0x85, 0x6c, 0x0, 0xfd, 0x99,
    0x5d, 0xaa, 0x50, 0x3, 0xff, 0xd6,

    /* U+B378 "델" */
    0x0, 0xfe, 0x2f, 0xf1, 0x37, 0xf1, 0x7f, 0xfb,
    0x80, 0x3f, 0xf8, 0x66, 0x1, 0xff, 0x6f, 0xfb,
    0x21, 0x50, 0x3, 0xff, 0x81, 0x35, 0x49, 0x0,
    0xff, 0xe0, 0x45, 0xda, 0x40, 0x3f, 0xbf, 0x7b,
    0x2c, 0x10, 0x3, 0xf8, 0x88, 0x22, 0x1, 0x0,
    0xf8, 0xb7, 0x5d, 0xcf, 0xf9, 0x4c, 0xf0, 0x6,
    0x22, 0x9, 0x19, 0xe2, 0xff, 0x11, 0x2a, 0x80,
    0x1b, 0x73, 0x3f, 0x5d, 0x50, 0x3, 0x4c, 0x47,
    0xe5, 0x0, 0xf7, 0x6e, 0xfe, 0x60, 0xf, 0x3a,
    0xaf, 0xe3, 0x0, 0xfd, 0x3d, 0xdf, 0xbc, 0x3,
    0xd3, 0xdd, 0xfc, 0x1, 0xff, 0xc4,

    /* U+B3C4 "도" */
    0x0, 0x1f, 0x77, 0xfc, 0x40, 0x19, 0xc4, 0x7f,
    0xe0, 0xf, 0xdb, 0xdd, 0xf8, 0x80, 0x3e, 0x31,
    0x1f, 0xc0, 0x1f, 0xfd, 0xe3, 0x0, 0xff, 0xe2,
    0x6f, 0xff, 0xe6, 0x0, 0xce, 0x23, 0x80, 0x21,
    0x1c, 0x1, 0xc7, 0xdd, 0x90, 0x17, 0xbb, 0x30,
    0x7, 0xff, 0x63, 0x7b, 0xbc, 0x80, 0xbd, 0xde,
    0x93, 0x11, 0xf0, 0x4, 0x23, 0xe3, 0xef, 0xff,
    0xfe, 0x1d, 0x0,

    /* U+B3CC "돌" */
    0x0, 0x37, 0xff, 0xfc, 0xa0, 0x1f, 0x11, 0x7f,
    0x8, 0x7, 0xdb, 0xbf, 0xc8, 0x1, 0xff, 0xcc,
    0xff, 0xfe, 0x80, 0xc, 0x46, 0x78, 0x0, 0x26,
    0x7b, 0x80, 0x32, 0x66, 0x64, 0x4, 0xcc, 0xcc,
    0x0, 0xce, 0xef, 0x20, 0x2f, 0x77, 0xa4, 0x84,
    0x7c, 0x1, 0x8, 0xf8, 0xfb, 0xff, 0xff, 0x87,
    0x40, 0x7, 0xff, 0xff, 0x98, 0x3, 0x9, 0x17,
    0xf0, 0x7, 0xcd, 0xbb, 0xfc, 0x1, 0xf3, 0xff,
    0xff, 0x0, 0x7f, 0x95, 0x7f, 0xc0, 0x1f, 0x3b,
    0xff, 0x48, 0x7, 0xc4, 0x5f, 0xcc, 0x0,

    /* U+B3D9 "동" */
    0x0, 0x37, 0xff, 0xfc, 0x60, 0x1f, 0xfc, 0xcf,
    0xff, 0xe3, 0x0, 0xff, 0xe6, 0x77, 0x7f, 0x28,
    0x7, 0xc2, 0x3f, 0xc6, 0x1, 0x9b, 0xff, 0x18,
    0x3f, 0xfe, 0x60, 0xf, 0xfe, 0x3f, 0x7f, 0xf8,
    0xc1, 0xff, 0xfd, 0x46, 0x1, 0xff, 0xc4, 0xdf,
    0xff, 0x76, 0xf7, 0xff, 0xa8, 0x2, 0x18, 0xdf,
    0xed, 0xef, 0xc6, 0x0, 0xf0, 0xfb, 0x90, 0x91,
    0x90, 0x1c, 0xd8, 0x7, 0x30, 0x86, 0x76, 0xe6,
    0xfc, 0x82, 0x18, 0x6, 0x10, 0x3, 0x0, 0x61,
    0xe0, 0x0, 0x80, 0x66, 0x30, 0xaf, 0xf7, 0x7f,
    0x38, 0x31, 0x0, 0x76, 0x4a, 0x8, 0x8, 0x12,
    0xdc, 0x80, 0x40,

    /* U+B418 "되" */
    0x0, 0xff, 0xe1, 0x37, 0xf0, 0x1, 0x33, 0x3f,
    0x50, 0x7, 0xc4, 0x67, 0xf9, 0xc0, 0x3f, 0x87,
    0x33, 0xde, 0x1, 0xfe, 0x33, 0xf1, 0x0, 0x7f,
    0xf7, 0xc7, 0xbb, 0xe0, 0xf, 0xf0, 0x8f, 0xc0,
    0x1f, 0x37, 0xfc, 0x21, 0x3f, 0xf0, 0x7, 0xff,
    0x80, 0x40, 0x2, 0x45, 0x19, 0x0, 0x49, 0xff,
    0xb8, 0x42, 0x37, 0x6c, 0x80, 0x9, 0x80, 0x47,
    0x11, 0x46, 0x64, 0x46, 0x80, 0x45, 0xfd, 0xdb,
    0x76, 0xcc, 0x5d, 0x9c, 0x3, 0xff, 0x90,

    /* U+B41C "된" */
    0x0, 0xff, 0xe0, 0xff, 0x94, 0x1, 0xff, 0xfa,
    0xc0, 0x3f, 0xf8, 0x62, 0x1, 0xfd, 0x7f, 0xfd,
    0x40, 0x1f, 0xc2, 0x1, 0xff, 0xc3, 0xaf, 0xfe,
    0xe0, 0xf, 0x84, 0x60, 0x8, 0x44, 0x40, 0x1f,
    0x77, 0x46, 0xd, 0xdc, 0xc0, 0xf, 0xfe, 0x1,
    0x91, 0xa2, 0x88, 0x5, 0x9f, 0xf8, 0xc1, 0x77,
    0x2e, 0x94, 0x2, 0x61, 0x18, 0x88, 0x66, 0x44,
    0x2b, 0x38, 0x5, 0x5d, 0xca, 0x45, 0xcc, 0x5d,
    0xaa, 0x4c, 0x3, 0xc4, 0xcc, 0x0, 0xff, 0xe5,
    0xee, 0x94, 0x3, 0xff, 0x82, 0x44, 0x0, 0xf0,
    0xff, 0xff, 0x48, 0x7, 0xff, 0xc, 0xc0,

    /* U+B428 "됨" */
    0x1, 0xff, 0xfd, 0x20, 0xf, 0xf2, 0x80, 0x7f,
    0xf2, 0x33, 0xff, 0xa4, 0x3, 0xff, 0x9b, 0xbd,
    0xdd, 0x60, 0x1f, 0xc2, 0x3e, 0x70, 0xf, 0xf,
    0xfc, 0x41, 0x1f, 0xec, 0x0, 0xfe, 0x10, 0x7,
    0x99, 0x91, 0x48, 0x2, 0xdf, 0xfb, 0x88, 0x1f,
    0x31, 0x74, 0x80, 0x12, 0x8, 0xc4, 0x51, 0xa2,
    0xb3, 0x14, 0x2, 0x9e, 0xeb, 0x76, 0xcb, 0xa9,
    0x91, 0xbb, 0x30, 0x2, 0x2e, 0xef, 0xe6, 0x76,
    0x0, 0x84, 0x7f, 0xf8, 0x0, 0x1f, 0x6f, 0xff,
    0x80, 0x3f, 0x8c, 0x3, 0xff, 0x87, 0xdf, 0xfe,
    0x0, 0xff, 0xe3, 0x80,

    /* U+B4DC "드" */
    0x0, 0x1f, 0x77, 0xfc, 0x40, 0x19, 0xc4, 0x7f,
    0xe0, 0xf, 0xdb, 0xdd, 0xf8, 0x80, 0x3e, 0x31,
    0x1f, 0xc0, 0x1f, 0xfd, 0xe2, 0x2f, 0xe1, 0x0,
    0xfb, 0x37, 0x7f, 0x38, 0x6, 0x73, 0x3f, 0xfe,
    0x0, 0x6, 0x3c, 0xcf, 0xf9, 0x40, 0x3f, 0xfb,
    0x1b, 0xdd, 0xff, 0xc3, 0x93, 0x11, 0xff, 0xe1,
    0x9f, 0x7f, 0xff, 0xf0, 0xe8,

    /* U+B4F1 "등" */
    0x0, 0x37, 0xff, 0xfc, 0x60, 0x1f, 0xfc, 0xcf,
    0xff, 0xe3, 0x0, 0xff, 0xe6, 0x5d, 0xff, 0x20,
    0x7, 0xc8, 0x9f, 0xc4, 0x1, 0x9f, 0x33, 0xfe,
    0x70, 0xc, 0x26, 0x7f, 0xf0, 0x80, 0x3b, 0xff,
    0xff, 0x87, 0x46, 0x1, 0xff, 0xc4, 0xdf, 0xff,
    0xbb, 0xff, 0xea, 0x0, 0xcf, 0x9f, 0xee, 0xfe,
    0xb5, 0x0, 0xf0, 0xec, 0x18, 0x9, 0x8, 0x92,
    0xa8, 0x1, 0xcc, 0x41, 0x7f, 0xdb, 0xdf, 0x0,
    0xa4, 0x1, 0x84, 0x0, 0x20, 0x18, 0x7c, 0x3,
    0xe6, 0x20, 0xaf, 0xf7, 0x7f, 0x38, 0x31, 0x0,
    0x76, 0xca, 0x8, 0x8, 0x12, 0xdc, 0x80, 0x40,

    /* U+B77C "라" */
    0x0, 0xff, 0xbb, 0xd8, 0x2, 0xde, 0xef, 0x98,
    0x3, 0xf1, 0x88, 0xfc, 0x1, 0xfd, 0xdf, 0xfc,
    0x20, 0x1f, 0xfe, 0xa, 0xbb, 0xe1, 0x0, 0xf0,
    0x91, 0x1, 0x13, 0xc0, 0x1f, 0x46, 0xe8, 0xc0,
    0xf, 0x99, 0xce, 0x1, 0x84, 0x88, 0x20, 0xe,
    0x33, 0xe1, 0x0, 0xd1, 0xba, 0x20, 0xf, 0xfe,
    0x3f, 0x11, 0xc, 0xc8, 0xd0, 0x1, 0xfc, 0xfb,
    0xac, 0xc5, 0xcb, 0x88, 0x7, 0x94, 0xcf, 0x22,
    0x15, 0xa0, 0x3, 0xeb, 0xcc, 0xd7, 0x6a, 0x97,
    0x10, 0xf, 0xfe, 0xe0,

    /* U+B798 "래" */
    0x0, 0xfe, 0x4f, 0xf0, 0x2f, 0xf0, 0xff, 0xfc,
    0x1, 0xff, 0xcc, 0x1f, 0xfd, 0x40, 0x1f, 0xfc,
    0xf1, 0x1c, 0x60, 0x1f, 0xe1, 0xee, 0xd2, 0x1,
    0xff, 0xc1, 0x23, 0x3c, 0x1, 0xba, 0x80, 0x3b,
    0xb3, 0x30, 0x6, 0x10, 0xf, 0xfe, 0x1f, 0xc8,
    0x7, 0xff, 0xc, 0xc0, 0x3b, 0xf3, 0x2d, 0xc0,
    0xf, 0xf1, 0x9e, 0x21, 0x0, 0xf8, 0x73, 0x2d,
    0xd7, 0x7e, 0x80, 0x7e, 0x33, 0x88, 0x82, 0x1,
    0xff, 0xdd,

    /* U+B7A8 "램" */
    0x0, 0xfe, 0x4f, 0xf0, 0x37, 0xf2, 0x7f, 0xfc,
    0x1, 0xf9, 0xc4, 0x70, 0x7, 0xfc, 0x7f, 0xfa,
    0x0, 0x3f, 0xc9, 0xdd, 0xa0, 0x3, 0xdd, 0x0,
    0x1c, 0x89, 0x94, 0x3, 0x8, 0x80, 0x3a, 0xef,
    0x50, 0x6, 0xe9, 0x0, 0xe2, 0x12, 0x22, 0x28,
    0x4, 0x20, 0x1e, 0xde, 0xdd, 0x5d, 0x0, 0x7c,
    0xe6, 0x7c, 0x8a, 0xe0, 0x1f, 0x1e, 0x67, 0x5d,
    0x42, 0x7f, 0x81, 0x2a, 0xc0, 0x37, 0x7f, 0xfe,
    0xda, 0xb0, 0xf, 0x84, 0x7c, 0x1, 0xfd, 0x3d,
    0xde, 0x90, 0xf, 0xfe, 0x64, 0xff, 0xfa, 0x40,
    0x3f, 0xf8, 0xc0,

    /* U+B7C9 "량" */
    0x0, 0xff, 0xbb, 0xd8, 0x2, 0xff, 0xfc, 0xc0,
    0x1f, 0xfc, 0x98, 0xdd, 0xe, 0xef, 0x84, 0x3,
    0xc2, 0x44, 0x3d, 0xdf, 0x8, 0x7, 0xa3, 0xfc,
    0x40, 0x3, 0x55, 0xe2, 0x0, 0xc2, 0x1, 0xd3,
    0x55, 0xc8, 0x1, 0xa3, 0x74, 0x40, 0xe, 0x99,
    0xd5, 0x7a, 0x1, 0x9, 0x10, 0x2, 0x46, 0x6c,
    0xa8, 0x42, 0x0, 0x8f, 0xf1, 0x33, 0x79, 0xe2,
    0x6c, 0x40, 0x2, 0x1, 0x4c, 0xea, 0x12, 0xcd,
    0xd3, 0x23, 0x10, 0x7, 0xe, 0x61, 0xd5, 0x10,
    0xd2, 0xa2, 0x80, 0x1d, 0x46, 0x31, 0x79, 0x8a,
    0x50, 0x76, 0x0, 0xe4, 0xb, 0x74, 0x33, 0x2d,
    0x10, 0x60, 0x7, 0x10, 0x49, 0x80, 0x42, 0xc4,
    0x4, 0x1, 0xd2, 0x7, 0x9f, 0xf7, 0x48, 0x1c,
    0x0, 0x72, 0x73, 0x98, 0x80, 0x5, 0x27, 0x0,
    0x30,

    /* U+B7EC "러" */
    0x0, 0xff, 0xe0, 0x77, 0xb6, 0xf7, 0x7c, 0xa0,
    0x1e, 0x31, 0x1f, 0x8c, 0x3, 0xdd, 0xff, 0xc2,
    0x1, 0xff, 0xda, 0xde, 0xee, 0x10, 0x7, 0xfc,
    0x20, 0x2, 0x11, 0xe0, 0xf, 0xfa, 0x7b, 0xb9,
    0xbf, 0xe1, 0x0, 0xc6, 0x23, 0xc0, 0x1f, 0xfc,
    0xc2, 0x28, 0xcc, 0xac, 0x60, 0x1f, 0x46, 0xeb,
    0x31, 0x53, 0x60, 0x1c, 0x86, 0x64, 0x42, 0xa9,
    0xa3, 0x0, 0x3a, 0xf3, 0x17, 0x6a, 0xa4, 0xba,
    0x0, 0x7f, 0xf5, 0xc0,

    /* U+B807 "렇" */
    0xef, 0xff, 0x98, 0x2, 0xef, 0x62, 0x11, 0xe0,
    0xf, 0xec, 0xee, 0xe1, 0x0, 0x1a, 0xa8, 0x2,
    0x9a, 0xae, 0x10, 0x4, 0xd5, 0x4, 0x0, 0xea,
    0xbc, 0x1, 0x62, 0xa8, 0x3, 0xa7, 0xff, 0x99,
    0x95, 0x41, 0x0, 0xd5, 0x77, 0x66, 0xf4, 0x80,
    0x7c, 0x68, 0x91, 0x90, 0x98, 0x7, 0x66, 0xef,
    0xa6, 0xa0, 0x3, 0x88, 0xbe, 0x9a, 0x50, 0x5,
    0x51, 0xc0, 0xe6, 0x78, 0x1, 0x73, 0x2d, 0xc9,
    0x5, 0x66, 0xe0, 0x1, 0xb3, 0x65, 0x6, 0xee,
    0x6c, 0xbb, 0x31, 0xe2, 0xfb, 0x98, 0x0, 0x18,
    0xd9, 0x76, 0x63, 0xc5, 0xe1, 0x8, 0x1, 0x18,
    0x27, 0x37, 0x6b, 0x22, 0x40, 0x4, 0xa0, 0xb,
    0x88, 0xe2, 0x3, 0x0, 0x87, 0x5c, 0x55, 0x70,
    0xad, 0x40, 0x0,

    /* U+B808 "레" */
    0x0, 0xff, 0x7f, 0x95, 0xbf, 0x87, 0xff, 0xcc,
    0x1, 0xff, 0xcc, 0x1f, 0xfc, 0x20, 0x1f, 0xfd,
    0x63, 0x30, 0x7, 0x87, 0xbb, 0x8, 0xe, 0x60,
    0x3, 0xe1, 0x1c, 0x0, 0x13, 0x30, 0x7, 0xf6,
    0x7f, 0xcd, 0x98, 0x0, 0xff, 0xee, 0xb1, 0x10,
    0xd5, 0x0, 0x3f, 0xd5, 0xba, 0xca, 0x80, 0xf,
    0xc6, 0x79, 0x15, 0xac, 0x3, 0xe1, 0xcc, 0xd7,
    0x52, 0xe0, 0x1f, 0xfd, 0xb0,

    /* U+B825 "력" */
    0x0, 0xff, 0xe0, 0x7f, 0x97, 0xbf, 0xfe, 0x50,
    0xf, 0x18, 0x8f, 0x0, 0x46, 0x88, 0x0, 0xb7,
    0xbb, 0x80, 0x2e, 0xbb, 0x0, 0x59, 0xbb, 0xc0,
    0x16, 0x77, 0x0, 0x22, 0x2f, 0x0, 0x4, 0x8a,
    0x0, 0xea, 0xff, 0xe4, 0xdc, 0xc0, 0x7, 0x18,
    0x8c, 0x48, 0x86, 0x55, 0x0, 0x74, 0xf7, 0x5b,
    0x73, 0x15, 0x40, 0x8, 0x8b, 0x8d, 0x16, 0x80,
    0x3d, 0x9b, 0xbb, 0x2e, 0x9c, 0x2, 0x76, 0x70,
    0x3, 0xf7, 0x7f, 0x33, 0xb8, 0x1, 0xe2, 0x3f,
    0xf1, 0x80, 0x23, 0xff, 0xf8, 0x40, 0x3f, 0xfc,
    0x60,

    /* U+B85C "로" */
    0x0, 0x3f, 0x77, 0xfc, 0xa0, 0x1b, 0xc4, 0x7f,
    0xe0, 0xe, 0x8f, 0xff, 0xe0, 0xf, 0xfe, 0x64,
    0x7f, 0xff, 0x0, 0x7f, 0x84, 0x7f, 0x80, 0x3e,
    0x2e, 0xef, 0xe5, 0x0, 0xff, 0xe5, 0x97, 0xff,
    0xf6, 0x80, 0x6f, 0x11, 0xc0, 0x10, 0x8e, 0x60,
    0xc, 0xfd, 0xd9, 0x1, 0xbb, 0xb5, 0x80, 0x7f,
    0xf1, 0xf7, 0xbb, 0xc8, 0xd, 0xdd, 0xe9, 0x31,
    0x1f, 0x0, 0x42, 0x3e, 0x3e, 0xff, 0xff, 0xe1,
    0xd0,

    /* U+B85D "록" */
    0x0, 0x1f, 0xff, 0xfc, 0x20, 0x18, 0x47, 0xfc,
    0x1, 0xf1, 0x55, 0x7e, 0x80, 0xf, 0x8e, 0xef,
    0xf4, 0x80, 0x7f, 0xa2, 0xab, 0xf0, 0x80, 0x7d,
    0x9f, 0xff, 0x94, 0x3, 0xe4, 0x55, 0xfc, 0x40,
    0x18, 0xf3, 0x31, 0x82, 0x66, 0x66, 0x0, 0x8,
    0xc4, 0x59, 0xc0, 0x48, 0xb0, 0x8, 0xbf, 0xbb,
    0xc8, 0xb, 0xdd, 0xeb, 0x22, 0xff, 0xe2, 0x1e,
    0x6e, 0x67, 0xff, 0x3, 0x75, 0x20, 0x8, 0xee,
    0xff, 0x90, 0x3, 0x9, 0x17, 0xf0, 0x7, 0xd1,
    0xbb, 0xfc, 0x1, 0xff, 0xdb,

    /* U+B864 "롤" */
    0x0, 0x37, 0xff, 0xfc, 0xa0, 0x18, 0x8c, 0xff,
    0x80, 0x3e, 0x6a, 0xaf, 0xe0, 0xf, 0x92, 0x67,
    0xf8, 0x3, 0xfd, 0xbb, 0xfc, 0xa0, 0x1f, 0x6e,
    0xff, 0x50, 0x6, 0x32, 0x2c, 0x0, 0x12, 0x2c,
    0x60, 0x19, 0x77, 0x72, 0x2, 0x6e, 0xe9, 0x0,
    0x77, 0xff, 0x90, 0x17, 0xff, 0xd4, 0xa6, 0x7f,
    0xfc, 0x32, 0xbc, 0xfb, 0xbf, 0xfb, 0xb2, 0x0,
    0x9, 0x11, 0xff, 0x20, 0x6, 0x6c, 0xcf, 0xe0,
    0xf, 0x9b, 0x33, 0xf8, 0x3, 0xfc, 0xab, 0xfc,
    0x40, 0x1f, 0x33, 0x7f, 0x68, 0x7, 0xc6, 0x7f,
    0xca, 0x0,

    /* U+B86F "롯" */
    0x0, 0x27, 0xff, 0xfc, 0x40, 0x1c, 0x23, 0xfc,
    0x1, 0xf2, 0x77, 0x7e, 0xd0, 0xf, 0x93, 0xff,
    0xf6, 0x0, 0x7f, 0x91, 0x57, 0xf1, 0x80, 0x7d,
    0x37, 0x7f, 0x84, 0x3, 0xed, 0xee, 0xfd, 0x20,
    0x19, 0xc8, 0xb0, 0x0, 0x48, 0xb7, 0x0, 0x63,
    0xdd, 0xc8, 0x9, 0xbb, 0x9c, 0x1, 0xdf, 0xfe,
    0x40, 0x5f, 0xff, 0x51, 0x88, 0xff, 0xf0, 0xcf,
    0x7b, 0xbd, 0x29, 0x1d, 0xde, 0x90, 0xf, 0xa9,
    0x68, 0x3, 0xff, 0x82, 0xe4, 0x6, 0xc0, 0x1f,
    0xe1, 0xa8, 0x3, 0x9, 0xa2, 0x0, 0xe4, 0x7b,
    0xe5, 0x8, 0xc7, 0x5, 0xdb, 0x84, 0x0, 0x6c,
    0x20, 0x2e, 0xb8, 0x46, 0x28, 0x23, 0x88, 0x2,
    0x5e, 0xba, 0x88, 0x2, 0x3a, 0xea, 0x85, 0x0,

    /* U+B8CC "료" */
    0x0, 0x3f, 0x77, 0xfc, 0xc0, 0x1b, 0xc4, 0x7f,
    0xf8, 0x0, 0x1a, 0x3f, 0xff, 0x84, 0x3, 0xff,
    0x97, 0x3f, 0xff, 0xc2, 0x1, 0xfc, 0x67, 0xfc,
    0x40, 0x1e, 0x3c, 0xcf, 0xe5, 0x0, 0xf0, 0x91,
    0x7f, 0x80, 0x3c, 0x5b, 0xbf, 0xdc, 0x1, 0xbc,
    0xc8, 0x0, 0x67, 0x0, 0x8, 0xd4, 0x3, 0x36,
    0x40, 0x3, 0x32, 0x10, 0xac, 0x90, 0xf, 0xfe,
    0x3e, 0x6e, 0xd6, 0x0, 0xdd, 0x84, 0x27, 0x76,
    0x92, 0x2c, 0x20, 0x2, 0x28, 0x0, 0x24, 0x51,
    0xf7, 0x7f, 0xf1, 0x28,

    /* U+B958 "류" */
    0x0, 0x2f, 0xff, 0xfc, 0x60, 0x1f, 0xfc, 0x95,
    0xff, 0xfd, 0xc0, 0x1f, 0x26, 0x67, 0xed, 0x0,
    0xf8, 0x4c, 0xff, 0x80, 0x3f, 0xdd, 0xdf, 0xc6,
    0x1, 0xf1, 0x17, 0xf8, 0x3, 0xec, 0xcf, 0xeb,
    0x0, 0xcc, 0x89, 0xff, 0x70, 0x6, 0x3b, 0xbf,
    0xf9, 0xc0, 0x1d, 0xff, 0xff, 0xc3, 0xa3, 0x11,
    0x80, 0x21, 0x18, 0x2, 0x11, 0x8f, 0x7b, 0xa1,
    0x8, 0xee, 0x9c, 0xb, 0xba, 0x90, 0xf, 0xff,
    0xc0,

    /* U+B974 "르" */
    0x0, 0x3f, 0x77, 0xfc, 0xa0, 0x1b, 0xc4, 0x7f,
    0xe0, 0xe, 0x8f, 0xff, 0xe0, 0xf, 0xfe, 0x64,
    0x7f, 0xff, 0x0, 0x7f, 0x84, 0x7f, 0x80, 0x3e,
    0x2e, 0xef, 0xe5, 0x0, 0xff, 0xe5, 0x97, 0xff,
    0xf6, 0x80, 0x6f, 0x11, 0xff, 0x98, 0x3, 0x3f,
    0x77, 0xfd, 0x60, 0x1f, 0xfc, 0x7d, 0xee, 0xff,
    0xe1, 0xc9, 0x88, 0xff, 0xf0, 0xcf, 0xbf, 0xff,
    0xf8, 0x74,

    /* U+B978 "른" */
    0x0, 0x27, 0xff, 0xfc, 0x40, 0x1c, 0x23, 0xfc,
    0x1, 0xf2, 0x77, 0x7e, 0xc0, 0xf, 0x93, 0xff,
    0xf6, 0x80, 0x7f, 0x8c, 0xff, 0x80, 0x3f, 0x6e,
    0x67, 0xe2, 0x0, 0xfb, 0xbf, 0xff, 0x40, 0x7,
    0xff, 0x25, 0x3f, 0xff, 0xe8, 0x0, 0x6f, 0x77,
    0xff, 0xe, 0x4c, 0x47, 0xff, 0x86, 0x7d, 0xfe,
    0xef, 0xff, 0xfe, 0x5, 0x0, 0x1f, 0xb8, 0x1,
    0xff, 0xe6, 0x1f, 0xff, 0xe9, 0x0, 0xff, 0xe3,
    0x80,

    /* U+B984 "름" */
    0x0, 0x27, 0xff, 0xfc, 0x40, 0x1c, 0x23, 0xfc,
    0x1, 0xf2, 0xd5, 0x7e, 0xb0, 0xf, 0x96, 0xef,
    0xf5, 0x0, 0x7f, 0xa6, 0xab, 0xf1, 0x0, 0x7d,
    0xbf, 0xff, 0x98, 0x3, 0xe4, 0x55, 0xfd, 0xe0,
    0x19, 0x73, 0x3f, 0xeb, 0x0, 0x55, 0xd4, 0x47,
    0xfd, 0x36, 0xe8, 0x9f, 0xfc, 0x4d, 0xd6, 0x67,
    0xff, 0xe, 0xc, 0xcd, 0x11, 0xff, 0x39, 0x90,
    0x0, 0x91, 0x3f, 0xe2, 0x0, 0xf0, 0xe6, 0x7c,
    0x1, 0xfe, 0x33, 0xf8, 0x3, 0xf8, 0x7f, 0xfe,
    0x0, 0xff, 0xe5, 0x0,

    /* U+B9AC "리" */
    0x0, 0xff, 0x93, 0xfd, 0x9d, 0xdf, 0x68, 0x7,
    0x10, 0x8f, 0xc6, 0x1, 0xdd, 0xff, 0xd2, 0x1,
    0xff, 0xd7, 0xde, 0xee, 0x80, 0xf, 0x8c, 0x47,
    0xc0, 0x1f, 0xd3, 0xff, 0xdc, 0x1, 0xf1, 0x80,
    0x7f, 0xf3, 0xc8, 0xb1, 0x99, 0x18, 0x3, 0xd1,
    0xbb, 0x66, 0x2e, 0x4c, 0x2, 0x53, 0x3f, 0x23,
    0x40, 0x80, 0x57, 0x99, 0xeb, 0x97, 0x20, 0xf,
    0xfe, 0x98,

    /* U+B9B0 "린" */
    0x0, 0xff, 0xe0, 0x77, 0xab, 0x7f, 0xfe, 0x30,
    0xe, 0x31, 0x1f, 0x0, 0x7e, 0x5e, 0xee, 0xf0,
    0xf, 0xcb, 0x99, 0xe0, 0xf, 0xc6, 0x7e, 0x20,
    0xf, 0xf0, 0xff, 0xf8, 0xc0, 0x3f, 0xf8, 0x44,
    0x20, 0x1e, 0x1e, 0xed, 0xfe, 0xd6, 0x0, 0xf8,
    0x47, 0x89, 0x8, 0x3, 0x37, 0xff, 0xbb, 0x6d,
    0x40, 0x3e, 0xee, 0x20, 0x7, 0xff, 0x0, 0x46,
    0x0, 0xf2, 0x98, 0x80, 0x7f, 0xf0, 0x2f, 0x10,
    0x3, 0xff, 0x91, 0x5f, 0xff, 0xa8, 0x3, 0xff,
    0x86,

    /* U+B9B4 "릴" */
    0x6f, 0xff, 0xc6, 0x0, 0xef, 0x53, 0x11, 0xf0,
    0x7, 0xe5, 0xee, 0xef, 0x0, 0xfc, 0x99, 0x9d,
    0xa0, 0x1f, 0x88, 0xcf, 0xc0, 0x1f, 0xe1, 0xff,
    0xf1, 0x80, 0x7c, 0x37, 0x7b, 0x37, 0x98, 0x3,
    0xe4, 0x4c, 0x64, 0x22, 0x0, 0xcf, 0xbb, 0xee,
    0xff, 0x38, 0x6, 0x12, 0x22, 0x26, 0x76, 0x6d,
    0x12, 0xe0, 0x1, 0x99, 0xff, 0x9c, 0x0, 0x37,
    0x7f, 0xc0, 0x1c, 0x3f, 0xff, 0xc0, 0x1e, 0x44,
    0xfe, 0x0, 0xfd, 0x7d, 0xdf, 0x94, 0x3, 0xab,
    0xff, 0xf5, 0x0, 0x70, 0x8f, 0xf8,

    /* U+B9BC "림" */
    0x0, 0xff, 0xe0, 0x77, 0xab, 0x7f, 0xfe, 0x30,
    0xe, 0x31, 0x1f, 0x0, 0x7e, 0x5e, 0xee, 0xc0,
    0xf, 0xcd, 0xff, 0xda, 0x1, 0xff, 0x19, 0xf8,
    0x40, 0x3e, 0x1c, 0xcf, 0x10, 0x7, 0xc3, 0x77,
    0xd9, 0xcc, 0x1, 0xf2, 0x27, 0x18, 0x88, 0x3,
    0x3e, 0x67, 0xb7, 0xbd, 0xc0, 0x30, 0x99, 0x84,
    0x70, 0x19, 0x15, 0xb6, 0x80, 0x1, 0xdd, 0xfe,
    0xcb, 0x40, 0xe, 0x22, 0xf8, 0x3, 0xf7, 0x6e,
    0xf8, 0x40, 0x3f, 0xf9, 0x59, 0xff, 0xe1, 0x0,
    0xff, 0xe2, 0x80,

    /* U+B9C1 "링" */
    0x0, 0xff, 0xe0, 0x77, 0xab, 0x7f, 0xfe, 0x30,
    0xe, 0x31, 0x1f, 0x0, 0x7e, 0x5e, 0xee, 0xf0,
    0xf, 0xcd, 0xff, 0xdc, 0x1, 0xff, 0x11, 0x78,
    0x40, 0x3e, 0x1d, 0xdf, 0x10, 0x7, 0xe3, 0x39,
    0x10, 0xae, 0x60, 0x1e, 0x1c, 0xca, 0xed, 0x51,
    0x60, 0x18, 0x8c, 0xfc, 0x8a, 0xf8, 0x1, 0x93,
    0x33, 0x42, 0x83, 0x1f, 0x3c, 0x52, 0x0, 0x45,
    0xb6, 0xc8, 0x68, 0xb1, 0x3a, 0x20, 0x17, 0x10,
    0xc6, 0x6e, 0x52, 0x83, 0xa8, 0x4, 0x61, 0xe,
    0x64, 0x6b, 0x44, 0x18, 0x1, 0x8, 0x51, 0x80,
    0x42, 0xc4, 0x1c, 0x1, 0x50, 0x1e, 0x7f, 0xdd,
    0x20, 0x8e, 0x1, 0x27, 0x39, 0x88, 0x0, 0x52,
    0xac, 0x0,

    /* U+B9C8 "마" */
    0x0, 0xff, 0xbb, 0xd8, 0x2, 0xde, 0xef, 0xb4,
    0x3, 0xf1, 0x88, 0xfc, 0x60, 0x1f, 0xe9, 0xff,
    0xa4, 0x3, 0xff, 0xda, 0x24, 0x40, 0xf, 0xfe,
    0x14, 0x6e, 0x8c, 0x3, 0xff, 0x82, 0x24, 0x41,
    0x0, 0xff, 0xe0, 0xc6, 0xe8, 0x80, 0x2, 0x38,
    0x3, 0xff, 0x83, 0x1d, 0xd4, 0x80, 0x7f, 0x88,
    0xbf, 0x80, 0x3f, 0x66, 0xef, 0xd8, 0x1, 0xff,
    0xef,

    /* U+B9C9 "막" */
    0x0, 0xff, 0xbb, 0xd8, 0x2, 0xff, 0xfc, 0xc0,
    0x1f, 0xfc, 0xfa, 0xff, 0x84, 0x3, 0xff, 0x97,
    0x8c, 0xc0, 0xf, 0xfe, 0x12, 0xcc, 0x88, 0x3,
    0xff, 0x82, 0x8e, 0xe3, 0x0, 0x57, 0xfc, 0x20,
    0x1e, 0xd8, 0x80, 0x8f, 0xf1, 0x80, 0x7e, 0xee,
    0xfc, 0xa0, 0x1f, 0xfc, 0x78, 0x82, 0x0, 0x61,
    0xff, 0xfe, 0x98, 0x40, 0xe, 0x11, 0xfe, 0x0,
    0xf8, 0x7b, 0xbf, 0x84, 0x3, 0xff, 0xd8,

    /* U+B9CC "만" */
    0x0, 0xff, 0xbb, 0xd8, 0x2, 0xff, 0xfc, 0xc0,
    0x1f, 0xfc, 0xfa, 0xff, 0x84, 0x3, 0xff, 0xb9,
    0x1d, 0xc1, 0x0, 0xff, 0xe0, 0x88, 0xc6, 0x0,
    0xbe, 0xe8, 0x40, 0x3d, 0x3f, 0xe2, 0x0, 0x8,
    0xe0, 0xf, 0xfb, 0xff, 0xf3, 0x0, 0x7f, 0x84,
    0x60, 0xf, 0xfe, 0x14, 0x76, 0x80, 0x7f, 0xf2,
    0xc8, 0x4c, 0x3, 0xff, 0x85, 0x9c, 0xa0, 0x1f,
    0xfc, 0xc3, 0xff, 0xfe, 0x10, 0xf, 0xfe, 0x38,

    /* U+B9D0 "말" */
    0xff, 0xfc, 0xc0, 0xe, 0xf6, 0x0, 0xff, 0xe5,
    0x57, 0xfc, 0x20, 0x1f, 0xfc, 0xb8, 0xdd, 0x8,
    0x7, 0xff, 0x4, 0x48, 0x80, 0x1f, 0xfc, 0x25,
    0x99, 0x8, 0x2, 0xbf, 0xe1, 0x0, 0xf6, 0x33,
    0x0, 0x47, 0xf1, 0x80, 0x7e, 0xee, 0xfc, 0xa0,
    0x6, 0x62, 0x80, 0x74, 0x77, 0x7e, 0x67, 0x60,
    0xe, 0x11, 0xff, 0x8c, 0x3, 0xa7, 0xff, 0xf0,
    0x80, 0x7c, 0xf9, 0x9f, 0x84, 0x3, 0xee, 0x33,
    0xfc, 0x1, 0xfe, 0x4f, 0xff, 0xcc, 0x1, 0xf2,
    0x7f, 0xff, 0x8, 0x7, 0xff, 0x1c,

    /* U+BA54 "메" */
    0x0, 0xff, 0x7f, 0x91, 0xbf, 0x87, 0xbb, 0xe2,
    0x0, 0xfc, 0x23, 0xf0, 0x7, 0xfd, 0x9f, 0xa0,
    0x1f, 0xfe, 0x6d, 0xf0, 0xf, 0xfe, 0x10, 0x88,
    0x3, 0xff, 0x85, 0x9c, 0x1, 0xff, 0xce, 0x11,
    0x0, 0x7f, 0xf0, 0x73, 0xb0, 0x3, 0xfe, 0x11,
    0xf8, 0x3, 0xf0, 0xf7, 0x7c, 0x40, 0x1f, 0xfe,
    0xb0,

    /* U+BA74 "면" */
    0x0, 0xff, 0xe0, 0x7f, 0x97, 0x7b, 0xbe, 0x60,
    0xf, 0x18, 0x81, 0x9c, 0x22, 0xaa, 0xc0, 0x1d,
    0x7b, 0xb1, 0x1, 0xaa, 0xc0, 0x1f, 0xf3, 0xe6,
    0x40, 0x1f, 0xf7, 0x19, 0xc0, 0x1f, 0xf5, 0xde,
    0x0, 0xe2, 0x2c, 0x60, 0x48, 0x90, 0x7, 0x46,
    0xec, 0x20, 0xd5, 0x50, 0x4, 0xa6, 0x7f, 0x62,
    0xac, 0x1, 0x5e, 0x63, 0x75, 0x99, 0x28, 0x7,
    0xe3, 0xee, 0x0, 0x7f, 0xf2, 0x84, 0x3, 0xff,
    0x85, 0xde, 0xa0, 0x1f, 0xfc, 0x8f, 0xff, 0xed,
    0x0, 0xff, 0xe1, 0x80,

    /* U+BAA8 "모" */
    0x0, 0x27, 0x77, 0xfc, 0x1, 0xc2, 0x3f, 0xfc,
    0x10, 0xf, 0xbf, 0xfd, 0x60, 0x1f, 0xff, 0xf0,
    0xb, 0xff, 0xd6, 0x1, 0xf0, 0x91, 0x60, 0x0,
    0x91, 0x61, 0x0, 0xc9, 0xbb, 0x8c, 0x1b, 0x77,
    0x0, 0x7f, 0xf6, 0x77, 0xbb, 0xc6, 0xf, 0xdd,
    0xe9, 0x31, 0x1f, 0x0, 0x42, 0x3e, 0x3e, 0xff,
    0xff, 0xe1, 0xd0,

    /* U+BAA9 "목" */
    0x0, 0x27, 0xff, 0xfc, 0x60, 0x1f, 0xfc, 0xcf,
    0xff, 0x70, 0x7, 0xff, 0x3c, 0xcf, 0xca, 0x1,
    0xfe, 0xcc, 0xf5, 0x80, 0x7c, 0xe8, 0x98, 0x40,
    0x51, 0x30, 0x80, 0x63, 0xbb, 0xca, 0xf, 0x77,
    0x88, 0x1, 0xbd, 0xde, 0x40, 0x6e, 0xef, 0x49,
    0x88, 0xf8, 0x2, 0x11, 0xf1, 0xf7, 0xff, 0xff,
    0xe, 0x80, 0x11, 0xdd, 0xff, 0x18, 0x6, 0x11,
    0xff, 0xe0, 0x38, 0x6, 0x9f, 0xff, 0xdc, 0x1,
    0xff, 0xec,

    /* U+BB34 "무" */
    0x0, 0x2f, 0xff, 0xfc, 0x20, 0x1f, 0xfc, 0xcf,
    0xff, 0x60, 0x7, 0xff, 0x3c, 0xcf, 0xca, 0x1,
    0xfe, 0xcc, 0xf4, 0x80, 0x7c, 0x28, 0x9f, 0xf0,
    0x80, 0x64, 0xbb, 0xff, 0x80, 0x23, 0x3f, 0xfe,
    0x21, 0x6e, 0x67, 0xff, 0xe, 0x14, 0xcf, 0xc0,
    0x1, 0x33, 0xf1, 0x5e, 0x67, 0x8c, 0x1b, 0x33,
    0xd0, 0x1, 0xff, 0xf8,

    /* U+BB38 "문" */
    0x0, 0x37, 0xff, 0xfc, 0x80, 0x1f, 0xfc, 0xcf,
    0xff, 0x80, 0x3f, 0xf8, 0x82, 0x1, 0xfe, 0xff,
    0xf7, 0x0, 0x7c, 0x62, 0x3f, 0xf0, 0x7, 0x2f,
    0x77, 0xfc, 0x80, 0xb, 0xcc, 0xff, 0xe1, 0xc2,
    0x99, 0xff, 0xf0, 0xcb, 0x33, 0xe5, 0x2, 0xcc,
    0xf4, 0x11, 0x8a, 0xb1, 0x98, 0x80, 0x6, 0x7e,
    0x20, 0x2, 0xcd, 0x80, 0x7f, 0xf1, 0xf9, 0x14,
    0x3, 0xff, 0x84, 0xd7, 0x0, 0x1f, 0xf0, 0xff,
    0xff, 0x48, 0x7, 0xff, 0x1c,

    /* U+BB3C "물" */
    0x0, 0x37, 0xff, 0xfc, 0x80, 0x1f, 0x8, 0xfc,
    0x1, 0xfe, 0xee, 0xf8, 0x3, 0xff, 0x88, 0x20,
    0x1f, 0xef, 0xff, 0x70, 0x7, 0xc6, 0x45, 0xff,
    0x0, 0x72, 0xee, 0xff, 0xc8, 0x0, 0xef, 0xff,
    0xfe, 0x1d, 0x11, 0x7c, 0x1, 0x11, 0x78, 0xf3,
    0x77, 0xc8, 0xb, 0xbb, 0xe9, 0x0, 0x3f, 0xfe,
    0x40, 0x5f, 0xfc, 0xa0, 0x18, 0x48, 0xbf, 0x80,
    0x3e, 0x6d, 0xdf, 0xe0, 0xf, 0x9f, 0xff, 0xf8,
    0x3, 0xfc, 0x67, 0xfc, 0x20, 0x1f, 0x11, 0x7f,
    0x78, 0x7, 0xc2, 0x3f, 0xce, 0x0,

    /* U+BBF8 "미" */
    0x0, 0xff, 0x93, 0xfc, 0x1b, 0xdd, 0xf6, 0x80,
    0x78, 0xc4, 0x7e, 0x30, 0xf, 0xd3, 0xff, 0x48,
    0x7, 0xf8, 0xc0, 0x3f, 0xff, 0xe0, 0x1f, 0xfc,
    0x23, 0x11, 0xc0, 0x1f, 0xe9, 0xee, 0xa0, 0x3,
    0xf1, 0x88, 0xfc, 0x60, 0x1e, 0xde, 0xef, 0xb4,
    0x3, 0xff, 0xce,

    /* U+BC00 "밀" */
    0xdf, 0xff, 0xb8, 0x0, 0x7f, 0xe1, 0x0, 0xff,
    0xe2, 0xcf, 0xfd, 0x40, 0x1f, 0xfe, 0xb9, 0xee,
    0xa8, 0x3, 0xfe, 0x11, 0x80, 0x3f, 0xb7, 0xff,
    0xee, 0x0, 0x8, 0x7, 0x13, 0x37, 0xe4, 0x99,
    0x8, 0x1, 0x66, 0x7f, 0xe1, 0x0, 0x2d, 0x57,
    0xe8, 0x0, 0xe7, 0xee, 0xfd, 0x60, 0x1c, 0x48,
    0x9f, 0x8c, 0x3, 0xf7, 0x77, 0xf0, 0x80, 0x77,
    0x77, 0xf5, 0x80, 0x7f, 0xf0, 0x9c,

    /* U+BC1B "받" */
    0x0, 0xff, 0xe0, 0x77, 0xb0, 0x6, 0xff, 0x20,
    0x5, 0xde, 0xc0, 0x1f, 0xf0, 0x8e, 0x0, 0xff,
    0xe1, 0x57, 0x74, 0x20, 0x1f, 0xfc, 0x11, 0x1c,
    0x1, 0xf6, 0x3b, 0x80, 0x35, 0x77, 0x42, 0x1,
    0xe5, 0x88, 0x10, 0x4, 0x23, 0x80, 0x3e, 0x58,
    0x81, 0x0, 0x55, 0xdd, 0x8, 0x7, 0xb1, 0xdc,
    0x0, 0x22, 0xfc, 0x60, 0x1f, 0xdb, 0xbf, 0x94,
    0x3, 0xfe, 0x12, 0x2f, 0xd5, 0x6e, 0x1, 0xe8,
    0xdd, 0xfd, 0x76, 0x70, 0xf, 0xe2, 0x2f, 0xc6,
    0x1, 0xf9, 0x77, 0x7f, 0x28, 0x7, 0xff, 0x39,
    0x7f, 0xff, 0x70, 0x7, 0xff, 0x24,

    /* U+BC29 "방" */
    0x0, 0xff, 0xe0, 0x77, 0xb0, 0x6, 0xff, 0x20,
    0x5, 0xde, 0xc0, 0x1f, 0xfd, 0x1b, 0xff, 0x84,
    0x3, 0xff, 0x99, 0x1b, 0xa1, 0x0, 0xaf, 0xfe,
    0x10, 0xf, 0x9, 0x10, 0xc0, 0x3f, 0xf8, 0x51,
    0xdc, 0x20, 0xa, 0xff, 0xe1, 0x0, 0xf0, 0x8c,
    0x1, 0xfe, 0x30, 0xf, 0xef, 0xff, 0xca, 0x1,
    0xff, 0xc1, 0x38, 0xab, 0xb4, 0xb3, 0x21, 0x0,
    0x3c, 0x39, 0x87, 0x54, 0x43, 0x4b, 0xf9, 0x0,
    0x7a, 0x8c, 0x62, 0xf3, 0x14, 0xa0, 0xec, 0x1,
    0xe4, 0x8, 0x74, 0x33, 0x2d, 0x18, 0x60, 0x7,
    0x88, 0x28, 0xc0, 0x21, 0x63, 0x2, 0x0, 0xf4,
    0x81, 0xe7, 0xfd, 0xd2, 0x7, 0x0, 0x1e, 0x4e,
    0x73, 0x10, 0x0, 0xa4, 0xe0, 0x6,

    /* U+BC84 "버" */
    0x0, 0xff, 0xe0, 0x77, 0xaf, 0xf9, 0x0, 0x26,
    0xfe, 0x0, 0xff, 0xf4, 0xd7, 0x75, 0x20, 0x1f,
    0xe1, 0x1c, 0x0, 0x1f, 0xf8, 0x40, 0x35, 0x77,
    0x52, 0x1, 0xfe, 0x11, 0xc0, 0x1, 0xff, 0x84,
    0x3, 0xff, 0x8e, 0x20, 0x1f, 0xfc, 0x2a, 0xff,
    0xa4, 0x3, 0xf0, 0x8f, 0xe3, 0x0, 0xf7, 0x77,
    0xed, 0x0, 0xff, 0xf3, 0x80,

    /* U+BC88 "번" */
    0x0, 0xff, 0xe0, 0x77, 0xaf, 0x7a, 0x80, 0x4d,
    0xfc, 0x1, 0xff, 0xcb, 0xe9, 0x9b, 0x40, 0x3f,
    0xc8, 0xcd, 0x20, 0xf, 0xfc, 0x20, 0x19, 0xea,
    0xa6, 0x0, 0xff, 0x6a, 0xad, 0xe0, 0x3f, 0xf0,
    0x80, 0x68, 0xcc, 0xac, 0x3, 0xfc, 0x46, 0x71,
    0x0, 0x7e, 0xcd, 0xdf, 0xb0, 0x3, 0xc4, 0x51,
    0x98, 0x8b, 0x0, 0x7f, 0x77, 0x18, 0x3, 0xff,
    0x92, 0xa6, 0x20, 0x1f, 0xfc, 0xb, 0xc4, 0x0,
    0xff, 0xe4, 0x4f, 0xff, 0xed, 0x0, 0xff, 0xe1,
    0x80,

    /* U+BCC0 "변" */
    0x0, 0xff, 0xe0, 0x77, 0xaf, 0x7a, 0x80, 0x4d,
    0xfc, 0x1, 0xff, 0xc2, 0x1b, 0xb8, 0x40, 0x35,
    0xee, 0xd0, 0x0, 0x44, 0x80, 0x38, 0x48, 0xa1,
    0x1, 0xff, 0x84, 0x3, 0x4f, 0x75, 0x0, 0x1f,
    0xe3, 0x11, 0xc0, 0x3b, 0xb0, 0x80, 0x63, 0x11,
    0xc0, 0x2, 0x28, 0x3, 0xa7, 0xba, 0x80, 0x1b,
    0xb8, 0x2, 0x22, 0xfe, 0x44, 0x84, 0x1, 0x9b,
    0xbf, 0x60, 0x7, 0xf7, 0xf9, 0x80, 0x3f, 0xf9,
    0x2a, 0x62, 0x1, 0xff, 0xc0, 0xbc, 0x40, 0xf,
    0xfe, 0x44, 0xff, 0xfe, 0xd0, 0xf, 0xfe, 0x18,

    /* U+BCC4 "별" */
    0xef, 0x50, 0x9, 0xbf, 0x80, 0x2e, 0xf5, 0x0,
    0xff, 0xe2, 0x91, 0x9d, 0xc0, 0x3f, 0xf0, 0x80,
    0x68, 0xcc, 0x9c, 0x3, 0xfc, 0x46, 0x71, 0x0,
    0xff, 0xc2, 0x1, 0xa3, 0x32, 0xb0, 0x18, 0x88,
    0x40, 0x34, 0xdd, 0xe0, 0x3, 0xbc, 0x1, 0xc6,
    0x89, 0x10, 0xf, 0xfc, 0x20, 0xd, 0xcc, 0xfb,
    0x40, 0x3c, 0x67, 0x33, 0x79, 0x56, 0xba, 0x40,
    0x0, 0xd5, 0x7f, 0xc8, 0x0, 0x1a, 0xaf, 0xe0,
    0xe, 0x1f, 0xff, 0xe0, 0xf, 0x2a, 0xff, 0x0,
    0x7e, 0x9e, 0xef, 0xca, 0x1, 0xd1, 0xff, 0xfb,
    0x40, 0x38, 0x47, 0xf8, 0x80,

    /* U+BCF4 "보" */
    0x0, 0x2f, 0x60, 0x7, 0x8b, 0xb8, 0x40, 0x18,
    0xc4, 0x80, 0x3e, 0x11, 0x0, 0x7f, 0xf0, 0x84,
    0x3, 0xf8, 0x7f, 0xfd, 0x80, 0x1f, 0xe1, 0x1f,
    0x80, 0x3f, 0x87, 0xbb, 0xd8, 0x1, 0xff, 0xce,
    0x1e, 0xef, 0x60, 0x7, 0xf8, 0x47, 0xe0, 0xf,
    0x9b, 0xff, 0x18, 0x3f, 0xfe, 0x20, 0xf, 0xfe,
    0xc6, 0xf7, 0x78, 0xc1, 0xfb, 0xbd, 0x26, 0x23,
    0xe0, 0x8, 0x47, 0xc7, 0xdf, 0xff, 0xfc, 0x3a,

    /* U+BD80 "부" */
    0x0, 0x37, 0xf0, 0x7, 0x8b, 0xfc, 0x40, 0x1f,
    0xfc, 0xb1, 0xee, 0xf6, 0x0, 0x7f, 0x84, 0x7e,
    0x0, 0xfe, 0x1f, 0xff, 0x60, 0x7, 0xff, 0x10,
    0x40, 0x3f, 0x87, 0xff, 0xda, 0x1, 0xff, 0xcc,
    0x6f, 0xff, 0xf8, 0x80, 0x4, 0x5f, 0xfc, 0x41,
    0xcd, 0xdf, 0xfe, 0x1d, 0xa9, 0x17, 0x80, 0x2,
    0x45, 0xf5, 0xee, 0xf8, 0xc1, 0xb7, 0x7d, 0x0,
    0x1f, 0xff, 0x80,

    /* U+BD84 "분" */
    0x0, 0x37, 0xf8, 0x3, 0xef, 0xf2, 0x0, 0x7f,
    0xf0, 0x44, 0x3, 0xfd, 0xff, 0xee, 0x0, 0xff,
    0x11, 0x7c, 0x1, 0xfe, 0xdd, 0xf8, 0x3, 0xfd,
    0xdd, 0xf0, 0x7, 0xf8, 0x47, 0xe0, 0xf, 0x9b,
    0xff, 0xfe, 0x40, 0x1, 0x17, 0xff, 0x10, 0x73,
    0x77, 0xff, 0x87, 0x6a, 0x67, 0xe0, 0x0, 0x99,
    0xf8, 0xaf, 0x3a, 0x63, 0x30, 0x80, 0x99, 0x9e,
    0x80, 0x2, 0xd5, 0x0, 0x3f, 0xfb, 0x11, 0x70,
    0x1, 0xff, 0xf, 0xfb, 0x2f, 0x7f, 0xf4, 0x80,
    0x7f, 0xf1, 0xc0,

    /* U+BD88 "불" */
    0x0, 0x37, 0xf8, 0x3, 0xef, 0xf2, 0x0, 0x7d,
    0x77, 0xf0, 0x7, 0xf9, 0x13, 0xe0, 0xf, 0xf7,
    0xff, 0xb8, 0x3, 0xfd, 0x99, 0xed, 0x0, 0xff,
    0x19, 0xfc, 0x1, 0xf3, 0x7f, 0xff, 0xc8, 0x0,
    0xef, 0xff, 0xfe, 0x1d, 0x11, 0x7c, 0x1, 0x11,
    0x78, 0xf3, 0x77, 0xc8, 0xd, 0xbb, 0xe9, 0x0,
    0x2e, 0xee, 0x40, 0x6d, 0xdc, 0x60, 0x1c, 0x45,
    0x80, 0x22, 0x2c, 0x1, 0xcb, 0xff, 0xfb, 0x40,
    0x3e, 0x6f, 0xff, 0xda, 0x1, 0xfe, 0x66, 0xfe,
    0x10, 0xf, 0x95, 0x7f, 0xa8, 0x3, 0xe3, 0x3f,
    0xe2, 0x0, 0x0,

    /* U+BE44 "비" */
    0x0, 0xff, 0x8f, 0xfc, 0x3d, 0xea, 0x1, 0x37,
    0xf0, 0x7, 0xff, 0xa6, 0xbb, 0xa9, 0x0, 0xff,
    0x84, 0x60, 0xf, 0xfa, 0x7f, 0xe9, 0x0, 0xff,
    0x18, 0x7, 0xff, 0x44, 0xc0, 0x3f, 0xf8, 0x53,
    0xff, 0x48, 0x7, 0xe3, 0x11, 0xf8, 0xc0, 0x3d,
    0xbd, 0xdf, 0x68, 0x7, 0xff, 0x9c,

    /* U+C0AC "사" */
    0x0, 0xff, 0xe0, 0xb7, 0xf0, 0x7, 0xe6, 0xfe,
    0x0, 0xff, 0xfe, 0xf0, 0x8, 0x7, 0xff, 0x10,
    0xc0, 0x8, 0x1, 0xf1, 0x10, 0x40, 0x30, 0xa0,
    0x3, 0x80, 0x3c, 0x3b, 0xaa, 0x0, 0xd6, 0x1,
    0x2a, 0x0, 0x78, 0x8a, 0x0, 0x95, 0x41, 0x4,
    0x14, 0x40, 0x18, 0x77, 0x52, 0x0, 0x4a, 0x4,
    0x7e, 0x1, 0xc3, 0x0, 0xfd, 0x16, 0x7, 0x60,
    0x78, 0x22, 0xc4, 0x0, 0xfb, 0x81, 0x70, 0x2,
    0x3c, 0x36, 0x40, 0xf, 0x9b, 0xa8, 0x3, 0x8b,
    0x24, 0x3, 0xf8, 0x40, 0x3f, 0xfd, 0x40,

    /* U+C0B0 "산" */
    0x0, 0xff, 0xe0, 0x37, 0xf0, 0x7, 0xcf, 0xfc,
    0x1, 0xff, 0xe7, 0xd0, 0x12, 0x0, 0xff, 0xe0,
    0x92, 0x80, 0x20, 0x3, 0xc3, 0xdc, 0x90, 0xb,
    0x81, 0x1, 0x64, 0x3, 0xc2, 0x23, 0x1, 0xc3,
    0x1a, 0xa0, 0x36, 0x20, 0x4, 0x3f, 0xea, 0x6f,
    0x31, 0xc1, 0x5a, 0x3, 0xb2, 0x0, 0xf1, 0x8,
    0xb4, 0x80, 0xb, 0xa9, 0x64, 0x1, 0xe4, 0xcf,
    0x30, 0xc, 0x56, 0x80, 0x1f, 0x8c, 0x5b, 0xb4,
    0x3, 0xff, 0x88, 0x26, 0x1, 0xe3, 0x12, 0x0,
    0xff, 0xe1, 0xaf, 0x60, 0x7, 0xff, 0x38, 0x7f,
    0xff, 0x90, 0x3, 0xff, 0x90,

    /* U+C0C1 "상" */
    0x0, 0xea, 0xfa, 0x0, 0xee, 0xf6, 0x0, 0xff,
    0xf1, 0x30, 0x38, 0x7, 0xff, 0xc, 0x8c, 0x8,
    0xc0, 0x3d, 0x3d, 0xc1, 0x0, 0xd2, 0x1, 0x70,
    0x7, 0xc2, 0x23, 0x0, 0xa5, 0x2, 0x80, 0xb4,
    0x40, 0x34, 0xff, 0x88, 0x6, 0x58, 0x1d, 0x6c,
    0xb, 0xa0, 0x3, 0xf6, 0xb0, 0x34, 0x2, 0x61,
    0x6, 0x0, 0x7e, 0xe1, 0x79, 0x0, 0x8f, 0x6d,
    0x0, 0x3f, 0x17, 0x40, 0x0, 0xe2, 0xaf, 0xe5,
    0x99, 0x8, 0x1, 0xf0, 0xe6, 0x1d, 0x51, 0xd,
    0x2f, 0xe4, 0x1, 0xf5, 0x18, 0x3d, 0xe6, 0x29,
    0x41, 0xd8, 0x3, 0xe4, 0x8, 0x82, 0x19, 0x96,
    0x8c, 0x30, 0x3, 0xe2, 0xa, 0x30, 0x8, 0x58,
    0xc0, 0x80, 0x3e, 0x90, 0x2c, 0xff, 0xba, 0x40,
    0xe0, 0x3, 0xe4, 0xe7, 0x31, 0x0, 0xa, 0x4e,
    0x0, 0x60,

    /* U+C0C9 "색" */
    0x0, 0xff, 0x27, 0xf8, 0x1b, 0xf8, 0x3, 0x27,
    0xf8, 0x3, 0xff, 0xc8, 0x60, 0x3, 0x0, 0xee,
    0x80, 0xf, 0x50, 0x2, 0x0, 0x38, 0x44, 0x1,
    0xd2, 0x46, 0x49, 0x0, 0x1b, 0xa4, 0x3, 0x43,
    0x7, 0xf0, 0x3d, 0x90, 0x0, 0x40, 0x35, 0xb8,
    0x41, 0x9a, 0xc1, 0x40, 0x3f, 0x48, 0x3b, 0x80,
    0x9, 0xba, 0x20, 0xf, 0x8b, 0xa0, 0x3, 0x11,
    0xa7, 0xf8, 0x12, 0xac, 0x0, 0x20, 0x5f, 0xff,
    0xdb, 0x56, 0x1, 0xff, 0xc9, 0x2f, 0xff, 0xe9,
    0x0, 0xff, 0xf4, 0x80,

    /* U+C0DD "생" */
    0x0, 0xff, 0x27, 0xf8, 0x1b, 0xf8, 0x3, 0x93,
    0xfc, 0x1, 0xff, 0xd5, 0x10, 0xf, 0xfe, 0x2e,
    0x80, 0x10, 0x3, 0xba, 0x0, 0x3c, 0x2e, 0x0,
    0x90, 0xe, 0x11, 0x0, 0x7b, 0x41, 0xc, 0xb0,
    0x3, 0x74, 0x80, 0x62, 0xc3, 0x1a, 0xd1, 0x3e,
    0xc0, 0x0, 0x80, 0x74, 0x98, 0x68, 0x8b, 0xcc,
    0xb0, 0x3, 0xf5, 0xae, 0x18, 0x0, 0x73, 0x5c,
    0xcc, 0x1, 0xf5, 0x18, 0x4, 0x6f, 0x12, 0xca,
    0xc0, 0x88, 0x0, 0xf1, 0xee, 0x43, 0x2a, 0x9a,
    0x64, 0x34, 0x1, 0xc3, 0xa4, 0x2f, 0x57, 0x6a,
    0x60, 0x5a, 0x0, 0xe5, 0x10, 0xc8, 0x54, 0x42,
    0xcc, 0x2, 0x80, 0x73, 0x0, 0x20, 0x80, 0x32,
    0x50, 0x10, 0x7, 0x14, 0x2, 0xef, 0xf7, 0xfa,
    0xc8, 0x78, 0x3, 0xcf, 0xae, 0x62, 0x20, 0x14,
    0x8f, 0x30,

    /* U+C11C "서" */
    0x0, 0xff, 0xe1, 0x37, 0xf0, 0x7, 0x37, 0xf0,
    0x7, 0xff, 0x98, 0x40, 0x3f, 0xf8, 0x5c, 0x1,
    0x93, 0xba, 0x90, 0xf, 0x90, 0x0, 0xa0, 0x1,
    0x18, 0x3, 0xe3, 0x30, 0x2, 0x41, 0x3f, 0xe9,
    0x0, 0xf7, 0x80, 0x81, 0xb8, 0x7, 0xfa, 0x4c,
    0x35, 0x82, 0x14, 0x3, 0xf4, 0xb0, 0x41, 0xc9,
    0x85, 0x48, 0x80, 0x76, 0x30, 0x3b, 0x80, 0x18,
    0x80, 0xc8, 0x1, 0xdc, 0x53, 0x0, 0x1a, 0xe2,
    0x54, 0x3, 0x8b, 0x58, 0x3, 0xce, 0xc0, 0x1f,
    0xfe, 0xc0,

    /* U+C124 "설" */
    0x0, 0xea, 0xf9, 0x0, 0xf7, 0x7a, 0x80, 0x7f,
    0xf2, 0x84, 0xc, 0x0, 0xf5, 0x50, 0x80, 0x7c,
    0xa0, 0xa0, 0xc, 0x55, 0x80, 0x3e, 0x71, 0x0,
    0x48, 0x4e, 0x64, 0x1, 0xe4, 0x80, 0x80, 0x69,
    0x23, 0x38, 0x40, 0x33, 0x58, 0x2b, 0xd0, 0x36,
    0x20, 0x7, 0xae, 0x41, 0x28, 0x16, 0xc4, 0xc0,
    0x3e, 0x80, 0x6b, 0x0, 0x93, 0xe9, 0x0, 0x3c,
    0x7d, 0x20, 0xcd, 0x9c, 0xd9, 0xa8, 0x97, 0x0,
    0x8, 0xc, 0xcf, 0xfc, 0xe0, 0x18, 0x6a, 0xbf,
    0x80, 0x3f, 0x77, 0x7f, 0x0, 0x7c, 0x28, 0x9f,
    0xc0, 0x1f, 0xeb, 0xee, 0xfc, 0xa0, 0x1f, 0x5f,
    0x77, 0xf0, 0x7, 0xff, 0x10, 0x40,

    /* U+C131 "성" */
    0x0, 0xea, 0xfa, 0x0, 0xf7, 0x7a, 0x80, 0x7f,
    0xf6, 0xd8, 0x1c, 0x1, 0x9f, 0xf0, 0x80, 0x78,
    0x4c, 0x8, 0x80, 0xe0, 0x1f, 0xeb, 0x0, 0xb8,
    0x2f, 0xfe, 0x10, 0xe, 0x75, 0x8, 0x3, 0xb0,
    0xf, 0xe8, 0x80, 0x33, 0xd8, 0x27, 0x38, 0x7,
    0xb1, 0xc1, 0x64, 0x12, 0xc4, 0x60, 0xf, 0x78,
    0xb5, 0x0, 0x49, 0xd4, 0xc0, 0x1e, 0x3e, 0x90,
    0x9, 0x6b, 0x23, 0x6e, 0x21, 0x88, 0x1, 0xc5,
    0xb4, 0xa6, 0x44, 0x47, 0x9b, 0x10, 0xe, 0xe2,
    0x19, 0xde, 0xe6, 0x30, 0x3a, 0x80, 0x71, 0x84,
    0x31, 0x8, 0x8e, 0x48, 0x30, 0x3, 0x88, 0x2d,
    0x0, 0x21, 0x72, 0xe, 0x0, 0xee, 0x12, 0xbf,
    0xfb, 0xa0, 0x11, 0xc0, 0x38, 0xfd, 0xcc, 0x40,
    0x2, 0xb5, 0x60,

    /* U+C138 "세" */
    0x0, 0xff, 0xbf, 0xc8, 0xdf, 0xc0, 0x19, 0x3f,
    0x80, 0x3f, 0xfe, 0xa2, 0x2, 0x11, 0xba, 0x0,
    0xff, 0x10, 0x0, 0x44, 0x44, 0x0, 0xff, 0x70,
    0x1, 0x63, 0x74, 0x1, 0xfe, 0x60, 0x7, 0x9,
    0x10, 0x3, 0xf9, 0xc0, 0x41, 0x4c, 0x3, 0xfc,
    0x70, 0x16, 0xc1, 0xa4, 0x1, 0xf9, 0x70, 0x15,
    0x50, 0x43, 0xa4, 0x1, 0xf7, 0x1, 0xd0, 0xe,
    0x14, 0x10, 0x7, 0xd7, 0x18, 0x1, 0xe, 0xb8,
    0x7, 0xf3, 0x80, 0x7f, 0xf9, 0x0,

    /* U+C13C "센" */
    0x0, 0xff, 0xbf, 0xca, 0xdf, 0xc0, 0x1c, 0x9f,
    0xe0, 0xf, 0xfe, 0xd0, 0x88, 0x3, 0xfe, 0x20,
    0x0, 0xb7, 0x70, 0x3, 0xfe, 0xd0, 0x3, 0x19,
    0x10, 0x3, 0xfc, 0x68, 0x0, 0x94, 0xdd, 0x0,
    0x7f, 0x16, 0x82, 0x18, 0xe0, 0x80, 0x7f, 0x26,
    0x9, 0x56, 0x89, 0x72, 0x0, 0x7e, 0xc1, 0x17,
    0x88, 0xbc, 0xcc, 0x80, 0x1f, 0xa2, 0xbc, 0x84,
    0x6c, 0xd0, 0xf, 0xf2, 0x88, 0x77, 0x18, 0x4,
    0x4, 0x60, 0xf, 0xfe, 0x1f, 0x71, 0xc, 0x88,
    0x1, 0xff, 0xc3, 0x5d, 0xc0, 0xf, 0xfe, 0x74,
    0xff, 0xff, 0x10, 0x7, 0xff, 0x18,

    /* U+C18C "소" */
    0x0, 0xfb, 0x3e, 0x0, 0x3f, 0xf8, 0x42, 0x2,
    0x1, 0xff, 0xc1, 0x12, 0x4, 0x0, 0xff, 0xe0,
    0xd0, 0x0, 0x9c, 0x3, 0xfe, 0xa4, 0x7, 0x8,
    0x70, 0xf, 0xcb, 0xaa, 0x17, 0x10, 0x8, 0xb3,
    0x0, 0x86, 0x7a, 0x88, 0xf5, 0x1, 0xec, 0x53,
    0x31, 0x0, 0x24, 0x25, 0x38, 0x40, 0x12, 0x73,
    0x89, 0xf8, 0x2, 0xb3, 0x58, 0x1, 0x9f, 0x0,
    0x8, 0xeb, 0x70, 0x0, 0x98, 0x7, 0xfc, 0x80,
    0x1f, 0xfd, 0x8c, 0xee, 0xf1, 0x83, 0xf7, 0x7a,
    0x48, 0x47, 0xc0, 0x10, 0x8f, 0x8f, 0xbf, 0xff,
    0xf8, 0x74,

    /* U+C18D "속" */
    0x0, 0xfa, 0xfe, 0x40, 0x3f, 0xf8, 0x4c, 0x4,
    0x1, 0xff, 0xc1, 0x92, 0x4, 0x70, 0xf, 0xf2,
    0x63, 0x3, 0x84, 0x5a, 0x0, 0x73, 0xd7, 0x59,
    0x9b, 0x23, 0x9, 0x2f, 0x69, 0x80, 0x1c, 0xa2,
    0x95, 0x82, 0x65, 0xb2, 0x44, 0x51, 0x0, 0x4d,
    0xfd, 0xa8, 0x4e, 0x40, 0x36, 0xf5, 0x38, 0x4,
    0x80, 0x1f, 0xe1, 0x50, 0x7, 0x7f, 0xf9, 0x1,
    0xbf, 0xfd, 0x46, 0x23, 0xff, 0xc3, 0x3d, 0xee,
    0xff, 0xe1, 0xc8, 0x2, 0x3b, 0xbf, 0xe3, 0x0,
    0xc2, 0x3f, 0xfc, 0x7, 0x0, 0xd3, 0xff, 0xfb,
    0x80, 0x3f, 0xf8, 0x82, 0x1, 0xff, 0xdb,

    /* U+C1A1 "송" */
    0x0, 0xfb, 0x3e, 0x0, 0x3f, 0xf8, 0x44, 0x6,
    0x1, 0xff, 0xc1, 0xb1, 0x4, 0x70, 0xf, 0xf2,
    0xea, 0xb, 0x84, 0x59, 0x80, 0x61, 0x8a, 0xea,
    0x23, 0xc8, 0xb2, 0x4c, 0xd9, 0x60, 0x12, 0x51,
    0x4a, 0xc6, 0x56, 0xd9, 0x32, 0x61, 0x0, 0x5d,
    0xbe, 0xd4, 0x22, 0xa8, 0xd, 0x9d, 0x6e, 0x0,
    0x14, 0x0, 0xff, 0xa, 0x0, 0x3b, 0xff, 0xc6,
    0xf, 0xff, 0xea, 0x31, 0x1f, 0xfe, 0x19, 0xef,
    0x77, 0xbf, 0x3f, 0xbb, 0xd2, 0x1, 0xc, 0x6f,
    0xf6, 0xf7, 0xe3, 0x80, 0x78, 0xbd, 0xc8, 0x48,
    0xc8, 0xe, 0x34, 0x3, 0xa0, 0x4b, 0x7b, 0x73,
    0x7e, 0xc0, 0x98, 0x3, 0x18, 0x1b, 0x0, 0x61,
    0x20, 0x1, 0x80, 0x68, 0x21, 0xbf, 0xf7, 0x7f,
    0x48, 0x22, 0x80, 0x61, 0xd9, 0x41, 0x1, 0x2,
    0x5a, 0xb0, 0x8,

    /* U+C1C4 "쇄" */
    0x0, 0xff, 0xbf, 0xca, 0xdf, 0xc0, 0x19, 0x7b,
    0x40, 0x3f, 0xf8, 0x46, 0x24, 0x1, 0xff, 0xc2,
    0xe0, 0x0, 0x80, 0x7f, 0xf0, 0x58, 0x1, 0x0,
    0x1f, 0xfc, 0xa, 0x11, 0x3, 0x38, 0x7, 0xf1,
    0xda, 0x85, 0x38, 0x46, 0x10, 0x7, 0xd2, 0x81,
    0x49, 0x10, 0x2, 0x30, 0x5, 0x48, 0x5, 0x51,
    0xc8, 0xaa, 0x7d, 0xd0, 0x80, 0x7e, 0x71, 0x5a,
    0xa0, 0x11, 0x80, 0x55, 0x20, 0x1f, 0xfd, 0x9a,
    0xa5, 0xc0, 0x3, 0x37, 0x9c, 0x3, 0xe5, 0x52,
    0x18, 0x0, 0xc8, 0x7c, 0x3, 0xec, 0xbc, 0xcb,
    0x7b, 0x9f, 0x0, 0x1f, 0x1a, 0x19, 0xc4, 0x22,
    0x0, 0xff, 0xe6, 0x80,

    /* U+C218 "수" */
    0x0, 0xfb, 0x3e, 0x0, 0x3f, 0xf8, 0x44, 0x4,
    0x1, 0xff, 0xc1, 0x51, 0x5, 0x10, 0xf, 0xf9,
    0x28, 0x2, 0xd1, 0x0, 0xfc, 0x53, 0x60, 0x9c,
    0x47, 0xec, 0x1, 0x86, 0x77, 0x4c, 0x11, 0x63,
    0xac, 0x33, 0xf6, 0xe0, 0x20, 0x42, 0xdc, 0xe0,
    0x14, 0xeb, 0xa, 0x10, 0x2, 0x73, 0xa4, 0x40,
    0x38, 0xa7, 0xb1, 0x40, 0x23, 0x0, 0xff, 0x8c,
    0x1, 0xbf, 0xff, 0xfc, 0x3a, 0x30, 0xf, 0xfe,
    0x27, 0x7f, 0xf8, 0xc1, 0xff, 0xfd, 0x40, 0x1f,
    0xff, 0xf0, 0xf, 0xf0,

    /* U+C2A4 "스" */
    0x0, 0xfb, 0x3e, 0x0, 0x3f, 0xf8, 0x42, 0x2,
    0x1, 0xff, 0xc1, 0x12, 0x4, 0x0, 0xff, 0xe0,
    0xd8, 0x0, 0x98, 0x3, 0xfe, 0x95, 0x5, 0x9,
    0x50, 0xf, 0xc7, 0x8c, 0x15, 0x46, 0xa, 0x91,
    0x0, 0x85, 0xf3, 0x6, 0x38, 0xa1, 0x32, 0x6,
    0xea, 0x60, 0x1a, 0x30, 0x7e, 0x30, 0x9, 0xb9,
    0x41, 0x7c, 0x1, 0xf3, 0xf0, 0x1, 0xe1, 0xae,
    0x99, 0x0, 0x9, 0x80, 0x3f, 0xc2, 0xc0, 0x1f,
    0xfd, 0x8d, 0xee, 0xff, 0xe1, 0xc9, 0x88, 0xff,
    0xf0, 0xcc,

    /* U+C2AC "슬" */
    0x0, 0xfa, 0xfe, 0x40, 0x3f, 0xf8, 0x4a, 0x8,
    0x1, 0xff, 0xc0, 0x1c, 0x10, 0x2b, 0x10, 0xf,
    0xc5, 0x1c, 0x66, 0xc2, 0x4f, 0x82, 0x0, 0xd7,
    0xda, 0xe0, 0xf8, 0x7a, 0xe2, 0xfb, 0xd4, 0x0,
    0xc1, 0x49, 0xe8, 0x0, 0xa3, 0xa0, 0xc7, 0xc0,
    0xf, 0xf6, 0xc2, 0x1, 0xc2, 0xf9, 0xca, 0x1d,
    0xff, 0xff, 0xc1, 0xef, 0xa2, 0x2f, 0xfe, 0x21,
    0xe6, 0xef, 0xff, 0xe, 0x40, 0xf, 0xff, 0xff,
    0x28, 0x6, 0x12, 0x2f, 0xe0, 0xf, 0x9b, 0x77,
    0xf8, 0x3, 0xe7, 0xff, 0xfe, 0x0, 0xff, 0x22,
    0x7f, 0x8, 0x7, 0xca, 0xbf, 0xde, 0x1, 0xf0,
    0x8f, 0xf3, 0x80, 0x0,

    /* U+C2B5 "습" */
    0x0, 0xfb, 0x3e, 0x0, 0x3f, 0xf8, 0x44, 0x6,
    0x1, 0xff, 0xc1, 0x91, 0x4, 0x60, 0xf, 0xf1,
    0x5b, 0x3, 0x4, 0xc8, 0x40, 0x39, 0x1e, 0xf5,
    0x7, 0x26, 0x81, 0xba, 0x98, 0xc0, 0x11, 0x4,
    0x17, 0xe3, 0x5, 0xe6, 0x5, 0x9a, 0x0, 0x74,
    0x5f, 0x40, 0x6, 0x19, 0xfb, 0x78, 0x3, 0x14,
    0x73, 0x3f, 0xe7, 0xb2, 0x26, 0xe6, 0x7f, 0xf0,
    0xe1, 0x4c, 0xff, 0xf8, 0x65, 0x79, 0x2c, 0x99,
    0x9f, 0x33, 0x3b, 0x20, 0x1, 0xaa, 0xa0, 0xf,
    0xa, 0xa9, 0x80, 0x3c, 0x5d, 0xde, 0xf0, 0xf,
    0xf0, 0x8f, 0xc0, 0x1f, 0xc5, 0xff, 0xee, 0x0,
    0xfe, 0x2f, 0xff, 0x70, 0x7, 0xff, 0x28,

    /* U+C2B9 "승" */
    0x0, 0xfb, 0x3e, 0x0, 0x3f, 0xf8, 0x44, 0x6,
    0x1, 0xff, 0xc1, 0xa1, 0x4, 0x60, 0xf, 0xf1,
    0xe2, 0x83, 0x4, 0xc8, 0x40, 0x39, 0x1f, 0x30,
    0x65, 0x93, 0x42, 0xdd, 0x4c, 0x60, 0x8, 0x81,
    0x8c, 0x69, 0x82, 0xfb, 0x8a, 0xcd, 0x0, 0x3a,
    0x33, 0x9c, 0x3, 0xc, 0x75, 0xc4, 0x80, 0x9b,
    0x10, 0x8f, 0xf2, 0xb0, 0x87, 0xf7, 0x7f, 0xf0,
    0xe8, 0x84, 0x7f, 0xf8, 0x67, 0x9d, 0xde, 0xfc,
    0xfe, 0xef, 0x48, 0x4, 0x31, 0xbf, 0xdb, 0xdf,
    0x8e, 0x1, 0xe2, 0xf7, 0x21, 0x23, 0x20, 0x38,
    0xd0, 0xe, 0x81, 0x2d, 0xed, 0xcd, 0xfb, 0x2,
    0x60, 0xc, 0x60, 0x6c, 0x1, 0x84, 0x80, 0x6,
    0x1, 0xa0, 0x86, 0xff, 0xdd, 0xfd, 0x20, 0x8a,
    0x1, 0x87, 0x65, 0x4, 0x4, 0x9, 0x6a, 0xc0,
    0x20,

    /* U+C2DC "시" */
    0x0, 0xff, 0xe0, 0x97, 0xf8, 0xc0, 0x39, 0x7f,
    0xc0, 0x1f, 0xff, 0x52, 0x0, 0x10, 0x7, 0xff,
    0x7, 0x0, 0x8, 0x1, 0xff, 0xc0, 0x24, 0x0,
    0x58, 0x7, 0xff, 0x2, 0x40, 0x80, 0xa0, 0x3,
    0xfd, 0x28, 0x1d, 0x0, 0xec, 0x1, 0xfa, 0x58,
    0x20, 0xdd, 0x42, 0x64, 0x20, 0x1d, 0x8c, 0xe,
    0xe0, 0x5, 0x28, 0x31, 0x80, 0x76, 0x9c, 0xc0,
    0x6, 0xa8, 0xb2, 0x0, 0xe1, 0xc6, 0x0, 0xf3,
    0xa0, 0x7, 0xff, 0xb0,

    /* U+C2DD "식" */
    0x0, 0xc9, 0xfe, 0x10, 0xc, 0x3f, 0xe3, 0x0,
    0xff, 0xec, 0x8, 0x0, 0x80, 0x3f, 0xf8, 0x1e,
    0x0, 0xb0, 0xf, 0xf8, 0x94, 0x0, 0xe4, 0x1,
    0xfc, 0x3e, 0x6, 0x60, 0xc3, 0x0, 0xf8, 0xb0,
    0x83, 0xb8, 0x22, 0xc9, 0x10, 0xc, 0xba, 0x41,
    0x64, 0x4c, 0x30, 0x70, 0xe, 0x42, 0x1c, 0x40,
    0x1, 0x64, 0xe8, 0x80, 0x61, 0xcf, 0x30, 0xe,
    0x63, 0x0, 0x44, 0x8, 0x4, 0x57, 0xff, 0xfb,
    0xa2, 0x4, 0x1, 0x8, 0xff, 0x80, 0x3d, 0x5d,
    0xdf, 0xbc, 0x3, 0xff, 0xce,

    /* U+C2E0 "신" */
    0x0, 0xff, 0xe0, 0xff, 0x90, 0x3, 0x2f, 0xf8,
    0x3, 0xff, 0xc3, 0xa0, 0x2, 0x0, 0xff, 0xe0,
    0x28, 0x2, 0xc0, 0x3f, 0xe7, 0x20, 0x3, 0x28,
    0x7, 0xf3, 0x40, 0x53, 0x5, 0x38, 0x7, 0x86,
    0xa4, 0x1d, 0x65, 0x42, 0x38, 0x80, 0x33, 0xa8,
    0x44, 0x0, 0x15, 0x20, 0xe4, 0x1, 0x9a, 0xad,
    0xc4, 0x40, 0x6, 0xe9, 0x0, 0xf2, 0xa2, 0xf7,
    0x0, 0x21, 0x0, 0xff, 0xe3, 0x99, 0x9c, 0x3,
    0xff, 0x83, 0x98, 0x30, 0xf, 0xfe, 0x57, 0xff,
    0xf4, 0x80, 0x7f, 0xf1, 0x0,

    /* U+C2E4 "실" */
    0x0, 0xcf, 0xfa, 0x1, 0xef, 0xf2, 0x0, 0x7f,
    0xf2, 0x3c, 0xc, 0x3, 0xff, 0x82, 0x80, 0x26,
    0x1, 0xff, 0x19, 0x80, 0x1e, 0x1, 0xfe, 0x2d,
    0x3, 0x3, 0xb0, 0xf, 0xc9, 0x82, 0x2d, 0xb0,
    0x4e, 0x60, 0xe, 0x8b, 0x11, 0x60, 0xa6, 0x8,
    0xb4, 0x3, 0xa4, 0x53, 0xc8, 0x0, 0x7d, 0x14,
    0x1, 0x9c, 0x7e, 0xcd, 0x9b, 0x85, 0xd9, 0x93,
    0x22, 0x1, 0x7, 0x99, 0xff, 0x94, 0x2, 0x4a,
    0xaf, 0xe0, 0xf, 0x17, 0x77, 0xf0, 0x7, 0x99,
    0x13, 0xf8, 0x3, 0xfb, 0xbb, 0xf9, 0x0, 0x3d,
    0xdd, 0xfd, 0x40, 0x1f, 0xfc, 0x31,

    /* U+C2EC "심" */
    0x0, 0xcf, 0xfc, 0x1, 0xef, 0xf2, 0x0, 0x7f,
    0xf6, 0x38, 0x4, 0x40, 0x1f, 0xfc, 0x7, 0x0,
    0x30, 0x7, 0xfc, 0xe2, 0x0, 0x82, 0x0, 0xfe,
    0x58, 0x7, 0x20, 0xc3, 0x0, 0xf9, 0xe8, 0x12,
    0x3c, 0x45, 0x96, 0x20, 0x1a, 0x60, 0xe, 0xc0,
    0xbc, 0xc0, 0x44, 0x1, 0xa0, 0x93, 0x0, 0x21,
    0xca, 0xa0, 0x7, 0xe, 0xd8, 0x11, 0x73, 0x91,
    0x57, 0x65, 0x0, 0x97, 0x77, 0xfa, 0xec, 0xa0,
    0x1e, 0x22, 0xf8, 0x3, 0xfb, 0x77, 0xe0, 0xf,
    0xfe, 0x6f, 0xff, 0xc0, 0x1f, 0xfc, 0x70,

    /* U+C544 "아" */
    0x0, 0xff, 0xe0, 0x77, 0xb0, 0x7, 0xc, 0xf7,
    0xeb, 0x80, 0x7f, 0xc3, 0x8c, 0x20, 0x51, 0x60,
    0x1f, 0xe8, 0x20, 0xbf, 0xa0, 0x46, 0x0, 0xfe,
    0x60, 0x84, 0x5, 0x50, 0x50, 0x7, 0xe3, 0x0,
    0x28, 0x5, 0xc0, 0x60, 0x1f, 0x98, 0x0, 0x40,
    0x13, 0x0, 0x8, 0x2, 0x12, 0x20, 0x7, 0xff,
    0xe, 0x37, 0x46, 0xc0, 0x2, 0x0, 0x98, 0x0,
    0x40, 0x10, 0x91, 0x4, 0xc0, 0xa, 0x1, 0x68,
    0x10, 0x6, 0x8d, 0xd1, 0x2, 0x84, 0x90, 0x1b,
    0x5, 0x0, 0x7f, 0x58, 0x8b, 0x75, 0x80, 0x6e,
    0x1, 0xfc, 0x38, 0x80, 0x40, 0xba, 0x1, 0xff,
    0x15, 0xff, 0x7d, 0x8, 0x7, 0xff, 0x8, 0x40,
    0x3f, 0xfc, 0x80,

    /* U+C548 "안" */
    0x0, 0xff, 0xe0, 0x77, 0xb0, 0x7, 0x1d, 0xf7,
    0xec, 0x88, 0x7, 0xf9, 0xb1, 0x4, 0x44, 0xde,
    0x40, 0x1f, 0x86, 0x41, 0xbf, 0xb4, 0x86, 0x40,
    0x3f, 0x38, 0xc, 0x80, 0xa, 0x41, 0x4, 0x3,
    0xee, 0x2, 0x0, 0xca, 0x0, 0x30, 0xa, 0xaa,
    0x1e, 0x3, 0x10, 0x9, 0x0, 0x4, 0x1, 0x1a,
    0xa8, 0xdc, 0x43, 0x4c, 0x56, 0xc1, 0x40, 0x34,
    0x6e, 0x88, 0x68, 0xf, 0x3a, 0x84, 0xe8, 0x3,
    0x9, 0x10, 0x0, 0x9c, 0xe6, 0x64, 0x9c, 0x0,
    0xff, 0x86, 0x77, 0x56, 0xc0, 0x1f, 0xfc, 0x18,
    0xed, 0x0, 0xff, 0xe6, 0x10, 0x98, 0x7, 0xff,
    0xf, 0x39, 0x40, 0x3f, 0xf9, 0xc7, 0xff, 0xfc,
    0x20, 0x1f, 0xfc, 0x80,

    /* U+C54A "않" */
    0x0, 0x1d, 0xf7, 0xec, 0x0, 0x6a, 0xfa, 0x0,
    0xcd, 0x88, 0x20, 0x4f, 0xa2, 0x1, 0xf8, 0x64,
    0x17, 0xbf, 0x4, 0xa0, 0x3, 0xf3, 0x80, 0x28,
    0x40, 0xe4, 0x1c, 0x3, 0x88, 0x80, 0x20, 0x40,
    0x18, 0x80, 0x40, 0x32, 0xee, 0x94, 0x80, 0x84,
    0x2, 0xd0, 0x20, 0xe, 0x22, 0xa, 0x88, 0x6a,
    0x1b, 0xb8, 0x28, 0x3, 0x2e, 0xe9, 0x3, 0x44,
    0xef, 0x20, 0x15, 0xc0, 0x3f, 0x8f, 0xe1, 0xd,
    0x6e, 0x81, 0xa0, 0xa3, 0x80, 0x38, 0x5e, 0xf2,
    0x90, 0x1, 0x6f, 0xee, 0x80, 0x19, 0xfe, 0x80,
    0x7, 0x99, 0x10, 0x4e, 0x62, 0xc0, 0x2f, 0x1,
    0x0, 0x39, 0x9c, 0x0, 0x13, 0x32, 0x80, 0x7e,
    0x4c, 0xca, 0xea, 0xf3, 0x1a, 0x1, 0xfc, 0x77,
    0xb7, 0x57, 0xec, 0x60, 0x1f, 0xce, 0xe0, 0x56,
    0x43, 0xa1, 0x0, 0xe4, 0xff, 0x84, 0x4, 0x44,
    0xe0, 0x1f, 0xc2, 0x46, 0xd0, 0x6a, 0x84, 0x98,
    0x20, 0x0,

    /* U+C54C "알" */
    0x0, 0x2d, 0xff, 0xb6, 0x44, 0x2, 0xef, 0x60,
    0xd, 0x14, 0x80, 0x24, 0xde, 0x40, 0x1f, 0x89,
    0xc1, 0xff, 0xb4, 0x86, 0x40, 0x3f, 0x28, 0xc,
    0x0, 0xa, 0xc1, 0x0, 0x35, 0xe6, 0x4, 0x3,
    0xff, 0x84, 0x46, 0x60, 0x40, 0x16, 0x0, 0xd,
    0x2, 0x0, 0x68, 0xdd, 0x9, 0xa8, 0x4e, 0xe7,
    0x18, 0x40, 0x6, 0x12, 0x20, 0x2, 0xa0, 0x48,
    0xc1, 0x34, 0xc0, 0x3f, 0xcf, 0xdd, 0x7d, 0x90,
    0x4, 0x88, 0x20, 0xf, 0x2c, 0xca, 0x23, 0xc4,
    0x6e, 0x1, 0xec, 0x77, 0xff, 0x28, 0x7, 0xaf,
    0x33, 0xf0, 0x7, 0xf2, 0xff, 0xfe, 0x0, 0xfe,
    0xe3, 0x3f, 0xc0, 0x1f, 0xf2, 0x7f, 0xfe, 0x60,
    0xf, 0xc9, 0xff, 0xfc, 0x20, 0x1f, 0xfc, 0x80,

    /* U+C558 "았" */
    0x0, 0xc, 0xf7, 0xf5, 0x10, 0x5, 0xde, 0xc0,
    0x18, 0xbd, 0x84, 0x5, 0x74, 0xc0, 0x3f, 0xa4,
    0x4b, 0x3f, 0x48, 0x38, 0x3, 0xf0, 0xa0, 0x41,
    0x81, 0x70, 0x11, 0x80, 0x7c, 0x60, 0x7, 0x0,
    0x8c, 0x0, 0xe0, 0x14, 0xf7, 0x4, 0xc0, 0xc,
    0x1, 0x10, 0x1, 0xc0, 0x30, 0x88, 0xc4, 0xc2,
    0x4, 0x1, 0x20, 0x26, 0x1, 0x4f, 0xf8, 0x83,
    0xc0, 0xfb, 0x39, 0x2, 0x80, 0x3f, 0x8f, 0x50,
    0xc, 0x4f, 0x10, 0x3, 0xfc, 0x57, 0xfd, 0xf8,
    0x60, 0x11, 0x89, 0x80, 0x7c, 0x48, 0x80, 0xc,
    0xb1, 0xca, 0x1, 0xf5, 0x52, 0x0, 0x21, 0xaa,
    0x8, 0x7, 0xe2, 0x3, 0x0, 0x88, 0x0, 0x40,
    0x1f, 0x90, 0x1, 0x20, 0x4, 0x0, 0x50, 0x7,
    0xd2, 0x22, 0x6, 0x92, 0x90, 0x3, 0x20, 0x7,
    0x4b, 0x6, 0xb9, 0xe6, 0x5, 0x54, 0x16, 0xc0,
    0x16, 0x30, 0x51, 0xc4, 0x28, 0x4e, 0xa8, 0x81,
    0x2a, 0x0, 0xd5, 0xc5, 0x0, 0x24, 0x2e, 0x0,
    0x2e, 0x69, 0x40,

    /* U+C57D "약" */
    0x0, 0x1d, 0xf7, 0xeb, 0x80, 0x6e, 0xf6, 0x0,
    0xcb, 0x88, 0x20, 0x51, 0x80, 0x1f, 0xc3, 0x40,
    0xbd, 0xf6, 0x7, 0x0, 0x1a, 0x7b, 0x82, 0xe0,
    0xa, 0x10, 0x47, 0x5, 0x0, 0xe1, 0x11, 0xf0,
    0x10, 0x6, 0xd0, 0x20, 0xd, 0x3f, 0xe2, 0xe0,
    0x20, 0xc, 0x40, 0x20, 0x1f, 0x90, 0x1, 0x0,
    0x2, 0x90, 0x70, 0xd, 0x3f, 0xe2, 0x24, 0x3,
    0xf6, 0xe8, 0x4a, 0x0, 0x38, 0x44, 0x60, 0xf4,
    0x42, 0x40, 0xd8, 0x20, 0x1a, 0x7b, 0x82, 0x0,
    0x5d, 0xee, 0x7c, 0x88, 0x7, 0xff, 0x4, 0x44,
    0x1, 0xeb, 0x94, 0x0, 0xe2, 0xff, 0xfe, 0xa9,
    0x40, 0xe, 0x31, 0x1f, 0xe0, 0xf, 0xc3, 0xdd,
    0xfc, 0x20, 0x1f, 0xfe, 0xf0,

    /* U+C591 "양" */
    0x0, 0x1d, 0xf7, 0xeb, 0x80, 0x6e, 0xf6, 0x0,
    0xcb, 0x88, 0x20, 0x51, 0x80, 0x1f, 0xc3, 0x40,
    0xbd, 0xf6, 0x7, 0x0, 0x1a, 0x7f, 0xc4, 0xe0,
    0xa, 0x10, 0x47, 0x5, 0x0, 0xe1, 0x11, 0xf0,
    0x10, 0x6, 0xd0, 0x20, 0xd, 0x3d, 0xc1, 0xe0,
    0x20, 0xc, 0x40, 0x20, 0x1f, 0x90, 0x1, 0x0,
    0x2, 0x90, 0x70, 0xd, 0x3f, 0xe1, 0x28, 0x7,
    0xed, 0xd0, 0x94, 0x0, 0x70, 0x88, 0x0, 0xf4,
    0x42, 0x40, 0xd8, 0x20, 0x1a, 0x7b, 0x82, 0x0,
    0x5d, 0xee, 0x7c, 0x88, 0x7, 0xff, 0x4, 0x4a,
    0x2a, 0xed, 0x2c, 0xc8, 0x40, 0xf, 0xe, 0x61,
    0xd5, 0x10, 0xd2, 0xfe, 0x40, 0x1e, 0xa3, 0x7,
    0xbc, 0xc5, 0x28, 0x3b, 0x0, 0x79, 0x2, 0x20,
    0x86, 0x65, 0xa3, 0xc, 0x0, 0xf1, 0x5, 0x18,
    0x4, 0x2c, 0x60, 0x40, 0x1e, 0x90, 0x2c, 0xff,
    0xba, 0x40, 0xe0, 0x3, 0xc9, 0xce, 0x62, 0x0,
    0x14, 0x9c, 0x0, 0xc0,

    /* U+C5B4 "어" */
    0x0, 0xff, 0xe0, 0xf7, 0xb0, 0x5, 0x1d, 0xfa,
    0xc0, 0x1f, 0xec, 0x71, 0x2, 0x99, 0x0, 0x7e,
    0x73, 0xb, 0xf9, 0x6, 0x40, 0xf, 0xa4, 0x1d,
    0x1, 0x90, 0x38, 0x3, 0xc2, 0x20, 0xb0, 0xb,
    0x41, 0xc0, 0x3c, 0x40, 0x2, 0x0, 0x88, 0xb,
    0xba, 0x10, 0xf, 0xfe, 0x0, 0x8c, 0x1, 0x10,
    0x0, 0x80, 0x22, 0x1, 0xff, 0x84, 0x0, 0x22,
    0xb, 0x0, 0xb4, 0x14, 0x3, 0xe6, 0x6, 0x20,
    0x44, 0x7, 0x0, 0x7d, 0x24, 0x3b, 0xab, 0x4,
    0x50, 0xf, 0x87, 0x10, 0x8, 0x1a, 0xc0, 0x3f,
    0x86, 0xff, 0xbe, 0x40, 0x3f, 0xf8, 0x22, 0x1,
    0xff, 0xde,

    /* U+C5B8 "언" */
    0x0, 0xff, 0xe0, 0xf7, 0xa8, 0x0, 0x67, 0xbf,
    0x68, 0x80, 0x3f, 0x17, 0xb0, 0x81, 0x2e, 0xa0,
    0x7, 0xdc, 0x25, 0x9f, 0x84, 0x14, 0x1, 0xe1,
    0x30, 0x93, 0x3, 0x90, 0x1f, 0xf8, 0x40, 0x6,
    0x0, 0x50, 0x9, 0x40, 0x3f, 0x18, 0x1, 0x40,
    0x25, 0x0, 0x77, 0xf8, 0x40, 0x2, 0x81, 0x26,
    0x7, 0x20, 0xa2, 0x1, 0xe9, 0x12, 0xcf, 0xc2,
    0x25, 0x0, 0x7c, 0x5e, 0xe4, 0x24, 0xfa, 0x1,
    0xfc, 0x31, 0xbd, 0xb0, 0x1, 0xff, 0xc0, 0xee,
    0x10, 0x7, 0xff, 0x0, 0x47, 0x0, 0x79, 0x10,
    0x20, 0x1f, 0xfc, 0x1a, 0xb4, 0x0, 0xff, 0xe5,
    0x67, 0xff, 0xed, 0x0, 0xff, 0xe2, 0x0,

    /* U+C5C5 "업" */
    0x0, 0x15, 0x77, 0xec, 0x0, 0x77, 0x7a, 0x81,
    0x62, 0x88, 0x13, 0xe8, 0x80, 0x7d, 0xc2, 0x5b,
    0xf6, 0x25, 0x0, 0x1e, 0x23, 0xe, 0x20, 0x49,
    0x6, 0xbb, 0x84, 0x0, 0x20, 0x2, 0x0, 0x8c,
    0x0, 0x89, 0x0, 0x44, 0x0, 0x20, 0x8, 0xc0,
    0xae, 0xe0, 0x8, 0x4c, 0x3c, 0x81, 0x20, 0x2d,
    0x12, 0x10, 0xb, 0x84, 0xf7, 0xec, 0x15, 0x80,
    0x3e, 0x2f, 0x62, 0x13, 0x8a, 0x0, 0xfe, 0x19,
    0xfc, 0xc3, 0x80, 0x72, 0x98, 0x80, 0x43, 0xba,
    0x20, 0xf, 0x29, 0x88, 0x7, 0xff, 0x2b, 0x7f,
    0xfc, 0x20, 0x1f, 0x84, 0x7e, 0x0, 0xfe, 0xce,
    0xef, 0x8, 0x7, 0xec, 0xee, 0xf0, 0x80, 0x7e,
    0x11, 0xf8, 0x2,

    /* U+C5C6 "없" */
    0x0, 0xc, 0xf7, 0xec, 0x90, 0x6, 0xef, 0x70,
    0x8, 0xbd, 0x84, 0x9, 0xb4, 0xc0, 0x3f, 0xb8,
    0x4b, 0x7f, 0x8, 0x34, 0x3, 0xf1, 0x18, 0x49,
    0x1, 0xc8, 0xe, 0x64, 0x20, 0x19, 0x80, 0xa,
    0x1, 0x28, 0x0, 0xce, 0x0, 0xe6, 0x0, 0x28,
    0x4, 0xa0, 0xb, 0xcc, 0x8, 0x6, 0x23, 0x9,
    0x20, 0x39, 0x4, 0x41, 0x98, 0x3, 0xdc, 0x25,
    0xbf, 0x84, 0x4a, 0x0, 0xfe, 0x2f, 0x72, 0x12,
    0x7c, 0x10, 0xf, 0xe1, 0x6e, 0xde, 0xcf, 0x70,
    0x9, 0xca, 0x54, 0x2, 0x28, 0x80, 0x0, 0xe2,
    0x0, 0x14, 0x1a, 0x10, 0x7, 0xe1, 0x0, 0xf8,
    0x40, 0x3c, 0x3f, 0xec, 0x0, 0xc6, 0x0, 0x50,
    0xf, 0x91, 0x20, 0xd, 0x40, 0xb, 0x0, 0xf0,
    0xdd, 0xa4, 0x2, 0x56, 0x1, 0x29, 0x0, 0xe1,
    0xbb, 0x70, 0x2, 0x28, 0x22, 0x81, 0xac, 0x3,
    0x91, 0x6, 0x0, 0xd0, 0x77, 0x25, 0x1, 0x80,
    0xf, 0xff, 0xdc, 0xbd, 0x0, 0x5, 0xe8, 0x0,

    /* U+C5C8 "었" */
    0x0, 0xc, 0xf7, 0xf4, 0x88, 0x6, 0xef, 0x70,
    0x1, 0x7b, 0x8, 0xb, 0x79, 0x0, 0x7e, 0x91,
    0x16, 0x7e, 0x10, 0xf8, 0x7, 0xc2, 0x81, 0x66,
    0x7, 0xc0, 0x46, 0x1, 0xe5, 0x0, 0x20, 0x4,
    0x60, 0xc, 0xff, 0x8, 0x4, 0xe0, 0x3, 0x0,
    0xff, 0xe0, 0x98, 0x1, 0x40, 0x25, 0x0, 0x77,
    0xf8, 0x40, 0x33, 0x4, 0x41, 0x1e, 0x81, 0x44,
    0x3, 0xe9, 0x40, 0x7b, 0x80, 0x4a, 0x0, 0xfe,
    0xbb, 0x32, 0x35, 0xd8, 0x3, 0xfe, 0x48, 0x98,
    0x40, 0x8, 0x89, 0x9a, 0xe0, 0x1d, 0x3b, 0xa0,
    0xd, 0xba, 0x72, 0x0, 0xf1, 0x1, 0x80, 0x44,
    0x0, 0x20, 0xf, 0xa, 0x0, 0x24, 0x0, 0xa0,
    0xb, 0x0, 0xf4, 0x8, 0x1, 0xa4, 0x64, 0x0,
    0x6e, 0x1, 0xa9, 0x83, 0x1d, 0x37, 0x4, 0x9c,
    0x22, 0x44, 0x31, 0x42, 0x8e, 0x3e, 0xc8, 0x99,
    0xe, 0xd, 0x21, 0xab, 0x8a, 0x0, 0x48, 0x5c,
    0x10, 0x8b, 0x78,

    /* U+C5D0 "에" */
    0x0, 0xff, 0x77, 0xa2, 0xff, 0x0, 0x23, 0xbf,
    0x10, 0x3, 0xfd, 0x4e, 0x20, 0x76, 0x60, 0x1f,
    0x89, 0x42, 0xbd, 0x3, 0xc0, 0x3f, 0x28, 0x1a,
    0x84, 0x1, 0x88, 0x7, 0xda, 0xa, 0x0, 0x30,
    0x1, 0x0, 0x7c, 0x21, 0xc0, 0x10, 0x86, 0x78,
    0x80, 0x7f, 0xf2, 0x44, 0x3c, 0x2, 0x10, 0xbf,
    0x10, 0xe, 0x20, 0x30, 0x1, 0x80, 0x14, 0x3,
    0xeb, 0x4, 0x30, 0xa0, 0x21, 0x0, 0xf8, 0xd0,
    0x33, 0x98, 0x20, 0x3, 0xfa, 0x94, 0x4, 0x52,
    0xa0, 0x1f, 0xc3, 0x5f, 0xdc, 0x60, 0xf, 0xfe,
    0x8, 0x80, 0x7f, 0xf7, 0xc0,

    /* U+C5ED "역" */
    0x0, 0xa3, 0x7f, 0xa4, 0x40, 0x37, 0x7b, 0x0,
    0xeb, 0x90, 0xb, 0x78, 0x80, 0x7d, 0x64, 0x39,
    0xfa, 0x43, 0xdf, 0xf0, 0x80, 0x4a, 0x16, 0x60,
    0x5c, 0x0, 0x12, 0x20, 0x4, 0x40, 0x7, 0x0,
    0x8c, 0x1, 0x7b, 0xa1, 0x0, 0xff, 0xe0, 0x8,
    0x7, 0x10, 0x1, 0x40, 0x24, 0x0, 0x4e, 0xe8,
    0x40, 0x27, 0x8, 0x63, 0x5a, 0x0, 0x11, 0x40,
    0x1a, 0x10, 0x27, 0x28, 0x4b, 0x7b, 0xa1, 0x0,
    0xd7, 0x4a, 0x69, 0x3a, 0x42, 0x30, 0x7, 0x96,
    0xb2, 0xd8, 0x3, 0xaa, 0x8e, 0x1, 0x47, 0xff,
    0xf5, 0xd3, 0x80, 0x5e, 0x23, 0xfc, 0x1, 0xe7,
    0xee, 0xfe, 0x10, 0xf, 0xff, 0x30,

    /* U+C5F0 "연" */
    0x0, 0xff, 0xe0, 0xf7, 0xb0, 0x0, 0x67, 0xbf,
    0xb1, 0x80, 0x3f, 0x17, 0xb0, 0x80, 0x9c, 0xf6,
    0xec, 0x20, 0x17, 0x89, 0x67, 0xf2, 0x0, 0x91,
    0x40, 0x11, 0x10, 0x38, 0xc0, 0x68, 0x1, 0x3f,
    0xe1, 0x0, 0x30, 0x0, 0xc0, 0x21, 0x20, 0xf,
    0x9c, 0x0, 0x40, 0x18, 0x83, 0x1d, 0xc2, 0x0,
    0x32, 0x9, 0x10, 0x5, 0x0, 0x16, 0x20, 0x1,
    0xa4, 0x13, 0xb7, 0xd4, 0x1e, 0x66, 0x0, 0xc9,
    0x88, 0x4, 0x7, 0x70, 0xcd, 0x8, 0x6, 0x3b,
    0xfe, 0xfc, 0x40, 0xf, 0xfb, 0xbd, 0x0, 0x3f,
    0xf8, 0x22, 0x20, 0xf, 0x8c, 0xc, 0x3, 0xff,
    0x83, 0xbe, 0xa0, 0x1f, 0xfc, 0xab, 0xff, 0xfd,
    0xa0, 0x1f, 0xfc, 0x40,

    /* U+C5F4 "열" */
    0x0, 0xc, 0xf7, 0xec, 0x0, 0x77, 0x7b, 0x1,
    0x7b, 0x8, 0x13, 0xe8, 0x80, 0x7d, 0xc2, 0x5b,
    0xfa, 0x44, 0xef, 0xf8, 0x40, 0x4, 0x61, 0xc4,
    0x5, 0x20, 0x3, 0x44, 0x0, 0x4c, 0x0, 0x20,
    0x9, 0x40, 0x1f, 0x76, 0x10, 0x3, 0x0, 0x8,
    0x2, 0x50, 0x5, 0x44, 0x4, 0x0, 0x46, 0x1e,
    0x40, 0x72, 0x0, 0x67, 0x70, 0x6, 0xe1, 0x3d,
    0xfc, 0x21, 0xcc, 0xc2, 0x1, 0x17, 0xb0, 0x81,
    0x37, 0x99, 0xe0, 0xe, 0x19, 0x89, 0xbf, 0x76,
    0x6d, 0x2e, 0xa0, 0x10, 0xcc, 0xff, 0x43, 0xa8,
    0x4, 0x31, 0x1f, 0xc2, 0x1, 0xed, 0xdf, 0xe1,
    0x0, 0xe1, 0x55, 0xfe, 0x0, 0xfe, 0xad, 0xdf,
    0xce, 0x1, 0xea, 0xdd, 0xfd, 0xe0, 0x1f, 0xfc,
    0x31,

    /* U+C5FD "엽" */
    0x0, 0xc, 0xf7, 0xec, 0x0, 0x77, 0x7b, 0x0,
    0xfb, 0x8, 0x13, 0xe9, 0x8, 0xc0, 0x1a, 0x84,
    0xb7, 0xf4, 0x89, 0xbd, 0xd0, 0x80, 0x5, 0x2,
    0x48, 0xa, 0x40, 0x6, 0x70, 0x4, 0x60, 0x5,
    0x0, 0x94, 0x1, 0xf9, 0x81, 0x0, 0x18, 0x1,
    0x40, 0x25, 0x0, 0x2a, 0xc2, 0x0, 0x14, 0x9,
    0x20, 0x29, 0x0, 0x4d, 0x50, 0x3, 0x48, 0x96,
    0xf6, 0x90, 0xc4, 0x60, 0xc, 0x5e, 0xc2, 0x33,
    0x7b, 0xbe, 0x10, 0xc, 0x33, 0xdf, 0xd2, 0x20,
    0x19, 0x4c, 0x80, 0x21, 0xff, 0x18, 0x7, 0x94,
    0xc8, 0x3, 0xff, 0x95, 0x9f, 0xfe, 0x10, 0xf,
    0xc2, 0x45, 0xe0, 0xf, 0xed, 0xdf, 0x84, 0x3,
    0xf6, 0xf7, 0x78, 0x40, 0x3f, 0x8, 0xfc, 0x1,
    0x0,

    /* U+C601 "영" */
    0x0, 0xc, 0xf7, 0xf4, 0x0, 0x77, 0x7b, 0x0,
    0xfb, 0x8, 0xb, 0xe8, 0x80, 0x7d, 0x42, 0x59,
    0xfa, 0x65, 0xdf, 0xf0, 0x80, 0x5, 0x2, 0x4c,
    0xb, 0xc0, 0x2, 0x44, 0x0, 0x88, 0x0, 0xa0,
    0x11, 0x80, 0x2b, 0x74, 0x20, 0x1c, 0x60, 0x10,
    0x80, 0x7e, 0x30, 0x4, 0x0, 0x52, 0x0, 0xae,
    0xe0, 0x80, 0x50, 0xb, 0x93, 0x6e, 0x0, 0x11,
    0x80, 0x33, 0xb8, 0xd, 0x90, 0x1f, 0xff, 0x8,
    0x6, 0x8d, 0x87, 0x8d, 0x80, 0xf, 0xf1, 0x3c,
    0x15, 0xe6, 0xea, 0xe1, 0xa9, 0xc0, 0x30, 0xed,
    0x31, 0x91, 0x11, 0xdd, 0x82, 0x1, 0xb4, 0x86,
    0x77, 0xb9, 0x8c, 0xc, 0xc0, 0xc, 0x61, 0xc,
    0x42, 0x23, 0x93, 0xc, 0x0, 0xc4, 0x16, 0x80,
    0x10, 0xb1, 0x81, 0x0, 0x6e, 0x12, 0xbf, 0xfb,
    0xa4, 0xe, 0x0, 0x31, 0xfc, 0x18, 0x80, 0x5,
    0x2b, 0x0,

    /* U+C608 "예" */
    0x0, 0xff, 0x77, 0xab, 0x7f, 0x0, 0x17, 0x3f,
    0xa0, 0x3, 0xfc, 0xb4, 0x60, 0x2f, 0x60, 0x1f,
    0xd0, 0xd, 0xf4, 0x9, 0xdc, 0x10, 0xe, 0x32,
    0x8, 0x5, 0x20, 0x11, 0x0, 0x79, 0x40, 0x84,
    0x0, 0x80, 0x9e, 0x20, 0x1c, 0x20, 0x20, 0x10,
    0x83, 0x80, 0x7f, 0xf0, 0xdc, 0x3, 0xe1, 0x1,
    0x0, 0x84, 0x0, 0x40, 0x1e, 0x50, 0x21, 0x0,
    0x28, 0x26, 0x88, 0x7, 0x18, 0x83, 0x1, 0x98,
    0xc, 0xc0, 0x1f, 0x48, 0x46, 0x60, 0x13, 0x30,
    0x20, 0x1e, 0x77, 0x1, 0x82, 0x50, 0x7, 0xfa,
    0x3f, 0x3a, 0xc4, 0x3, 0xff, 0x80, 0x62, 0x1,
    0xff, 0xde,

    /* U+C624 "오" */
    0x0, 0xc5, 0x19, 0xfe, 0xec, 0x60, 0xf, 0xcd,
    0xae, 0x60, 0x1, 0x39, 0xe3, 0x0, 0xe3, 0x90,
    0x4c, 0xff, 0xa8, 0x87, 0x40, 0x3a, 0x40, 0xac,
    0xc0, 0x25, 0xf0, 0x16, 0x0, 0xcc, 0x8, 0x1,
    0xe2, 0x20, 0x70, 0x6, 0x60, 0x50, 0xf, 0x9,
    0x7, 0x0, 0x6e, 0x3, 0xa2, 0x0, 0x93, 0x0,
    0x5c, 0x3, 0x24, 0x82, 0xef, 0xf7, 0xd9, 0xe,
    0x88, 0x7, 0x36, 0xb1, 0x0, 0x82, 0x47, 0x18,
    0x7, 0xc5, 0x3a, 0x60, 0xf6, 0xe0, 0x1f, 0xfd,
    0xbc, 0xee, 0xf1, 0x83, 0xf7, 0x7a, 0x48, 0x47,
    0xc0, 0x10, 0x8f, 0x8f, 0xbf, 0xff, 0xf8, 0x74,

    /* U+C628 "온" */
    0x0, 0xc7, 0x3b, 0xfe, 0xec, 0x81, 0x0, 0xfa,
    0x31, 0x88, 0x4, 0x46, 0xfc, 0xa0, 0x1c, 0xae,
    0xd, 0xbf, 0xdf, 0x86, 0x14, 0x20, 0x1b, 0x0,
    0xa4, 0x80, 0x23, 0xd0, 0x2, 0x0, 0x78, 0xc4,
    0x3, 0x88, 0x0, 0x20, 0x1a, 0xc0, 0x7e, 0x15,
    0x16, 0x70, 0x9, 0x0, 0x31, 0x59, 0xb, 0xd5,
    0xd3, 0x2, 0x60, 0x7, 0x93, 0x6e, 0x4, 0xe,
    0x76, 0xc4, 0x3, 0xf2, 0x39, 0x2, 0x31, 0x0,
    0x77, 0x7f, 0xf8, 0xc1, 0xff, 0xfd, 0x46, 0x23,
    0xff, 0xc3, 0x3d, 0xee, 0xff, 0xe1, 0xc8, 0x1,
    0xff, 0x40, 0x3f, 0xfc, 0xc5, 0xff, 0xfc, 0xc0,
    0x1f, 0xfc, 0x41, 0x0, 0x0,

    /* U+C644 "완" */
    0x0, 0xcf, 0xbf, 0xed, 0x70, 0x9, 0xbf, 0x80,
    0x3d, 0xb0, 0x40, 0x2, 0x8c, 0x0, 0xff, 0x41,
    0x5, 0xff, 0xa8, 0xd, 0xc0, 0x3f, 0x90, 0x19,
    0x0, 0xa, 0xa0, 0xc0, 0xf, 0xe6, 0x3, 0x0,
    0xf0, 0x80, 0x7f, 0x78, 0x2b, 0x8, 0x9d, 0x43,
    0x80, 0x21, 0xdd, 0x38, 0x1, 0x5c, 0x27, 0xb9,
    0x1, 0x8, 0x1, 0x88, 0x9e, 0x1, 0x46, 0xb0,
    0x1, 0xf5, 0xc0, 0x30, 0xee, 0xa4, 0x3, 0x15,
    0x0, 0x24, 0x80, 0x3c, 0x44, 0x11, 0x5d, 0xd9,
    0xc0, 0xc, 0xee, 0x7f, 0x80, 0x3c, 0x28, 0x91,
    0x90, 0x0, 0x84, 0x40, 0x22, 0x0, 0xf6, 0x63,
    0x6e, 0xdb, 0xdc, 0xff, 0xb8, 0x40, 0x3c, 0x66,
    0x2b, 0xb2, 0x8, 0x80, 0x31, 0x89, 0x0, 0x7f,
    0xf1, 0x17, 0xb0, 0x3, 0xff, 0xa1, 0x3f, 0xff,
    0xc4, 0x1, 0xff, 0xc9,

    /* U+C65C "왜" */
    0x0, 0xff, 0x27, 0xf8, 0x3b, 0xd8, 0x2, 0x8d,
    0xfe, 0x91, 0x0, 0xff, 0x63, 0x90, 0xb, 0x60,
    0x80, 0x7e, 0x63, 0xb, 0xfb, 0x2, 0x90, 0xf,
    0xd8, 0xa, 0x80, 0x8e, 0x8, 0x1, 0xf8, 0x43,
    0x40, 0x2e, 0x1, 0x0, 0xfc, 0x41, 0xc0, 0x17,
    0x3, 0x0, 0x7e, 0xa0, 0x64, 0x3, 0x60, 0xd0,
    0xb, 0x84, 0x2, 0x37, 0xb, 0xfc, 0x14, 0x60,
    0x8, 0x40, 0x3a, 0x31, 0x0, 0x15, 0x60, 0x1b,
    0xc4, 0x3, 0x8f, 0x40, 0x94, 0x3, 0xff, 0x9e,
    0x23, 0x80, 0x6, 0x8a, 0x40, 0x1e, 0x5e, 0xea,
    0x0, 0xb2, 0xeb, 0x0, 0x3c, 0xc4, 0x58, 0xcc,
    0x8a, 0xc4, 0x1, 0xe3, 0xdd, 0xd9, 0x8b, 0xa9,
    0xc0, 0xf, 0xfe, 0x58,

    /* U+C678 "외" */
    0x0, 0xff, 0xe1, 0x77, 0xb0, 0x6, 0x6c, 0xff,
    0x6b, 0x80, 0x7f, 0xae, 0x4c, 0x0, 0x51, 0x80,
    0x1f, 0x9d, 0x2, 0x3f, 0xd2, 0x7, 0x0, 0x1f,
    0x50, 0x2b, 0x80, 0x19, 0x80, 0xa0, 0x1f, 0x18,
    0x68, 0x6, 0xf0, 0x20, 0xf, 0x8c, 0x34, 0x3,
    0x78, 0x8, 0x7, 0xd4, 0xa, 0xe0, 0x6, 0x60,
    0x30, 0x7, 0xce, 0x81, 0x1f, 0xe9, 0x4, 0x80,
    0xf, 0xd7, 0x26, 0x0, 0x39, 0xb0, 0xf, 0xf3,
    0x70, 0x3, 0xd8, 0x3, 0xff, 0xa8, 0xe4, 0x43,
    0x31, 0x0, 0x47, 0xff, 0xb4, 0x1, 0x7b, 0xac,
    0xc5, 0x0, 0x44, 0x2, 0x38, 0x8a, 0x33, 0x22,
    0x34, 0x2, 0x1f, 0xee, 0xdb, 0xb6, 0x62, 0xec,
    0xa0, 0x1f, 0xfc, 0x80,

    /* U+C694 "요" */
    0x0, 0xc5, 0x19, 0xfe, 0xec, 0x60, 0xf, 0xcd,
    0xae, 0x60, 0x1, 0x39, 0xe3, 0x0, 0xe3, 0x90,
    0x4c, 0xff, 0xa8, 0x87, 0x40, 0x3a, 0x40, 0xac,
    0xc0, 0x25, 0xf0, 0x15, 0x0, 0xcc, 0x8, 0x1,
    0xe2, 0x20, 0x68, 0x6, 0x60, 0x50, 0xf, 0x9,
    0x7, 0x0, 0x6e, 0x3, 0x91, 0x0, 0x8f, 0x40,
    0xe, 0x1, 0x92, 0x1, 0xbb, 0x99, 0xd8, 0x61,
    0x62, 0x1, 0xce, 0x60, 0x1, 0x31, 0x0, 0x3a,
    0x0, 0x7f, 0x3f, 0x73, 0xcc, 0x3, 0xff, 0x82,
    0x22, 0x0, 0xff, 0xe6, 0xe7, 0x74, 0x60, 0xfd,
    0xd1, 0x83, 0xf7, 0x52, 0x42, 0x30, 0x4, 0x23,
    0x0, 0x42, 0x31, 0xf7, 0xff, 0xff, 0xe, 0x80,

    /* U+C6A9 "용" */
    0x0, 0xcb, 0x5b, 0xff, 0x6c, 0x98, 0x7, 0xd9,
    0x4a, 0x44, 0x32, 0x23, 0x64, 0x0, 0x73, 0x98,
    0x57, 0xee, 0x6f, 0xb8, 0x39, 0x80, 0x6e, 0x3,
    0x50, 0xe, 0x80, 0x3, 0x0, 0x6f, 0x3, 0x82,
    0x0, 0x8a, 0x80, 0xe, 0x1, 0x99, 0x41, 0xf7,
    0xfe, 0xd5, 0x9, 0x20, 0xe, 0xa3, 0x1, 0x22,
    0x80, 0xe, 0xc0, 0x1f, 0xcd, 0xbb, 0x10, 0x78,
    0x6, 0xbc, 0xc8, 0xc1, 0xb3, 0x22, 0x9, 0xcc,
    0xa1, 0x4c, 0xe0, 0x0, 0x99, 0xc0, 0x1, 0x33,
    0x8b, 0x73, 0x3a, 0xea, 0xac, 0xcf, 0x41, 0x9c,
    0x35, 0xd7, 0x55, 0x67, 0xa1, 0x9c, 0x40, 0x3,
    0xd6, 0x21, 0x23, 0x20, 0x38, 0xd0, 0xe, 0xa0,
    0x2d, 0xed, 0xcd, 0xfb, 0x2, 0x50, 0xf, 0x1b,
    0x0, 0x61, 0x30, 0xf, 0xac, 0x45, 0x7f, 0xee,
    0xfe, 0x80, 0x45, 0x0, 0xc5, 0xd0, 0x82, 0x2,
    0x4, 0xb5, 0x60, 0x10,

    /* U+C6B4 "운" */
    0x0, 0xc7, 0x3b, 0xfe, 0xec, 0x81, 0x0, 0xfa,
    0x31, 0x88, 0x4, 0x46, 0xfc, 0x80, 0x1c, 0x8e,
    0xb, 0xbf, 0xdf, 0x66, 0x16, 0x20, 0x1b, 0x40,
    0xa8, 0x80, 0x24, 0xd0, 0x2, 0x0, 0x78, 0xc0,
    0x3c, 0x60, 0x1f, 0x50, 0xe, 0x31, 0x91, 0xbe,
    0x0, 0xa8, 0x6, 0x3a, 0x3, 0x9c, 0xdc, 0x81,
    0x2c, 0x0, 0xf2, 0xf4, 0xb2, 0x24, 0xf7, 0xa4,
    0x1, 0xf0, 0xb4, 0xdd, 0xd0, 0x80, 0x1d, 0xdf,
    0xff, 0xfc, 0x3a, 0x31, 0x1f, 0x0, 0x42, 0x3e,
    0x3d, 0xee, 0xf1, 0x83, 0xf7, 0x7a, 0x40, 0xf,
    0xfa, 0x1, 0xff, 0xc7, 0x62, 0xf0, 0xf, 0xfe,
    0x15, 0x6b, 0x80, 0x7f, 0xc5, 0xff, 0xfc, 0xc0,
    0x1f, 0xfc, 0x41, 0x0, 0x0,

    /* U+C6CC "워" */
    0x0, 0xcd, 0x9f, 0xec, 0x60, 0xd, 0xde, 0xc0,
    0x14, 0xc8, 0xc0, 0x7, 0x32, 0x0, 0xfc, 0x6c,
    0x13, 0xfe, 0x80, 0x63, 0x0, 0xf9, 0x0, 0x98,
    0x0, 0xe4, 0x8, 0x1, 0xf0, 0x81, 0x80, 0x63,
    0x1, 0x0, 0xf9, 0x0, 0x64, 0x89, 0x22, 0x8,
    0x1, 0xf1, 0x48, 0x36, 0xe9, 0x82, 0x48, 0x3,
    0xf3, 0x63, 0x19, 0x9b, 0x18, 0x3, 0xfc, 0x73,
    0xba, 0x81, 0x23, 0x40, 0xc, 0x3f, 0xfd, 0xdd,
    0x6e, 0xb2, 0xc0, 0x30, 0x80, 0x61, 0x0, 0x9,
    0x1a, 0x20, 0x40, 0x37, 0xff, 0x0, 0x37, 0x59,
    0x76, 0x10, 0xf, 0xfe, 0xe, 0x7f, 0xc2, 0x1,
    0xff, 0xc0, 0x70, 0xf, 0xfe, 0x25, 0xff, 0xc2,
    0x1, 0xff, 0xd8,

    /* U+C6D0 "원" */
    0x0, 0x9b, 0x3b, 0xf6, 0x48, 0x0, 0x3f, 0xe3,
    0x0, 0x64, 0x98, 0x11, 0x1b, 0x48, 0x3, 0xcc,
    0x61, 0x7d, 0xbc, 0x41, 0x0, 0x1e, 0x10, 0x14,
    0x0, 0xb, 0x80, 0x80, 0x79, 0x40, 0x6d, 0x55,
    0x2a, 0x1a, 0x1, 0xe2, 0xa1, 0x4a, 0xa3, 0x3,
    0xb0, 0x7, 0xcb, 0xd7, 0x31, 0x5d, 0x0, 0x1e,
    0x7a, 0xab, 0xb7, 0x27, 0x75, 0xda, 0x1, 0xb9,
    0x57, 0x22, 0xc, 0xc4, 0x26, 0x1, 0xae, 0xaa,
    0xb7, 0x1, 0xde, 0xfe, 0x0, 0xc4, 0xab, 0x26,
    0x80, 0x9, 0xf3, 0x1a, 0x1, 0xe8, 0x81, 0x0,
    0x5e, 0x67, 0x0, 0x70, 0xbb, 0xbc, 0x4c, 0x27,
    0xfd, 0xa0, 0x1f, 0xaf, 0xb4, 0x3, 0x1b, 0x30,
    0x40, 0x3f, 0xf8, 0x3, 0x32, 0x20, 0xe, 0xcf,
    0xff, 0xea, 0x0, 0xff, 0xe2, 0x0,

    /* U+C6E8 "웨" */
    0x0, 0xff, 0xf, 0xf8, 0xfb, 0xd8, 0x2, 0x7d,
    0xfe, 0xa2, 0x0, 0xff, 0x64, 0x11, 0x5, 0x74,
    0x80, 0x3f, 0x21, 0x86, 0x6f, 0x98, 0x40, 0x7,
    0xe1, 0x2, 0x30, 0x5, 0x80, 0x80, 0x7e, 0x70,
    0x28, 0x25, 0x90, 0x30, 0xf, 0xc5, 0x0, 0xfb,
    0x42, 0x70, 0x1, 0xfc, 0xfa, 0xea, 0xd5, 0x80,
    0x1f, 0xc4, 0x40, 0xb9, 0xd0, 0x56, 0x20, 0xf,
    0xe, 0xed, 0x98, 0xba, 0xa4, 0xa8, 0x7, 0x84,
    0xce, 0x20, 0x2, 0xb3, 0x90, 0x7, 0xd9, 0x95,
    0x80, 0x2a, 0x64, 0xc0, 0x1f, 0xfc, 0x2b, 0xed,
    0x0, 0xff, 0xe1, 0x11, 0x40, 0x1f, 0xfc, 0x29,
    0xdc, 0x0, 0xff, 0xe7, 0x91, 0x98, 0x3, 0xfc,

    /* U+C704 "위" */
    0x0, 0xcf, 0xbf, 0xed, 0x70, 0xd, 0xde, 0xc0,
    0x16, 0x41, 0x8, 0x8a, 0x30, 0x3, 0xf3, 0x98,
    0xe7, 0x73, 0x4, 0xe0, 0x3, 0xec, 0x6, 0x30,
    0x1, 0xb0, 0x20, 0x7, 0xf0, 0x80, 0x61, 0x7,
    0x0, 0xfb, 0x81, 0xa0, 0x88, 0xec, 0x1a, 0x1,
    0xf2, 0xb0, 0x3e, 0xea, 0x1, 0x98, 0x1, 0xfa,
    0x71, 0x91, 0xd, 0x92, 0x1, 0xfe, 0x39, 0xbb,
    0x49, 0x80, 0x4, 0x3, 0xb7, 0x77, 0x75, 0xff,
    0xb8, 0xc0, 0x31, 0x16, 0x11, 0x80, 0x21, 0x20,
    0xe, 0xdd, 0xbb, 0x40, 0x17, 0xfe, 0xed, 0x30,
    0xc, 0x45, 0x9, 0x80, 0x7f, 0xff, 0xc0, 0x30,

    /* U+C720 "유" */
    0x0, 0xc5, 0x3b, 0xfe, 0xec, 0x70, 0xf, 0xcd,
    0xac, 0x40, 0x22, 0x38, 0xe3, 0x0, 0xe3, 0x90,
    0x4d, 0xfe, 0xfa, 0x11, 0x68, 0x7, 0x58, 0xd,
    0x90, 0x4, 0xb4, 0x2, 0x60, 0x1f, 0xfc, 0x9b,
    0x1, 0xa2, 0x0, 0x92, 0x80, 0x4c, 0x3, 0x1c,
    0x2, 0xef, 0xf7, 0xd8, 0x8b, 0x40, 0x3c, 0xf6,
    0x80, 0x1, 0x1, 0x6f, 0x30, 0xf, 0x92, 0xff,
    0xb7, 0xb9, 0x22, 0x1, 0xff, 0x9, 0x8, 0x7,
    0xdd, 0xff, 0xff, 0xc3, 0xa3, 0x11, 0x80, 0x21,
    0x18, 0x2, 0x11, 0x8f, 0x7b, 0xa4, 0x6, 0xee,
    0x88, 0x23, 0xba, 0x90, 0xf, 0xff, 0xc0,

    /* U+C721 "육" */
    0x0, 0xc9, 0x5b, 0xff, 0x6c, 0x90, 0x7, 0xd5,
    0x6a, 0x42, 0x20, 0x26, 0xd7, 0x0, 0xe6, 0x50,
    0x8e, 0xeb, 0xf5, 0x42, 0x8, 0x3, 0x78, 0x1b,
    0x88, 0x4, 0x54, 0x0, 0x70, 0xd, 0xc0, 0x6a,
    0x1, 0xd0, 0x0, 0x60, 0xc, 0xe6, 0x15, 0xd9,
    0x79, 0xee, 0xc, 0x60, 0x1d, 0x92, 0x62, 0x68,
    0x62, 0x97, 0x20, 0x1f, 0x36, 0x7f, 0x73, 0xfa,
    0xd0, 0x3, 0x77, 0xff, 0xbb, 0x9f, 0xff, 0x50,
    0x7, 0xff, 0x17, 0xbf, 0xe6, 0x4, 0xff, 0x80,
    0x15, 0xff, 0x50, 0x2, 0xfd, 0x81, 0x3f, 0xe0,
    0x5, 0x79, 0x80, 0x61, 0x0, 0xff, 0xe2, 0x57,
    0xff, 0xee, 0x0, 0xff, 0xf6, 0x0,

    /* U+C73C "으" */
    0x0, 0xc3, 0x19, 0xfe, 0xeb, 0x60, 0xf, 0xcd,
    0xce, 0x60, 0x1, 0x49, 0xe2, 0x0, 0xe3, 0x90,
    0x4c, 0xff, 0xa8, 0x87, 0x0, 0x3a, 0x40, 0xac,
    0xc0, 0x25, 0xf0, 0x15, 0x0, 0xcc, 0x8, 0x1,
    0xe2, 0x20, 0x68, 0x6, 0x60, 0x50, 0xf, 0x9,
    0x7, 0x0, 0x6e, 0x3, 0x91, 0x0, 0x8f, 0x40,
    0xe, 0x1, 0x91, 0xc1, 0xbb, 0x99, 0xd8, 0x61,
    0x62, 0x1, 0xd1, 0x8a, 0x2, 0x62, 0x26, 0xe4,
    0x0, 0xf8, 0xeb, 0xfb, 0x7b, 0x92, 0x20, 0x1f,
    0xf0, 0x90, 0x80, 0x7f, 0xf3, 0x33, 0xbb, 0xff,
    0x87, 0x24, 0x23, 0xff, 0xc3, 0x3e, 0xff, 0xff,
    0xe1, 0xd0,

    /* U+C740 "은" */
    0x0, 0xc7, 0x3b, 0xfe, 0xec, 0x81, 0x0, 0xfa,
    0x31, 0x88, 0x4, 0x46, 0xfc, 0x80, 0x1c, 0x8e,
    0xb, 0xbf, 0xdf, 0x86, 0x16, 0x20, 0x1b, 0x40,
    0xa8, 0x80, 0x23, 0xd0, 0x2, 0x0, 0x78, 0xc0,
    0x3c, 0x60, 0x1f, 0x50, 0xe, 0x29, 0x91, 0xbe,
    0x0, 0xa8, 0x6, 0x3a, 0x3, 0xac, 0xdc, 0x81,
    0x2c, 0x0, 0xf2, 0xf4, 0xb2, 0x1a, 0x35, 0x69,
    0x0, 0x7c, 0x2d, 0x37, 0x97, 0x2a, 0x1, 0xdd,
    0xff, 0xff, 0xc3, 0xa3, 0x11, 0xff, 0xe1, 0x9e,
    0xf7, 0x7f, 0xf0, 0xe4, 0x0, 0xff, 0xa0, 0x1f,
    0xfe, 0x62, 0xff, 0xfe, 0x60, 0xf, 0xfe, 0x20,
    0x80, 0x0,

    /* U+C744 "을" */
    0x0, 0xcd, 0x7b, 0xff, 0x6d, 0x28, 0x7, 0x87,
    0x65, 0x8, 0x86, 0x44, 0x5a, 0xc0, 0xe, 0x92,
    0xb, 0xfd, 0xcd, 0xfa, 0x3, 0x60, 0xf, 0xa,
    0x80, 0x73, 0x80, 0x4, 0x3, 0x50, 0x8b, 0xb2,
    0xa6, 0xb3, 0x40, 0x98, 0x3, 0x17, 0xc1, 0x99,
    0x59, 0x4c, 0xd1, 0xa2, 0x1, 0xc2, 0xf9, 0xfd,
    0xd7, 0xe3, 0x80, 0x6e, 0xff, 0xf7, 0x75, 0xff,
    0xea, 0x21, 0x1f, 0xfe, 0x19, 0xe7, 0x77, 0xff,
    0xe, 0x40, 0xf, 0xff, 0xff, 0x28, 0x6, 0x12,
    0x2f, 0xe0, 0xf, 0x9b, 0x77, 0xf8, 0x3, 0xe7,
    0xff, 0xfe, 0x0, 0xff, 0x33, 0x7f, 0x80, 0x3e,
    0x44, 0xfe, 0x90, 0xf, 0x88, 0xbf, 0x98, 0x0,

    /* U+C74C "음" */
    0x0, 0xcb, 0x5b, 0xff, 0x6c, 0x98, 0x7, 0xd9,
    0x4a, 0x44, 0x32, 0x23, 0x64, 0x0, 0x73, 0x98,
    0x57, 0xee, 0x6f, 0xb8, 0x39, 0x80, 0x6d, 0x3,
    0x50, 0xe, 0x80, 0x3, 0x0, 0x6c, 0x3, 0x82,
    0x0, 0x8a, 0x80, 0xe, 0x1, 0x99, 0x41, 0xf7,
    0xfe, 0xd5, 0x9, 0x20, 0xe, 0xac, 0x74, 0x22,
    0x92, 0x39, 0x80, 0x3e, 0x38, 0xbd, 0xda, 0xdc,
    0x40, 0x37, 0x7f, 0xff, 0xf0, 0xe8, 0xc4, 0x7f,
    0xf8, 0x67, 0xbd, 0xdf, 0xfc, 0x39, 0x0, 0x3f,
    0xff, 0xfc, 0x60, 0x1f, 0xfc, 0xb2, 0xff, 0xf7,
    0x0, 0x7f, 0xf3, 0x8b, 0xff, 0xdc, 0x1, 0xff,
    0xca,

    /* U+C751 "응" */
    0x0, 0xcb, 0x5b, 0xff, 0x6c, 0x98, 0x7, 0xd9,
    0x4a, 0x44, 0x32, 0x23, 0x64, 0x0, 0x73, 0x98,
    0x57, 0xee, 0x6f, 0xb8, 0x39, 0x80, 0x6d, 0x3,
    0x50, 0xe, 0x80, 0x3, 0x0, 0x6c, 0x3, 0x82,
    0x0, 0x8a, 0x80, 0xe, 0x1, 0x99, 0x41, 0xf7,
    0xfe, 0xd5, 0x9, 0x20, 0xe, 0xac, 0x74, 0x22,
    0x92, 0x39, 0x80, 0x3e, 0x38, 0xbd, 0xda, 0xdc,
    0x40, 0x37, 0x7f, 0xff, 0xf0, 0xe8, 0xc4, 0x7f,
    0xf8, 0x67, 0xbd, 0xde, 0xfc, 0xfe, 0xef, 0x48,
    0x4, 0x53, 0xbf, 0xdb, 0xdf, 0x8e, 0x1, 0xe3,
    0xd6, 0x21, 0x23, 0x20, 0x38, 0xd0, 0xe, 0xa0,
    0x2d, 0xed, 0xcd, 0xfb, 0x2, 0x50, 0xf, 0x1b,
    0x0, 0x61, 0x30, 0xf, 0xac, 0x45, 0x7f, 0xee,
    0xfe, 0x80, 0x45, 0x0, 0xc5, 0xd0, 0x82, 0x2,
    0x4, 0xb5, 0x60, 0x10,

    /* U+C758 "의" */
    0x0, 0xff, 0xe1, 0x77, 0xb0, 0x6, 0x7c, 0xff,
    0x63, 0x0, 0x7f, 0xb2, 0xc, 0x0, 0x73, 0x60,
    0x1f, 0xa4, 0xc2, 0x7f, 0xce, 0x8, 0xe0, 0x1f,
    0x38, 0x3b, 0x0, 0x21, 0x2, 0xc0, 0x3e, 0x10,
    0xd0, 0xc, 0x60, 0x40, 0x1f, 0x8, 0x60, 0x6,
    0x30, 0x20, 0xf, 0x98, 0x1a, 0x8, 0x92, 0x81,
    0x40, 0x1f, 0x42, 0x3, 0xee, 0x98, 0x19, 0x80,
    0x1f, 0xae, 0x90, 0x88, 0xb7, 0x20, 0x1f, 0xe5,
    0xbd, 0xd5, 0x20, 0x7, 0xff, 0x48, 0x46, 0x22,
    0x1a, 0x8, 0x4, 0x7f, 0xfd, 0xdd, 0x6e, 0xb2,
    0xd0, 0x2, 0x21, 0x1c, 0x45, 0x19, 0x91, 0xa,
    0x20, 0x10, 0xf7, 0x6d, 0xdb, 0x31, 0x76, 0xa4,
    0x0, 0xff, 0xe4, 0x0,

    /* U+C774 "이" */
    0x0, 0xff, 0xe0, 0xf, 0xf8, 0xc0, 0x28, 0xdf,
    0xe8, 0x0, 0xff, 0x5b, 0x90, 0xb, 0xe0, 0x7,
    0xe6, 0x40, 0xaf, 0xb0, 0x37, 0x0, 0xfa, 0xc1,
    0x94, 0x11, 0xc2, 0x80, 0x3e, 0x20, 0xd0, 0xa,
    0xc0, 0x84, 0x3, 0x88, 0x0, 0xc0, 0x11, 0x0,
    0xc, 0x3, 0xff, 0x86, 0x20, 0x1c, 0x40, 0x1,
    0x0, 0x8c, 0x0, 0x40, 0x1e, 0x20, 0xa0, 0x9,
    0x40, 0x44, 0x1, 0xea, 0x6, 0x30, 0x29, 0x6,
    0x0, 0xf9, 0xc8, 0x33, 0x74, 0x25, 0x0, 0x1f,
    0xb1, 0x40, 0x81, 0x70, 0x3, 0xf8, 0x6b, 0xfb,
    0xe8, 0x40, 0x3f, 0xf8, 0x2, 0x1, 0xff, 0xde,

    /* U+C778 "인" */
    0x0, 0xff, 0xe0, 0xf, 0xf8, 0xc0, 0x3, 0x3d,
    0xfd, 0x44, 0x1, 0xf8, 0xbd, 0x84, 0x5, 0x75,
    0x0, 0x3e, 0x91, 0x2c, 0xfd, 0x30, 0xa0, 0xf,
    0xa, 0x4, 0x98, 0x16, 0x80, 0xa0, 0x7, 0x18,
    0x1, 0x40, 0x21, 0x10, 0x10, 0x7, 0x18, 0x1,
    0x40, 0x21, 0x10, 0x10, 0x7, 0xa, 0x5, 0x20,
    0x16, 0x80, 0xa0, 0x7, 0xa8, 0x45, 0x7f, 0xa6,
    0x1a, 0x1, 0xf0, 0xfb, 0x90, 0x93, 0x69, 0x80,
    0x7e, 0x18, 0xde, 0xd9, 0x20, 0xf, 0xf2, 0x77,
    0x0, 0x3f, 0xf8, 0x22, 0x30, 0x7, 0x85, 0x10,
    0x20, 0x1f, 0xfc, 0x1b, 0xb1, 0x0, 0x7f, 0xf2,
    0xbf, 0xff, 0xa0, 0x3, 0xff, 0x86, 0x20,

    /* U+C77C "일" */
    0x0, 0x15, 0x77, 0xf4, 0x88, 0x4, 0x3f, 0xe3,
    0x3, 0xd5, 0x10, 0x16, 0xf2, 0x0, 0xfb, 0x80,
    0xf7, 0xf0, 0x45, 0x20, 0x1e, 0x22, 0x7, 0x90,
    0x1c, 0x2, 0x0, 0x78, 0x40, 0x4, 0x1, 0x28,
    0x0, 0x40, 0x38, 0x80, 0xa, 0x1, 0x20, 0x0,
    0x40, 0x38, 0x50, 0x29, 0x49, 0xa0, 0x18, 0x3,
    0xea, 0x21, 0xad, 0x90, 0x39, 0x0, 0xf8, 0x76,
    0x55, 0x16, 0xb0, 0x3, 0xfc, 0xff, 0xde, 0xa,
    0xb9, 0x26, 0x44, 0x1, 0x25, 0x57, 0xf4, 0xc8,
    0x80, 0x27, 0x99, 0xfd, 0x0, 0x1e, 0x1c, 0xcf,
    0xda, 0x1, 0xe6, 0x55, 0xfe, 0x0, 0xfe, 0xee,
    0xfe, 0x30, 0xf, 0x77, 0x7f, 0x50, 0x7, 0xff,
    0xc, 0x40,

    /* U+C784 "임" */
    0x0, 0xc, 0x6f, 0xf5, 0x18, 0x6, 0xff, 0x20,
    0xe, 0x39, 0x0, 0xae, 0x28, 0x7, 0xd6, 0x43,
    0x7f, 0xc8, 0x16, 0x1, 0xf2, 0x84, 0x20, 0xd,
    0x0, 0xa8, 0x7, 0x8, 0x1, 0x40, 0x21, 0x10,
    0x18, 0x7, 0x8, 0x1, 0x80, 0x30, 0x81, 0x80,
    0x79, 0x2, 0x8, 0x1, 0x40, 0x4, 0x0, 0xf4,
    0x89, 0x6e, 0xbd, 0x42, 0x44, 0x3, 0xc5, 0x88,
    0x4, 0x5, 0x4c, 0x1, 0xf8, 0xaf, 0xfb, 0x9a,
    0xa0, 0x1f, 0xf1, 0x19, 0x88, 0xbd, 0x76, 0x50,
    0x9, 0x37, 0x7f, 0xae, 0xca, 0x1, 0xe2, 0x2f,
    0x80, 0x3f, 0xb7, 0x7e, 0x0, 0xff, 0xe6, 0xff,
    0xfc, 0x1, 0xff, 0xc7,

    /* U+C785 "입" */
    0x0, 0xc, 0x6f, 0xf5, 0x10, 0x6, 0xff, 0x20,
    0xe, 0x39, 0x0, 0xae, 0x18, 0x7, 0xd6, 0x43,
    0x9f, 0xa6, 0x3c, 0x1, 0xf2, 0x84, 0x18, 0x17,
    0x81, 0x10, 0x3, 0x84, 0x0, 0xa0, 0x11, 0x80,
    0x18, 0x3, 0x84, 0x0, 0xa0, 0x11, 0x80, 0x18,
    0x3, 0xca, 0x10, 0x60, 0x5c, 0x4, 0x40, 0xf,
    0x59, 0xe, 0x7e, 0x90, 0xf8, 0x7, 0xc3, 0xae,
    0x42, 0x4d, 0xe4, 0x1, 0xfd, 0x1f, 0x9b, 0x22,
    0x1, 0x8c, 0xcc, 0x1, 0x26, 0xe8, 0x3, 0xe3,
    0x30, 0x80, 0x7f, 0xf2, 0xbf, 0xfe, 0x0, 0xfe,
    0x11, 0xf8, 0x3, 0xfb, 0xbb, 0xe0, 0xf, 0xee,
    0xef, 0x80, 0x3f, 0x84, 0x7e, 0x0, 0x80,

    /* U+C788 "있" */
    0x0, 0xa3, 0x7f, 0xa8, 0x80, 0x21, 0xff, 0x20,
    0x0, 0x75, 0xc8, 0x5, 0x75, 0x0, 0x3f, 0x41,
    0x5, 0x7e, 0x98, 0x50, 0x7, 0xe6, 0x8, 0x50,
    0x2d, 0x1, 0x50, 0xf, 0x8, 0x1, 0x0, 0x21,
    0x20, 0x20, 0xf, 0xe7, 0x0, 0xc6, 0x1, 0xf8,
    0x44, 0x1c, 0x1, 0x18, 0x81, 0x80, 0x7d, 0x0,
    0xb2, 0x8d, 0xa0, 0x68, 0x1, 0xf3, 0x30, 0x1a,
    0xe4, 0x4b, 0x40, 0x3f, 0xa7, 0x19, 0x16, 0x74,
    0x40, 0x3f, 0xc7, 0x13, 0x6c, 0x1, 0x11, 0xee,
    0x90, 0x3, 0xb7, 0x52, 0x1, 0x1e, 0xe8, 0x8,
    0x3, 0xc4, 0x8, 0x1, 0x30, 0x1, 0x80, 0x3c,
    0x82, 0x6, 0xa0, 0xf, 0x0, 0x70, 0x7, 0xa4,
    0x2, 0xa6, 0x35, 0x0, 0x2a, 0x80, 0x22, 0xc2,
    0x1e, 0x46, 0x3c, 0x5, 0x50, 0x53, 0x80, 0xe1,
    0x8e, 0xd, 0xfd, 0x2, 0x55, 0x10, 0x21, 0x87,
    0x57, 0xc8, 0x0, 0xcd, 0x58, 0x2, 0xe6, 0x4c,

    /* U+C78E "잎" */
    0x0, 0xc, 0x6f, 0xf4, 0x90, 0x4, 0x3f, 0xe3,
    0x1, 0xc7, 0x20, 0x16, 0xc3, 0x0, 0xfa, 0x88,
    0x73, 0xf4, 0xc7, 0x80, 0x3c, 0x28, 0x16, 0x60,
    0x5a, 0x4, 0x60, 0x1c, 0x40, 0x4, 0x0, 0x84,
    0x40, 0xa0, 0x1c, 0x20, 0x2, 0x0, 0xc2, 0x6,
    0x1, 0xc4, 0x21, 0x0, 0x13, 0x80, 0x10, 0x3,
    0xd6, 0x9, 0xb5, 0x90, 0x10, 0x20, 0x1e, 0x5a,
    0x2, 0x53, 0x7, 0x70, 0x7, 0xe5, 0xfa, 0x9a,
    0xe8, 0x0, 0xc4, 0x41, 0x0, 0xa6, 0x2e, 0x33,
    0x77, 0x60, 0x1, 0x0, 0x22, 0x2f, 0xfe, 0x7,
    0x0, 0x55, 0xd2, 0x3, 0xdd, 0x0, 0x27, 0xa0,
    0x2, 0x11, 0x18, 0x0, 0x46, 0x0, 0x18, 0x80,
    0x7f, 0xf2, 0x3f, 0xd4, 0x3, 0xff, 0x0, 0x2b,
    0xec, 0x3, 0xff, 0x86, 0xe0,

    /* U+C790 "자" */
    0x0, 0xff, 0xe0, 0x37, 0xf0, 0x4, 0x5d, 0xdf,
    0xd6, 0x1, 0xf0, 0x8f, 0xf9, 0xc0, 0x3e, 0x3f,
    0xfa, 0x80, 0x1f, 0xf6, 0x0, 0x7f, 0xf8, 0xf4,
    0x0, 0x60, 0x1f, 0x11, 0x4, 0x3, 0x28, 0x2,
    0x80, 0x3c, 0x3b, 0xaa, 0x0, 0x98, 0x80, 0xc,
    0x40, 0x1e, 0x22, 0x80, 0x3, 0x0, 0xa4, 0x1e,
    0x20, 0x18, 0x77, 0x52, 0x3, 0x82, 0x55, 0xc0,
    0x5a, 0x20, 0x1f, 0x1e, 0x10, 0xe0, 0x1e, 0x1,
    0xf1, 0x0, 0x79, 0xcc, 0xbc, 0x40, 0x7, 0xa4,
    0xe4, 0x1, 0xe4, 0xfd, 0x10, 0xc, 0x5b, 0x0,
    0x1f, 0x84, 0x3, 0xff, 0xd0,

    /* U+C791 "작" */
    0x0, 0xff, 0xe0, 0xf7, 0xb0, 0x6, 0x8f, 0xff,
    0xe1, 0x0, 0xff, 0xe7, 0xc7, 0xfc, 0x41, 0x1f,
    0xf0, 0x80, 0x7f, 0xf0, 0x8, 0x34, 0x3, 0xe8,
    0xee, 0x8, 0x6, 0x60, 0x2, 0x98, 0x7, 0x84,
    0x63, 0x0, 0x8a, 0x41, 0x83, 0x50, 0x3, 0xa3,
    0xb8, 0x40, 0x4, 0xd0, 0x69, 0x61, 0xba, 0x30,
    0x8, 0x46, 0x1, 0xbb, 0x2, 0x48, 0x4c, 0x2,
    0xb0, 0x7, 0xc2, 0x40, 0x96, 0x1, 0x3e, 0xca,
    0x80, 0x7e, 0x9b, 0xb0, 0x7, 0x13, 0x0, 0x22,
    0xa, 0x1, 0xc8, 0xbf, 0xff, 0xd3, 0xa, 0x1,
    0xe1, 0x0, 0xff, 0xe3, 0x27, 0xff, 0xf0, 0x80,
    0x7f, 0xfc, 0x80,

    /* U+C798 "잘" */
    0x8, 0xff, 0xfe, 0x10, 0xef, 0x60, 0xf, 0xfe,
    0x5c, 0x7f, 0xc2, 0xf, 0xff, 0x8, 0x7, 0xfc,
    0x22, 0x4, 0x0, 0xfa, 0x7b, 0x82, 0x1, 0xa4,
    0x0, 0x6a, 0x1, 0xf0, 0x88, 0x3, 0x23, 0x83,
    0x85, 0x38, 0x7, 0x4f, 0xf8, 0x40, 0xd, 0x61,
    0x10, 0x90, 0x8d, 0x50, 0xf, 0x87, 0x64, 0x21,
    0xc1, 0xac, 0x8d, 0xc0, 0x3e, 0x19, 0x2b, 0x70,
    0x9, 0x37, 0x8, 0x19, 0x8a, 0x1, 0x93, 0x53,
    0x3b, 0xbb, 0x3b, 0x8c, 0xec, 0x1, 0xf0, 0x8f,
    0xfc, 0x60, 0x1f, 0x6f, 0xff, 0xe1, 0x0, 0xfe,
    0xac, 0xcf, 0xc2, 0x1, 0xfc, 0xe6, 0x7f, 0x80,
    0x3f, 0xf8, 0xf, 0xff, 0xf9, 0x80, 0x3f, 0x9f,
    0xff, 0xf8, 0x40, 0x3f, 0xf9, 0x20,

    /* U+C7A5 "장" */
    0x0, 0xff, 0xe0, 0xff, 0x98, 0x3, 0x47, 0xff,
    0xf0, 0x80, 0x7f, 0xf3, 0xe3, 0xfe, 0x20, 0x8f,
    0xf8, 0x40, 0x3f, 0xf8, 0x4, 0x1a, 0x1, 0xf4,
    0xf7, 0x4, 0x3, 0x28, 0x1, 0x48, 0x3, 0xe1,
    0x10, 0x6, 0x2b, 0x3, 0xf, 0x20, 0xe, 0x9f,
    0xf0, 0x80, 0xf, 0x5, 0x71, 0xb, 0x60, 0x40,
    0x3e, 0x19, 0xc1, 0x4a, 0xb, 0x60, 0x76, 0x0,
    0xf8, 0x40, 0xd, 0x60, 0x14, 0xdb, 0xb8, 0x3,
    0xf4, 0xec, 0x80, 0x12, 0x2b, 0xce, 0x59, 0xe1,
    0x0, 0x38, 0x80, 0xf6, 0xdd, 0x51, 0xd, 0x2f,
    0xe4, 0x1, 0xf6, 0x90, 0xc5, 0xe5, 0xd2, 0x83,
    0xb0, 0x7, 0x8c, 0x42, 0x9d, 0xd, 0x16, 0x88,
    0x30, 0x3, 0xc4, 0x0, 0xf3, 0x0, 0x85, 0x88,
    0x34, 0x3, 0xc3, 0x20, 0x99, 0xff, 0x74, 0x81,
    0xb8, 0x7, 0xcd, 0xac, 0x40, 0x10, 0xa5, 0x60,
    0x6,

    /* U+C7AC "재" */
    0x0, 0xff, 0x17, 0xf8, 0xd7, 0xfc, 0x9, 0xdd,
    0xf6, 0x0, 0x7e, 0x11, 0xfe, 0x0, 0xfc, 0xbf,
    0xec, 0x0, 0x77, 0xe8, 0x7, 0xff, 0x41, 0xc0,
    0x3f, 0xf8, 0x84, 0x0, 0x20, 0xf, 0xfe, 0xf,
    0x80, 0x10, 0x3, 0xb6, 0xc0, 0x3c, 0xc0, 0xa,
    0x0, 0xe1, 0x10, 0x7, 0x40, 0x8, 0x13, 0x80,
    0x6c, 0xa0, 0xc, 0x6e, 0x17, 0x21, 0xa, 0x1,
    0xf9, 0x30, 0x15, 0x4c, 0xa1, 0x4e, 0x1, 0xf6,
    0x81, 0xd0, 0x2, 0x92, 0x1c, 0x3, 0xe9, 0xac,
    0x0, 0xd6, 0xe0, 0x1f, 0xca, 0x1, 0xff, 0xe4,

    /* U+C800 "저" */
    0x0, 0xff, 0xe1, 0x7f, 0x94, 0x2b, 0xbb, 0xf9,
    0x0, 0x3c, 0x23, 0xfe, 0x0, 0xfa, 0xff, 0xe2,
    0x8, 0xff, 0x90, 0x3, 0xff, 0x9e, 0x61, 0xe0,
    0x1f, 0xfc, 0x11, 0x10, 0x18, 0x2, 0xbf, 0xe0,
    0xf, 0x9c, 0x0, 0x82, 0x6, 0x23, 0x0, 0x7d,
    0x0, 0x15, 0x84, 0xf7, 0x40, 0x1e, 0x91, 0x14,
    0x82, 0xb8, 0x7, 0xf3, 0xb0, 0x53, 0x38, 0x44,
    0x0, 0x3c, 0x35, 0x1, 0x28, 0x10, 0xe0, 0xf2,
    0x1, 0xc2, 0x61, 0x4c, 0x1, 0x44, 0x9c, 0x80,
    0x7a, 0x79, 0x40, 0x39, 0xb0, 0x3, 0xf0, 0x80,
    0x7f, 0xf9, 0x0,

    /* U+C804 "전" */
    0x0, 0xff, 0xe0, 0xef, 0xb0, 0xff, 0xff, 0x40,
    0x7, 0xff, 0xf, 0xc0, 0x38, 0x7f, 0xe8, 0x3,
    0xff, 0x9c, 0x3, 0xfb, 0xc0, 0x80, 0x9, 0xbb,
    0x10, 0x7, 0x94, 0x4, 0xc0, 0x48, 0xa0, 0xf,
    0x31, 0x0, 0x38, 0x57, 0xfe, 0x20, 0xc, 0xb2,
    0x14, 0x85, 0xea, 0x1, 0xf4, 0x50, 0x3a, 0xda,
    0xd, 0x68, 0x7, 0x43, 0x83, 0x40, 0x2, 0xdc,
    0x20, 0x3, 0xa1, 0xe6, 0x40, 0x1a, 0x39, 0x40,
    0x3d, 0xc, 0x5f, 0xe2, 0x0, 0x8, 0x7, 0xff,
    0x1d, 0xcc, 0xc0, 0x1f, 0xfc, 0x1a, 0xc5, 0x0,
    0xff, 0xe5, 0x6f, 0xff, 0xe9, 0x0, 0xff, 0xe2,
    0x0,

    /* U+C808 "절" */
    0x1f, 0xff, 0xe8, 0x0, 0x6f, 0xb0, 0x7, 0xfb,
    0xc0, 0x38, 0x7f, 0xe7, 0x2, 0xff, 0x9c, 0x3,
    0xf8, 0x80, 0x80, 0x7, 0xbb, 0x10, 0x7, 0xa,
    0x80, 0x20, 0x1c, 0x8a, 0x0, 0xf5, 0x81, 0x3,
    0xc2, 0x7f, 0xc4, 0x1, 0xad, 0x43, 0xe4, 0x1f,
    0x18, 0x3, 0x9b, 0x90, 0x30, 0x9b, 0x8, 0xf0,
    0x3, 0x90, 0xb, 0x4c, 0x0, 0x7b, 0x54, 0x0,
    0xe2, 0xfd, 0x26, 0x6e, 0x36, 0x6a, 0xe5, 0x0,
    0x40, 0x13, 0x3f, 0xf2, 0x0, 0x6a, 0xaf, 0xe1,
    0x0, 0xf7, 0x77, 0xf0, 0x80, 0x79, 0x13, 0xf8,
    0x3, 0xfa, 0xfb, 0xbf, 0x30, 0x7, 0xaf, 0xbb,
    0xf8, 0x3, 0xff, 0x86, 0x20,

    /* U+C815 "정" */
    0x0, 0xff, 0xe1, 0x7f, 0x90, 0x23, 0xff, 0xf8,
    0x40, 0x3f, 0xf9, 0x71, 0xff, 0x10, 0x47, 0xfc,
    0x20, 0x1f, 0xe2, 0xe, 0x0, 0x37, 0xfc, 0x1,
    0xf2, 0x80, 0x18, 0x40, 0x8b, 0x0, 0x78, 0x6c,
    0x4, 0x30, 0x93, 0x76, 0x0, 0xe2, 0xc1, 0x3f,
    0x22, 0x63, 0x0, 0x7d, 0x1a, 0x47, 0xa3, 0x86,
    0x33, 0x0, 0x1e, 0x10, 0x6c, 0x10, 0x1c, 0x95,
    0x80, 0xf, 0x4e, 0xc8, 0x4, 0xd5, 0x47, 0xdb,
    0x7a, 0xc5, 0x0, 0x10, 0x0, 0xfa, 0x54, 0xc8,
    0x89, 0x14, 0x82, 0x1, 0xda, 0x25, 0x5b, 0xdc,
    0xb5, 0x8, 0x40, 0xc, 0x62, 0x1c, 0xa4, 0x22,
    0x4a, 0x10, 0xc0, 0xc, 0x40, 0x8, 0x30, 0x8,
    0x5c, 0x43, 0x40, 0x30, 0xc8, 0x26, 0x7f, 0xdd,
    0x0, 0xaa, 0x0, 0xe6, 0xd6, 0x20, 0x8, 0x96,
    0xe8, 0x0,

    /* U+C81C "제" */
    0x0, 0xff, 0xbf, 0xca, 0x9f, 0xe0, 0x2, 0x77,
    0x7d, 0x60, 0x1f, 0xe1, 0x1f, 0x9c, 0x3, 0xf9,
    0x3f, 0xd8, 0x0, 0xef, 0xc0, 0xf, 0xfe, 0x18,
    0x80, 0x7f, 0xf0, 0x9c, 0x0, 0x20, 0x22, 0x0,
    0xff, 0x88, 0x0, 0x4d, 0xdc, 0x0, 0xff, 0xbc,
    0x0, 0xa4, 0x66, 0x0, 0xff, 0x9c, 0x1, 0x69,
    0x98, 0x0, 0xff, 0x30, 0x80, 0x9, 0x80, 0x3f,
    0xe2, 0x90, 0x86, 0x9, 0x30, 0xf, 0xe3, 0xc0,
    0x37, 0x93, 0xc, 0x30, 0xf, 0xd2, 0x25, 0xa0,
    0xd, 0x36, 0x30, 0xf, 0xd5, 0x18, 0x20, 0x1,
    0xc9, 0x0, 0xff, 0x38, 0x80, 0x7f, 0xf9, 0x80,

    /* U+C838 "져" */
    0x0, 0xff, 0xe0, 0xb7, 0xf0, 0xcc, 0xff, 0x38,
    0x7, 0x13, 0x37, 0xf5, 0x80, 0x71, 0xdd, 0xd0,
    0x0, 0xab, 0xb7, 0x80, 0x79, 0x12, 0x30, 0x2,
    0x25, 0x3b, 0xa8, 0x0, 0xff, 0xe0, 0x31, 0x10,
    0x40, 0x3c, 0x60, 0x5, 0x0, 0x67, 0xfa, 0x40,
    0x3d, 0x60, 0xd, 0x0, 0xff, 0x90, 0xc0, 0xc,
    0x41, 0x9f, 0xe9, 0x0, 0xe9, 0x4, 0x20, 0xf0,
    0x62, 0x20, 0x80, 0x6b, 0x21, 0xaf, 0x2, 0xcb,
    0xdd, 0x40, 0x0, 0xf1, 0x7, 0x4, 0xb0, 0xf,
    0xc8, 0x3, 0x31, 0x96, 0x10, 0x0, 0xf4, 0x9c,
    0x80, 0x32, 0xee, 0x88, 0x3, 0x16, 0xc8, 0x7,
    0x88, 0x3, 0xff, 0xc4,

    /* U+C870 "조" */
    0x1, 0xee, 0xff, 0xe0, 0x60, 0x4, 0x62, 0x3f,
    0xfc, 0x10, 0x8, 0xbf, 0xf8, 0x41, 0x7f, 0xf6,
    0x80, 0x7e, 0x51, 0x5, 0x10, 0xf, 0xf8, 0xe8,
    0x4, 0x34, 0x40, 0x3f, 0x9b, 0x1, 0x7c, 0x8f,
    0x10, 0x3, 0x85, 0xb2, 0x41, 0xa8, 0x71, 0xa,
    0xec, 0xa0, 0x1, 0xf9, 0x32, 0xb9, 0x0, 0xd,
    0xc8, 0xa5, 0x60, 0xd, 0x25, 0x6a, 0x5, 0x6b,
    0x83, 0x74, 0xa6, 0x80, 0x12, 0xd4, 0x2, 0x62,
    0xf0, 0x9, 0xac, 0x40, 0x3f, 0xfa, 0xf9, 0xdd,
    0xe3, 0x7, 0xee, 0xf4, 0x90, 0x8f, 0x80, 0x21,
    0x1f, 0x1f, 0x7f, 0xff, 0xf0, 0xe8,

    /* U+C871 "족" */
    0x0, 0x77, 0xff, 0xfd, 0x80, 0x1f, 0xfc, 0x9e,
    0xff, 0xa8, 0x2, 0xbf, 0xfb, 0x0, 0x3e, 0x7a,
    0x1, 0xb, 0x60, 0xf, 0x12, 0x4f, 0x40, 0x3f,
    0x30, 0x4f, 0x41, 0x88, 0x3, 0xed, 0x85, 0x76,
    0x4a, 0x2c, 0xc5, 0xf2, 0xc0, 0x1e, 0xd5, 0xd4,
    0x55, 0xb0, 0x99, 0xb2, 0xd6, 0x0, 0x29, 0x51,
    0x0, 0xf8, 0x9a, 0x44, 0x3b, 0xff, 0xc8, 0xd,
    0xff, 0xea, 0x31, 0x1f, 0xfe, 0x19, 0xef, 0x77,
    0xff, 0xe, 0x40, 0x11, 0xff, 0xff, 0x18, 0x6,
    0x10, 0xf, 0xf9, 0xc0, 0x34, 0xff, 0xfe, 0xe0,
    0xf, 0xfe, 0x20, 0x80, 0x7f, 0xf6, 0xc0,

    /* U+C8FC "주" */
    0x1, 0xff, 0xff, 0xe0, 0x68, 0x7, 0xff, 0x20,
    0x7f, 0xf5, 0x0, 0x7, 0xbf, 0xed, 0x0, 0xf9,
    0xe8, 0x8, 0x7d, 0x40, 0x3c, 0x29, 0x3d, 0x1,
    0x3a, 0xc3, 0x5d, 0xa, 0x40, 0x5d, 0x6c, 0x2d,
    0xcc, 0x13, 0x88, 0x2f, 0x52, 0x5, 0x4b, 0x3d,
    0x22, 0x1, 0x1d, 0xec, 0x2d, 0x0, 0x16, 0x98,
    0x40, 0x3e, 0x27, 0xa1, 0xe, 0xff, 0xff, 0xe1,
    0xd1, 0x88, 0xf8, 0x2, 0x11, 0xf1, 0xef, 0x77,
    0x8c, 0x1f, 0xbb, 0xd2, 0x1, 0xff, 0xff, 0x0,
    0xff, 0x0,

    /* U+C900 "준" */
    0x0, 0x7f, 0xff, 0xf0, 0x30, 0x3, 0xff, 0x88,
    0xe0, 0x1b, 0xff, 0x40, 0x5, 0x7f, 0xf5, 0x80,
    0x71, 0xbe, 0xc0, 0x30, 0x5e, 0x30, 0x80, 0x43,
    0xbf, 0x90, 0x4b, 0xd3, 0x88, 0x73, 0xdf, 0x20,
    0x36, 0x29, 0x3d, 0x42, 0x7, 0x7a, 0xe6, 0x14,
    0x0, 0x6e, 0xb6, 0x10, 0xe, 0x28, 0xcf, 0x30,
    0xbc, 0xcf, 0xfe, 0x1c, 0x29, 0x9f, 0xff, 0xc,
    0xb7, 0x33, 0xc4, 0xb, 0x99, 0xe8, 0x33, 0x2,
    0x29, 0x98, 0x40, 0x8c, 0xfc, 0x40, 0x4, 0x88,
    0x0, 0x7f, 0xf1, 0xd1, 0x74, 0x3, 0xff, 0x85,
    0x14, 0xa0, 0x1f, 0xf0, 0xff, 0xff, 0x40, 0x7,
    0xff, 0x1c,

    /* U+C911 "중" */
    0x0, 0x7f, 0xff, 0xf0, 0x30, 0x3, 0xff, 0x88,
    0xe0, 0x1b, 0xff, 0x48, 0x5, 0x9f, 0xf5, 0x80,
    0x7c, 0xf2, 0x1, 0x62, 0x80, 0x7c, 0x71, 0xd0,
    0xd, 0xc8, 0x15, 0x8c, 0x40, 0x1, 0xec, 0x71,
    0x4c, 0x91, 0xb9, 0x23, 0x9d, 0xa0, 0x1a, 0x48,
    0xdb, 0x30, 0x9, 0xb7, 0x1d, 0x2c, 0xd, 0xe1,
    0x4, 0xcf, 0xe0, 0xb8, 0x22, 0x6e, 0x67, 0xff,
    0xe, 0x11, 0x3e, 0x0, 0x12, 0x27, 0xb6, 0xae,
    0xfc, 0x60, 0xb7, 0x7e, 0x70, 0x8, 0x5e, 0xf8,
    0xc1, 0xf6, 0x94, 0x3, 0xc5, 0xf0, 0x82, 0x2,
    0x4, 0xb5, 0x80, 0x1d, 0x62, 0x2b, 0xff, 0x77,
    0xf4, 0x81, 0xa8, 0x7, 0xff, 0x26, 0xc4, 0x57,
    0xfe, 0xef, 0xe9, 0x3, 0x50, 0xc, 0x5f, 0x8,
    0x20, 0x20, 0x4b, 0x58, 0x1, 0x0,

    /* U+C989 "즉" */
    0x0, 0x77, 0xff, 0xfd, 0x80, 0x1f, 0xfc, 0x9e,
    0xff, 0xa8, 0x2, 0xcf, 0xfb, 0x0, 0x3e, 0x6a,
    0x0, 0xb1, 0x40, 0x3e, 0x38, 0xd9, 0x5, 0xe4,
    0xa, 0xd6, 0x20, 0xb, 0x71, 0xc8, 0xee, 0x86,
    0xe8, 0x89, 0x3b, 0x40, 0xe, 0x48, 0xdc, 0x40,
    0x9, 0x77, 0x1d, 0x2c, 0x0, 0x54, 0xc6, 0x23,
    0xf1, 0x4d, 0x0, 0x3b, 0xbf, 0xf8, 0x94, 0x62,
    0x3f, 0xfc, 0x33, 0xde, 0xef, 0xfe, 0x1c, 0x80,
    0x23, 0xbb, 0xfe, 0x30, 0xc, 0x23, 0xff, 0xc0,
    0x70, 0xd, 0x3f, 0xff, 0xb8, 0x3, 0xff, 0x88,
    0x20, 0x1f, 0xfd, 0xb0,

    /* U+C99D "증" */
    0x0, 0x7f, 0xff, 0xf0, 0x30, 0x3, 0xff, 0x88,
    0xe0, 0x1b, 0xff, 0x48, 0x5, 0x9f, 0xf5, 0x80,
    0x7c, 0xf2, 0x1, 0x62, 0x80, 0x7c, 0x71, 0xd0,
    0xd, 0xc8, 0x15, 0x8c, 0x40, 0x1, 0xec, 0x71,
    0x4c, 0x91, 0xb9, 0x23, 0x9d, 0xa0, 0x1a, 0x48,
    0xdb, 0x30, 0x9, 0xb7, 0x1d, 0x2c, 0x5, 0x69,
    0x8c, 0x47, 0xe2, 0x9a, 0x1, 0xfe, 0xef, 0xfe,
    0x1d, 0x91, 0x7f, 0xf1, 0xf, 0x37, 0x7d, 0x9f,
    0x9b, 0xbe, 0x90, 0x8, 0xa7, 0x7f, 0xb7, 0xbf,
    0x1c, 0x3, 0xc7, 0xac, 0x42, 0x46, 0x40, 0x71,
    0xa0, 0x1d, 0x20, 0x5b, 0xdb, 0x9b, 0xf6, 0x4,
    0xc0, 0x18, 0xc0, 0xd8, 0x3, 0x9, 0x0, 0xc,
    0x3, 0x58, 0x8a, 0xff, 0xdd, 0xfd, 0x20, 0x8a,
    0x1, 0x8b, 0xe1, 0x4, 0x4, 0x9, 0x6a, 0xc0,
    0x20,

    /* U+C9C0 "지" */
    0x0, 0xff, 0xe0, 0xf7, 0xa8, 0xf7, 0x7f, 0x60,
    0x7, 0x84, 0x7f, 0x88, 0x3, 0x87, 0xfe, 0xb0,
    0x7, 0x7f, 0xb8, 0x3, 0xf9, 0xc0, 0x3f, 0xf8,
    0x6e, 0x0, 0x30, 0xf, 0xfe, 0x1, 0x80, 0x10,
    0x3, 0xff, 0x81, 0x40, 0xb, 0x0, 0xff, 0x9c,
    0x84, 0x9, 0xc0, 0x3f, 0x8e, 0x2, 0xe4, 0x21,
    0x80, 0x3e, 0x3d, 0x6, 0x56, 0x60, 0x4c, 0x80,
    0x39, 0x70, 0x52, 0x40, 0x12, 0xc0, 0xc4, 0x1,
    0x95, 0x6b, 0x0, 0xd3, 0x2c, 0x20, 0xe, 0xaa,
    0x0, 0x79, 0x8c, 0x3, 0xff, 0xd2,

    /* U+C9C1 "직" */
    0x0, 0xff, 0xe0, 0xff, 0x94, 0x7f, 0xff, 0xa0,
    0x3, 0xff, 0x87, 0xe0, 0x1c, 0x3f, 0xf4, 0x80,
    0x3f, 0xe7, 0x0, 0xfe, 0x10, 0xf, 0xfe, 0x1d,
    0x80, 0x18, 0x3, 0xfe, 0x63, 0x0, 0x49, 0x80,
    0x7f, 0x2c, 0x84, 0x20, 0x63, 0x0, 0x78, 0x66,
    0x81, 0x9e, 0xd4, 0x27, 0x84, 0x3, 0x3b, 0x4,
    0x48, 0x2, 0xa4, 0x60, 0x40, 0x33, 0x56, 0x38,
    0x6, 0x6f, 0x60, 0x4, 0xc3, 0x82, 0x9d, 0x7f,
    0xf7, 0x7f, 0xd3, 0xe, 0x1, 0x18, 0x8f, 0xf0,
    0x7, 0xa7, 0xbb, 0xf8, 0x3, 0xff, 0xce,

    /* U+C9C4 "진" */
    0x0, 0xff, 0xe0, 0xff, 0x90, 0x3f, 0xff, 0xa4,
    0x3, 0xff, 0x86, 0x20, 0x1e, 0xff, 0xa8, 0x1,
    0xff, 0x40, 0x7, 0xf1, 0x80, 0x4, 0x3, 0xff,
    0x81, 0xa0, 0x7, 0x0, 0xff, 0x8d, 0x0, 0x10,
    0x40, 0x1f, 0xc5, 0xa0, 0xc8, 0x38, 0x80, 0x1f,
    0x2e, 0x9, 0xcd, 0x98, 0xde, 0x8, 0x6, 0x7a,
    0x14, 0xd0, 0x6, 0x38, 0x30, 0x80, 0x67, 0x74,
    0x58, 0x80, 0x51, 0xb4, 0x1, 0xe8, 0x77, 0x7e,
    0x80, 0x44, 0x1, 0xff, 0x18, 0x7, 0xc6, 0x67,
    0x0, 0xff, 0xe0, 0xe6, 0xc, 0x3, 0xff, 0x92,
    0x3f, 0xff, 0xcc, 0x1, 0xff, 0xc3, 0x10,

    /* U+C9D0 "짐" */
    0x0, 0xff, 0xe0, 0xff, 0x90, 0x7f, 0xff, 0xa0,
    0x3, 0xff, 0x87, 0xe0, 0x1c, 0x3f, 0xf4, 0x80,
    0x3f, 0xe7, 0x0, 0xfe, 0xf0, 0x1, 0x0, 0x7f,
    0xc2, 0xe0, 0x8, 0x0, 0xff, 0xa8, 0x48, 0x16,
    0x40, 0x3f, 0xd, 0xa0, 0x75, 0x3, 0x6a, 0x80,
    0x73, 0x72, 0x5, 0x9a, 0xd8, 0x94, 0x0, 0x72,
    0x11, 0x35, 0x0, 0x9, 0xef, 0x80, 0x1c, 0x59,
    0xa4, 0x5c, 0x74, 0x64, 0x4b, 0xb2, 0x80, 0x82,
    0x6e, 0xff, 0x5d, 0x94, 0x3, 0xc4, 0x5f, 0x0,
    0x7f, 0x6e, 0xfc, 0x1, 0xff, 0xcd, 0xff, 0xf8,
    0x3, 0xff, 0x8e,

    /* U+C9D1 "집" */
    0x0, 0xff, 0xe0, 0xff, 0x94, 0x7f, 0xff, 0xa0,
    0x3, 0xff, 0x87, 0xe0, 0x1c, 0x3f, 0xf4, 0x80,
    0x3f, 0xe7, 0x0, 0xfe, 0xf0, 0x1, 0x80, 0x7f,
    0xc4, 0xc0, 0xf, 0x0, 0xff, 0xf, 0x1, 0x89,
    0xe0, 0x80, 0x7c, 0x58, 0x65, 0xba, 0x13, 0xe8,
    0x10, 0xc, 0xfa, 0x49, 0x82, 0x78, 0x60, 0x62,
    0x1, 0x9d, 0xd3, 0x66, 0x40, 0x59, 0x56, 0x0,
    0x43, 0x10, 0x86, 0x3d, 0xd0, 0x80, 0x14, 0x2,
    0x43, 0x10, 0xf, 0xfe, 0x57, 0x7f, 0xf8, 0x3,
    0xf8, 0x47, 0xe0, 0xf, 0xef, 0xee, 0xf0, 0x7,
    0xf7, 0xf7, 0x78, 0x3, 0xf8, 0x47, 0xe0, 0x8,

    /* U+CC28 "차" */
    0x0, 0xe7, 0xfd, 0x0, 0xee, 0xf7, 0x0, 0xff,
    0xe5, 0xbf, 0x75, 0x0, 0x5d, 0xd6, 0x80, 0x7e,
    0xf1, 0x18, 0x2, 0x11, 0x88, 0x3, 0xf4, 0x7f,
    0xd0, 0x5, 0xff, 0x80, 0x3f, 0xf8, 0x46, 0x1,
    0xff, 0xc4, 0xd0, 0x10, 0xf, 0xfe, 0x22, 0x0,
    0x14, 0x3, 0xd1, 0xfe, 0x30, 0xc, 0xe2, 0x0,
    0x80, 0xf, 0x84, 0x40, 0x18, 0xe0, 0x18, 0xa,
    0xc0, 0x3a, 0x3b, 0x86, 0x0, 0x2d, 0x3, 0x9a,
    0x4, 0xb1, 0x0, 0xfc, 0xba, 0x25, 0xa0, 0xb4,
    0x9, 0xe2, 0x1, 0xf6, 0x81, 0xe0, 0x80, 0x17,
    0x5, 0x84, 0x3, 0xe8, 0xcc, 0x8, 0x6, 0x3f,
    0x80, 0xf, 0xe3, 0x0, 0xf8, 0x40, 0x3f, 0xfc,
    0x40,

    /* U+CC38 "참" */
    0x0, 0xc2, 0x88, 0x0, 0xff, 0xe1, 0xa5, 0xd8,
    0x3, 0x9b, 0xf8, 0x2, 0x16, 0x6b, 0x0, 0xc,
    0xd2, 0x80, 0x7c, 0xb3, 0x33, 0x0, 0x26, 0x6b,
    0x0, 0xf9, 0xa6, 0x65, 0x0, 0x44, 0xca, 0x0,
    0x3e, 0x26, 0x68, 0xc0, 0x6, 0xcd, 0x0, 0x43,
    0xdc, 0x90, 0x8, 0x58, 0x1, 0x0, 0x1f, 0x8,
    0x8c, 0x0, 0x3a, 0x8, 0x27, 0x82, 0x1, 0x87,
    0xfd, 0x40, 0x78, 0x63, 0x58, 0x27, 0xf0, 0x20,
    0x1e, 0x7c, 0x21, 0xc1, 0x2f, 0x41, 0x50, 0xf,
    0x9c, 0xd3, 0xc8, 0x0, 0x37, 0x6f, 0x10, 0xf,
    0xb2, 0xc4, 0x8b, 0x98, 0x9, 0x2f, 0x40, 0x3c,
    0xdb, 0xbf, 0xd7, 0xa0, 0x1f, 0xc4, 0x5e, 0x10,
    0xf, 0xf0, 0xee, 0xfa, 0x0, 0x3f, 0xfa, 0x3,
    0xff, 0xe9, 0x0, 0xff, 0xe5, 0x80,

    /* U+CCAB "첫" */
    0x0, 0xc2, 0x88, 0x0, 0xff, 0xe1, 0x15, 0xd8,
    0x40, 0x3b, 0xbd, 0x40, 0x11, 0x15, 0x0, 0x26,
    0x22, 0x0, 0xf0, 0xbb, 0xcc, 0x0, 0x77, 0xc2,
    0x1, 0xc3, 0x99, 0x48, 0x2, 0xf3, 0x21, 0x0,
    0xf1, 0x9e, 0x0, 0x39, 0x87, 0x6e, 0x84, 0x3,
    0xee, 0x0, 0x48, 0x0, 0x8a, 0x0, 0xf9, 0x50,
    0x0, 0xae, 0x7d, 0xd0, 0x80, 0x72, 0xd0, 0x55,
    0x2, 0x2c, 0x84, 0x40, 0x18, 0xae, 0x81, 0xd5,
    0x56, 0x29, 0x88, 0x1, 0xe5, 0x8, 0x80, 0x1,
    0x3d, 0x9d, 0x0, 0x38, 0xb3, 0xe, 0x1, 0xc,
    0x8c, 0x80, 0x7c, 0x46, 0x1, 0x89, 0xdc, 0x60,
    0xb, 0xa4, 0x0, 0xfc, 0x80, 0x4, 0x0, 0x2a,
    0x84, 0x3, 0xe2, 0x80, 0x4, 0x10, 0x7, 0xf9,
    0x30, 0x10, 0xc7, 0x10, 0x3, 0xc2, 0xb7, 0x61,
    0x4b, 0xd3, 0x1b, 0xb2, 0x88, 0x5, 0x94, 0x83,
    0x36, 0x3, 0x90, 0x9, 0x5e, 0x20, 0xe, 0x38,
    0xe6, 0x0, 0xcf, 0xd0, 0x74, 0x20,

    /* U+CCAD "청" */
    0x0, 0xe1, 0x10, 0x7, 0xff, 0x4, 0xfb, 0x82,
    0x1, 0xff, 0xc9, 0xef, 0x50, 0x66, 0xac, 0x0,
    0xcd, 0x80, 0x38, 0x66, 0x67, 0x0, 0x44, 0xcc,
    0x20, 0x18, 0x6e, 0xe8, 0x0, 0x55, 0xdc, 0x20,
    0x1c, 0x89, 0x10, 0x1, 0x91, 0xa3, 0x30, 0x20,
    0x1e, 0xf0, 0x4, 0x80, 0xc, 0xe0, 0xf, 0x22,
    0x80, 0x16, 0xb, 0x76, 0x10, 0xc, 0x96, 0x15,
    0x80, 0xf8, 0xc4, 0x40, 0x8, 0x6a, 0xc2, 0x54,
    0xf4, 0x8e, 0xd0, 0x3, 0x1b, 0x8d, 0xb0, 0x0,
    0xb6, 0x20, 0x80, 0x18, 0xb7, 0x90, 0x0, 0x93,
    0x76, 0xca, 0x76, 0x97, 0x0, 0xc5, 0xb6, 0xc8,
    0x68, 0xb0, 0xfc, 0x40, 0x1b, 0x88, 0x67, 0x37,
    0x2d, 0x41, 0xd4, 0x3, 0x18, 0x5b, 0x19, 0x1a,
    0x51, 0x6, 0x0, 0x61, 0x9, 0x30, 0x8, 0x58,
    0x83, 0x80, 0x35, 0x1, 0xe7, 0xfd, 0xd2, 0x6,
    0xe0, 0x19, 0x39, 0xcc, 0x40, 0x2, 0x95, 0x80,

    /* U+CCB4 "체" */
    0x0, 0xcd, 0xfc, 0x1, 0xb7, 0x95, 0xbf, 0x80,
    0x3f, 0xe2, 0x10, 0xe, 0x5e, 0xe4, 0x0, 0xf7,
    0x34, 0x3, 0xf1, 0x88, 0xc0, 0x1, 0x11, 0x80,
    0x7e, 0x6e, 0xe4, 0x80, 0xf7, 0x3c, 0x3, 0xf8,
    0x44, 0x1, 0x8, 0xc0, 0x1f, 0xf0, 0x80, 0x83,
    0x77, 0x0, 0x3f, 0xd8, 0x0, 0x41, 0x18, 0x3,
    0xf8, 0x50, 0x1, 0xcf, 0xfe, 0x0, 0xfe, 0x80,
    0x10, 0x54, 0x0, 0xff, 0x23, 0x5, 0x28, 0x51,
    0x80, 0x7e, 0x3a, 0x5, 0x4b, 0x21, 0xc3, 0x0,
    0xfa, 0x84, 0xa8, 0x7, 0x9, 0x8c, 0x3, 0xe9,
    0x96, 0x0, 0x43, 0xb2, 0x1, 0xfc, 0xc2, 0x1,
    0xff, 0xe3,

    /* U+CD08 "초" */
    0x0, 0xfb, 0x3e, 0x0, 0x3f, 0xf9, 0xa7, 0xff,
    0xc6, 0xf, 0xff, 0xc0, 0x18, 0x47, 0x80, 0x21,
    0x1c, 0x40, 0x11, 0xf7, 0x70, 0x1, 0x3b, 0xb6,
    0x80, 0x7e, 0x80, 0x2, 0x18, 0x7, 0xfc, 0xee,
    0x3, 0xd, 0x40, 0xf, 0xc9, 0xb0, 0x11, 0x8a,
    0x37, 0x62, 0x0, 0x8a, 0xba, 0xc8, 0x6d, 0xc2,
    0xa4, 0x13, 0x7a, 0x40, 0x80, 0x4a, 0x79, 0x10,
    0xa6, 0xdc, 0xe2, 0x2f, 0x0, 0x56, 0xe9, 0x80,
    0x11, 0x56, 0x3, 0x1d, 0x8c, 0x1, 0x10, 0x7,
    0xfc, 0x60, 0x1f, 0xfc, 0x7b, 0xcc, 0xf1, 0x83,
    0x66, 0x7a, 0x14, 0xcf, 0xc0, 0x1, 0x33, 0xf1,
    0x66, 0xef, 0xff, 0xe, 0xc0,

    /* U+CD5C "최" */
    0x0, 0xe1, 0xff, 0x20, 0x7, 0x77, 0xb0, 0x7,
    0xff, 0x18, 0xbb, 0xaf, 0x0, 0x57, 0x74, 0x40,
    0x1c, 0x23, 0xc0, 0x1, 0x1e, 0x0, 0xe3, 0xff,
    0xac, 0x1, 0x3f, 0xf1, 0x80, 0x7f, 0x70, 0x2,
    0xc0, 0x3f, 0xf8, 0x10, 0xa0, 0x25, 0x62, 0x1,
    0xf8, 0xad, 0xc2, 0x70, 0x53, 0x9c, 0xc0, 0x3a,
    0xb5, 0x2, 0x98, 0xbd, 0x42, 0x20, 0x1, 0xd2,
    0xb, 0xab, 0x56, 0xb5, 0x8f, 0x40, 0x1c, 0x7f,
    0x44, 0xa, 0x84, 0x7, 0x2, 0x1, 0xff, 0xce,
    0x10, 0x0, 0x91, 0xc, 0xc4, 0x1, 0x1f, 0xfe,
    0xe0, 0x4, 0x6e, 0xb3, 0x16, 0x1, 0x10, 0x8,
    0xe2, 0x28, 0xcc, 0x88, 0xf0, 0x8, 0x7f, 0xbb,
    0x6e, 0xd9, 0x8b, 0xb3, 0x0, 0x7f, 0xf2, 0x0,

    /* U+CD94 "추" */
    0x0, 0xfa, 0x2d, 0x80, 0x3f, 0xf8, 0x48, 0x8e,
    0x0, 0xfc, 0x7d, 0xdc, 0x60, 0xfd, 0xdb, 0x40,
    0x30, 0x8f, 0x0, 0x42, 0x38, 0x80, 0x23, 0xff,
    0xd4, 0x1, 0x6f, 0xfe, 0x0, 0xf9, 0xa8, 0x2,
    0xc4, 0x0, 0xf8, 0x9f, 0x64, 0x1b, 0x90, 0x6f,
    0x18, 0x40, 0xb, 0xfb, 0x4, 0x77, 0x23, 0x74,
    0x27, 0x3d, 0xc1, 0x55, 0x13, 0x66, 0x10, 0x2,
    0x5e, 0xb5, 0x28, 0x10, 0xad, 0x93, 0x0, 0xf9,
    0x2b, 0x58, 0x37, 0xbb, 0xff, 0x87, 0x26, 0x23,
    0xff, 0xc3, 0x3e, 0xef, 0x8c, 0x1f, 0xbb, 0xd4,
    0x2, 0x3e, 0x0, 0x84, 0x7c, 0x1, 0xff, 0xf9,

    /* U+CDA9 "충" */
    0x0, 0xf9, 0x5c, 0xc0, 0x3f, 0xf8, 0x53, 0x16,
    0x1, 0xf8, 0x77, 0x78, 0xc1, 0xb7, 0x75, 0x80,
    0x62, 0x2e, 0x0, 0x9, 0x16, 0x60, 0x8, 0x7f,
    0xf3, 0x0, 0x53, 0xff, 0x68, 0x7, 0x13, 0x6b,
    0x1, 0x84, 0xe2, 0x88, 0x4, 0x79, 0xdb, 0x24,
    0x79, 0x8a, 0x13, 0xae, 0xe5, 0x81, 0xb8, 0x93,
    0x66, 0xc, 0x17, 0xad, 0x84, 0x5c, 0x0, 0xae,
    0xd9, 0x30, 0xe, 0x49, 0xee, 0x28, 0x77, 0x5f,
    0xff, 0xf7, 0x7d, 0x18, 0x7, 0xff, 0x13, 0x7f,
    0xfc, 0x60, 0xff, 0xfe, 0xa0, 0x8, 0x5f, 0x38,
    0xc1, 0xfa, 0xd8, 0x3, 0xc5, 0xf0, 0x62, 0x3c,
    0x93, 0x80, 0x1d, 0x62, 0x2c, 0xfe, 0xeb, 0xe8,
    0xd, 0x40, 0x3e, 0x70, 0xc, 0x26, 0x1, 0xf5,
    0x88, 0xaf, 0xfd, 0xdf, 0xd2, 0x6, 0xa0, 0x18,
    0xbe, 0x10, 0x40, 0x40, 0x92, 0x70, 0x2,

    /* U+CDE8 "취" */
    0x0, 0xf7, 0xf9, 0x80, 0x3b, 0x79, 0x0, 0x13,
    0x55, 0x0, 0x2a, 0xb1, 0x1, 0x8, 0x80, 0xe,
    0xab, 0x0, 0xd, 0x56, 0x60, 0xf, 0x66, 0x52,
    0x0, 0x2c, 0xc9, 0x0, 0x3c, 0x46, 0x56, 0x0,
    0x2b, 0x33, 0x0, 0x7c, 0x51, 0xc4, 0x2e, 0xf,
    0xac, 0x40, 0x1c, 0xda, 0xe0, 0x7f, 0x14, 0x25,
    0x36, 0x1, 0xcc, 0xa9, 0x58, 0x20, 0xbd, 0x4d,
    0x20, 0x1e, 0xab, 0x50, 0xc, 0x2f, 0x66, 0x20,
    0x1b, 0xba, 0xff, 0xee, 0xdd, 0x63, 0x80, 0x61,
    0x18, 0x3, 0x9, 0x19, 0x90, 0x80, 0x37, 0xff,
    0x10, 0x4e, 0xe6, 0x2d, 0x0, 0x3f, 0xff, 0xe0,
    0x1f, 0xfc, 0x10,

    /* U+CE21 "측" */
    0x0, 0xf9, 0x5d, 0x0, 0x3f, 0xf8, 0x5d, 0x1a,
    0x1, 0xfd, 0xbb, 0xc8, 0xd, 0xbb, 0xac, 0x3,
    0x11, 0x70, 0x4, 0x45, 0x98, 0x3, 0x7f, 0xe7,
    0x0, 0x9f, 0xfe, 0xd0, 0xe, 0x26, 0xd7, 0x4,
    0x7, 0xd6, 0x20, 0x8, 0xf7, 0xb6, 0x48, 0xee,
    0xe2, 0x24, 0xef, 0x58, 0x1a, 0x9, 0xbe, 0x61,
    0x1, 0x37, 0x1c, 0xc7, 0x80, 0x13, 0xf9, 0x6,
    0x1, 0xc7, 0x19, 0xea, 0x1b, 0xff, 0xff, 0xc3,
    0xa3, 0x0, 0xff, 0xe2, 0x77, 0xff, 0xff, 0xe,
    0x80, 0xd, 0x77, 0xff, 0x18, 0x6, 0xf4, 0x4f,
    0xf9, 0xc0, 0x35, 0xe6, 0x7e, 0xb0, 0xf, 0x88,
    0xcf, 0xf2, 0x0, 0x7f, 0xf6, 0xc0,

    /* U+CE58 "치" */
    0x0, 0xef, 0xf2, 0x80, 0x77, 0xf9, 0x40, 0x3f,
    0xf8, 0x83, 0xdd, 0x80, 0x17, 0xdd, 0x30, 0x7,
    0x8, 0xe0, 0x0, 0x8e, 0x0, 0xe1, 0xff, 0xc0,
    0xa, 0xff, 0x98, 0x3, 0xff, 0x98, 0x60, 0xd,
    0x0, 0xff, 0xe0, 0x58, 0x1, 0x80, 0x3f, 0xe2,
    0x70, 0x0, 0xc0, 0x7, 0xf0, 0xf8, 0x25, 0x3,
    0xb8, 0x3, 0xe1, 0xd2, 0x1a, 0x58, 0x8, 0xa1,
    0x0, 0xc7, 0xe6, 0x38, 0x20, 0xf0, 0xb, 0x20,
    0x18, 0xd4, 0xb0, 0x80, 0x27, 0xb5, 0x80, 0xe,
    0xbd, 0x20, 0xe, 0x4a, 0x0, 0xff, 0xf4, 0x80,

    /* U+CE74 "카" */
    0x0, 0xff, 0xe0, 0xf7, 0xb0, 0x7, 0x77, 0x7e,
    0xb0, 0xf, 0xf0, 0x8f, 0xf0, 0x7, 0xfb, 0xff,
    0xc2, 0x18, 0x1, 0xff, 0xc3, 0x11, 0x2, 0x0,
    0x7f, 0x11, 0xa2, 0xb3, 0xd0, 0x19, 0x0, 0x7f,
    0x46, 0x5d, 0x4c, 0x20, 0x50, 0x7, 0x8, 0x6,
    0x92, 0x35, 0x62, 0x2, 0x60, 0xe, 0x8f, 0xf1,
    0x81, 0xee, 0x56, 0x10, 0x70, 0x7, 0xc2, 0x30,
    0x6, 0x5a, 0x8, 0x30, 0xf, 0x4f, 0x70, 0x80,
    0x28, 0xa0, 0x77, 0x0, 0x7f, 0xf0, 0x1b, 0x9c,
    0x22, 0x0, 0x1f, 0xfc, 0x21, 0x2b, 0x70, 0xf,
    0xfe, 0x13, 0x66, 0xa0, 0x7, 0xff, 0x10, 0xc0,
    0x3f, 0xfd, 0x40,

    /* U+CEE8 "컨" */
    0x0, 0xff, 0xe0, 0xf7, 0xa8, 0x67, 0xff, 0xd6,
    0x1, 0xf3, 0x80, 0x7c, 0x60, 0x1f, 0x5f, 0xfe,
    0xe0, 0x5, 0x80, 0x79, 0xa6, 0xaf, 0x37, 0xc0,
    0x8c, 0x3, 0xc2, 0xca, 0x86, 0x42, 0x17, 0xff,
    0x84, 0x0, 0xcf, 0x15, 0x20, 0x6, 0x41, 0x1c,
    0x1, 0xc, 0x39, 0xc8, 0x2c, 0x97, 0x76, 0x10,
    0x8, 0xee, 0x41, 0xa8, 0x3, 0xf9, 0xb1, 0x6,
    0xa4, 0x3, 0xfc, 0xce, 0xef, 0x50, 0xf, 0xfe,
    0x4, 0x40, 0x7f, 0xc8, 0x1, 0xff, 0xca, 0x53,
    0x10, 0xf, 0xfe, 0xd, 0xe2, 0x0, 0x7f, 0xf2,
    0xaf, 0xff, 0xf6, 0x80, 0x7f, 0xf1, 0x0,

    /* U+CF1C "켜" */
    0x0, 0xff, 0xe0, 0xf7, 0xa8, 0x44, 0xcf, 0xd0,
    0x1, 0xf3, 0x37, 0xe5, 0x0, 0xfb, 0x73, 0x38,
    0x81, 0x80, 0x3e, 0x33, 0xe2, 0x20, 0x3, 0xba,
    0x10, 0x1, 0xab, 0x3c, 0x4d, 0x0, 0x34, 0x46,
    0x0, 0xa6, 0xa6, 0x1d, 0x90, 0x11, 0xbf, 0xe1,
    0x0, 0x4a, 0x34, 0x49, 0x80, 0x24, 0x3, 0xe3,
    0xb9, 0x73, 0x30, 0x39, 0x0, 0x7f, 0x96, 0x81,
    0x20, 0x37, 0xba, 0x10, 0xd, 0x14, 0x9, 0x60,
    0x2, 0x11, 0x80, 0x25, 0xd7, 0x5, 0xb0, 0xb,
    0xbb, 0x8, 0x0, 0x48, 0x26, 0x80, 0x30, 0x8e,
    0x0, 0x93, 0x39, 0x80, 0x3f, 0xf8, 0x26, 0x20,
    0x1f, 0xfe, 0x10,

    /* U+CF5C "콜" */
    0x0, 0x37, 0xff, 0xfc, 0x80, 0x18, 0xc8, 0xbf,
    0x80, 0x3e, 0x5d, 0xdd, 0x98, 0xff, 0x70, 0x7,
    0x8f, 0xbf, 0xf7, 0x73, 0x75, 0x80, 0x7, 0x0,
    0x8c, 0x4, 0x8d, 0x10, 0xac, 0xee, 0x0, 0xfb,
    0xb9, 0xb8, 0x6e, 0x53, 0x14, 0x0, 0x20, 0xf,
    0xc4, 0x66, 0x0, 0x1e, 0x60, 0x40, 0x1d, 0xff,
    0xca, 0x9, 0xfe, 0xec, 0xc7, 0xfa, 0x8c, 0x47,
    0xff, 0x86, 0x7b, 0xdc, 0xcc, 0xff, 0xbb, 0x92,
    0x0, 0x7d, 0xdf, 0xf9, 0x40, 0x31, 0x17, 0xf8,
    0x3, 0xe4, 0xff, 0xfe, 0x0, 0xf9, 0xb7, 0x7f,
    0x80, 0x3f, 0xca, 0xbf, 0xcc, 0x1, 0xf2, 0x27,
    0xf4, 0x0, 0x7c, 0x23, 0xfc, 0xc0, 0x0,

    /* U+D06C "크" */
    0x0, 0x4e, 0xef, 0xfc, 0x40, 0x18, 0x8b, 0xff,
    0x80, 0x20, 0x1a, 0xfb, 0xbf, 0x68, 0x7, 0xe1,
    0x1f, 0xc6, 0x1, 0xff, 0xd1, 0x11, 0x11, 0x14,
    0x3, 0xd3, 0xdf, 0xfb, 0xb9, 0xba, 0xb0, 0xf,
    0x78, 0x80, 0x42, 0x46, 0x88, 0x50, 0x0, 0x80,
    0x4d, 0xdf, 0xf7, 0x6e, 0x5d, 0xa0, 0x0, 0x60,
    0x18, 0x40, 0x3f, 0x8, 0x0, 0x40, 0x3f, 0xf8,
    0x2e, 0x1, 0xff, 0xc4, 0x10, 0x10, 0xb, 0x7b,
    0xbf, 0xd4, 0x3, 0xdc, 0x93, 0x11, 0xff, 0x0,
    0x42, 0x23,

    /* U+D0A4 "키" */
    0x0, 0xff, 0xe0, 0xf, 0xf8, 0x82, 0x3b, 0xbf,
    0x8, 0x7, 0x88, 0x47, 0xf8, 0x3, 0xd5, 0xdd,
    0xd0, 0x6, 0x1, 0xf8, 0x47, 0xb4, 0x10, 0x3,
    0xc4, 0xac, 0xf1, 0x34, 0xa1, 0x40, 0x1e, 0x4a,
    0x98, 0x76, 0x50, 0x42, 0x0, 0xf3, 0x32, 0x26,
    0xdc, 0x1, 0x20, 0x1f, 0xa5, 0xd9, 0xdc, 0x10,
    0x40, 0x1f, 0xe4, 0xc0, 0x47, 0x0, 0xff, 0x45,
    0x82, 0x58, 0x7, 0xf2, 0x73, 0x83, 0x58, 0x7,
    0xf9, 0x14, 0x6a, 0x40, 0x3f, 0xf8, 0x17, 0xca,
    0x1, 0xff, 0xf0,

    /* U+D0DC "태" */
    0x0, 0xfe, 0x6f, 0xe0, 0x6f, 0xe1, 0xee, 0xf6,
    0x80, 0x7f, 0x8, 0xf8, 0x80, 0x3f, 0xec, 0xff,
    0xc0, 0x1f, 0xf0, 0x80, 0x7f, 0xf4, 0xf3, 0xba,
    0x50, 0xf, 0xf8, 0x47, 0x18, 0x4, 0x3f, 0x20,
    0x1d, 0x7d, 0xd3, 0x0, 0x61, 0x0, 0xf3, 0x8,
    0xc0, 0x18, 0x7a, 0x40, 0x38, 0x46, 0x23, 0x10,
    0xf, 0xf6, 0x77, 0x37, 0x1c, 0x3, 0xf1, 0x16,
    0x34, 0x52, 0x0, 0xf8, 0x77, 0x76, 0x5d, 0x20,
    0x7, 0xff, 0xac,

    /* U+D130 "터" */
    0x0, 0xff, 0xe0, 0x77, 0xae, 0xf7, 0x7e, 0x0,
    0xf1, 0x8, 0xfe, 0x0, 0xfd, 0x3d, 0xde, 0x0,
    0xfc, 0x62, 0x3e, 0x0, 0xfd, 0xd1, 0x19, 0x0,
    0x3f, 0x91, 0xdf, 0x69, 0x77, 0x42, 0x1, 0x9a,
    0x67, 0x50, 0x8e, 0x0, 0xec, 0x66, 0xc6, 0x6f,
    0xf8, 0x40, 0x3f, 0xf8, 0xe6, 0x45, 0x19, 0x91,
    0x40, 0x3e, 0x9d, 0xdb, 0x31, 0x76, 0x0, 0xe4,
    0x33, 0xf2, 0x33, 0x0, 0x3a, 0xf3, 0x3d, 0x73,
    0x0, 0x1f, 0xfe, 0x60,

    /* U+D134 "턴" */
    0x0, 0xff, 0xe0, 0x7f, 0x97, 0xbf, 0xfe, 0xe0,
    0xf, 0xfe, 0x11, 0x80, 0x7e, 0x9f, 0xfe, 0xd0,
    0xf, 0xd5, 0x77, 0x90, 0x27, 0x30, 0x1, 0xc6,
    0x89, 0x88, 0x14, 0xcc, 0x1, 0xd1, 0xbb, 0x9c,
    0x37, 0x60, 0xe, 0x12, 0x2c, 0x23, 0x11, 0x0,
    0x3a, 0x7f, 0xfb, 0x98, 0x3, 0xfc, 0x22, 0x23,
    0x30, 0x7, 0x77, 0xfe, 0xee, 0x6e, 0x28, 0x7,
    0xc3, 0x76, 0x20, 0xf, 0xf8, 0xd1, 0x2, 0x1,
    0xe4, 0x31, 0x0, 0xff, 0xe0, 0x5e, 0x20, 0x7,
    0xff, 0x23, 0x3f, 0xff, 0x68, 0x7, 0xff, 0xc,

    /* U+D154 "텔" */
    0x0, 0xfe, 0x2f, 0xf1, 0x37, 0xf1, 0x7f, 0xfb,
    0x80, 0x3f, 0xf8, 0x66, 0x1, 0xff, 0x5e, 0x63,
    0xf0, 0x98, 0x3, 0xfa, 0xf3, 0x9, 0x3b, 0x60,
    0x1f, 0xc8, 0xaa, 0x6d, 0x54, 0x0, 0xfe, 0xe9,
    0xe7, 0xb, 0x90, 0xf, 0xea, 0xcb, 0xaa, 0x20,
    0x7, 0xc6, 0x72, 0x21, 0x54, 0xcc, 0x33, 0xc0,
    0x10, 0xe6, 0x2e, 0x26, 0x54, 0x5, 0xfe, 0x22,
    0x55, 0x0, 0x36, 0xe6, 0x7e, 0xba, 0xa0, 0x6,
    0x98, 0x8f, 0xca, 0x1, 0xee, 0xdd, 0xfc, 0xc0,
    0x1e, 0x75, 0x5f, 0xc6, 0x1, 0xfa, 0x7b, 0xbf,
    0x78, 0x7, 0xa7, 0xbb, 0xf8, 0x3, 0xff, 0x88,

    /* U+D1A0 "토" */
    0x0, 0x37, 0x77, 0xfc, 0xa0, 0x18, 0x47, 0xff,
    0x80, 0x60, 0x1e, 0x1f, 0xff, 0xe6, 0x0, 0xff,
    0xe5, 0x8f, 0xff, 0xee, 0x0, 0xfc, 0x23, 0xf8,
    0x80, 0x3e, 0x1e, 0xef, 0xd8, 0x1, 0xf0, 0xdd,
    0xff, 0x40, 0x7, 0xc8, 0x9f, 0xc6, 0x1, 0x9b,
    0x33, 0x18, 0x26, 0x66, 0x90, 0xc, 0x26, 0x79,
    0xc0, 0x4c, 0xf1, 0x0, 0x7f, 0xf1, 0xf3, 0xbb,
    0xc8, 0xb, 0xdd, 0xe9, 0x21, 0x1f, 0x0, 0x42,
    0x3e, 0x3e, 0xef, 0xfe, 0x25, 0x0,

    /* U+D2B8 "트" */
    0x0, 0x37, 0x77, 0xfc, 0xa0, 0x18, 0x47, 0xff,
    0x80, 0x60, 0x1e, 0x1f, 0xff, 0xe6, 0x0, 0xff,
    0xe5, 0x8f, 0xff, 0xee, 0x0, 0xfc, 0x23, 0xf8,
    0x80, 0x3e, 0x1e, 0xef, 0xd8, 0x1, 0xf0, 0xdd,
    0xff, 0x40, 0x7, 0xc8, 0x9f, 0xc6, 0x1, 0x9b,
    0x33, 0xfe, 0x90, 0xc, 0x26, 0x7f, 0xf1, 0x0,
    0x7f, 0xf1, 0xf3, 0xbb, 0xff, 0x87, 0x24, 0x23,
    0xff, 0xc3, 0x3e, 0xef, 0xfe, 0x25, 0x0,

    /* U+D2BC "튼" */
    0x0, 0x37, 0xff, 0xfc, 0xa0, 0x1f, 0x8, 0xff,
    0x80, 0x3e, 0xee, 0xfe, 0x40, 0xf, 0xae, 0xff,
    0x80, 0x3f, 0x22, 0x7f, 0x0, 0x7e, 0xff, 0xfe,
    0x0, 0xfd, 0xdd, 0xfc, 0xe0, 0x1f, 0x8, 0xff,
    0x78, 0x6, 0x6f, 0xff, 0xfa, 0x0, 0x1b, 0xff,
    0xff, 0xc3, 0xa3, 0x0, 0xff, 0xe2, 0x77, 0xff,
    0xff, 0xe, 0x80, 0xd, 0xd8, 0x1, 0xff, 0xc2,
    0x11, 0x10, 0x7, 0xff, 0x54, 0x7f, 0xff, 0xa4,
    0x3, 0xff, 0x8e,

    /* U+D305 "팅" */
    0x0, 0xff, 0xe0, 0x77, 0xab, 0x7f, 0xfe, 0x60,
    0xf, 0xfe, 0x50, 0xff, 0xf9, 0x80, 0x3e, 0x1d,
    0xde, 0x90, 0xf, 0xe2, 0x2f, 0x0, 0x7e, 0x1f,
    0xfe, 0xb0, 0xf, 0xe4, 0x49, 0x54, 0xcc, 0x0,
    0xf8, 0x6e, 0xea, 0xa4, 0xc0, 0x7, 0x11, 0x99,
    0x12, 0x55, 0x33, 0x0, 0x39, 0x33, 0x17, 0x6e,
    0x6, 0x45, 0xb8, 0xad, 0x50, 0x8, 0xb6, 0x94,
    0xc8, 0x88, 0xf7, 0x40, 0x1b, 0x88, 0x67, 0x7b,
    0x98, 0xc0, 0xea, 0x1, 0x18, 0x43, 0x10, 0x88,
    0xe4, 0xc3, 0x0, 0x22, 0xb, 0x30, 0x8, 0x58,
    0xc3, 0x80, 0x2e, 0x12, 0xcf, 0xfb, 0xa4, 0x11,
    0xc0, 0x23, 0xf7, 0x31, 0x0, 0xa, 0xd5, 0x80,

    /* U+D30C "파" */
    0x0, 0xff, 0xe0, 0x37, 0xf8, 0x2, 0x4e, 0xef,
    0xf0, 0x80, 0x78, 0x47, 0xfe, 0x30, 0xf, 0x2f,
    0xff, 0xf8, 0x80, 0x3f, 0x34, 0xa8, 0x1, 0xe5,
    0x0, 0x3f, 0xd8, 0xde, 0x0, 0xb6, 0x30, 0xf,
    0xf1, 0x80, 0x78, 0x40, 0x3f, 0xf8, 0x62, 0x1,
    0xf7, 0xfa, 0xc0, 0x2, 0x1, 0xe3, 0x0, 0xe1,
    0x18, 0x3, 0x8, 0x7, 0xf0, 0xf7, 0x28, 0x1,
    0xe0, 0x18, 0xc0, 0x40, 0x3f, 0x5f, 0x40, 0x27,
    0x70, 0x42, 0xbf, 0x40, 0x3c, 0xc2, 0x1, 0x8,
    0x80, 0x2, 0x2, 0x1, 0xed, 0xff, 0xff, 0x60,
    0x7, 0xff, 0xc0,

    /* U+D310 "판" */
    0x0, 0xff, 0xe0, 0x37, 0xf0, 0x4, 0x5f, 0xff,
    0xdc, 0x1, 0xf8, 0x47, 0xf8, 0xc0, 0x3e, 0x2e,
    0xda, 0xde, 0xe5, 0x53, 0xf4, 0x3, 0xfa, 0xae,
    0x40, 0x15, 0x68, 0x1, 0xff, 0xc5, 0x10, 0xc,
    0x3d, 0xc9, 0x0, 0x8, 0x8, 0x0, 0x40, 0x3e,
    0x11, 0x18, 0x3, 0xc0, 0x3c, 0xe2, 0x20, 0x0,
    0xff, 0xa9, 0xfe, 0x1, 0x3f, 0xc0, 0xc, 0xed,
    0x0, 0xff, 0xe2, 0xb, 0x80, 0x79, 0xff, 0xff,
    0xba, 0xc0, 0x3f, 0x9b, 0xb0, 0x3, 0xff, 0x86,
    0x23, 0x0, 0x78, 0xc4, 0x80, 0x3f, 0xf8, 0x6b,
    0xd8, 0x1, 0xff, 0xce, 0x2f, 0xff, 0xe1, 0x0,
    0xff, 0xe4, 0x0,

    /* U+D328 "패" */
    0x0, 0xff, 0x77, 0xab, 0x7f, 0x2e, 0xef, 0xe2,
    0x0, 0xf1, 0x17, 0xf0, 0x80, 0x79, 0xff, 0xff,
    0x18, 0x7, 0xc5, 0xdc, 0x2, 0xee, 0x0, 0x7f,
    0x84, 0x40, 0x1, 0x10, 0x7, 0xf1, 0x80, 0x4,
    0x40, 0x1f, 0xfc, 0x51, 0x0, 0xd5, 0x20, 0x10,
    0x80, 0x7f, 0xf1, 0x8d, 0xc0, 0xc0, 0x35, 0x48,
    0x7, 0x84, 0x40, 0x2, 0x10, 0xf, 0x77, 0x80,
    0x32, 0x80, 0xb6, 0x40, 0x3c, 0x42, 0x3c, 0x44,
    0x3e, 0x0, 0xf6, 0x77, 0x76, 0xeb, 0x18, 0x3,
    0xff, 0xd4,

    /* U+D32C "팬" */
    0x0, 0xff, 0xf, 0xf8, 0xdb, 0xf8, 0x1, 0x7f,
    0xff, 0x70, 0x7, 0xff, 0x14, 0xc0, 0x3f, 0xaf,
    0xb3, 0x7f, 0xb3, 0x74, 0x1, 0xfe, 0x4c, 0x90,
    0x6c, 0x80, 0xf, 0xfe, 0xb, 0x80, 0x7e, 0xc9,
    0x0, 0xfe, 0xf0, 0x30, 0xc, 0x20, 0x1e, 0x10,
    0x10, 0xf, 0xdb, 0x20, 0x11, 0x75, 0x1, 0x73,
    0x83, 0x7a, 0x0, 0x7e, 0x11, 0x0, 0x4, 0x2,
    0x10, 0xf, 0xc5, 0xff, 0xb7, 0x5d, 0xfc, 0x80,
    0x1f, 0xfc, 0xd, 0xd3, 0x80, 0x44, 0x41, 0x0,
    0xff, 0xe1, 0xe, 0xe8, 0x88, 0x6a, 0x1, 0xff,
    0xc3, 0x4c, 0xb0, 0xf, 0xfe, 0x74, 0xff, 0xff,
    0x10, 0x7, 0xff, 0x18,

    /* U+D38C "펌" */
    0x0, 0xff, 0xe0, 0xf7, 0xa8, 0xff, 0xff, 0x68,
    0x7, 0x84, 0x7f, 0xc0, 0x1c, 0x3d, 0x53, 0x5d,
    0xc9, 0x97, 0xe0, 0x7, 0xd9, 0x1e, 0x3, 0x10,
    0xd, 0xee, 0x8, 0x6, 0xf0, 0x8, 0xc0, 0x23,
    0x11, 0x0, 0x70, 0x83, 0x80, 0x61, 0xef, 0xf0,
    0x80, 0x4, 0x60, 0x0, 0xb0, 0x0, 0x8c, 0xc0,
    0x1a, 0xba, 0x0, 0xfa, 0xc0, 0x1b, 0x94, 0x1,
    0x8c, 0x8b, 0xe3, 0x32, 0x78, 0x6, 0x8d, 0xdb,
    0xff, 0x77, 0x25, 0xb, 0x6d, 0x0, 0x21, 0xdd,
    0xfe, 0xcb, 0x40, 0xf, 0x11, 0x7c, 0x1, 0xfd,
    0xfb, 0xbe, 0x10, 0xf, 0xfe, 0x66, 0xff, 0xf8,
    0x40, 0x3f, 0xf8, 0xc0,

    /* U+D3D0 "폐" */
    0x0, 0xff, 0xbb, 0xd5, 0x5f, 0xe0, 0x7d, 0xdf,
    0xa0, 0x3, 0xf7, 0x91, 0x7e, 0x0, 0xfd, 0x1d,
    0xbd, 0xd6, 0xf5, 0x0, 0x7f, 0x2e, 0xe0, 0xe6,
    0xae, 0xe8, 0x40, 0x3e, 0x70, 0x30, 0x30, 0x72,
    0x20, 0x7, 0xff, 0x8, 0x7f, 0xc2, 0x1, 0xf0,
    0x80, 0x7f, 0xf1, 0x84, 0x2, 0x3f, 0xf0, 0x80,
    0x7c, 0x60, 0x10, 0x80, 0x8, 0x80, 0x1f, 0xfc,
    0x3f, 0xd1, 0x0, 0xe3, 0xfe, 0x0, 0x78, 0x3,
    0xb0, 0x3, 0xe1, 0x1f, 0x88, 0xd0, 0x3, 0xe2,
    0xee, 0xf6, 0xe5, 0x0, 0x7f, 0xfb, 0x80,

    /* U+D45C "표" */
    0x3, 0xee, 0xff, 0xe0, 0x80, 0x4e, 0x23, 0xff,
    0xc1, 0x0, 0x93, 0xfd, 0xdc, 0xff, 0xdd, 0xd7,
    0xf8, 0x3, 0xdd, 0xc4, 0x0, 0xa7, 0xb4, 0x3,
    0xff, 0x84, 0x20, 0xe0, 0x1f, 0x84, 0x4, 0x3,
    0x84, 0x3, 0xfc, 0x60, 0x11, 0x81, 0x80, 0x72,
    0xf7, 0x4, 0x23, 0xba, 0x50, 0x6e, 0xe0, 0x80,
    0xc, 0x44, 0x0, 0x11, 0xc0, 0x10, 0x88, 0xc0,
    0xd, 0xfe, 0x40, 0x6f, 0xf8, 0x81, 0xff, 0xc4,
    0x1, 0xff, 0xd7, 0xde, 0xe9, 0x1, 0xbb, 0xa2,
    0x7, 0xee, 0xa4, 0xc4, 0x60, 0x8, 0x46, 0x0,
    0x84, 0x63, 0xef, 0xff, 0xfe, 0x1d, 0x0,

    /* U+D504 "프" */
    0x3, 0xee, 0xff, 0xe0, 0x80, 0x4e, 0x23, 0xff,
    0xc1, 0x0, 0x93, 0xfd, 0x98, 0xef, 0xfb, 0x73,
    0x7f, 0xc0, 0x1e, 0xcc, 0x28, 0x5, 0x59, 0xc0,
    0x1f, 0xfc, 0x21, 0x7, 0x0, 0xff, 0x8, 0x7,
    0x8, 0x7, 0xe1, 0x3, 0x0, 0x8c, 0xc, 0x3,
    0x93, 0x30, 0x21, 0x19, 0x92, 0x3, 0xe6, 0x4,
    0x0, 0x46, 0x60, 0x0, 0x99, 0xc2, 0x2, 0x67,
    0x0, 0x1b, 0x77, 0xff, 0x82, 0x40, 0x11, 0x17,
    0xff, 0x4, 0x3, 0xff, 0x8f, 0xbd, 0xdf, 0xfc,
    0x39, 0x31, 0x1f, 0xfe, 0x19, 0xf7, 0xff, 0xff,
    0xe, 0x80,

    /* U+D53C "피" */
    0x0, 0xff, 0xe0, 0xff, 0x8c, 0x7b, 0xbf, 0xcc,
    0x1, 0xc2, 0x3f, 0xf0, 0x6, 0x1f, 0xff, 0xf3,
    0x80, 0x78, 0xe6, 0x0, 0x9, 0x30, 0x1, 0xf9,
    0x59, 0x40, 0x6, 0xca, 0x1, 0xf8, 0xc0, 0xc0,
    0x30, 0x80, 0x7f, 0xf0, 0xdc, 0x3, 0xf0, 0x80,
    0x6f, 0x0, 0xff, 0xe2, 0x88, 0x7, 0xe7, 0x1,
    0x0, 0xc6, 0x1, 0xeb, 0xed, 0x0, 0x77, 0x1c,
    0x1b, 0xbc, 0x80, 0x27, 0x11, 0x0, 0x4, 0x40,
    0x10, 0x8c, 0x1, 0x67, 0xff, 0xfb, 0x8c, 0x3,
    0xff, 0xce,

    /* U+D558 "하" */
    0x0, 0xd1, 0xfa, 0x1, 0xdf, 0xe6, 0x0, 0xff,
    0xe4, 0xdf, 0x74, 0xe0, 0x5d, 0xd8, 0x80, 0x3c,
    0xe2, 0x30, 0x4, 0x23, 0x80, 0x3e, 0xcf, 0xff,
    0xf1, 0x0, 0x7f, 0x46, 0x76, 0xc9, 0x0, 0x7f,
    0x87, 0x5c, 0xc4, 0x9b, 0x50, 0x3, 0xfa, 0xc8,
    0x1e, 0xe4, 0x42, 0x80, 0x37, 0x19, 0x80, 0xa,
    0xf, 0x8, 0xda, 0x2, 0x80, 0x13, 0xe6, 0xc,
    0x2, 0xc0, 0x8, 0xc0, 0x2, 0x1, 0x12, 0x20,
    0x40, 0x43, 0x0, 0x23, 0x0, 0x30, 0x5, 0x77,
    0x10, 0x30, 0x3b, 0x91, 0xb4, 0x8, 0xc0, 0x3f,
    0x42, 0x4, 0x5c, 0x89, 0x78, 0x7, 0xfa, 0xec,
    0xc8, 0xb3, 0xa4, 0x1, 0xff, 0x24, 0xdd, 0x30,
    0x7, 0xff, 0x88,

    /* U+D568 "함" */
    0x0, 0xcd, 0x50, 0x1, 0xff, 0xc3, 0xf5, 0x40,
    0xe, 0xff, 0x30, 0x5, 0x7b, 0xb3, 0x81, 0xee,
    0xe1, 0x0, 0xf2, 0x91, 0x42, 0x0, 0x22, 0xc0,
    0x1f, 0x77, 0xfd, 0xdb, 0xdf, 0xf8, 0x40, 0x3f,
    0x2e, 0x76, 0xf7, 0x1c, 0x3, 0xfc, 0xf4, 0x60,
    0x10, 0xc5, 0x80, 0x69, 0xff, 0x8, 0x48, 0x27,
    0x7f, 0xa0, 0x10, 0xc0, 0x30, 0x88, 0x0, 0x21,
    0xc2, 0x0, 0x60, 0x3, 0x80, 0x53, 0xdc, 0x10,
    0x40, 0xb7, 0x56, 0xd0, 0x14, 0x0, 0xfd, 0x48,
    0x31, 0x52, 0x65, 0xa0, 0x1f, 0xc3, 0x79, 0x2f,
    0x17, 0xa6, 0x0, 0x54, 0x20, 0xe, 0x3d, 0x86,
    0x9a, 0xee, 0xc8, 0xa2, 0x1, 0xce, 0x23, 0xff,
    0x18, 0x7, 0xee, 0xff, 0xf0, 0x80, 0x7f, 0xf4,
    0x3b, 0xff, 0xc2, 0x1, 0xff, 0xcb,

    /* U+D569 "합" */
    0x0, 0xcd, 0x50, 0x1, 0xff, 0xc3, 0xf5, 0x40,
    0xe, 0xef, 0x60, 0xa, 0xf7, 0x67, 0x3, 0xdd,
    0xc2, 0x1, 0xe5, 0x22, 0x84, 0x0, 0x45, 0x80,
    0x3e, 0xef, 0xfb, 0xb7, 0xbf, 0xf0, 0x80, 0x7e,
    0x6d, 0xed, 0xee, 0x40, 0x7, 0x9, 0x10, 0x1,
    0x12, 0x40, 0x10, 0xbe, 0x0, 0x68, 0xdd, 0x8,
    0x38, 0x2f, 0x7f, 0xa8, 0xc, 0xc0, 0x10, 0x91,
    0x0, 0x36, 0x88, 0x1, 0xc0, 0x3d, 0x1b, 0xa1,
    0x7, 0x8, 0xdb, 0xcd, 0x3, 0x30, 0x7, 0xe8,
    0x92, 0x22, 0x18, 0xbe, 0x0, 0x7f, 0x9a, 0xa3,
    0x3f, 0xa0, 0x2, 0x21, 0x30, 0xf, 0x44, 0x1c,
    0x3, 0xc4, 0x26, 0x1, 0xfa, 0x73, 0x3c, 0x20,
    0x1f, 0xe2, 0x33, 0xf0, 0x7, 0xfd, 0x5d, 0xde,
    0x10, 0xf, 0xf5, 0xff, 0xf8, 0x40, 0x3f, 0xc2,
    0x3f, 0x0, 0x78,

    /* U+D574 "해" */
    0x0, 0x9f, 0xac, 0x3, 0x7f, 0x91, 0x7f, 0x80,
    0x2f, 0x17, 0x0, 0xff, 0x5e, 0xe9, 0x80, 0xf7,
    0x60, 0xf, 0x94, 0x88, 0x20, 0x2, 0x28, 0x40,
    0x3d, 0xfb, 0xbf, 0x84, 0x3, 0xc2, 0x49, 0xfb,
    0x96, 0x44, 0x0, 0xfd, 0x12, 0x40, 0x2d, 0x80,
    0x1f, 0x85, 0xc1, 0xfe, 0xc0, 0xd4, 0x2, 0xaa,
    0x0, 0x10, 0x1, 0x0, 0x88, 0xc, 0x0, 0x84,
    0x3, 0x84, 0x2, 0x20, 0x30, 0xa, 0xa8, 0x0,
    0x10, 0x11, 0x0, 0x14, 0x8, 0x2, 0x10, 0x9,
    0x4, 0x28, 0xe0, 0xc2, 0xc0, 0x3f, 0x58, 0x26,
    0x38, 0x31, 0x80, 0x7e, 0x5c, 0x53, 0x4a, 0x90,
    0xf, 0xf1, 0xd6, 0x5a, 0x80, 0x7f, 0xf7, 0x40,

    /* U+D588 "했" */
    0x0, 0x9f, 0xf8, 0x3, 0x7f, 0x96, 0x3a, 0x82,
    0xae, 0xd4, 0x3, 0x77, 0x18, 0x4, 0x23, 0x2,
    0x24, 0x40, 0x4, 0x49, 0xc0, 0x3e, 0xcc, 0xd7,
    0x99, 0x90, 0x3, 0xe2, 0x19, 0xcb, 0xce, 0x53,
    0x0, 0xfc, 0x38, 0xa0, 0x20, 0x52, 0xe0, 0x15,
    0x30, 0x4, 0x82, 0x1b, 0xde, 0xa1, 0x40, 0x1f,
    0x8c, 0x4, 0x80, 0x4, 0x1, 0xd4, 0xc0, 0x13,
    0x88, 0xba, 0xf5, 0xc2, 0x80, 0x3f, 0xe, 0x20,
    0xa1, 0xc, 0xb8, 0x7, 0xf1, 0x5f, 0xe6, 0x3d,
    0x80, 0x19, 0x2d, 0xc9, 0x80, 0x1d, 0x59, 0x40,
    0x11, 0xce, 0x15, 0xb8, 0x7, 0x10, 0x20, 0x80,
    0xc, 0x1, 0xa0, 0x1e, 0x24, 0x0, 0x50, 0x2,
    0x80, 0xc, 0x1, 0xc3, 0xe0, 0x60, 0x90, 0xcc,
    0x1, 0x15, 0x80, 0x4b, 0xe4, 0x4d, 0xc8, 0x29,
    0x6, 0xd0, 0x4e, 0x60, 0xc1, 0x3c, 0x13, 0x54,
    0x7, 0x93, 0xd2, 0x15, 0x9, 0xbc, 0x10, 0x1,
    0x65, 0xc0, 0x0, 0xb7, 0x46,

    /* U+D589 "행" */
    0x0, 0x9f, 0xf8, 0x3, 0x77, 0xba, 0xf6, 0x85,
    0x5d, 0xa8, 0x6, 0xee, 0x30, 0x8, 0xc4, 0xc1,
    0x12, 0x20, 0x2, 0x24, 0xe0, 0x1f, 0x66, 0x6b,
    0xcc, 0xc8, 0x1, 0xf1, 0xc, 0xe5, 0xe7, 0x31,
    0x80, 0x7f, 0x62, 0x80, 0x81, 0x53, 0x0, 0x51,
    0x20, 0x12, 0x88, 0x67, 0x7a, 0x85, 0x0, 0x7e,
    0x30, 0x13, 0x0, 0x68, 0x8, 0x5, 0x12, 0x1,
    0x20, 0xe, 0xcd, 0x40, 0x20, 0x7, 0xe2, 0x90,
    0x26, 0x50, 0x48, 0x2, 0x11, 0x0, 0x73, 0x75,
    0x44, 0xe5, 0x80, 0xef, 0x31, 0x80, 0x70, 0xab,
    0x9c, 0x7f, 0x75, 0xfd, 0xf9, 0xc0, 0x1d, 0x74,
    0x80, 0x46, 0x62, 0x15, 0xc6, 0x0, 0xc6, 0x81,
    0x3f, 0xb9, 0x8d, 0xe5, 0x8, 0x0, 0xfb, 0x84,
    0x3, 0x18, 0x80, 0x78, 0xd8, 0x1f, 0xbf, 0xb9,
    0xfa, 0x81, 0x40, 0x1d, 0x38, 0xc4, 0x2, 0x31,
    0xbf, 0x20, 0x0,

    /* U+D5A5 "향" */
    0x0, 0xc8, 0xea, 0x1, 0xff, 0xc2, 0xd8, 0x90,
    0xe, 0xff, 0x30, 0x1, 0xe2, 0x25, 0x2, 0x88,
    0xc0, 0x1e, 0x97, 0x78, 0xc0, 0x5d, 0xf0, 0x80,
    0x4, 0x89, 0xb7, 0x7a, 0xae, 0xf8, 0x40, 0x11,
    0xba, 0x34, 0x18, 0xba, 0xba, 0x34, 0x40, 0x4,
    0x6a, 0xa0, 0x7a, 0x31, 0x43, 0x18, 0xc0, 0xd,
    0x55, 0x4, 0x3, 0x75, 0xe5, 0x81, 0x98, 0x3,
    0xfb, 0xc0, 0x25, 0x0, 0x38, 0x5, 0x3f, 0xe0,
    0x60, 0x99, 0x3c, 0x60, 0x12, 0x0, 0x42, 0x44,
    0x9, 0x60, 0x68, 0x72, 0x4f, 0x0, 0xd1, 0xba,
    0x0, 0x4f, 0x65, 0x5e, 0x49, 0x80, 0x7f, 0x85,
    0x66, 0xf3, 0x7b, 0xf5, 0x71, 0x80, 0x3a, 0xa4,
    0xc0, 0xce, 0x22, 0x2e, 0x10, 0x6, 0x25, 0x8,
    0xfc, 0xcb, 0x74, 0x21, 0x60, 0x1f, 0x70, 0x80,
    0x66, 0x0, 0x8, 0x6, 0x27, 0x6, 0xef, 0xee,
    0x7d, 0x89, 0x48, 0x7, 0x46, 0x31, 0x0, 0x8c,
    0x93, 0xa2, 0x0,

    /* U+D5D8 "험" */
    0x0, 0xcd, 0x50, 0x1, 0xff, 0xc1, 0xf5, 0x40,
    0xe, 0x1f, 0xf1, 0xde, 0xec, 0xe0, 0x7b, 0xb8,
    0x40, 0x32, 0x91, 0x42, 0x0, 0x22, 0xc0, 0x1d,
    0xdf, 0xee, 0xdb, 0xdf, 0xfc, 0x20, 0x1e, 0x7f,
    0xdb, 0xde, 0x60, 0xf, 0xd3, 0x2, 0x48, 0x43,
    0x2f, 0x7d, 0xe0, 0x19, 0x82, 0x36, 0xf5, 0xc2,
    0x98, 0x44, 0x1, 0xe3, 0x0, 0xb8, 0xf, 0x7f,
    0x80, 0x32, 0x5, 0x43, 0xcc, 0x81, 0xc0, 0x3e,
    0xa3, 0x17, 0x86, 0x4, 0x80, 0xf, 0x87, 0x31,
    0x2f, 0x39, 0x62, 0x0, 0x16, 0x60, 0x80, 0x57,
    0xd, 0x1b, 0xdd, 0xce, 0xe1, 0x0, 0x84, 0x7f,
    0xf8, 0x0, 0x1e, 0x4f, 0xff, 0x70, 0x7, 0xff,
    0xc, 0x40, 0x3f, 0x27, 0xff, 0xc0, 0x1f, 0xfc,
    0x70,

    /* U+D604 "현" */
    0x0, 0xc8, 0xea, 0x1, 0xff, 0xc1, 0xd8, 0x90,
    0xe, 0x1f, 0xf1, 0xab, 0x34, 0x40, 0x2c, 0xd8,
    0x3, 0xae, 0x66, 0x40, 0x29, 0x9c, 0x20, 0x1a,
    0xae, 0xff, 0xc2, 0x1, 0x91, 0xb, 0xb3, 0x73,
    0xce, 0x85, 0x74, 0x1, 0x8b, 0xd8, 0x80, 0x97,
    0x17, 0xd1, 0x0, 0x1a, 0x4, 0xb7, 0xfc, 0xa1,
    0x71, 0xb8, 0x1, 0x98, 0x28, 0x80, 0x12, 0x2,
    0x22, 0x20, 0x6, 0x60, 0xa1, 0x0, 0x50, 0xc,
    0x7f, 0x0, 0x68, 0x2, 0xee, 0x7b, 0x5, 0x88,
    0x7, 0x8b, 0x98, 0x84, 0x49, 0x8b, 0x3f, 0xc0,
    0x1c, 0x37, 0x3b, 0xd6, 0x60, 0x1f, 0xe9, 0xbb,
    0x0, 0x7f, 0xf2, 0x87, 0xfc, 0x60, 0x1f, 0xfc,
    0x96, 0xff, 0xfe, 0xe0, 0xf, 0xfe, 0x18, 0x80,

    /* U+D615 "형" */
    0x0, 0xc8, 0xea, 0x1, 0xff, 0xc1, 0xd8, 0x90,
    0xe, 0x1f, 0xf1, 0xbc, 0x44, 0xa0, 0x51, 0x18,
    0x3, 0xa5, 0xde, 0x30, 0x17, 0x7c, 0x20, 0x1b,
    0x6e, 0xf5, 0x5d, 0xf0, 0x80, 0x63, 0x42, 0x9b,
    0xab, 0x81, 0x4d, 0xef, 0x0, 0xd1, 0x24, 0x43,
    0x23, 0xa6, 0x31, 0x10, 0x6, 0x70, 0x9d, 0xcd,
    0x80, 0xba, 0xfe, 0x0, 0xff, 0xe0, 0x1c, 0x6e,
    0x0, 0x64, 0x9, 0xdc, 0xd8, 0x7, 0x22, 0x80,
    0x35, 0x28, 0x11, 0x90, 0x34, 0xd7, 0xe8, 0x6,
    0x1a, 0xdb, 0x9b, 0xe8, 0x21, 0x3, 0x0, 0xf1,
    0x2f, 0x4f, 0x73, 0x7b, 0xf6, 0x3c, 0xc0, 0x22,
    0xf7, 0x21, 0x23, 0x20, 0x38, 0xc0, 0xd, 0x62,
    0x2d, 0xed, 0xcd, 0xfb, 0x3, 0x60, 0xf, 0x30,
    0x6, 0x12, 0x0, 0x18, 0x5, 0x4, 0x37, 0xfe,
    0xef, 0xe9, 0x4, 0x50, 0x8, 0x76, 0x50, 0x40,
    0x40, 0x96, 0xec, 0x0,

    /* U+D638 "호" */
    0x0, 0xfb, 0x3e, 0x0, 0x3f, 0x84, 0x78, 0x2,
    0x11, 0xe0, 0xa, 0x7b, 0xb8, 0xc1, 0xfb, 0xb9,
    0x40, 0x18, 0xab, 0xff, 0xc1, 0x60, 0x2, 0xd5,
    0x5e, 0x40, 0x16, 0xcd, 0x54, 0x60, 0x19, 0x7a,
    0x9d, 0x56, 0x8c, 0xc1, 0x0, 0x71, 0xd0, 0xa5,
    0x66, 0x2e, 0x4, 0xf0, 0x3, 0xac, 0x6, 0xd4,
    0xcc, 0x8f, 0xa0, 0x28, 0x1, 0xbc, 0x4, 0x40,
    0x1c, 0xc0, 0x7, 0x0, 0xcc, 0x21, 0xf2, 0xee,
    0x8b, 0xa0, 0x43, 0x0, 0xc3, 0x88, 0x2d, 0x10,
    0x74, 0x7, 0xb0, 0xf, 0x15, 0xf5, 0x90, 0x2e,
    0x7c, 0x0, 0x7f, 0xa, 0x8, 0x11, 0x80, 0x7a,
    0xae, 0xfc, 0x40, 0xb7, 0x7e, 0x74, 0x4f, 0x84,
    0x9, 0x13, 0xdb, 0xac, 0xcf, 0xfe, 0x1c, 0x0,

    /* U+D654 "화" */
    0x0, 0xff, 0xe6, 0x47, 0xe0, 0x7, 0x2f, 0x68,
    0x7, 0xff, 0x10, 0xc4, 0xc0, 0x3f, 0xf9, 0x7d,
    0xff, 0x38, 0x1f, 0xfe, 0x20, 0xf, 0x8c, 0x47,
    0xfc, 0x1, 0xfb, 0x7b, 0x99, 0x13, 0x15, 0xdd,
    0x10, 0x7, 0xf5, 0x6c, 0xc4, 0xde, 0x98, 0x7,
    0xfa, 0x94, 0x67, 0x2c, 0xcb, 0x40, 0x3f, 0xca,
    0x10, 0xc6, 0x9c, 0x2, 0x60, 0x10, 0xee, 0x9c,
    0x0, 0x21, 0xe0, 0x13, 0x0, 0x4, 0x3, 0x11,
    0x38, 0x0, 0xc0, 0xd7, 0x15, 0x60, 0x84, 0x1,
    0xe, 0xea, 0x0, 0x10, 0xe0, 0x8e, 0xa0, 0xb4,
    0x1, 0xc4, 0x41, 0x0, 0xa3, 0xd4, 0xb, 0xa8,
    0x40, 0x3f, 0xf8, 0x24, 0x2, 0x20, 0x8, 0x40,
    0x3d, 0x1b, 0xb7, 0x38, 0x1f, 0xfe, 0xc0, 0xf,
    0x79, 0x14, 0x20, 0x1c, 0x24, 0xc0, 0x1e, 0x7e,
    0xed, 0xff, 0xdd, 0xb6, 0x1, 0xf0, 0x8e, 0x0,
    0xff, 0xe1, 0x0,

    /* U+D655 "확" */
    0x0, 0xe5, 0x74, 0x0, 0xff, 0xe1, 0xcc, 0x68,
    0x6, 0x5f, 0xe0, 0x8, 0x77, 0x71, 0x83, 0x6e,
    0xd6, 0x1, 0xf1, 0x16, 0x0, 0x88, 0xa7, 0x0,
    0xf0, 0xff, 0xba, 0x5d, 0xa2, 0xbf, 0xd8, 0x1,
    0xfa, 0x3a, 0x5d, 0xa2, 0xb9, 0x0, 0x3f, 0x13,
    0x84, 0x6f, 0x6a, 0x8d, 0x0, 0x7e, 0x10, 0x1,
    0x90, 0x91, 0x0, 0x40, 0x21, 0xff, 0x30, 0x1a,
    0x5, 0xff, 0x7b, 0x83, 0x80, 0x61, 0x11, 0x80,
    0x2e, 0x94, 0x4, 0x4d, 0x70, 0x1, 0xf, 0x71,
    0x40, 0x44, 0x96, 0x60, 0x96, 0xe6, 0x80, 0x1e,
    0x9e, 0xec, 0x60, 0xbb, 0x98, 0xb0, 0xf, 0x78,
    0x91, 0x63, 0x44, 0x2b, 0x30, 0xc0, 0x39, 0xbb,
    0x51, 0xdc, 0xc2, 0x20, 0x33, 0x69, 0xa8, 0x7,
    0x91, 0x57, 0xf2, 0x1a, 0x80, 0x7b, 0xb3, 0x3f,
    0x40, 0x7, 0xe3, 0x3f, 0xe2, 0x0, 0xff, 0xe5,
    0x80,

    /* U+D68C "회" */
    0x0, 0xff, 0xe5, 0xef, 0xc0, 0x7, 0x2f, 0x68,
    0x7, 0xff, 0x8, 0xc4, 0xc0, 0xae, 0xf1, 0x2,
    0xdd, 0xd4, 0x1, 0xc2, 0x89, 0x80, 0x4, 0x89,
    0x80, 0x38, 0x9d, 0xff, 0xd2, 0x1, 0xc3, 0x10,
    0x90, 0x23, 0x2e, 0x88, 0x38, 0x7, 0xcb, 0xce,
    0xa8, 0xb3, 0xc4, 0x1, 0xf0, 0xd0, 0x1d, 0xed,
    0x8, 0xa4, 0x3, 0xe5, 0x0, 0x6a, 0x12, 0xc0,
    0x28, 0x7, 0xcc, 0x0, 0x50, 0xb, 0xc0, 0xc0,
    0x3e, 0x23, 0xb, 0xb4, 0xe3, 0x4, 0x0, 0x7e,
    0xd5, 0x4, 0x63, 0x19, 0x50, 0xf, 0xc3, 0x5c,
    0x40, 0xdc, 0xc0, 0x1f, 0xf0, 0x80, 0x4, 0x3,
    0x8, 0x4, 0x3b, 0xb7, 0x70, 0x81, 0xff, 0xf6,
    0x80, 0x42, 0x45, 0x8, 0x80, 0x38, 0x49, 0xc0,
    0x37, 0x77, 0x7f, 0xf7, 0x6d, 0x80, 0x61, 0x1e,
    0x0, 0xff, 0x80,

    /* U+D69F "횟" */
    0x0, 0xe6, 0x84, 0x0, 0xff, 0xe1, 0x5b, 0xe0,
    0x7, 0x7f, 0x98, 0x1, 0x99, 0x88, 0x1b, 0x32,
    0x80, 0xe, 0x12, 0x2c, 0x22, 0x2, 0x2c, 0x1,
    0xc3, 0xdc, 0xc9, 0x74, 0x6b, 0xee, 0x50, 0x7,
    0xd5, 0xb0, 0xca, 0xf5, 0xc8, 0x1, 0xf1, 0xa8,
    0x4f, 0x7e, 0xa0, 0xc8, 0x7, 0xce, 0x0, 0x41,
    0x2, 0x30, 0x30, 0xf, 0x90, 0xc3, 0x75, 0x9c,
    0xe1, 0x0, 0x1f, 0xb2, 0xc, 0x8c, 0x16, 0xd8,
    0x3, 0xf9, 0xf4, 0x81, 0xa1, 0xcd, 0x4, 0x3,
    0x77, 0xfd, 0xc4, 0xf, 0xb9, 0x8b, 0x70, 0xc,
    0x84, 0x43, 0x39, 0x10, 0xac, 0xc7, 0x50, 0xd,
    0x5b, 0xac, 0xca, 0xed, 0xa1, 0xb0, 0x60, 0x1f,
    0xfc, 0x9, 0x6f, 0x0, 0x66, 0x1c, 0x3, 0xe1,
    0xc1, 0x4, 0x90, 0x33, 0x8, 0x7, 0x25, 0x71,
    0x95, 0xb, 0x74, 0x18, 0x6, 0xbf, 0xb5, 0x7,
    0xd5, 0xf6, 0x17, 0xcf, 0x70, 0x4, 0x92, 0xd7,
    0xc0, 0x0, 0x67, 0xa1, 0xd, 0xc0,

    /* U+D6A8 "효" */
    0x0, 0xfb, 0x3e, 0x0, 0x3f, 0x84, 0x78, 0x2,
    0x11, 0xe0, 0xa, 0x7b, 0xb8, 0xc1, 0xfb, 0xb9,
    0x40, 0x18, 0xab, 0xff, 0xc1, 0x60, 0x2, 0xd5,
    0x5c, 0x40, 0x3, 0xd9, 0xaa, 0x8c, 0x3, 0x27,
    0x5b, 0xaa, 0x9a, 0x33, 0x2, 0x1, 0xc5, 0x62,
    0x73, 0x98, 0xb8, 0x13, 0xc0, 0xe, 0xa0, 0x1c,
    0x63, 0x32, 0x3d, 0x1, 0x18, 0x7, 0xff, 0x5,
    0xc0, 0x3e, 0xa0, 0x1c, 0x53, 0x23, 0x7d, 0x2,
    0x30, 0xc, 0x56, 0x27, 0x59, 0xb9, 0x2, 0x5e,
    0x1, 0xe4, 0x50, 0x25, 0x45, 0x0, 0x51, 0x0,
    0x7f, 0x25, 0x5d, 0x8, 0x7, 0x88, 0xb3, 0x81,
    0x91, 0x40, 0xf, 0x22, 0x87, 0x37, 0x63, 0x5,
    0xdd, 0x84, 0x1f, 0x76, 0xb5, 0x33, 0xff, 0xe1,
    0x90,

    /* U+D6C4 "후" */
    0x0, 0xf9, 0x18, 0xc0, 0x3f, 0xf8, 0x51, 0x36,
    0x1, 0xf9, 0x2a, 0xb8, 0x81, 0x6a, 0xb8, 0x80,
    0x6, 0xab, 0xc2, 0x4, 0xab, 0xc2, 0x0, 0x5b,
    0xbd, 0x53, 0x35, 0xdf, 0x18, 0x0, 0x91, 0x7,
    0x35, 0x33, 0x5c, 0xa, 0x20, 0x3, 0xb6, 0x8,
    0x88, 0x83, 0x3, 0xa9, 0x0, 0xe5, 0x20, 0xbd,
    0xbb, 0x67, 0xb8, 0x30, 0x80, 0x7f, 0xf2, 0x54,
    0x82, 0xfb, 0x2f, 0x3d, 0xc1, 0x84, 0x3, 0xb6,
    0x8, 0x4d, 0xc, 0x12, 0xa4, 0x3, 0xe7, 0xde,
    0xdd, 0x77, 0xda, 0x80, 0x6e, 0xff, 0xee, 0xdd,
    0x77, 0xff, 0xa8, 0xc4, 0x7c, 0x1, 0x8, 0xf8,
    0xf7, 0xbb, 0xc6, 0xf, 0xdd, 0xe9, 0x0, 0xff,
    0xf3, 0x80,

    /* U+D788 "히" */
    0x0, 0xd3, 0xf8, 0x1, 0xcb, 0xfe, 0x0, 0xff,
    0xe1, 0xc5, 0x54, 0x80, 0x55, 0x58, 0x3, 0x32,
    0xac, 0x40, 0x2a, 0xb8, 0x40, 0x2d, 0xcc, 0xff,
    0x8, 0x4, 0x67, 0x27, 0xf7, 0xd9, 0x19, 0x80,
    0x38, 0x76, 0xc, 0x8d, 0xfc, 0xc0, 0x3d, 0x64,
    0x35, 0xd6, 0x43, 0xc0, 0x1e, 0x50, 0x85, 0x14,
    0xe0, 0x23, 0x0, 0xc2, 0x0, 0x50, 0x8, 0xc0,
    0xe, 0x1, 0x84, 0x0, 0x80, 0x12, 0x0, 0x18,
    0x3, 0x98, 0x21, 0xd1, 0xa8, 0xc, 0x80, 0x3a,
    0x50, 0x22, 0xe4, 0x4b, 0x40, 0x3e, 0xba, 0x64,
    0x59, 0xd1, 0x0, 0xfc, 0xb3, 0x74, 0xc0, 0x1f,
    0xfd, 0x90
};


/*---------------------
 *  GLYPH DESCRIPTION
 *--------------------*/

static const lv_font_fmt_txt_glyph_dsc_t glyph_dsc[] = {
    {.bitmap_index = 0, .adv_w = 0, .box_w = 0, .box_h = 0, .ofs_x = 0, .ofs_y = 0} /* id = 0 reserved */,
    {.bitmap_index = 0, .adv_w = 107, .box_w = 0, .box_h = 0, .ofs_x = 0, .ofs_y = 0},
    {.bitmap_index = 0, .adv_w = 98, .box_w = 4, .box_h = 14, .ofs_x = 1, .ofs_y = 0},
    {.bitmap_index = 24, .adv_w = 145, .box_w = 7, .box_h = 5, .ofs_x = 1, .ofs_y = 9},
    {.bitmap_index = 42, .adv_w = 185, .box_w = 12, .box_h = 14, .ofs_x = 0, .ofs_y = 0},
    {.bitmap_index = 120, .adv_w = 176, .box_w = 10, .box_h = 18, .ofs_x = 1, .ofs_y = -2},
    {.bitmap_index = 196, .adv_w = 266, .box_w = 16, .box_h = 14, .ofs_x = 0, .ofs_y = 0},
    {.bitmap_index = 299, .adv_w = 261, .box_w = 16, .box_h = 14, .ofs_x = 0, .ofs_y = 0},
    {.bitmap_index = 403, .adv_w = 86, .box_w = 3, .box_h = 5, .ofs_x = 1, .ofs_y = 9},
    {.bitmap_index = 411, .adv_w = 109, .box_w = 6, .box_h = 17, .ofs_x = 1, .ofs_y = -3},
    {.bitmap_index = 462, .adv_w = 109, .box_w = 6, .box_h = 17, .ofs_x = 0, .ofs_y = -3},
    {.bitmap_index = 511, .adv_w = 139, .box_w = 8, .box_h = 8, .ofs_x = 0, .ofs_y = 6},
    {.bitmap_index = 543, .adv_w = 219, .box_w = 10, .box_h = 10, .ofs_x = 2, .ofs_y = 0},
    {.bitmap_index = 568, .adv_w = 80, .box_w = 4, .box_h = 5, .ofs_x = 0, .ofs_y = -2},
    {.bitmap_index = 579, .adv_w = 126, .box_w = 6, .box_h = 2, .ofs_x = 1, .ofs_y = 4},
    {.bitmap_index = 584, .adv_w = 80, .box_w = 5, .box_h = 3, .ofs_x = 0, .ofs_y = 0},
    {.bitmap_index = 592, .adv_w = 133, .box_w = 10, .box_h = 16, .ofs_x = -1, .ofs_y = -2},
    {.bitmap_index = 650, .adv_w = 176, .box_w = 11, .box_h = 14, .ofs_x = 0, .ofs_y = 0},
    {.bitmap_index = 724, .adv_w = 176, .box_w = 6, .box_h = 14, .ofs_x = 2, .ofs_y = 0},
    {.bitmap_index = 741, .adv_w = 176, .box_w = 9, .box_h = 14, .ofs_x = 1, .ofs_y = 0},
    {.bitmap_index = 797, .adv_w = 176, .box_w = 9, .box_h = 14, .ofs_x = 1, .ofs_y = 0},
    {.bitmap_index = 856, .adv_w = 176, .box_w = 11, .box_h = 14, .ofs_x = 0, .ofs_y = 0},
    {.bitmap_index = 906, .adv_w = 176, .box_w = 9, .box_h = 14, .ofs_x = 1, .ofs_y = 0},
    {.bitmap_index = 962, .adv_w = 176, .box_w = 11, .box_h = 14, .ofs_x = 0, .ofs_y = 0},
    {.bitmap_index = 1034, .adv_w = 176, .box_w = 11, .box_h = 14, .ofs_x = 0, .ofs_y = 0},
    {.bitmap_index = 1087, .adv_w = 176, .box_w = 11, .box_h = 14, .ofs_x = 0, .ofs_y = 0},
    {.bitmap_index = 1163, .adv_w = 176, .box_w = 11, .box_h = 14, .ofs_x = 0, .ofs_y = 0},
    {.bitmap_index = 1238, .adv_w = 80, .box_w = 5, .box_h = 10, .ofs_x = 0, .ofs_y = 0},
    {.bitmap_index = 1259, .adv_w = 80, .box_w = 5, .box_h = 12, .ofs_x = 0, .ofs_y = -2},
    {.bitmap_index = 1285, .adv_w = 219, .box_w = 10, .box_h = 11, .ofs_x = 2, .ofs_y = 0},
    {.bitmap_index = 1332, .adv_w = 219, .box_w = 10, .box_h = 6, .ofs_x = 2, .ofs_y = 3},
    {.bitmap_index = 1348, .adv_w = 219, .box_w = 10, .box_h = 11, .ofs_x = 2, .ofs_y = 0},
    {.bitmap_index = 1394, .adv_w = 137, .box_w = 9, .box_h = 14, .ofs_x = 0, .ofs_y = 0},
    {.bitmap_index = 1449, .adv_w = 298, .box_w = 17, .box_h = 16, .ofs_x = 1, .ofs_y = -2},
    {.bitmap_index = 1576, .adv_w = 214, .box_w = 14, .box_h = 14, .ofs_x = 0, .ofs_y = 0},
    {.bitmap_index = 1655, .adv_w = 194, .box_w = 11, .box_h = 14, .ofs_x = 1, .ofs_y = 0},
    {.bitmap_index = 1714, .adv_w = 194, .box_w = 12, .box_h = 14, .ofs_x = 0, .ofs_y = 0},
    {.bitmap_index = 1784, .adv_w = 227, .box_w = 13, .box_h = 14, .ofs_x = 1, .ofs_y = 0},
    {.bitmap_index = 1851, .adv_w = 164, .box_w = 9, .box_h = 14, .ofs_x = 1, .ofs_y = 0},
    {.bitmap_index = 1888, .adv_w = 159, .box_w = 9, .box_h = 14, .ofs_x = 1, .ofs_y = 0},
    {.bitmap_index = 1917, .adv_w = 220, .box_w = 13, .box_h = 14, .ofs_x = 0, .ofs_y = 0},
    {.bitmap_index = 1995, .adv_w = 234, .box_w = 12, .box_h = 14, .ofs_x = 1, .ofs_y = 0},
    {.bitmap_index = 2019, .adv_w = 94, .box_w = 4, .box_h = 14, .ofs_x = 1, .ofs_y = 0},
    {.bitmap_index = 2025, .adv_w = 131, .box_w = 7, .box_h = 14, .ofs_x = 0, .ofs_y = 0},
    {.bitmap_index = 2048, .adv_w = 196, .box_w = 12, .box_h = 14, .ofs_x = 1, .ofs_y = 0},
    {.bitmap_index = 2109, .adv_w = 156, .box_w = 9, .box_h = 14, .ofs_x = 1, .ofs_y = 0},
    {.bitmap_index = 2126, .adv_w = 293, .box_w = 16, .box_h = 14, .ofs_x = 1, .ofs_y = 0},
    {.bitmap_index = 2207, .adv_w = 243, .box_w = 13, .box_h = 14, .ofs_x = 1, .ofs_y = 0},
    {.bitmap_index = 2265, .adv_w = 236, .box_w = 14, .box_h = 14, .ofs_x = 0, .ofs_y = 0},
    {.bitmap_index = 2352, .adv_w = 187, .box_w = 11, .box_h = 14, .ofs_x = 1, .ofs_y = 0},
    {.bitmap_index = 2400, .adv_w = 236, .box_w = 16, .box_h = 16, .ofs_x = 0, .ofs_y = -2},
    {.bitmap_index = 2508, .adv_w = 199, .box_w = 12, .box_h = 14, .ofs_x = 1, .ofs_y = 0},
    {.bitmap_index = 2568, .adv_w = 172, .box_w = 10, .box_h = 14, .ofs_x = 0, .ofs_y = 0},
    {.bitmap_index = 2635, .adv_w = 177, .box_w = 11, .box_h = 14, .ofs_x = 0, .ofs_y = 0},
    {.bitmap_index = 2657, .adv_w = 222, .box_w = 12, .box_h = 14, .ofs_x = 1, .ofs_y = 0},
    {.bitmap_index = 2702, .adv_w = 204, .box_w = 13, .box_h = 14, .ofs_x = 0, .ofs_y = 0},
    {.bitmap_index = 2782, .adv_w = 307, .box_w = 19, .box_h = 14, .ofs_x = 0, .ofs_y = 0},
    {.bitmap_index = 2908, .adv_w = 199, .box_w = 13, .box_h = 14, .ofs_x = 0, .ofs_y = 0},
    {.bitmap_index = 2989, .adv_w = 184, .box_w = 12, .box_h = 14, .ofs_x = 0, .ofs_y = 0},
    {.bitmap_index = 3045, .adv_w = 186, .box_w = 12, .box_h = 14, .ofs_x = 0, .ofs_y = 0},
    {.bitmap_index = 3103, .adv_w = 109, .box_w = 5, .box_h = 17, .ofs_x = 2, .ofs_y = -3},
    {.bitmap_index = 3118, .adv_w = 232, .box_w = 16, .box_h = 14, .ofs_x = -1, .ofs_y = 0},
    {.bitmap_index = 3227, .adv_w = 109, .box_w = 5, .box_h = 17, .ofs_x = 0, .ofs_y = -3},
    {.bitmap_index = 3242, .adv_w = 219, .box_w = 10, .box_h = 8, .ofs_x = 2, .ofs_y = 6},
    {.bitmap_index = 3278, .adv_w = 129, .box_w = 9, .box_h = 2, .ofs_x = 0, .ofs_y = -4},
    {.bitmap_index = 3283, .adv_w = 94, .box_w = 6, .box_h = 3, .ofs_x = 0, .ofs_y = 11},
    {.bitmap_index = 3293, .adv_w = 165, .box_w = 10, .box_h = 10, .ofs_x = 0, .ofs_y = 0},
    {.bitmap_index = 3342, .adv_w = 190, .box_w = 11, .box_h = 14, .ofs_x = 1, .ofs_y = 0},
    {.bitmap_index = 3395, .adv_w = 148, .box_w = 9, .box_h = 10, .ofs_x = 0, .ofs_y = 0},
    {.bitmap_index = 3437, .adv_w = 190, .box_w = 11, .box_h = 14, .ofs_x = 0, .ofs_y = 0},
    {.bitmap_index = 3491, .adv_w = 167, .box_w = 10, .box_h = 10, .ofs_x = 0, .ofs_y = 0},
    {.bitmap_index = 3539, .adv_w = 113, .box_w = 8, .box_h = 14, .ofs_x = 0, .ofs_y = 0},
    {.bitmap_index = 3568, .adv_w = 190, .box_w = 11, .box_h = 14, .ofs_x = 0, .ofs_y = -4},
    {.bitmap_index = 3641, .adv_w = 185, .box_w = 10, .box_h = 14, .ofs_x = 1, .ofs_y = 0},
    {.bitmap_index = 3672, .adv_w = 83, .box_w = 4, .box_h = 14, .ofs_x = 1, .ofs_y = 0},
    {.bitmap_index = 3685, .adv_w = 85, .box_w = 7, .box_h = 18, .ofs_x = -2, .ofs_y = -4},
    {.bitmap_index = 3718, .adv_w = 169, .box_w = 10, .box_h = 14, .ofs_x = 1, .ofs_y = 0},
    {.bitmap_index = 3761, .adv_w = 83, .box_w = 3, .box_h = 14, .ofs_x = 1, .ofs_y = 0},
    {.bitmap_index = 3766, .adv_w = 281, .box_w = 16, .box_h = 10, .ofs_x = 1, .ofs_y = 0},
    {.bitmap_index = 3811, .adv_w = 185, .box_w = 10, .box_h = 10, .ofs_x = 1, .ofs_y = 0},
    {.bitmap_index = 3841, .adv_w = 188, .box_w = 12, .box_h = 10, .ofs_x = 0, .ofs_y = 0},
    {.bitmap_index = 3898, .adv_w = 190, .box_w = 11, .box_h = 14, .ofs_x = 1, .ofs_y = -4},
    {.bitmap_index = 3955, .adv_w = 190, .box_w = 11, .box_h = 14, .ofs_x = 0, .ofs_y = -4},
    {.bitmap_index = 4012, .adv_w = 120, .box_w = 7, .box_h = 11, .ofs_x = 1, .ofs_y = 0},
    {.bitmap_index = 4031, .adv_w = 140, .box_w = 8, .box_h = 10, .ofs_x = 1, .ofs_y = 0},
    {.bitmap_index = 4071, .adv_w = 117, .box_w = 7, .box_h = 13, .ofs_x = 0, .ofs_y = 0},
    {.bitmap_index = 4101, .adv_w = 185, .box_w = 10, .box_h = 10, .ofs_x = 1, .ofs_y = 0},
    {.bitmap_index = 4130, .adv_w = 163, .box_w = 11, .box_h = 10, .ofs_x = 0, .ofs_y = 0},
    {.bitmap_index = 4181, .adv_w = 242, .box_w = 15, .box_h = 10, .ofs_x = 0, .ofs_y = 0},
    {.bitmap_index = 4257, .adv_w = 164, .box_w = 11, .box_h = 10, .ofs_x = 0, .ofs_y = 0},
    {.bitmap_index = 4309, .adv_w = 163, .box_w = 11, .box_h = 14, .ofs_x = 0, .ofs_y = -4},
    {.bitmap_index = 4378, .adv_w = 147, .box_w = 9, .box_h = 10, .ofs_x = 0, .ofs_y = 0},
    {.bitmap_index = 4414, .adv_w = 109, .box_w = 7, .box_h = 17, .ofs_x = 0, .ofs_y = -3},
    {.bitmap_index = 4462, .adv_w = 94, .box_w = 3, .box_h = 20, .ofs_x = 1, .ofs_y = -4},
    {.bitmap_index = 4469, .adv_w = 109, .box_w = 6, .box_h = 17, .ofs_x = 0, .ofs_y = -3},
    {.bitmap_index = 4513, .adv_w = 219, .box_w = 11, .box_h = 3, .ofs_x = 1, .ofs_y = 4},
    {.bitmap_index = 4530, .adv_w = 118, .box_w = 6, .box_h = 7, .ofs_x = 1, .ofs_y = 8},
    {.bitmap_index = 4550, .adv_w = 219, .box_w = 10, .box_h = 12, .ofs_x = 2, .ofs_y = 0},
    {.bitmap_index = 4582, .adv_w = 80, .box_w = 5, .box_h = 3, .ofs_x = 0, .ofs_y = 5},
    {.bitmap_index = 4590, .adv_w = 219, .box_w = 10, .box_h = 10, .ofs_x = 2, .ofs_y = 1},
    {.bitmap_index = 4636, .adv_w = 156, .box_w = 10, .box_h = 2, .ofs_x = 0, .ofs_y = 4},
    {.bitmap_index = 4641, .adv_w = 312, .box_w = 20, .box_h = 2, .ofs_x = 0, .ofs_y = 4},
    {.bitmap_index = 4649, .adv_w = 85, .box_w = 5, .box_h = 5, .ofs_x = 0, .ofs_y = 9},
    {.bitmap_index = 4662, .adv_w = 85, .box_w = 4, .box_h = 5, .ofs_x = 1, .ofs_y = 9},
    {.bitmap_index = 4673, .adv_w = 143, .box_w = 8, .box_h = 5, .ofs_x = 0, .ofs_y = 9},
    {.bitmap_index = 4694, .adv_w = 143, .box_w = 8, .box_h = 5, .ofs_x = 1, .ofs_y = 9},
    {.bitmap_index = 4715, .adv_w = 127, .box_w = 6, .box_h = 5, .ofs_x = 1, .ofs_y = 3},
    {.bitmap_index = 4730, .adv_w = 268, .box_w = 15, .box_h = 3, .ofs_x = 1, .ofs_y = 0},
    {.bitmap_index = 4753, .adv_w = 289, .box_w = 18, .box_h = 15, .ofs_x = 0, .ofs_y = -1},
    {.bitmap_index = 4854, .adv_w = 304, .box_w = 17, .box_h = 8, .ofs_x = 1, .ofs_y = 2},
    {.bitmap_index = 4895, .adv_w = 304, .box_w = 19, .box_h = 17, .ofs_x = 0, .ofs_y = -1},
    {.bitmap_index = 4981, .adv_w = 304, .box_w = 18, .box_h = 17, .ofs_x = 1, .ofs_y = -1},
    {.bitmap_index = 5065, .adv_w = 304, .box_w = 18, .box_h = 17, .ofs_x = 1, .ofs_y = -1},
    {.bitmap_index = 5154, .adv_w = 304, .box_w = 18, .box_h = 17, .ofs_x = 1, .ofs_y = -1},
    {.bitmap_index = 5243, .adv_w = 304, .box_w = 17, .box_h = 18, .ofs_x = 1, .ofs_y = -2},
    {.bitmap_index = 5361, .adv_w = 304, .box_w = 17, .box_h = 17, .ofs_x = 0, .ofs_y = -1},
    {.bitmap_index = 5442, .adv_w = 304, .box_w = 16, .box_h = 17, .ofs_x = 1, .ofs_y = -1},
    {.bitmap_index = 5523, .adv_w = 304, .box_w = 16, .box_h = 17, .ofs_x = 1, .ofs_y = -1},
    {.bitmap_index = 5604, .adv_w = 304, .box_w = 17, .box_h = 18, .ofs_x = 1, .ofs_y = -2},
    {.bitmap_index = 5718, .adv_w = 304, .box_w = 16, .box_h = 17, .ofs_x = 1, .ofs_y = -1},
    {.bitmap_index = 5792, .adv_w = 304, .box_w = 16, .box_h = 17, .ofs_x = 1, .ofs_y = -1},
    {.bitmap_index = 5884, .adv_w = 304, .box_w = 16, .box_h = 17, .ofs_x = 1, .ofs_y = -1},
    {.bitmap_index = 5996, .adv_w = 304, .box_w = 16, .box_h = 17, .ofs_x = 1, .ofs_y = -1},
    {.bitmap_index = 6077, .adv_w = 304, .box_w = 17, .box_h = 15, .ofs_x = 1, .ofs_y = 0},
    {.bitmap_index = 6145, .adv_w = 304, .box_w = 17, .box_h = 17, .ofs_x = 1, .ofs_y = -1},
    {.bitmap_index = 6249, .adv_w = 304, .box_w = 19, .box_h = 17, .ofs_x = 0, .ofs_y = -1},
    {.bitmap_index = 6343, .adv_w = 304, .box_w = 19, .box_h = 17, .ofs_x = 0, .ofs_y = -1},
    {.bitmap_index = 6440, .adv_w = 304, .box_w = 17, .box_h = 15, .ofs_x = 1, .ofs_y = 0},
    {.bitmap_index = 6504, .adv_w = 304, .box_w = 17, .box_h = 16, .ofs_x = 1, .ofs_y = -1},
    {.bitmap_index = 6559, .adv_w = 304, .box_w = 17, .box_h = 14, .ofs_x = 1, .ofs_y = 1},
    {.bitmap_index = 6611, .adv_w = 304, .box_w = 17, .box_h = 16, .ofs_x = 1, .ofs_y = -1},
    {.bitmap_index = 6672, .adv_w = 304, .box_w = 17, .box_h = 17, .ofs_x = 1, .ofs_y = -1},
    {.bitmap_index = 6744, .adv_w = 304, .box_w = 16, .box_h = 17, .ofs_x = 1, .ofs_y = -1},
    {.bitmap_index = 6813, .adv_w = 304, .box_w = 16, .box_h = 17, .ofs_x = 1, .ofs_y = -1},
    {.bitmap_index = 6890, .adv_w = 304, .box_w = 16, .box_h = 17, .ofs_x = 1, .ofs_y = -1},
    {.bitmap_index = 6989, .adv_w = 304, .box_w = 17, .box_h = 14, .ofs_x = 1, .ofs_y = 1},
    {.bitmap_index = 7066, .adv_w = 304, .box_w = 17, .box_h = 17, .ofs_x = 1, .ofs_y = -1},
    {.bitmap_index = 7176, .adv_w = 304, .box_w = 17, .box_h = 17, .ofs_x = 1, .ofs_y = -1},
    {.bitmap_index = 7269, .adv_w = 304, .box_w = 17, .box_h = 17, .ofs_x = 2, .ofs_y = -1},
    {.bitmap_index = 7327, .adv_w = 304, .box_w = 17, .box_h = 17, .ofs_x = 2, .ofs_y = -1},
    {.bitmap_index = 7402, .adv_w = 304, .box_w = 15, .box_h = 17, .ofs_x = 2, .ofs_y = -1},
    {.bitmap_index = 7449, .adv_w = 304, .box_w = 15, .box_h = 17, .ofs_x = 2, .ofs_y = -1},
    {.bitmap_index = 7542, .adv_w = 304, .box_w = 15, .box_h = 17, .ofs_x = 2, .ofs_y = -1},
    {.bitmap_index = 7622, .adv_w = 304, .box_w = 15, .box_h = 17, .ofs_x = 2, .ofs_y = -1},
    {.bitmap_index = 7669, .adv_w = 304, .box_w = 16, .box_h = 18, .ofs_x = 2, .ofs_y = -2},
    {.bitmap_index = 7774, .adv_w = 304, .box_w = 17, .box_h = 15, .ofs_x = 1, .ofs_y = 0},
    {.bitmap_index = 7819, .adv_w = 304, .box_w = 17, .box_h = 17, .ofs_x = 1, .ofs_y = -1},
    {.bitmap_index = 7897, .adv_w = 304, .box_w = 17, .box_h = 16, .ofs_x = 1, .ofs_y = -1},
    {.bitmap_index = 7944, .adv_w = 304, .box_w = 17, .box_h = 17, .ofs_x = 1, .ofs_y = -1},
    {.bitmap_index = 8017, .adv_w = 304, .box_w = 17, .box_h = 16, .ofs_x = 1, .ofs_y = -1},
    {.bitmap_index = 8069, .adv_w = 304, .box_w = 17, .box_h = 17, .ofs_x = 1, .ofs_y = -1},
    {.bitmap_index = 8151, .adv_w = 304, .box_w = 15, .box_h = 17, .ofs_x = 2, .ofs_y = -1},
    {.bitmap_index = 8188, .adv_w = 304, .box_w = 17, .box_h = 17, .ofs_x = 2, .ofs_y = -1},
    {.bitmap_index = 8252, .adv_w = 304, .box_w = 17, .box_h = 17, .ofs_x = 2, .ofs_y = -1},
    {.bitmap_index = 8321, .adv_w = 304, .box_w = 17, .box_h = 17, .ofs_x = 2, .ofs_y = -1},
    {.bitmap_index = 8398, .adv_w = 304, .box_w = 16, .box_h = 17, .ofs_x = 1, .ofs_y = -1},
    {.bitmap_index = 8456, .adv_w = 304, .box_w = 16, .box_h = 17, .ofs_x = 1, .ofs_y = -1},
    {.bitmap_index = 8518, .adv_w = 304, .box_w = 16, .box_h = 17, .ofs_x = 1, .ofs_y = -1},
    {.bitmap_index = 8604, .adv_w = 304, .box_w = 17, .box_h = 15, .ofs_x = 1, .ofs_y = 0},
    {.bitmap_index = 8663, .adv_w = 304, .box_w = 17, .box_h = 17, .ofs_x = 1, .ofs_y = -1},
    {.bitmap_index = 8742, .adv_w = 304, .box_w = 17, .box_h = 17, .ofs_x = 1, .ofs_y = -1},
    {.bitmap_index = 8833, .adv_w = 304, .box_w = 17, .box_h = 17, .ofs_x = 0, .ofs_y = -1},
    {.bitmap_index = 8904, .adv_w = 304, .box_w = 16, .box_h = 17, .ofs_x = 1, .ofs_y = -1},
    {.bitmap_index = 8991, .adv_w = 304, .box_w = 16, .box_h = 17, .ofs_x = 1, .ofs_y = -1},
    {.bitmap_index = 9075, .adv_w = 304, .box_w = 17, .box_h = 15, .ofs_x = 1, .ofs_y = 0},
    {.bitmap_index = 9128, .adv_w = 304, .box_w = 17, .box_h = 17, .ofs_x = 1, .ofs_y = -1},
    {.bitmap_index = 9216, .adv_w = 304, .box_w = 17, .box_h = 17, .ofs_x = 2, .ofs_y = -1},
    {.bitmap_index = 9292, .adv_w = 304, .box_w = 16, .box_h = 17, .ofs_x = 1, .ofs_y = -1},
    {.bitmap_index = 9358, .adv_w = 304, .box_w = 16, .box_h = 17, .ofs_x = 1, .ofs_y = -1},
    {.bitmap_index = 9441, .adv_w = 304, .box_w = 17, .box_h = 17, .ofs_x = 2, .ofs_y = -1},
    {.bitmap_index = 9554, .adv_w = 304, .box_w = 15, .box_h = 17, .ofs_x = 2, .ofs_y = -1},
    {.bitmap_index = 9622, .adv_w = 304, .box_w = 15, .box_h = 17, .ofs_x = 2, .ofs_y = -1},
    {.bitmap_index = 9729, .adv_w = 304, .box_w = 16, .box_h = 17, .ofs_x = 1, .ofs_y = -1},
    {.bitmap_index = 9790, .adv_w = 304, .box_w = 15, .box_h = 17, .ofs_x = 2, .ofs_y = -1},
    {.bitmap_index = 9871, .adv_w = 304, .box_w = 17, .box_h = 15, .ofs_x = 1, .ofs_y = 0},
    {.bitmap_index = 9936, .adv_w = 304, .box_w = 17, .box_h = 17, .ofs_x = 1, .ofs_y = -1},
    {.bitmap_index = 10013, .adv_w = 304, .box_w = 17, .box_h = 17, .ofs_x = 1, .ofs_y = -1},
    {.bitmap_index = 10095, .adv_w = 304, .box_w = 17, .box_h = 18, .ofs_x = 1, .ofs_y = -2},
    {.bitmap_index = 10199, .adv_w = 304, .box_w = 17, .box_h = 15, .ofs_x = 1, .ofs_y = 0},
    {.bitmap_index = 10275, .adv_w = 304, .box_w = 17, .box_h = 17, .ofs_x = 1, .ofs_y = -1},
    {.bitmap_index = 10340, .adv_w = 304, .box_w = 17, .box_h = 15, .ofs_x = 1, .ofs_y = 0},
    {.bitmap_index = 10398, .adv_w = 304, .box_w = 17, .box_h = 17, .ofs_x = 1, .ofs_y = -1},
    {.bitmap_index = 10463, .adv_w = 304, .box_w = 17, .box_h = 17, .ofs_x = 1, .ofs_y = -1},
    {.bitmap_index = 10539, .adv_w = 304, .box_w = 14, .box_h = 17, .ofs_x = 2, .ofs_y = -1},
    {.bitmap_index = 10597, .adv_w = 304, .box_w = 15, .box_h = 17, .ofs_x = 2, .ofs_y = -1},
    {.bitmap_index = 10670, .adv_w = 304, .box_w = 15, .box_h = 17, .ofs_x = 2, .ofs_y = -1},
    {.bitmap_index = 10748, .adv_w = 304, .box_w = 15, .box_h = 17, .ofs_x = 2, .ofs_y = -1},
    {.bitmap_index = 10823, .adv_w = 304, .box_w = 15, .box_h = 17, .ofs_x = 2, .ofs_y = -1},
    {.bitmap_index = 10921, .adv_w = 304, .box_w = 17, .box_h = 17, .ofs_x = 2, .ofs_y = -1},
    {.bitmap_index = 10978, .adv_w = 304, .box_w = 17, .box_h = 17, .ofs_x = 2, .ofs_y = -1},
    {.bitmap_index = 11041, .adv_w = 304, .box_w = 17, .box_h = 17, .ofs_x = 2, .ofs_y = -1},
    {.bitmap_index = 11105, .adv_w = 304, .box_w = 17, .box_h = 17, .ofs_x = 2, .ofs_y = -1},
    {.bitmap_index = 11183, .adv_w = 304, .box_w = 16, .box_h = 17, .ofs_x = 1, .ofs_y = -1},
    {.bitmap_index = 11232, .adv_w = 304, .box_w = 15, .box_h = 17, .ofs_x = 2, .ofs_y = -1},
    {.bitmap_index = 11308, .adv_w = 304, .box_w = 17, .box_h = 15, .ofs_x = 1, .ofs_y = 0},
    {.bitmap_index = 11359, .adv_w = 304, .box_w = 17, .box_h = 17, .ofs_x = 1, .ofs_y = -1},
    {.bitmap_index = 11425, .adv_w = 304, .box_w = 17, .box_h = 16, .ofs_x = 1, .ofs_y = -1},
    {.bitmap_index = 11477, .adv_w = 304, .box_w = 17, .box_h = 16, .ofs_x = 1, .ofs_y = -1},
    {.bitmap_index = 11546, .adv_w = 304, .box_w = 17, .box_h = 17, .ofs_x = 1, .ofs_y = -1},
    {.bitmap_index = 11624, .adv_w = 304, .box_w = 15, .box_h = 17, .ofs_x = 2, .ofs_y = -1},
    {.bitmap_index = 11667, .adv_w = 304, .box_w = 15, .box_h = 17, .ofs_x = 2, .ofs_y = -1},
    {.bitmap_index = 11729, .adv_w = 304, .box_w = 18, .box_h = 17, .ofs_x = 1, .ofs_y = -1},
    {.bitmap_index = 11815, .adv_w = 304, .box_w = 18, .box_h = 17, .ofs_x = 1, .ofs_y = -1},
    {.bitmap_index = 11917, .adv_w = 304, .box_w = 15, .box_h = 17, .ofs_x = 2, .ofs_y = -1},
    {.bitmap_index = 11970, .adv_w = 304, .box_w = 15, .box_h = 17, .ofs_x = 2, .ofs_y = -1},
    {.bitmap_index = 12043, .adv_w = 304, .box_w = 15, .box_h = 17, .ofs_x = 2, .ofs_y = -1},
    {.bitmap_index = 12123, .adv_w = 304, .box_w = 15, .box_h = 17, .ofs_x = 2, .ofs_y = -1},
    {.bitmap_index = 12208, .adv_w = 304, .box_w = 17, .box_h = 15, .ofs_x = 1, .ofs_y = 0},
    {.bitmap_index = 12272, .adv_w = 304, .box_w = 17, .box_h = 17, .ofs_x = 1, .ofs_y = -1},
    {.bitmap_index = 12331, .adv_w = 304, .box_w = 17, .box_h = 17, .ofs_x = 1, .ofs_y = -1},
    {.bitmap_index = 12406, .adv_w = 304, .box_w = 17, .box_h = 17, .ofs_x = 1, .ofs_y = -1},
    {.bitmap_index = 12489, .adv_w = 304, .box_w = 15, .box_h = 17, .ofs_x = 2, .ofs_y = -1},
    {.bitmap_index = 12535, .adv_w = 304, .box_w = 19, .box_h = 17, .ofs_x = 0, .ofs_y = -1},
    {.bitmap_index = 12614, .adv_w = 304, .box_w = 18, .box_h = 17, .ofs_x = 1, .ofs_y = -1},
    {.bitmap_index = 12699, .adv_w = 304, .box_w = 19, .box_h = 17, .ofs_x = 0, .ofs_y = -1},
    {.bitmap_index = 12813, .adv_w = 304, .box_w = 17, .box_h = 17, .ofs_x = 0, .ofs_y = -1},
    {.bitmap_index = 12889, .adv_w = 304, .box_w = 18, .box_h = 17, .ofs_x = 0, .ofs_y = -1},
    {.bitmap_index = 13003, .adv_w = 304, .box_w = 17, .box_h = 17, .ofs_x = 0, .ofs_y = -1},
    {.bitmap_index = 13077, .adv_w = 304, .box_w = 17, .box_h = 17, .ofs_x = 0, .ofs_y = -1},
    {.bitmap_index = 13171, .adv_w = 304, .box_w = 17, .box_h = 17, .ofs_x = 0, .ofs_y = -1},
    {.bitmap_index = 13278, .adv_w = 304, .box_w = 17, .box_h = 17, .ofs_x = 0, .ofs_y = -1},
    {.bitmap_index = 13348, .adv_w = 304, .box_w = 18, .box_h = 17, .ofs_x = 0, .ofs_y = -1},
    {.bitmap_index = 13434, .adv_w = 304, .box_w = 17, .box_h = 15, .ofs_x = 1, .ofs_y = 0},
    {.bitmap_index = 13516, .adv_w = 304, .box_w = 17, .box_h = 17, .ofs_x = 1, .ofs_y = -1},
    {.bitmap_index = 13603, .adv_w = 304, .box_w = 17, .box_h = 17, .ofs_x = 1, .ofs_y = -1},
    {.bitmap_index = 13718, .adv_w = 304, .box_w = 17, .box_h = 17, .ofs_x = 0, .ofs_y = -1},
    {.bitmap_index = 13810, .adv_w = 304, .box_w = 17, .box_h = 17, .ofs_x = 1, .ofs_y = -1},
    {.bitmap_index = 13886, .adv_w = 304, .box_w = 17, .box_h = 14, .ofs_x = 1, .ofs_y = 1},
    {.bitmap_index = 13960, .adv_w = 304, .box_w = 17, .box_h = 17, .ofs_x = 1, .ofs_y = -1},
    {.bitmap_index = 14052, .adv_w = 304, .box_w = 17, .box_h = 17, .ofs_x = 1, .ofs_y = -1},
    {.bitmap_index = 14147, .adv_w = 304, .box_w = 17, .box_h = 17, .ofs_x = 1, .ofs_y = -1},
    {.bitmap_index = 14260, .adv_w = 304, .box_w = 17, .box_h = 17, .ofs_x = 0, .ofs_y = -1},
    {.bitmap_index = 14328, .adv_w = 304, .box_w = 16, .box_h = 17, .ofs_x = 1, .ofs_y = -1},
    {.bitmap_index = 14405, .adv_w = 304, .box_w = 16, .box_h = 17, .ofs_x = 1, .ofs_y = -1},
    {.bitmap_index = 14482, .adv_w = 304, .box_w = 16, .box_h = 17, .ofs_x = 1, .ofs_y = -1},
    {.bitmap_index = 14568, .adv_w = 304, .box_w = 16, .box_h = 17, .ofs_x = 1, .ofs_y = -1},
    {.bitmap_index = 14647, .adv_w = 304, .box_w = 18, .box_h = 17, .ofs_x = 1, .ofs_y = -1},
    {.bitmap_index = 14746, .adv_w = 304, .box_w = 18, .box_h = 17, .ofs_x = 1, .ofs_y = -1},
    {.bitmap_index = 14846, .adv_w = 304, .box_w = 18, .box_h = 17, .ofs_x = 1, .ofs_y = -1},
    {.bitmap_index = 14976, .adv_w = 304, .box_w = 18, .box_h = 17, .ofs_x = 1, .ofs_y = -1},
    {.bitmap_index = 15080, .adv_w = 304, .box_w = 18, .box_h = 18, .ofs_x = 1, .ofs_y = -2},
    {.bitmap_index = 15219, .adv_w = 304, .box_w = 18, .box_h = 17, .ofs_x = 1, .ofs_y = -1},
    {.bitmap_index = 15320, .adv_w = 304, .box_w = 18, .box_h = 17, .ofs_x = 1, .ofs_y = -1},
    {.bitmap_index = 15452, .adv_w = 304, .box_w = 16, .box_h = 17, .ofs_x = 1, .ofs_y = -1},
    {.bitmap_index = 15542, .adv_w = 304, .box_w = 16, .box_h = 17, .ofs_x = 1, .ofs_y = -1},
    {.bitmap_index = 15637, .adv_w = 304, .box_w = 16, .box_h = 17, .ofs_x = 1, .ofs_y = -1},
    {.bitmap_index = 15736, .adv_w = 304, .box_w = 18, .box_h = 18, .ofs_x = 1, .ofs_y = -2},
    {.bitmap_index = 15872, .adv_w = 304, .box_w = 17, .box_h = 18, .ofs_x = 1, .ofs_y = -2},
    {.bitmap_index = 16003, .adv_w = 304, .box_w = 16, .box_h = 17, .ofs_x = 1, .ofs_y = -1},
    {.bitmap_index = 16088, .adv_w = 304, .box_w = 16, .box_h = 17, .ofs_x = 1, .ofs_y = -1},
    {.bitmap_index = 16182, .adv_w = 304, .box_w = 16, .box_h = 17, .ofs_x = 1, .ofs_y = -1},
    {.bitmap_index = 16282, .adv_w = 304, .box_w = 16, .box_h = 17, .ofs_x = 1, .ofs_y = -1},
    {.bitmap_index = 16387, .adv_w = 304, .box_w = 16, .box_h = 17, .ofs_x = 1, .ofs_y = -1},
    {.bitmap_index = 16492, .adv_w = 304, .box_w = 16, .box_h = 17, .ofs_x = 1, .ofs_y = -1},
    {.bitmap_index = 16614, .adv_w = 304, .box_w = 16, .box_h = 17, .ofs_x = 1, .ofs_y = -1},
    {.bitmap_index = 16704, .adv_w = 304, .box_w = 17, .box_h = 15, .ofs_x = 1, .ofs_y = 0},
    {.bitmap_index = 16792, .adv_w = 304, .box_w = 17, .box_h = 17, .ofs_x = 1, .ofs_y = -1},
    {.bitmap_index = 16885, .adv_w = 304, .box_w = 19, .box_h = 17, .ofs_x = 0, .ofs_y = -1},
    {.bitmap_index = 17001, .adv_w = 304, .box_w = 17, .box_h = 17, .ofs_x = 0, .ofs_y = -1},
    {.bitmap_index = 17101, .adv_w = 304, .box_w = 17, .box_h = 17, .ofs_x = 0, .ofs_y = -1},
    {.bitmap_index = 17201, .adv_w = 304, .box_w = 17, .box_h = 15, .ofs_x = 1, .ofs_y = 0},
    {.bitmap_index = 17297, .adv_w = 304, .box_w = 17, .box_h = 17, .ofs_x = 1, .ofs_y = -1},
    {.bitmap_index = 17421, .adv_w = 304, .box_w = 17, .box_h = 17, .ofs_x = 1, .ofs_y = -1},
    {.bitmap_index = 17522, .adv_w = 304, .box_w = 17, .box_h = 17, .ofs_x = 0, .ofs_y = -1},
    {.bitmap_index = 17621, .adv_w = 304, .box_w = 16, .box_h = 17, .ofs_x = 1, .ofs_y = -1},
    {.bitmap_index = 17731, .adv_w = 304, .box_w = 17, .box_h = 17, .ofs_x = 0, .ofs_y = -1},
    {.bitmap_index = 17827, .adv_w = 304, .box_w = 17, .box_h = 17, .ofs_x = 0, .ofs_y = -1},
    {.bitmap_index = 17915, .adv_w = 304, .box_w = 17, .box_h = 17, .ofs_x = 1, .ofs_y = -1},
    {.bitmap_index = 18002, .adv_w = 304, .box_w = 17, .box_h = 17, .ofs_x = 1, .ofs_y = -1},
    {.bitmap_index = 18096, .adv_w = 304, .box_w = 17, .box_h = 15, .ofs_x = 1, .ofs_y = 0},
    {.bitmap_index = 18186, .adv_w = 304, .box_w = 17, .box_h = 17, .ofs_x = 1, .ofs_y = -1},
    {.bitmap_index = 18276, .adv_w = 304, .box_w = 17, .box_h = 17, .ofs_x = 1, .ofs_y = -1},
    {.bitmap_index = 18372, .adv_w = 304, .box_w = 17, .box_h = 17, .ofs_x = 1, .ofs_y = -1},
    {.bitmap_index = 18461, .adv_w = 304, .box_w = 17, .box_h = 17, .ofs_x = 1, .ofs_y = -1},
    {.bitmap_index = 18577, .adv_w = 304, .box_w = 17, .box_h = 17, .ofs_x = 0, .ofs_y = -1},
    {.bitmap_index = 18677, .adv_w = 304, .box_w = 16, .box_h = 17, .ofs_x = 1, .ofs_y = -1},
    {.bitmap_index = 18765, .adv_w = 304, .box_w = 16, .box_h = 17, .ofs_x = 1, .ofs_y = -1},
    {.bitmap_index = 18860, .adv_w = 304, .box_w = 16, .box_h = 17, .ofs_x = 1, .ofs_y = -1},
    {.bitmap_index = 18958, .adv_w = 304, .box_w = 16, .box_h = 17, .ofs_x = 1, .ofs_y = -1},
    {.bitmap_index = 19050, .adv_w = 304, .box_w = 16, .box_h = 17, .ofs_x = 1, .ofs_y = -1},
    {.bitmap_index = 19145, .adv_w = 304, .box_w = 17, .box_h = 18, .ofs_x = 1, .ofs_y = -2},
    {.bitmap_index = 19273, .adv_w = 304, .box_w = 16, .box_h = 17, .ofs_x = 1, .ofs_y = -1},
    {.bitmap_index = 19382, .adv_w = 304, .box_w = 18, .box_h = 17, .ofs_x = 1, .ofs_y = -1},
    {.bitmap_index = 19467, .adv_w = 304, .box_w = 19, .box_h = 17, .ofs_x = 0, .ofs_y = -1},
    {.bitmap_index = 19558, .adv_w = 304, .box_w = 19, .box_h = 17, .ofs_x = 0, .ofs_y = -1},
    {.bitmap_index = 19660, .adv_w = 304, .box_w = 19, .box_h = 17, .ofs_x = 0, .ofs_y = -1},
    {.bitmap_index = 19781, .adv_w = 304, .box_w = 17, .box_h = 17, .ofs_x = 0, .ofs_y = -1},
    {.bitmap_index = 19861, .adv_w = 304, .box_w = 17, .box_h = 17, .ofs_x = 0, .ofs_y = -1},
    {.bitmap_index = 19944, .adv_w = 304, .box_w = 16, .box_h = 17, .ofs_x = 1, .ofs_y = -1},
    {.bitmap_index = 20033, .adv_w = 304, .box_w = 16, .box_h = 17, .ofs_x = 1, .ofs_y = -1},
    {.bitmap_index = 20126, .adv_w = 304, .box_w = 17, .box_h = 17, .ofs_x = 0, .ofs_y = -1},
    {.bitmap_index = 20240, .adv_w = 304, .box_w = 18, .box_h = 17, .ofs_x = 0, .ofs_y = -1},
    {.bitmap_index = 20328, .adv_w = 304, .box_w = 16, .box_h = 17, .ofs_x = 1, .ofs_y = -1},
    {.bitmap_index = 20420, .adv_w = 304, .box_w = 17, .box_h = 15, .ofs_x = 1, .ofs_y = 0},
    {.bitmap_index = 20506, .adv_w = 304, .box_w = 17, .box_h = 17, .ofs_x = 1, .ofs_y = -1},
    {.bitmap_index = 20593, .adv_w = 304, .box_w = 17, .box_h = 16, .ofs_x = 1, .ofs_y = -1},
    {.bitmap_index = 20667, .adv_w = 304, .box_w = 17, .box_h = 16, .ofs_x = 1, .ofs_y = -1},
    {.bitmap_index = 20757, .adv_w = 304, .box_w = 17, .box_h = 17, .ofs_x = 1, .ofs_y = -1},
    {.bitmap_index = 20867, .adv_w = 304, .box_w = 17, .box_h = 17, .ofs_x = 1, .ofs_y = -1},
    {.bitmap_index = 20951, .adv_w = 304, .box_w = 17, .box_h = 17, .ofs_x = 1, .ofs_y = -1},
    {.bitmap_index = 21064, .adv_w = 304, .box_w = 16, .box_h = 17, .ofs_x = 1, .ofs_y = -1},
    {.bitmap_index = 21142, .adv_w = 304, .box_w = 16, .box_h = 17, .ofs_x = 1, .ofs_y = -1},
    {.bitmap_index = 21221, .adv_w = 304, .box_w = 16, .box_h = 17, .ofs_x = 1, .ofs_y = -1},
    {.bitmap_index = 21308, .adv_w = 304, .box_w = 16, .box_h = 17, .ofs_x = 1, .ofs_y = -1},
    {.bitmap_index = 21391, .adv_w = 304, .box_w = 16, .box_h = 17, .ofs_x = 1, .ofs_y = -1},
    {.bitmap_index = 21479, .adv_w = 304, .box_w = 19, .box_h = 17, .ofs_x = 0, .ofs_y = -1},
    {.bitmap_index = 21576, .adv_w = 304, .box_w = 18, .box_h = 18, .ofs_x = 1, .ofs_y = -1},
    {.bitmap_index = 21686, .adv_w = 304, .box_w = 17, .box_h = 19, .ofs_x = 1, .ofs_y = -2},
    {.bitmap_index = 21820, .adv_w = 304, .box_w = 16, .box_h = 19, .ofs_x = 1, .ofs_y = -1},
    {.bitmap_index = 21948, .adv_w = 304, .box_w = 17, .box_h = 17, .ofs_x = 0, .ofs_y = -1},
    {.bitmap_index = 22038, .adv_w = 304, .box_w = 17, .box_h = 16, .ofs_x = 1, .ofs_y = 0},
    {.bitmap_index = 22131, .adv_w = 304, .box_w = 17, .box_h = 17, .ofs_x = 0, .ofs_y = -1},
    {.bitmap_index = 22235, .adv_w = 304, .box_w = 17, .box_h = 18, .ofs_x = 1, .ofs_y = -1},
    {.bitmap_index = 22323, .adv_w = 304, .box_w = 17, .box_h = 18, .ofs_x = 1, .ofs_y = -1},
    {.bitmap_index = 22442, .adv_w = 304, .box_w = 17, .box_h = 17, .ofs_x = 0, .ofs_y = -1},
    {.bitmap_index = 22533, .adv_w = 304, .box_w = 17, .box_h = 18, .ofs_x = 1, .ofs_y = -1},
    {.bitmap_index = 22627, .adv_w = 304, .box_w = 16, .box_h = 17, .ofs_x = 1, .ofs_y = -1},
    {.bitmap_index = 22707, .adv_w = 304, .box_w = 19, .box_h = 17, .ofs_x = 0, .ofs_y = -1},
    {.bitmap_index = 22798, .adv_w = 304, .box_w = 16, .box_h = 17, .ofs_x = 1, .ofs_y = -1},
    {.bitmap_index = 22885, .adv_w = 304, .box_w = 16, .box_h = 17, .ofs_x = 1, .ofs_y = -1},
    {.bitmap_index = 22976, .adv_w = 304, .box_w = 17, .box_h = 17, .ofs_x = 1, .ofs_y = -1},
    {.bitmap_index = 23071, .adv_w = 304, .box_w = 17, .box_h = 14, .ofs_x = 1, .ofs_y = 1},
    {.bitmap_index = 23145, .adv_w = 304, .box_w = 16, .box_h = 17, .ofs_x = 1, .ofs_y = -1},
    {.bitmap_index = 23220, .adv_w = 304, .box_w = 16, .box_h = 17, .ofs_x = 1, .ofs_y = -1},
    {.bitmap_index = 23287, .adv_w = 304, .box_w = 15, .box_h = 17, .ofs_x = 2, .ofs_y = -1},
    {.bitmap_index = 23355, .adv_w = 304, .box_w = 15, .box_h = 17, .ofs_x = 2, .ofs_y = -1},
    {.bitmap_index = 23435, .adv_w = 304, .box_w = 16, .box_h = 17, .ofs_x = 1, .ofs_y = -1},
    {.bitmap_index = 23523, .adv_w = 304, .box_w = 17, .box_h = 15, .ofs_x = 1, .ofs_y = 0},
    {.bitmap_index = 23593, .adv_w = 304, .box_w = 17, .box_h = 15, .ofs_x = 1, .ofs_y = 0},
    {.bitmap_index = 23656, .adv_w = 304, .box_w = 17, .box_h = 17, .ofs_x = 1, .ofs_y = -1},
    {.bitmap_index = 23723, .adv_w = 304, .box_w = 15, .box_h = 17, .ofs_x = 2, .ofs_y = -1},
    {.bitmap_index = 23819, .adv_w = 304, .box_w = 18, .box_h = 17, .ofs_x = 1, .ofs_y = -1},
    {.bitmap_index = 23902, .adv_w = 304, .box_w = 18, .box_h = 17, .ofs_x = 1, .ofs_y = -1},
    {.bitmap_index = 23993, .adv_w = 304, .box_w = 16, .box_h = 17, .ofs_x = 1, .ofs_y = -1},
    {.bitmap_index = 24067, .adv_w = 304, .box_w = 18, .box_h = 17, .ofs_x = 0, .ofs_y = -1},
    {.bitmap_index = 24159, .adv_w = 304, .box_w = 16, .box_h = 17, .ofs_x = 1, .ofs_y = -1},
    {.bitmap_index = 24251, .adv_w = 304, .box_w = 17, .box_h = 17, .ofs_x = 0, .ofs_y = -1},
    {.bitmap_index = 24330, .adv_w = 304, .box_w = 17, .box_h = 15, .ofs_x = 1, .ofs_y = 0},
    {.bitmap_index = 24417, .adv_w = 304, .box_w = 17, .box_h = 15, .ofs_x = 1, .ofs_y = 0},
    {.bitmap_index = 24499, .adv_w = 304, .box_w = 16, .box_h = 17, .ofs_x = 1, .ofs_y = -1},
    {.bitmap_index = 24573, .adv_w = 304, .box_w = 18, .box_h = 17, .ofs_x = 1, .ofs_y = -1},
    {.bitmap_index = 24672, .adv_w = 304, .box_w = 18, .box_h = 18, .ofs_x = 1, .ofs_y = -1},
    {.bitmap_index = 24782, .adv_w = 304, .box_w = 18, .box_h = 18, .ofs_x = 1, .ofs_y = -1},
    {.bitmap_index = 24897, .adv_w = 304, .box_w = 16, .box_h = 17, .ofs_x = 1, .ofs_y = -1},
    {.bitmap_index = 24993, .adv_w = 304, .box_w = 17, .box_h = 18, .ofs_x = 1, .ofs_y = -2},
    {.bitmap_index = 25126, .adv_w = 304, .box_w = 17, .box_h = 17, .ofs_x = 1, .ofs_y = -1},
    {.bitmap_index = 25249, .adv_w = 304, .box_w = 17, .box_h = 18, .ofs_x = 1, .ofs_y = -1},
    {.bitmap_index = 25380, .adv_w = 304, .box_w = 16, .box_h = 18, .ofs_x = 1, .ofs_y = -1},
    {.bitmap_index = 25485, .adv_w = 304, .box_w = 16, .box_h = 18, .ofs_x = 1, .ofs_y = -1},
    {.bitmap_index = 25589, .adv_w = 304, .box_w = 16, .box_h = 18, .ofs_x = 1, .ofs_y = -1},
    {.bitmap_index = 25713, .adv_w = 304, .box_w = 17, .box_h = 16, .ofs_x = 1, .ofs_y = 0},
    {.bitmap_index = 25817, .adv_w = 304, .box_w = 19, .box_h = 19, .ofs_x = 0, .ofs_y = -1},
    {.bitmap_index = 25940, .adv_w = 304, .box_w = 18, .box_h = 18, .ofs_x = 1, .ofs_y = -1},
    {.bitmap_index = 26061, .adv_w = 304, .box_w = 17, .box_h = 19, .ofs_x = 0, .ofs_y = -1},
    {.bitmap_index = 26176, .adv_w = 304, .box_w = 17, .box_h = 19, .ofs_x = 1, .ofs_y = -2},
    {.bitmap_index = 26310, .adv_w = 304, .box_w = 17, .box_h = 16, .ofs_x = 1, .ofs_y = 0},
    {.bitmap_index = 26415, .adv_w = 304, .box_w = 17, .box_h = 18, .ofs_x = 1, .ofs_y = -1},
    {.bitmap_index = 26513, .adv_w = 304, .box_w = 15, .box_h = 17, .ofs_x = 1, .ofs_y = -1}
};

/*---------------------
 *  CHARACTER MAPPING
 *--------------------*/

static const uint16_t unicode_list_1[] = {
    0x0, 0x1, 0x7, 0x27, 0x1f63, 0x1f64, 0x1f68, 0x1f69,
    0x1f6c, 0x1f6d, 0x1f72, 0x1f76, 0x2053, 0x20e2, 0xab50, 0xab51,
    0xab54, 0xab60, 0xab62, 0xab6c, 0xabc4, 0xabd0, 0xabd3, 0xabdc,
    0xac00, 0xac0d, 0xac14, 0xac30, 0xac45, 0xac4c, 0xac50, 0xaca0,
    0xacbc, 0xad48, 0xad4c, 0xad58, 0xad80, 0xad90, 0xae0c, 0xaf94,
    0xaf9a, 0xafad, 0xafe8, 0xaff8, 0xb004, 0xb019, 0xb060, 0xb074,
    0xb087, 0xb0c8, 0xb0e2, 0xb154, 0xb15c, 0xb1e4, 0xb1f5, 0xb218,
    0xb234, 0xb238, 0xb245, 0xb250, 0xb2c0, 0xb2c8, 0xb314, 0xb31c,
    0xb329, 0xb368, 0xb36c, 0xb378, 0xb42c, 0xb441, 0xb6cc, 0xb6e8,
    0xb6f8, 0xb719, 0xb73c, 0xb757, 0xb758, 0xb775, 0xb7ac, 0xb7ad,
    0xb7b4, 0xb7bf, 0xb81c, 0xb8a8, 0xb8c4, 0xb8c8, 0xb8d4, 0xb8fc,
    0xb900, 0xb904, 0xb90c, 0xb911, 0xb918, 0xb919, 0xb91c, 0xb920,
    0xb9a4, 0xb9c4, 0xb9f8, 0xb9f9, 0xba84, 0xba88, 0xba8c, 0xbb48,
    0xbb50, 0xbb6b, 0xbb79, 0xbbd4, 0xbbd8, 0xbc10, 0xbc14, 0xbc44,
    0xbcd0, 0xbcd4, 0xbcd8, 0xbd94, 0xbffc, 0xc000, 0xc011, 0xc019,
    0xc02d, 0xc06c, 0xc074, 0xc081, 0xc088, 0xc08c, 0xc0dc, 0xc0dd,
    0xc0f1, 0xc114, 0xc168, 0xc1f4, 0xc1fc, 0xc205, 0xc209, 0xc22c,
    0xc22d, 0xc230, 0xc234, 0xc23c, 0xc494, 0xc498, 0xc49a, 0xc49c,
    0xc4a8, 0xc4cd, 0xc4e1, 0xc504, 0xc508, 0xc515, 0xc516, 0xc518,
    0xc520, 0xc53d, 0xc540, 0xc544, 0xc54d, 0xc551, 0xc558, 0xc574,
    0xc578, 0xc594, 0xc5ac, 0xc5c8, 0xc5e4, 0xc5f9, 0xc604, 0xc61c,
    0xc620, 0xc638, 0xc654, 0xc670, 0xc671, 0xc68c, 0xc690, 0xc694,
    0xc69c, 0xc6a1, 0xc6a8, 0xc6c4, 0xc6c8, 0xc6cc, 0xc6d4, 0xc6d5,
    0xc6d8, 0xc6de, 0xc6e0, 0xc6e1, 0xc6e8, 0xc6f5, 0xc6fc, 0xc750,
    0xc754, 0xc758, 0xc765, 0xc76c, 0xc788, 0xc7c0, 0xc7c1, 0xc84c,
    0xc850, 0xc861, 0xc8d9, 0xc8ed, 0xc910, 0xc911, 0xc914, 0xc920,
    0xc921, 0xcb78, 0xcb88, 0xcbfb, 0xcbfd, 0xcc04, 0xcc58, 0xccac,
    0xcce4, 0xccf9, 0xcd38, 0xcd71, 0xcda8, 0xcdc4, 0xce38, 0xce6c,
    0xceac, 0xcfbc, 0xcff4, 0xd02c, 0xd080, 0xd084, 0xd0a4, 0xd0f0,
    0xd208, 0xd20c, 0xd255, 0xd25c, 0xd260, 0xd278, 0xd27c, 0xd2dc,
    0xd320, 0xd3ac, 0xd454, 0xd48c, 0xd4a8, 0xd4b8, 0xd4b9, 0xd4c4,
    0xd4d8, 0xd4d9, 0xd4f5, 0xd528, 0xd554, 0xd565, 0xd588, 0xd5a4,
    0xd5a5, 0xd5dc, 0xd5ef, 0xd5f8, 0xd614, 0xd6d8
};

/*Collect the unicode lists and glyph_id offsets*/
static const lv_font_fmt_txt_cmap_t cmaps[] =
{
    {
        .range_start = 32, .range_length = 95, .glyph_id_start = 1,
        .unicode_list = NULL, .glyph_id_ofs_list = NULL, .list_length = 0, .type = LV_FONT_FMT_TXT_CMAP_FORMAT0_TINY
    },
    {
        .range_start = 176, .range_length = 55001, .glyph_id_start = 96,
        .unicode_list = unicode_list_1, .glyph_id_ofs_list = NULL, .list_length = 262, .type = LV_FONT_FMT_TXT_CMAP_SPARSE_TINY
    }
};



/*--------------------
 *  ALL CUSTOM DATA
 *--------------------*/

#if LVGL_VERSION_MAJOR == 8
/*Store all the custom data of the font*/
static  lv_font_fmt_txt_glyph_cache_t cache;
#endif

#if LVGL_VERSION_MAJOR >= 8
static const lv_font_fmt_txt_dsc_t font_dsc = {
#else
static lv_font_fmt_txt_dsc_t font_dsc = {
#endif
    .glyph_bitmap = glyph_bitmap,
    .glyph_dsc = glyph_dsc,
    .cmaps = cmaps,
    .kern_dsc = NULL,
    .kern_scale = 0,
    .cmap_num = 2,
    .bpp = 4,
    .kern_classes = 0,
    .bitmap_format = 1,
#if LVGL_VERSION_MAJOR == 8
    .cache = &cache
#endif
};

extern const lv_font_t font_kr_full_12;


/*-----------------
 *  PUBLIC FONT
 *----------------*/

/*Initialize a public general font descriptor*/
#if LVGL_VERSION_MAJOR >= 8
const lv_font_t font_bold_19 = {
#else
lv_font_t font_bold_19 = {
#endif
    .get_glyph_dsc = lv_font_get_glyph_dsc_fmt_txt,    /*Function pointer to get glyph's data*/
    .get_glyph_bitmap = lv_font_get_bitmap_fmt_txt,    /*Function pointer to get glyph's bitmap*/
    .line_height = 22,          /*The maximum line height required by the font*/
    .base_line = 4,             /*Baseline measured from the bottom of the line*/
#if !(LVGL_VERSION_MAJOR == 6 && LVGL_VERSION_MINOR == 0)
    .subpx = LV_FONT_SUBPX_NONE,
#endif
#if LV_VERSION_CHECK(7, 4, 0) || LVGL_VERSION_MAJOR >= 8
    .underline_position = -4,
    .underline_thickness = 1,
#endif
    .dsc = &font_dsc,          /*The custom font data. Will be accessed by `get_glyph_bitmap/dsc` */
#if LV_VERSION_CHECK(8, 2, 0) || LVGL_VERSION_MAJOR >= 9
    .fallback = &font_kr_full_12,
#endif
    .user_data = NULL,
};



#endif /*#if FONT_BOLD_19*/

