/*******************************************************************************
 * Size: 12 px
 * Bpp: 4
 * Opts: --font C:\Windows/Fonts/malgun.ttf -r 0x20-0x7E -r 0xB0 -r 0xB1 -r 0xB7 -r 0xD7 -r 0x2013 -r 0x2014 -r 0x2018 -r 0x2019 -r 0x201C -r 0x201D -r 0x2022 -r 0x2026 -r 0x2103 -r 0x2192 --symbols 가각간감값개건검것게결경계고공과관교구그근금기김꺼끄끊끝나남내냉널네넷노높누눌는능니다단답대데델도돌동되된됨드등라래램량러렇레려력로록롤롯료류르른름리린릴림링마막만말메면모목무문물미밀받방버번변별보부분불비사산상색생서설성세센소속송쇄수스슬습승시식신실심아안않알았약양어언업없었에역연열엽영예오온완왜외요용운워원웨위유육으은을음응의이인일임입있잎자작잘장재저전절정제져조족주준중즉증지직진짐집차참첫청체초최추충취측치카컨켜콜크키태터턴텔토트튼팅파판패팬펌폐표프피하함합해했행향험현형호화확회횟효후히 --size 12 --bpp 4 --format lvgl --lv-font-name font_reg_12 --lv-fallback font_kr_full_12 -o D:\Users\G433m\Documents\smartfarm\src\fonts\font_reg_12.c
 ******************************************************************************/

#ifdef LV_LVGL_H_INCLUDE_SIMPLE
#include "lvgl.h"
#else
#include "lvgl/lvgl.h"
#endif

#ifndef FONT_REG_12
#define FONT_REG_12 1
#endif

#if FONT_REG_12

/*-----------------
 *    BITMAPS
 *----------------*/

/*Store the image of the glyphs*/
static LV_ATTRIBUTE_LARGE_CONST const uint8_t glyph_bitmap[] = {
    /* U+0020 " " */

    /* U+0021 "!" */
    0xc3, 0x71, 0x0, 0xc2, 0x66, 0x8, 0x1a, 0x30,

    /* U+0022 "\"" */
    0x1d, 0x1d, 0x11, 0xc1, 0x41, 0x40,

    /* U+0023 "#" */
    0x0, 0x1c, 0x5, 0x80, 0x49, 0x86, 0x60, 0x29,
    0x96, 0xf9, 0x41, 0x4a, 0xcb, 0x5c, 0x34, 0xb4,
    0xa4, 0x23, 0x64, 0x5b, 0xca, 0x6, 0x3b, 0xbc,
    0x2, 0x92, 0x56, 0x0, 0x0,

    /* U+0024 "$" */
    0x0, 0x90, 0x3, 0xb4, 0x2, 0x3c, 0x7d, 0x30,
    0xed, 0x7d, 0x30, 0x30, 0xe, 0xbc, 0x20, 0x9,
    0x71, 0xb0, 0x80, 0x2, 0x93, 0x20, 0x20, 0xe,
    0x9c, 0x7f, 0xa0, 0xbc, 0x7a, 0x10,

    /* U+0025 "%" */
    0x1a, 0x9a, 0x10, 0x1b, 0x0, 0x37, 0xce, 0x38,
    0x5c, 0x80, 0x4, 0xc0, 0x4d, 0xb0, 0x80, 0xd,
    0xf4, 0xf, 0x8c, 0x1, 0xa6, 0x9e, 0x6d, 0xea,
    0x40, 0x33, 0xf2, 0xfd, 0x63, 0x80, 0xb, 0x54,
    0x7c, 0x7, 0xc0, 0x13, 0x60, 0xbb, 0x1d, 0x20,

    /* U+0026 "&" */
    0x0, 0x46, 0x61, 0x80, 0x38, 0xcd, 0x98, 0x80,
    0x0, 0x80, 0x9, 0xc0, 0xd4, 0x12, 0xc0, 0x2,
    0xd9, 0xf4, 0x2, 0x40, 0xb, 0xec, 0x8d, 0x1e,
    0xb0, 0x30, 0x40, 0x4f, 0xc0, 0x30, 0x25, 0x20,
    0x3, 0x0, 0x80, 0x6, 0xfb, 0x75, 0x9a, 0x5a,
    0xe0,

    /* U+0027 "'" */
    0x1d, 0x11, 0x5, 0x0,

    /* U+0028 "(" */
    0x0, 0x51, 0x82, 0x11, 0x87, 0xc8, 0x1, 0xc4,
    0x5, 0x80, 0x3c, 0x2c, 0x1, 0x38, 0x80, 0x3a,
    0x40, 0xa, 0x46,

    /* U+0029 ")" */
    0x75, 0x7, 0x90, 0x5, 0x30, 0x26, 0x81, 0x38,
    0x0, 0x40, 0x98, 0x13, 0x2, 0x99, 0xe4, 0x40,

    /* U+002A "*" */
    0x0, 0x58, 0x1, 0x20, 0x1d, 0x92, 0xd8, 0x98,
    0x27, 0x3c, 0x1, 0x43, 0x40,

    /* U+002B "+" */
    0x0, 0x14, 0x80, 0x7f, 0x9f, 0x39, 0xf3, 0x0,
    0xf9, 0xcf, 0x98, 0x0, 0xff, 0x1d, 0x0, 0x40,

    /* U+002C "," */
    0x2b, 0x4e, 0xc4,

    /* U+002D "-" */
    0x1b, 0xb8, 0x40,

    /* U+002E "." */
    0x1, 0x3d,

    /* U+002F "/" */
    0x0, 0xc9, 0x20, 0x1b, 0xa8, 0x2, 0x21, 0x30,
    0xa, 0xb8, 0x3, 0x22, 0x80, 0x4d, 0x60, 0x1a,
    0x9c, 0x2, 0x45, 0x0, 0xdf, 0x60, 0x1b, 0x48,
    0x2,

    /* U+0030 "0" */
    0x3, 0xcc, 0x58, 0x80, 0x3b, 0x99, 0xb6, 0x8,
    0xe4, 0xc, 0x80, 0x44, 0x0, 0xe1, 0x0, 0xf1,
    0x8, 0x7, 0x2b, 0x88, 0x33, 0x0, 0x15, 0xb9,
    0x88, 0x0,

    /* U+0031 "1" */
    0x3, 0xc3, 0xa9, 0x10, 0xaa, 0x8, 0x7, 0xff,
    0x24,

    /* U+0032 "2" */
    0x8, 0xcc, 0x50, 0x3, 0x73, 0x4, 0xe0, 0xa0,
    0xd, 0xe0, 0xd, 0xd4, 0x0, 0x2b, 0xe3, 0x5,
    0x99, 0x28, 0xc, 0x59, 0x0, 0x14, 0xf3, 0x2a,

    /* U+0033 "3" */
    0x9, 0xcc, 0x50, 0x2, 0x33, 0x0, 0xa0, 0x20,
    0x1, 0x70, 0x4c, 0xec, 0x20, 0x4c, 0xfd, 0x60,
    0x8, 0x7b, 0x4, 0x40, 0xd, 0xd1, 0xee, 0x60,
    0x5c,

    /* U+0034 "4" */
    0x0, 0x8f, 0xc4, 0x3, 0x40, 0x80, 0x69, 0xe3,
    0x0, 0x9c, 0x54, 0x2, 0x5d, 0x80, 0xd, 0xf,
    0xba, 0x2c, 0x2d, 0xdc, 0x58, 0x40, 0x1f, 0x0,

    /* U+0035 "5" */
    0x9, 0xdd, 0x90, 0xb, 0xb7, 0x48, 0xe, 0x20,
    0x1d, 0xd9, 0x0, 0xc, 0xc8, 0x60, 0x3, 0x51,
    0x80, 0x80, 0x2b, 0x3, 0x73, 0x2, 0xe0,

    /* U+0036 "6" */
    0x0, 0x46, 0xe3, 0x80, 0x20, 0x77, 0x1c, 0x0,
    0xb2, 0x1, 0x8d, 0xa7, 0x2c, 0x81, 0xd6, 0xf3,
    0xfc, 0xe, 0x44, 0x4, 0x30, 0x31, 0x20, 0x33,
    0x0, 0x3b, 0x99, 0x1e, 0x0,

    /* U+0037 "7" */
    0x5d, 0xdd, 0xe0, 0xbb, 0xb5, 0x40, 0x6, 0x1a,
    0x70, 0xd, 0x36, 0x1, 0xca, 0xc0, 0x19, 0x90,
    0x3, 0xb6, 0x80, 0x39, 0x4c, 0x2,

    /* U+0038 "8" */
    0x4, 0xcc, 0x58, 0x80, 0x2b, 0x73, 0xac, 0x0,
    0x66, 0x3, 0x20, 0x4, 0xe6, 0x2e, 0x40, 0x67,
    0xf2, 0x68, 0x1d, 0x4, 0x11, 0x45, 0x54, 0x0,
    0x33, 0x9, 0xd6, 0x62, 0x38, 0x0,

    /* U+0039 "9" */
    0x5, 0xcc, 0x50, 0x94, 0x66, 0x50, 0x88, 0x0,
    0x33, 0xa2, 0x4, 0x18, 0x4a, 0x37, 0x4, 0x81,
    0x73, 0x8, 0xc0, 0x1b, 0xe0, 0x33, 0x29, 0x30,

    /* U+003A ":" */
    0x3c, 0x3e, 0x2, 0x0, 0x84, 0xf4,

    /* U+003B ";" */
    0x3c, 0x3e, 0x2, 0x0, 0x88, 0xe1, 0x38, 0x10,

    /* U+003C "<" */
    0x0, 0xe1, 0x0, 0x86, 0x60, 0x6, 0x2a, 0x92,
    0x5f, 0xd6, 0x60, 0x59, 0x8a, 0x20, 0x1, 0x54,
    0x42, 0x40, 0x22, 0xa8,

    /* U+003D "=" */
    0x7b, 0xbe, 0x7, 0xbb, 0xe0, 0x7b, 0xbe, 0x0,

    /* U+003E ">" */
    0x10, 0xe, 0x2c, 0x40, 0x8, 0xf3, 0x16, 0x60,
    0x14, 0x57, 0x40, 0x1, 0xaa, 0xe0, 0xf0, 0xed,
    0x80, 0xf1, 0x40, 0x20,

    /* U+003F "?" */
    0x1b, 0xcc, 0x20, 0x56, 0x74, 0x88, 0x81, 0x90,
    0x0, 0x9d, 0x20, 0x9, 0xa0, 0x9, 0x0, 0x34,
    0x0, 0x6c, 0x10,

    /* U+0040 "@" */
    0x0, 0x35, 0x4d, 0x51, 0xc0, 0x2a, 0xa, 0x9a,
    0xa1, 0x58, 0x3e, 0x33, 0xd5, 0x31, 0x75, 0xad,
    0x93, 0xaa, 0x80, 0x7, 0xd0, 0x6, 0x68, 0x1,
    0xc0, 0xc4, 0x1, 0xe4, 0xc, 0x0, 0xaf, 0xb6,
    0x7f, 0xa2, 0xca, 0xe5, 0x7c, 0x79, 0xa4, 0x7b,
    0x60, 0x5, 0x15, 0x55, 0x24, 0x0,

    /* U+0041 "A" */
    0x0, 0xb2, 0x80, 0x38, 0x81, 0x4, 0x3, 0x5d,
    0x33, 0x0, 0x33, 0xb5, 0x50, 0x2, 0x64, 0x2,
    0x14, 0x0, 0x5b, 0xee, 0x8b, 0xc0, 0xc3, 0x76,
    0xe5, 0x29, 0xb0, 0xc, 0xd4,

    /* U+0042 "B" */
    0xdd, 0xc8, 0x0, 0xcd, 0xe9, 0x0, 0xcc, 0xe0,
    0xc, 0xeb, 0x90, 0x6, 0x76, 0x71, 0x0, 0x44,
    0xee, 0x0, 0x85, 0xdc, 0x19, 0xb9, 0x4,

    /* U+0043 "C" */
    0x0, 0x2e, 0x6e, 0xb0, 0x1e, 0x7b, 0x76, 0x19,
    0xd2, 0x0, 0xa, 0x20, 0x40, 0x31, 0x80, 0x79,
    0x50, 0x3, 0x8d, 0x28, 0x40, 0x4, 0x15, 0xb9,
    0xba, 0x80,

    /* U+0044 "D" */
    0xdd, 0xba, 0xd0, 0x2, 0xcd, 0xef, 0xa5, 0x0,
    0xe4, 0xa8, 0x0, 0xf2, 0x10, 0x7, 0x84, 0x3,
    0xe4, 0x40, 0x7, 0x2c, 0x48, 0x3, 0x37, 0x59,
    0x82, 0x0,

    /* U+0045 "E" */
    0xdd, 0xcc, 0x19, 0xba, 0x60, 0xf, 0x66, 0xe8,
    0x83, 0x37, 0x44, 0x1, 0xff, 0x66, 0xea, 0x0,

    /* U+0046 "F" */
    0xdd, 0xcc, 0x19, 0xba, 0x60, 0xf, 0x66, 0xe8,
    0xc3, 0x37, 0x46, 0x1, 0xff, 0xc3,

    /* U+0047 "G" */
    0x0, 0x2e, 0x6e, 0xc6, 0xf, 0x3d, 0xba, 0xc1,
    0x14, 0xe9, 0x0, 0x4, 0x91, 0x2, 0x1, 0xc6,
    0x1, 0x26, 0xe9, 0xd1, 0x0, 0x4, 0xdb, 0xf2,
    0x4a, 0x10, 0x0, 0x80, 0x2b, 0x73, 0x73, 0x16,

    /* U+0048 "H" */
    0xd1, 0x0, 0x9a, 0x0, 0x3f, 0xf8, 0x79, 0xbb,
    0x40, 0x3, 0x37, 0x68, 0x0, 0xff, 0xe5, 0x0,

    /* U+0049 "I" */
    0xd1, 0x0, 0xff, 0xe1, 0x0,

    /* U+004A "J" */
    0x0, 0x5a, 0x0, 0x7f, 0xf1, 0xdc, 0x5, 0x4e,
    0xf2, 0xc0,

    /* U+004B "K" */
    0xd1, 0x0, 0x62, 0x80, 0x6b, 0x95, 0x0, 0xaf,
    0x94, 0x2, 0xad, 0x50, 0xc, 0x58, 0x1, 0xd0,
    0x74, 0x1, 0xd2, 0x12, 0x1, 0xd4, 0x52, 0x0,

    /* U+004C "L" */
    0xd1, 0x0, 0xff, 0xeb, 0x66, 0xe9, 0xc0,

    /* U+004D "M" */
    0xd9, 0x0, 0xe8, 0xd0, 0x41, 0x0, 0x85, 0x40,
    0x15, 0x0, 0x14, 0xd0, 0x1, 0x90, 0x40, 0x55,
    0x80, 0x2b, 0x90, 0x9b, 0x0, 0xcc, 0xa4, 0xac,
    0x1, 0xd5, 0xf4, 0x1, 0xe7, 0x7, 0x0, 0x80,

    /* U+004E "N" */
    0xdb, 0x0, 0xdc, 0x1, 0x30, 0x7, 0xa6, 0xc8,
    0x3, 0x8e, 0x78, 0x3, 0xc8, 0xae, 0x1, 0xe9,
    0xa3, 0x0, 0xf7, 0x70, 0x3, 0xc6, 0xa2, 0x0,

    /* U+004F "O" */
    0x0, 0x3e, 0xeb, 0xa8, 0x40, 0x13, 0x98, 0xde,
    0xcc, 0x1, 0x3d, 0x88, 0x1, 0x91, 0xdc, 0x80,
    0x1d, 0x9a, 0x60, 0x1f, 0x91, 0x0, 0x1d, 0x98,
    0x24, 0xa1, 0x0, 0x32, 0x30, 0x56, 0xe6, 0xeb,
    0xf0, 0x0,

    /* U+0050 "P" */
    0xdd, 0xca, 0x0, 0xcd, 0xcb, 0x20, 0x8, 0x55,
    0x80, 0x23, 0x65, 0xf, 0xd8, 0xf1, 0xf, 0xdb,
    0x20, 0xf, 0xfe, 0x8,

    /* U+0051 "Q" */
    0x0, 0x3e, 0xeb, 0xa8, 0x40, 0x29, 0xcc, 0x6f,
    0x66, 0x0, 0x4, 0xf6, 0x20, 0x6, 0x47, 0x7,
    0x40, 0xe, 0xcd, 0x3, 0x0, 0xfe, 0x44, 0x0,
    0x76, 0x60, 0x9, 0x28, 0x40, 0xc, 0x8c, 0x0,
    0xad, 0xcd, 0xd4, 0xd8, 0x6, 0x7d, 0xdd, 0x74,
    0x20,

    /* U+0052 "R" */
    0xdd, 0xca, 0x1, 0x66, 0xfd, 0x88, 0x6, 0x22,
    0x80, 0x31, 0x89, 0x80, 0x33, 0xbf, 0x0, 0x2c,
    0xf7, 0x70, 0x6, 0x1a, 0xb2, 0x0, 0xc3, 0x3e,
    0x0,

    /* U+0053 "S" */
    0x4, 0xcd, 0xe7, 0x1a, 0xdd, 0x73, 0x18, 0x8,
    0x0, 0x4a, 0x35, 0x80, 0x26, 0xce, 0xd2, 0x0,
    0xc, 0x4f, 0x9, 0x0, 0x63, 0xed, 0xcf, 0xe0,

    /* U+0054 "T" */
    0x9d, 0xd7, 0xee, 0x8a, 0x76, 0x53, 0x74, 0x40,
    0x1f, 0xfd, 0xe0,

    /* U+0055 "U" */
    0xf0, 0xd, 0xc, 0x1, 0xff, 0xd0, 0x11, 0x0,
    0x44, 0x47, 0x80, 0x1, 0x3a, 0x40, 0x6e, 0xbb,
    0x80,

    /* U+0056 "V" */
    0xb5, 0x0, 0xd6, 0x9f, 0xc0, 0x10, 0xaa, 0x21,
    0x48, 0x1, 0x32, 0x0, 0x32, 0x80, 0x15, 0x80,
    0x15, 0x40, 0x46, 0x10, 0x1, 0x32, 0x77, 0x80,
    0x6e, 0xe3, 0xa0, 0x6, 0x54, 0xa0, 0x8,

    /* U+0057 "W" */
    0xa5, 0x0, 0xb1, 0x80, 0x2e, 0x2f, 0xf0, 0x0,
    0x4b, 0x40, 0x6, 0x62, 0x54, 0x0, 0x3b, 0x28,
    0x1, 0x14, 0x0, 0xa8, 0x1b, 0x48, 0x80, 0xbb,
    0x0, 0x37, 0x40, 0xc5, 0xfa, 0x24, 0x60, 0x7,
    0x45, 0x40, 0x57, 0x47, 0x0, 0x84, 0x53, 0xa0,
    0x5, 0x9d, 0x0, 0xd6, 0x48, 0x0, 0xd3, 0x40,
    0x0,

    /* U+0058 "X" */
    0x4d, 0x0, 0x9e, 0x81, 0x11, 0x0, 0x55, 0x60,
    0x9, 0x52, 0xe9, 0x10, 0xa, 0x71, 0x50, 0x3,
    0x8c, 0xc0, 0x18, 0x67, 0x19, 0x0, 0x2a, 0x81,
    0xea, 0x10, 0x71, 0x50, 0x29, 0xb0,

    /* U+0059 "Y" */
    0x97, 0x0, 0xa5, 0xa2, 0x44, 0x9, 0x18, 0x5a,
    0x42, 0x64, 0x0, 0x85, 0x60, 0x40, 0xa, 0xe6,
    0x40, 0x19, 0xc8, 0x80, 0x1f, 0xfc, 0x40,

    /* U+005A "Z" */
    0x5d, 0xdd, 0xee, 0xbb, 0xb4, 0xa3, 0x80, 0x43,
    0x34, 0x1, 0xaa, 0x4, 0x2, 0x62, 0x50, 0x8,
    0xaa, 0x40, 0x37, 0x70, 0x3, 0x49, 0xfe, 0xed,
    0x0,

    /* U+005B "[" */
    0xca, 0x30, 0xa3, 0x0, 0xff, 0xe4, 0xb5, 0x18,

    /* U+005C "\\" */
    0x39, 0x0, 0x70, 0x84, 0x20, 0x1a, 0x80, 0x82,
    0x81, 0xa8, 0x1, 0xc1, 0x1b, 0x1, 0xc4, 0x25,
    0xb2, 0xd1, 0xb0, 0xac, 0x26, 0x2d, 0x31, 0x66,
    0x2c, 0x0, 0xfa, 0x0, 0x2c, 0x50, 0x8, 0x9c,
    0x83, 0xdc, 0xc0, 0x33, 0x68, 0x29, 0x80, 0x40,

    /* U+005D "]" */
    0x7c, 0x77, 0x48, 0x7, 0xff, 0x29, 0xb8, 0x40,

    /* U+005E "^" */
    0x0, 0x2c, 0x0, 0x74, 0x99, 0x0, 0x4b, 0x71,
    0x0, 0xa, 0x5c, 0xc0, 0xc1, 0x6c, 0x1, 0x10,
    0x0,

    /* U+005F "_" */
    0xbb, 0xe1,

    /* U+0060 "`" */
    0x2b, 0x2, 0xe7,

    /* U+0061 "a" */
    0x8, 0xcc, 0x50, 0x2, 0xb3, 0x2, 0x80, 0x7,
    0xa5, 0x13, 0xe4, 0xb7, 0x35, 0x51, 0x8a, 0x3,
    0xae, 0x53, 0x80,

    /* U+0062 "b" */
    0xe0, 0xf, 0xfe, 0x33, 0x5e, 0x40, 0x8, 0x5e,
    0x1a, 0x83, 0x0, 0x37, 0x0, 0x38, 0x41, 0x40,
    0x15, 0x62, 0x57, 0x94, 0x60,

    /* U+0063 "c" */
    0x2, 0xbc, 0xc1, 0x7, 0xce, 0x60, 0x91, 0x4,
    0x1, 0x8, 0x7, 0x22, 0x8, 0x2, 0x19, 0xec,
    0xc0, 0x80,

    /* U+0064 "d" */
    0x0, 0xeb, 0x30, 0xf, 0xfe, 0x19, 0xe5, 0xd0,
    0x0, 0x7b, 0x6e, 0x10, 0x11, 0x2, 0x4, 0x80,
    0x1f, 0x9d, 0xc2, 0x6, 0x80, 0x57, 0x98, 0xa4,
    0x0,

    /* U+0065 "e" */
    0x3, 0xbb, 0x88, 0x7e, 0xed, 0xf2, 0x85, 0x98,
    0x87, 0x4, 0xcc, 0xc8, 0x82, 0x0, 0x10, 0xd7,
    0x66, 0x18,

    /* U+0066 "f" */
    0x1, 0xcc, 0x4, 0xd6, 0x0, 0x90, 0x43, 0xcc,
    0x41, 0x26, 0x0, 0x3f, 0xf8, 0x80,

    /* U+0067 "g" */
    0x4, 0xcb, 0xab, 0x31, 0x9d, 0xb8, 0x40, 0x54,
    0x10, 0x24, 0x1, 0x0, 0xf3, 0xb8, 0x40, 0xd0,
    0xa, 0xf3, 0x14, 0x80, 0x5, 0xdc, 0x96, 0x20,
    0x30, 0x2, 0x88, 0x82, 0x33, 0x1d, 0xc0,

    /* U+0068 "h" */
    0xe0, 0xf, 0xfe, 0x33, 0x5e, 0xa8, 0x9, 0xdf,
    0xd8, 0x1, 0x40, 0x80, 0x44, 0x1, 0x18, 0x7,
    0xff, 0x4,

    /* U+0069 "i" */
    0xe, 0x0, 0x78, 0x0, 0x40, 0x1c, 0x1, 0xff,
    0xc4,

    /* U+006A "j" */
    0x0, 0xb8, 0x3, 0x78, 0x6, 0x10, 0xd, 0xc0,
    0x1f, 0xfd, 0x13, 0x0, 0x91, 0xc0, 0xb3, 0xec,
    0x0,

    /* U+006B "k" */
    0xe0, 0xf, 0xfe, 0x38, 0xe2, 0x80, 0x5b, 0x2a,
    0x3, 0x92, 0xa0, 0x1, 0x6d, 0x0, 0xd4, 0x70,
    0x1, 0xac, 0xe0, 0x0,

    /* U+006C "l" */
    0xe0, 0xf, 0xc0,

    /* U+006D "m" */
    0xe6, 0x9c, 0x49, 0xac, 0x11, 0x2c, 0xc5, 0xda,
    0xa9, 0x20, 0x60, 0xa4, 0x40, 0x22, 0x8, 0x7,
    0xc2, 0x1, 0xff, 0xc6,

    /* U+006E "n" */
    0xe6, 0x9c, 0x50, 0x12, 0x9d, 0xb0, 0x2, 0x0,
    0x80, 0x88, 0x2, 0x30, 0xf, 0xfe, 0x8,

    /* U+006F "o" */
    0x3, 0xbc, 0xc3, 0x0, 0xf4, 0xe6, 0x29, 0x12,
    0x20, 0x5, 0x60, 0x7, 0xc8, 0x82, 0x0, 0x55,
    0x8f, 0x73, 0x31, 0x26,

    /* U+0070 "p" */
    0xe7, 0x9b, 0x80, 0x12, 0x9b, 0x25, 0x5, 0x0,
    0x7e, 0x0, 0x63, 0x10, 0x50, 0x5, 0x58, 0x95,
    0xe5, 0x18, 0x3d, 0xe3, 0x0, 0x7f, 0xf0, 0x40,

    /* U+0071 "q" */
    0x4, 0xcb, 0xac, 0x31, 0x9d, 0xb8, 0x30, 0x44,
    0x8, 0x12, 0x0, 0x7e, 0x77, 0x8, 0x12, 0x1,
    0x5e, 0x62, 0xd0, 0x0, 0xbb, 0x92, 0x1, 0xff,
    0xc4,

    /* U+0072 "r" */
    0x0, 0xdc, 0xd8, 0x42, 0x58, 0x40, 0x80, 0x1,
    0x0, 0xff, 0x80,

    /* U+0073 "s" */
    0x9, 0xcc, 0x22, 0xb, 0x30, 0x8a, 0xce, 0x20,
    0x3a, 0x38, 0x82, 0xd, 0x7a, 0xbb, 0x9b, 0x60,

    /* U+0074 "t" */
    0x5, 0x20, 0x7, 0xb0, 0x42, 0x4c, 0xa1, 0x26,
    0x40, 0x1f, 0xfc, 0x1e, 0x99, 0x0,

    /* U+0075 "u" */
    0x2c, 0x0, 0xbc, 0x3, 0xff, 0x80, 0x62, 0x1,
    0x84, 0xc4, 0x14, 0x1, 0x79, 0x64, 0x0,

    /* U+0076 "v" */
    0xb4, 0x0, 0x34, 0xf7, 0x0, 0x15, 0x6a, 0x80,
    0x4e, 0x40, 0xcb, 0x5c, 0x0, 0xae, 0x45, 0x0,
    0x13, 0xa0, 0x0,

    /* U+0077 "w" */
    0xb4, 0x1, 0xf1, 0x6, 0x8d, 0xc0, 0x43, 0x70,
    0xcb, 0x75, 0xf, 0xf6, 0x3, 0x98, 0x88, 0x84,
    0xd8, 0xd0, 0x1, 0x73, 0xa0, 0xb1, 0xa0, 0x5,
    0x47, 0xd, 0x44, 0x0,

    /* U+0078 "x" */
    0x6a, 0x0, 0x68, 0xb3, 0xe, 0x2c, 0x43, 0xbc,
    0xd8, 0x0, 0x62, 0x20, 0xa, 0xb8, 0x14, 0x1c,
    0xcd, 0x70, 0x20,

    /* U+0079 "y" */
    0xb4, 0x0, 0x2d, 0x77, 0x0, 0x1f, 0x2a, 0xe0,
    0x2e, 0x60, 0xaa, 0x7a, 0x0, 0x57, 0x53, 0x0,
    0x8, 0x18, 0x40, 0x21, 0x90, 0x8, 0x98, 0xc0,
    0x11, 0xdc, 0x0, 0x80,

    /* U+007A "z" */
    0x5c, 0xc6, 0xf8, 0xae, 0x61, 0xe8, 0x40, 0xc,
    0x6a, 0x0, 0x2a, 0x90, 0xb, 0xb8, 0x1, 0x49,
    0x76, 0x60, 0x80,

    /* U+007B "{" */
    0x1, 0xc3, 0x6, 0xa3, 0xf, 0x30, 0xf, 0x13,
    0x2, 0xb1, 0x82, 0xa9, 0x0, 0x2, 0x20, 0x7,
    0x98, 0x1, 0xb0, 0xc0,

    /* U+007C "|" */
    0x6b, 0x0, 0xff, 0x0,

    /* U+007D "}" */
    0x79, 0x0, 0x39, 0x8, 0x0, 0x48, 0x3, 0xc4,
    0xc0, 0xa, 0xb1, 0xb, 0xa1, 0x3, 0x70, 0x0,
    0x88, 0x18, 0xc8, 0x0,

    /* U+007E "~" */
    0x2c, 0xb4, 0xa, 0x1a, 0xea, 0xcc, 0x68, 0x80,

    /* U+00B0 "°" */
    0x8, 0xa4, 0x30, 0xaf, 0x0, 0xc6, 0x15, 0xe0,

    /* U+00B1 "±" */
    0x0, 0x14, 0x80, 0x7f, 0x9e, 0xf9, 0xee, 0xc0,
    0xf7, 0xcf, 0x76, 0x0, 0xff, 0x15, 0x0, 0x4f,
    0x76, 0x8b, 0xb0, 0x0,

    /* U+00B7 "·" */
    0x0, 0x1e, 0x9f, 0x80,

    /* U+00D7 "×" */
    0x28, 0x0, 0x1b, 0x97, 0xca, 0x7b, 0x3, 0x85,
    0x68, 0x82, 0x94, 0x58, 0x17, 0x5b, 0x7c, 0x15,
    0x80, 0x16, 0x0,

    /* U+2013 "–" */
    0xbb, 0xf0, 0x80,

    /* U+2014 "—" */
    0xbb, 0xff, 0xe0, 0x18,

    /* U+2018 "‘" */
    0xa, 0x0, 0x8, 0x17, 0x80,

    /* U+2019 "’" */
    0xc, 0x1, 0x60, 0x39, 0x0,

    /* U+201C "“" */
    0xa, 0xb, 0x1, 0x33, 0x17, 0x85, 0x0,

    /* U+201D "”" */
    0xc, 0x1c, 0x16, 0x5b, 0x39, 0x76,

    /* U+2022 "•" */
    0x8, 0xf9, 0x0, 0x38, 0x30, 0x1, 0x81, 0x80,

    /* U+2026 "…" */
    0x1, 0x0, 0x8, 0x0, 0x40, 0x7c, 0x7, 0x0,
    0x70, 0x0,

    /* U+2103 "℃" */
    0x19, 0x90, 0x80, 0x16, 0xf7, 0x1a, 0x62, 0x12,
    0x15, 0xd1, 0xba, 0x2f, 0x55, 0x7b, 0xd, 0x98,
    0xa, 0x39, 0x99, 0xea, 0x0, 0x3c, 0xee, 0x2,
    0x20, 0x7, 0xf1, 0x98, 0x3, 0xf9, 0x28, 0x3,
    0xfa, 0x19, 0xc0, 0x21, 0x0, 0xc3, 0xfb, 0xdb,
    0xa6,

    /* U+2192 "→" */
    0x0, 0xf8, 0x50, 0x3, 0xf8, 0x74, 0xc0, 0x17,
    0x7f, 0x2e, 0x30, 0x5d, 0xfc, 0xdc, 0xc0, 0x1f,
    0xc, 0x8, 0x0,

    /* U+AC00 "가" */
    0x0, 0xfc, 0x60, 0x1f, 0xed, 0x0, 0x1e, 0x66,
    0xe0, 0xe, 0x3c, 0xcb, 0x48, 0x3, 0xf9, 0xd0,
    0x3, 0xfa, 0xe4, 0x2, 0x66, 0x0, 0x55, 0x62,
    0x1, 0x19, 0x0, 0x2c, 0x98, 0x3, 0x2a, 0x2e,
    0xea, 0x0, 0x3e, 0x7c, 0x60, 0xf, 0xc4, 0x20,
    0x1f, 0xfd, 0xe, 0x0, 0x0,

    /* U+AC01 "각" */
    0x0, 0xfc, 0xe0, 0x2, 0xcc, 0xb6, 0xc0, 0x14,
    0x0, 0x2c, 0xca, 0xcc, 0x3, 0xfa, 0xe8, 0x3,
    0xf4, 0xa9, 0x0, 0xb, 0x18, 0x1, 0x47, 0x0,
    0x11, 0x63, 0x33, 0x75, 0x40, 0x1f, 0x2f, 0xa9,
    0x17, 0x48, 0x0, 0xda, 0x23, 0xd2, 0x1, 0x25,
    0x57, 0x80, 0x3f, 0xfa, 0xbc, 0x0,

    /* U+AC04 "간" */
    0x0, 0xfc, 0x60, 0x2, 0xcc, 0xb6, 0xc0, 0x1a,
    0x0, 0x2c, 0xca, 0xcc, 0x3, 0xfa, 0xac, 0x3,
    0xf3, 0xb1, 0x80, 0x7, 0x1c, 0x0, 0xd5, 0x60,
    0x10, 0xf3, 0xc, 0xd6, 0x8, 0x6, 0x21, 0x81,
    0xc1, 0x0, 0xfa, 0x61, 0x40, 0x3f, 0xd0, 0x1,
    0xdc, 0x1, 0xff, 0xc3, 0x2c, 0xcf, 0x8, 0x0,

    /* U+AC10 "감" */
    0x0, 0xfd, 0x0, 0x1, 0xcc, 0xb7, 0x0, 0xc,
    0x0, 0x1c, 0xca, 0xd0, 0x3, 0xfa, 0xac, 0x3,
    0xf4, 0x29, 0x80, 0x7, 0x1c, 0x1, 0x7, 0x20,
    0x10, 0xe3, 0xae, 0x85, 0x80, 0x7c, 0xdf, 0x44,
    0x5d, 0x60, 0x3, 0x2d, 0x88, 0xeb, 0x0, 0xc5,
    0x55, 0xc0, 0x1f, 0xfc, 0x42, 0xcc, 0xe0, 0x8,

    /* U+AC12 "값" */
    0x0, 0xff, 0x8b, 0x32, 0xdb, 0x0, 0x60, 0x0,
    0xb3, 0x2a, 0xc0, 0xf, 0xc3, 0x4c, 0x0, 0x29,
    0x20, 0x0, 0xec, 0x8, 0x0, 0xf4, 0xc1, 0x32,
    0x94, 0x2, 0x14, 0x19, 0xff, 0x30, 0x6, 0x50,
    0x4, 0xf8, 0x1, 0x84, 0x16, 0xc0, 0x2c, 0x70,
    0xd3, 0xf, 0x10, 0xd, 0x16, 0xa0, 0x7, 0x40,
    0xd, 0x16, 0xa1, 0x10, 0xc1, 0x0, 0xa2, 0xd6,
    0x81, 0x66, 0xc0, 0x11, 0xb7, 0xd1, 0x0, 0x2a,
    0x0,

    /* U+AC1C "개" */
    0x0, 0xfe, 0x30, 0xf, 0xdc, 0x1e, 0x20, 0xd9,
    0x95, 0x80, 0x79, 0xb3, 0x10, 0x60, 0x1f, 0xd9,
    0xa0, 0x1f, 0xc8, 0xa0, 0x1, 0x0, 0xe8, 0xb0,
    0xa, 0x88, 0x2, 0x53, 0x70, 0xa, 0xc8, 0x0,
    0xdd, 0x40, 0x1f, 0xd6, 0x20, 0x1f, 0x98, 0x3,
    0xff, 0x9f, 0xc1, 0x82,

    /* U+AC74 "건" */
    0x0, 0xfe, 0x30, 0xf, 0xf6, 0x80, 0x13, 0x32,
    0xe8, 0x0, 0xe4, 0xcc, 0x93, 0x0, 0x3f, 0x1b,
    0x20, 0x88, 0x3, 0x8b, 0xf9, 0x6a, 0x82, 0x1,
    0x2f, 0xf1, 0x2d, 0xd8, 0x40, 0x19, 0xb8, 0x40,
    0x1f, 0x64, 0x30, 0x7, 0xfa, 0x40, 0x3b, 0x80,
    0x3f, 0xf8, 0x99, 0x9e, 0x40,

    /* U+AC80 "검" */
    0x0, 0xfc, 0xe0, 0xc, 0xcb, 0x74, 0x0, 0xb1,
    0xc, 0xca, 0xdc, 0x3, 0xf5, 0xf0, 0x7, 0xd0,
    0xc1, 0x98, 0x30, 0xa, 0x12, 0xd3, 0x30, 0x60,
    0x78, 0x58, 0x1, 0xe7, 0xfb, 0x11, 0xe8, 0x14,
    0x3a, 0xa5, 0xde, 0xa1, 0x0, 0xa6, 0xab, 0x10,
    0x7, 0xff, 0xb, 0xb3, 0x31, 0x80,

    /* U+AC83 "것" */
    0x0, 0xff, 0xe4, 0x70, 0x1, 0x73, 0x2d, 0x90,
    0xe, 0x5c, 0xc9, 0x70, 0x3, 0xf1, 0x23, 0xaa,
    0x80, 0x38, 0xbb, 0x82, 0x44, 0x10, 0x9, 0xbb,
    0x84, 0x6e, 0xe1, 0x0, 0x58, 0xe1, 0x2, 0x0,
    0x75, 0xb8, 0x5, 0x44, 0x4, 0x1, 0xe9, 0x79,
    0xc, 0x0, 0xc7, 0x9f, 0x3b, 0x86, 0x1, 0x54,
    0xf3, 0x3, 0x7c, 0x48,

    /* U+AC8C "게" */
    0x0, 0xfe, 0x30, 0xf, 0xda, 0x1e, 0x20, 0xd9,
    0x95, 0x80, 0x79, 0xb3, 0x10, 0x60, 0x1f, 0xd9,
    0xa0, 0x1f, 0xc9, 0x98, 0x20, 0xf, 0x45, 0xce,
    0x10, 0x7, 0x21, 0xb8, 0x7, 0xcd, 0xf4, 0x1,
    0xf8, 0x6c, 0x40, 0x3f, 0x38, 0x7, 0xff, 0x3f,
    0x43, 0x4,

    /* U+ACB0 "결" */
    0x0, 0xfe, 0x60, 0x2, 0x66, 0x5b, 0x0, 0x8,
    0x0, 0x26, 0x64, 0xfd, 0x98, 0x10, 0xe, 0x27,
    0x6c, 0xc0, 0x80, 0x61, 0xfe, 0x0, 0xf8, 0xf2,
    0x4c, 0xd7, 0x61, 0x0, 0x5c, 0x7a, 0x1, 0xdd,
    0x98, 0x1, 0x57, 0x19, 0x9c, 0xa0, 0x1, 0xa,
    0xcc, 0xe2, 0x0, 0xd7, 0x7e, 0x30, 0xc, 0xb7,
    0x7d, 0xa0, 0x1d, 0x99, 0xe4,

    /* U+ACBD "경" */
    0x0, 0xfc, 0xe0, 0xc, 0xcb, 0x74, 0x0, 0xb1,
    0xc, 0xca, 0x5c, 0x3, 0xf4, 0x76, 0x60, 0xc0,
    0x34, 0x22, 0x33, 0x6, 0x1, 0x50, 0x40, 0xe6,
    0xc, 0x1b, 0x3e, 0x0, 0x73, 0x6, 0xf, 0x8a,
    0xaa, 0xba, 0x6e, 0x11, 0x4, 0xe4, 0x5d, 0x86,
    0x40, 0x27, 0x92, 0x1, 0x76, 0x10, 0x2, 0xa8,
    0x2, 0x40, 0x10, 0x5, 0x66, 0x6e, 0xf0,

    /* U+ACC4 "계" */
    0x0, 0xfe, 0x30, 0xf, 0xda, 0x1e, 0x20, 0xd9,
    0x95, 0x80, 0x79, 0xb3, 0x10, 0x8, 0x60, 0x1f,
    0x61, 0x60, 0x7, 0xe4, 0x98, 0x30, 0xf, 0x45,
    0x8, 0x80, 0x3c, 0x86, 0xf5, 0x42, 0x0, 0xcd,
    0x16, 0x37, 0x62, 0x0, 0xc3, 0x80, 0x1f, 0xce,
    0x1, 0xff, 0xcf, 0xd0, 0xc1,

    /* U+ACE0 "고" */
    0x0, 0x4e, 0x67, 0x6d, 0x0, 0x69, 0xcc, 0xee,
    0x0, 0xff, 0xe4, 0x30, 0x1, 0xcc, 0x3, 0xeb,
    0x0, 0x84, 0x3, 0xfe, 0xe0, 0xf, 0xf2, 0x30,
    0x5, 0x99, 0x8b, 0x33, 0x94,

    /* U+ACF5 "공" */
    0x0, 0x2e, 0x67, 0xb4, 0x3, 0x2e, 0x67, 0x80,
    0x3f, 0x30, 0x80, 0x88, 0x3, 0xed, 0x30, 0x2,
    0x80, 0x4c, 0xdc, 0xac, 0xfe, 0xc4, 0x6, 0x7a,
    0x8, 0xcf, 0x0, 0x15, 0x4f, 0xbf, 0xed, 0x75,
    0x51, 0x0, 0xf, 0xf2, 0xed, 0x9c, 0xa0, 0x1a,
    0xa1, 0x4, 0x49, 0xfc, 0x1, 0xbf, 0xc0, 0x1a,
    0x8c, 0x3, 0x36, 0x62, 0xed, 0x9d, 0x0, 0x0,

    /* U+ACFC "과" */
    0x0, 0xfe, 0x30, 0xf, 0xf0, 0xf0, 0x5, 0x19,
    0x9b, 0xc0, 0x3d, 0x19, 0x98, 0x80, 0x3f, 0xf9,
    0x10, 0x1, 0xc7, 0x2c, 0x1, 0x30, 0x7, 0x1d,
    0x20, 0x7, 0x9c, 0x2, 0x32, 0x0, 0xf5, 0x0,
    0x73, 0xdd, 0x87, 0x32, 0xb0, 0xc, 0xf7, 0x6f,
    0xcc, 0xac, 0x3, 0xff, 0x98, 0x3a, 0x0,

    /* U+AD00 "관" */
    0x0, 0xfc, 0x60, 0x1f, 0xed, 0x0, 0xb3, 0x36,
    0xd0, 0x7, 0x66, 0x69, 0x30, 0xf, 0x2c, 0x80,
    0x80, 0x7f, 0xdc, 0x0, 0xc7, 0x0, 0x8c, 0x5d,
    0x0, 0x1e, 0xd5, 0x7e, 0x11, 0x76, 0x0, 0x18,
    0xd5, 0xcd, 0x4c, 0xa0, 0x3, 0x87, 0xc0, 0x3b,
    0x0, 0x3f, 0xc4, 0x1, 0x8f, 0x33, 0xc6, 0x0,

    /* U+AD50 "교" */
    0x0, 0x5e, 0x67, 0xb8, 0x3, 0x5e, 0x67, 0x80,
    0x3f, 0xf8, 0xca, 0x60, 0xa6, 0x26, 0x1, 0xda,
    0xa1, 0x8e, 0x62, 0x1, 0xff, 0x20, 0x7, 0xf8,
    0xa0, 0x2, 0xcc, 0x35, 0xe3, 0xce, 0x64, 0xa0,

    /* U+AD6C "구" */
    0x0, 0x36, 0x67, 0xc0, 0x19, 0xb3, 0x3b, 0x9c,
    0x3, 0xff, 0xac, 0x22, 0x0, 0xb3, 0x37, 0x6e,
    0x7b, 0xe2, 0x86, 0x66, 0x9b, 0xcc, 0x6e, 0x28,
    0x7, 0xff, 0xa5, 0xd8, 0x3, 0x80,

    /* U+ADF8 "그" */
    0x0, 0x46, 0x67, 0x6c, 0x80, 0x68, 0xcc, 0xe8,
    0x0, 0xff, 0xe6, 0x8, 0x7, 0xf8, 0xc0, 0x3f,
    0xe1, 0xf0, 0xf, 0xf7, 0x90, 0x5, 0x99, 0xf2,
    0x4e, 0x28,

    /* U+ADFC "근" */
    0x0, 0x26, 0x67, 0x6c, 0x0, 0x64, 0xcc, 0xe9,
    0x0, 0xff, 0x84, 0x3, 0xff, 0x96, 0x7e, 0x1,
    0x66, 0x7d, 0x57, 0x8a, 0x19, 0x9f, 0xe5, 0x0,
    0x1b, 0x80, 0x7f, 0x9f, 0x80, 0x3f, 0xf9, 0x6f,
    0x99, 0xd2, 0x0,

    /* U+AE08 "금" */
    0x0, 0x26, 0x67, 0x6d, 0x80, 0x64, 0xcc, 0xef,
    0x0, 0xff, 0xe0, 0x8, 0x7, 0xf8, 0x4c, 0x2,
    0xcc, 0xfb, 0x9f, 0x14, 0x33, 0x3e, 0xde, 0xc5,
    0x0, 0x1d, 0xdf, 0x9c, 0x3, 0x31, 0x55, 0x68,
    0xc0, 0xf, 0x8, 0xf0, 0x7, 0xff, 0x19, 0xf3,
    0x37, 0x80, 0x40,

    /* U+AE30 "기" */
    0x0, 0xfc, 0x60, 0x1f, 0xb5, 0x33, 0x37, 0x0,
    0x49, 0x99, 0x72, 0x80, 0x7c, 0xb8, 0x1, 0xf5,
    0x30, 0x7, 0xae, 0x4, 0x3, 0xac, 0xd4, 0x3,
    0x2e, 0xea, 0x0, 0x39, 0xf1, 0x80, 0x3c, 0x42,
    0x1, 0xff, 0xcc, 0xe0,

    /* U+AE40 "김" */
    0x0, 0xfc, 0xe1, 0x99, 0xbc, 0x1, 0x21, 0x99,
    0x71, 0x80, 0x7d, 0x14, 0x1, 0xe6, 0x68, 0x3,
    0xa2, 0xb4, 0x3, 0x2e, 0x8e, 0x8, 0x6, 0x4f,
    0x81, 0x1e, 0xa1, 0x2d, 0xab, 0xbe, 0x0, 0xaa,
    0xb8, 0x40, 0x3f, 0xf8, 0x1b, 0x99, 0x84,

    /* U+AEBC "꺼" */
    0x0, 0xfe, 0x30, 0xf, 0xed, 0x8, 0xce, 0x8c,
    0xe3, 0x0, 0xa3, 0x16, 0x71, 0x44, 0x3, 0x98,
    0x41, 0xc8, 0x3, 0x23, 0x80, 0xf, 0x30, 0x20,
    0xf, 0x90, 0x47, 0xcc, 0x8, 0x31, 0x18, 0x7d,
    0x0, 0x43, 0xb2, 0x8, 0x24, 0x1, 0xd, 0x80,
    0x3e, 0xc0, 0x3f, 0x58, 0x80, 0x7f, 0xf2, 0xf8,

    /* U+B044 "끄" */
    0x3, 0xcc, 0x72, 0x66, 0x5a, 0x1, 0x1e, 0x61,
    0x5f, 0x31, 0xa0, 0x1f, 0xfc, 0x77, 0x10, 0x8,
    0x40, 0x3c, 0x24, 0x0, 0x30, 0xf, 0xf8, 0x5c,
    0x3, 0x84, 0x40, 0x13, 0x88, 0x5, 0x99, 0xe,
    0x65, 0x2f, 0x8a,

    /* U+B04A "끊" */
    0x0, 0x56, 0x72, 0xe6, 0x36, 0x80, 0x35, 0x63,
    0xb6, 0x62, 0x40, 0x3e, 0x31, 0x0, 0x8c, 0x3,
    0xcc, 0x40, 0x1, 0x10, 0x5, 0x99, 0xe, 0x65,
    0xb, 0x8a, 0x19, 0x96, 0xe6, 0x3b, 0x9b, 0x8a,
    0x0, 0x60, 0x8, 0x92, 0x48, 0x40, 0x2d, 0x10,
    0x2a, 0xe2, 0xa4, 0x0, 0xf1, 0x79, 0x98, 0x94,
    0x3, 0x11, 0x6, 0xae, 0xc0, 0x60, 0x16, 0x4d,
    0xa5, 0x5d, 0x80, 0xc0,

    /* U+B05D "끝" */
    0x0, 0x5e, 0x72, 0xe6, 0x36, 0x0, 0x35, 0xe3,
    0xb6, 0x62, 0x0, 0x3e, 0x21, 0x0, 0xbc, 0x3,
    0xcc, 0x40, 0x3, 0x10, 0xb, 0x32, 0x1c, 0xca,
    0xa9, 0x8a, 0x19, 0x9f, 0xe5, 0x0, 0x3e, 0xe6,
    0x73, 0x80, 0x6f, 0x8c, 0xce, 0x70, 0xe, 0x8c,
    0xce, 0x40, 0xe, 0x8c, 0xce, 0x40, 0xe, 0x8c,
    0xce, 0x80, 0x0,

    /* U+B098 "나" */
    0x0, 0xfc, 0x60, 0x1f, 0xed, 0x0, 0x1d, 0x80,
    0x7f, 0xf7, 0x1d, 0x80, 0x3f, 0x88, 0x80, 0x1e,
    0x10, 0x2, 0xa0, 0xbe, 0x5d, 0xd0, 0x1, 0x8b,
    0x31, 0x77, 0x48, 0x7, 0xff, 0x5b, 0x80, 0x0,

    /* U+B0A8 "남" */
    0x0, 0xfc, 0xc0, 0x1, 0xd0, 0xf, 0x40, 0x7,
    0xff, 0x24, 0x65, 0x40, 0x3f, 0xe, 0xb8, 0x9e,
    0x67, 0x10, 0x21, 0x7, 0x66, 0x71, 0x0, 0x71,
    0x17, 0xa8, 0x3, 0x6c, 0x47, 0x48, 0x6, 0x2a,
    0xae, 0x0, 0xff, 0xe2, 0x16, 0x67, 0x0, 0x40,

    /* U+B0B4 "내" */
    0x0, 0xfe, 0x30, 0xf, 0x70, 0xf, 0x95, 0x80,
    0x7f, 0xf8, 0x73, 0x40, 0x3f, 0x66, 0x80, 0x16,
    0xa9, 0x6a, 0x1, 0x8b, 0xee, 0xe5, 0x0, 0xe1,
    0x18, 0x3, 0xff, 0x95, 0xc0, 0x38,

    /* U+B0C9 "냉" */
    0x0, 0xfe, 0x20, 0xd0, 0xd, 0xa0, 0x70, 0x1,
    0xff, 0xc5, 0x8a, 0x0, 0xfd, 0xbc, 0x0, 0x2c,
    0xc9, 0x1, 0x50, 0x1, 0xf9, 0x92, 0x0, 0x7c,
    0x71, 0x4e, 0xe1, 0x80, 0x4, 0x4d, 0xdc, 0x5e,
    0xc0, 0x6, 0xa3, 0x11, 0x2c, 0xf8, 0x0, 0x94,
    0x3, 0x76, 0x0, 0x37, 0x59, 0x76, 0xcc, 0x38,

    /* U+B110 "널" */
    0x0, 0xf9, 0x83, 0x40, 0x3d, 0x0, 0x1f, 0xfc,
    0x11, 0xbb, 0x84, 0x3, 0xd, 0xdc, 0x20, 0x39,
    0x9a, 0xc0, 0x2c, 0xce, 0xb0, 0xb0, 0x5, 0x66,
    0x75, 0x80, 0x2b, 0x33, 0x8c, 0x1, 0xb9, 0x9c,
    0x20, 0x16, 0x67, 0x80, 0x2c, 0xcf, 0x20,

    /* U+B124 "네" */
    0x0, 0xfe, 0x30, 0xf, 0x59, 0x7, 0x1d, 0x0,
    0x7f, 0xf2, 0x88, 0x8e, 0x1, 0xe3, 0xbb, 0x10,
    0x7, 0x8e, 0x64, 0xa0, 0x1f, 0xfc, 0x27, 0x99,
    0x51, 0x80, 0x63, 0xea, 0xbb, 0x18, 0x7, 0x19,
    0x88, 0x40, 0x3f, 0xf9, 0x36, 0x41, 0xa0,

    /* U+B137 "넷" */
    0x0, 0xff, 0xe1, 0xbc, 0x1d, 0x6, 0x80, 0x7f,
    0xc2, 0xaa, 0xe0, 0xf, 0x8c, 0xe0, 0xf, 0xb,
    0x3e, 0x80, 0x66, 0xba, 0xa2, 0x0, 0x75, 0xda,
    0xa8, 0x5, 0x80, 0x1f, 0x41, 0xa1, 0x78, 0x6,
    0x87, 0xb2, 0x15, 0x0, 0x15, 0x95, 0x7f, 0x9c,
    0x0, 0xdd, 0xca, 0x2, 0xd0, 0xd2,

    /* U+B178 "노" */
    0x0, 0x3b, 0x0, 0x7f, 0xf5, 0xc4, 0x7e, 0x0,
    0xc5, 0x95, 0xb9, 0x54, 0x80, 0xc, 0xb7, 0x69,
    0x5b, 0xb4, 0x80, 0x7f, 0xf0, 0xf3, 0x34, 0x36,
    0x66, 0x50, 0xcc, 0xdb, 0xd9, 0x99, 0x40,

    /* U+B192 "높" */
    0x0, 0x25, 0x0, 0x7f, 0xf3, 0x8, 0xbc, 0x1,
    0x98, 0x22, 0x7e, 0x21, 0x60, 0x18, 0xaa, 0x9e,
    0xf5, 0x49, 0x0, 0xb3, 0x34, 0x36, 0x66, 0x50,
    0xcc, 0xff, 0x28, 0x1, 0xf3, 0xb3, 0x1b, 0xd6,
    0x1, 0x9f, 0x97, 0x31, 0xd, 0x60, 0x1f, 0xfc,
    0x48, 0xf5, 0xcc, 0x43, 0x60, 0x0,

    /* U+B204 "누" */
    0x0, 0x2c, 0x0, 0x7f, 0xf5, 0xdb, 0x33, 0xa4,
    0x3, 0x2f, 0x66, 0x74, 0x80, 0x7f, 0xf0, 0xf3,
    0x36, 0xf6, 0x66, 0x50, 0xcc, 0xd6, 0xd9, 0x99,
    0x40, 0x3f, 0xfb, 0xaf, 0x40, 0x1c,

    /* U+B20C "눌" */
    0x0, 0x1c, 0x80, 0x7f, 0xf2, 0xde, 0xef, 0xa0,
    0x3, 0x1f, 0x5d, 0xf4, 0x0, 0x59, 0x9f, 0xe5,
    0xc, 0xcd, 0x49, 0x99, 0x94, 0x0, 0x99, 0x8b,
    0x6c, 0xc2, 0x80, 0x64, 0xcc, 0x6f, 0x64, 0x90,
    0x6, 0x3b, 0xbe, 0x90, 0xe, 0x63, 0xbb, 0xd8,
    0xe0, 0x1c, 0xd9, 0x9d, 0x20, 0x0,

    /* U+B294 "는" */
    0x0, 0x1d, 0x0, 0x7f, 0xf5, 0xd3, 0x33, 0xa0,
    0x3, 0x1f, 0x66, 0x74, 0x0, 0x57, 0x7f, 0xe4,
    0xa, 0xaf, 0xf2, 0x0, 0x81, 0x8, 0xfc, 0x1,
    0x2d, 0x0, 0x7f, 0xf2, 0xdf, 0x33, 0xa4, 0x0,

    /* U+B2A5 "능" */
    0x0, 0x1d, 0x80, 0x7f, 0xf5, 0x85, 0xf3, 0x3a,
    0xc0, 0x31, 0x66, 0x7a, 0xc0, 0x2c, 0xcf, 0xf2,
    0x86, 0x67, 0xf9, 0x40, 0x27, 0xcb, 0xb6, 0x50,
    0x80, 0x66, 0xdc, 0xbb, 0x67, 0x50, 0x6, 0x30,
    0xe, 0x10, 0xe, 0x5c, 0xc5, 0xdb, 0x31, 0x40,
    0x0,

    /* U+B2C8 "니" */
    0x0, 0xf8, 0xc0, 0x3e, 0xde, 0x0, 0xff, 0xf0,
    0x8, 0x0, 0xf3, 0x35, 0x10, 0x6e, 0x66, 0xb2,
    0x0, 0xff, 0xe6, 0x70,

    /* U+B2E4 "다" */
    0x0, 0xfc, 0x60, 0x1f, 0xed, 0x0, 0x1f, 0x66,
    0x60, 0xf, 0x26, 0x66, 0x0, 0xff, 0xe6, 0xc,
    0xc0, 0x7, 0xe1, 0xba, 0x0, 0xfe, 0x22, 0x2,
    0x66, 0x57, 0x20, 0x18, 0xfb, 0x32, 0xb9, 0x0,
    0xff, 0xeb, 0x70, 0x0,

    /* U+B2E8 "단" */
    0x0, 0xfc, 0x60, 0x1f, 0xed, 0x0, 0x1f, 0x66,
    0x61, 0x0, 0xe5, 0xcc, 0xc2, 0x1, 0xff, 0xc1,
    0x42, 0x0, 0xfe, 0x36, 0x5, 0xbb, 0xca, 0x0,
    0x74, 0x3e, 0xbb, 0xca, 0x1, 0xe8, 0x0, 0xff,
    0x28, 0x7, 0x70, 0x7, 0xff, 0xc, 0xb3, 0x3a,
    0xc0, 0x0,

    /* U+B2F5 "답" */
    0x0, 0xff, 0x56, 0xe6, 0x50, 0x16, 0x40, 0xe,
    0xcc, 0xa0, 0x3, 0xff, 0x81, 0x32, 0x0, 0xfd,
    0xd6, 0x11, 0x55, 0x58, 0x1, 0xca, 0x21, 0x32,
    0x8a, 0x3, 0x30, 0x13, 0x81, 0x90, 0x87, 0x0,
    0x58, 0xa0, 0x1b, 0x4c, 0x2, 0xbb, 0xe5, 0x0,
    0xd1, 0x77, 0x94, 0x3, 0x46, 0x66, 0x50, 0x0,

    /* U+B300 "대" */
    0x0, 0xfc, 0x60, 0x1e, 0xd0, 0xda, 0xdc, 0xc4,
    0x0, 0x77, 0x66, 0x20, 0x3, 0xff, 0x8e, 0x6a,
    0x1, 0xf8, 0x84, 0x3, 0xc6, 0xe2, 0x15, 0x10,
    0x91, 0x0, 0xa7, 0x72, 0xec, 0x20, 0x11, 0xa2,
    0xc, 0x80, 0x3f, 0xf8, 0xfa, 0x1c,

    /* U+B370 "데" */
    0x0, 0xfe, 0x30, 0xf, 0x59, 0xf, 0x8f, 0xe6,
    0x42, 0x1, 0xc7, 0x99, 0x8, 0x7, 0xff, 0x1b,
    0x30, 0xa0, 0x1f, 0x66, 0x14, 0x3, 0xff, 0x84,
    0x2a, 0xcc, 0x30, 0xc, 0x36, 0x60, 0x62, 0x1,
    0xcc, 0xd2, 0x90, 0x7, 0xff, 0x22, 0xc8, 0x70,

    /* U+B378 "델" */
    0x0, 0xf8, 0x45, 0xf9, 0x91, 0x95, 0xa3, 0x96,
    0x64, 0x60, 0x1f, 0x4e, 0x70, 0x7, 0xa7, 0x38,
    0x2, 0x2b, 0xb6, 0x38, 0x6, 0xfb, 0xb6, 0x39,
    0xe3, 0x10, 0x36, 0x65, 0xb7, 0xe0, 0x6, 0xcc,
    0xe9, 0x20, 0x7d, 0xcc, 0xd2, 0x61, 0xf5, 0x99,
    0xca, 0x0, 0x9c, 0xce, 0x80,

    /* U+B3C4 "도" */
    0x0, 0x2f, 0x66, 0x72, 0x80, 0x73, 0x66, 0x72,
    0x80, 0x7f, 0xf4, 0x5, 0x73, 0x75, 0x98, 0x80,
    0xc, 0x9b, 0x96, 0xb9, 0x88, 0x0, 0xff, 0xe1,
    0xdd, 0xf2, 0xdd, 0xe4, 0xa, 0xad, 0x98, 0xaa,
    0xc8,

    /* U+B3CC "돌" */
    0x0, 0x2f, 0x66, 0x73, 0x0, 0x73, 0x66, 0x73,
    0x0, 0x72, 0x4c, 0xf3, 0x0, 0x65, 0xeb, 0xe0,
    0xbb, 0x38, 0x5, 0x10, 0xaa, 0x62, 0xd5, 0x26,
    0xc, 0x2e, 0xf4, 0x7d, 0xde, 0x20, 0x37, 0x88,
    0xf3, 0x18, 0x80, 0x12, 0xef, 0xbb, 0x40, 0x32,
    0x5d, 0xf4, 0x80, 0x71, 0x65, 0xde, 0xc8, 0x0,
    0xea, 0xcc, 0xe9, 0x0, 0x0,

    /* U+B3D9 "동" */
    0x0, 0x2f, 0x66, 0x73, 0x0, 0x73, 0x66, 0x73,
    0x0, 0x7f, 0xf1, 0x5, 0x33, 0x7b, 0x31, 0x0,
    0x19, 0x33, 0x16, 0xd9, 0x88, 0x0, 0xaa, 0xb9,
    0x6a, 0xb2, 0x4, 0xce, 0xfe, 0x99, 0xca, 0x6,
    0x64, 0xf8, 0x87, 0xd9, 0x98, 0x40, 0xd, 0xb9,
    0x76, 0xc0, 0x80, 0xf, 0xfe, 0x23, 0x6e, 0x5d,
    0xb0, 0x20, 0x0,

    /* U+B418 "되" */
    0x0, 0xfc, 0x60, 0x1f, 0xdc, 0x0, 0xfc, 0xcc,
    0xe0, 0x18, 0x73, 0x33, 0x80, 0x7f, 0xf0, 0xc4,
    0x78, 0x3, 0x25, 0xfd, 0x5b, 0x0, 0x6a, 0xa1,
    0x55, 0x1c, 0x3, 0xff, 0x83, 0x57, 0x62, 0xdc,
    0xc2, 0x80, 0x2e, 0xaf, 0xb3, 0x25, 0x0, 0x8,
    0x80, 0x3f, 0xf8, 0x9a, 0x0,

    /* U+B41C "된" */
    0x0, 0xfc, 0x60, 0x1f, 0xda, 0x0, 0xfc, 0xcc,
    0xa0, 0x18, 0x73, 0x32, 0x80, 0x7f, 0xf0, 0x97,
    0x3f, 0x30, 0xc0, 0x1a, 0xf0, 0xb7, 0x18, 0x2,
    0x9a, 0xb2, 0xab, 0xb1, 0x80, 0x22, 0xeb, 0xee,
    0xe3, 0x0, 0x9, 0xc0, 0x7, 0x60, 0x7, 0xf1,
    0x0, 0x4f, 0x99, 0xe4,

    /* U+B428 "됨" */
    0x0, 0xfc, 0xe1, 0xf9, 0x99, 0x42, 0x40, 0x73,
    0x32, 0x80, 0x7f, 0xf0, 0xb, 0x3f, 0x30, 0xc0,
    0x16, 0x60, 0xb3, 0xc, 0x0, 0xab, 0xc2, 0xcc,
    0x80, 0x15, 0x79, 0xf9, 0x90, 0x40, 0x16, 0xe6,
    0x74, 0x0, 0xa6, 0x67, 0x0, 0x7f, 0xf0, 0x1f,
    0x33, 0x84,

    /* U+B4DC "드" */
    0x0, 0x2f, 0x66, 0x72, 0x80, 0x73, 0x66, 0x72,
    0x80, 0x7f, 0xf4, 0x5, 0x73, 0x3a, 0x0, 0x32,
    0x6e, 0x67, 0x40, 0x7, 0xff, 0xf, 0x33, 0xfc,
    0xa0,

    /* U+B4F1 "등" */
    0x0, 0x2f, 0x66, 0x73, 0x0, 0x73, 0x66, 0x73,
    0x0, 0x7f, 0xf1, 0x5, 0x73, 0x39, 0xc0, 0x32,
    0x6e, 0x67, 0x38, 0x5, 0x99, 0xfe, 0x50, 0xcc,
    0xff, 0x28, 0x4, 0xf9, 0x76, 0xc8, 0x0, 0xe6,
    0xdc, 0xbb, 0x60, 0x48, 0x7, 0xff, 0x11, 0xb7,
    0x2e, 0xd8, 0x12, 0x0,

    /* U+B77C "라" */
    0x0, 0xf8, 0xc0, 0x3f, 0xde, 0x20, 0x8, 0xcc,
    0xbc, 0x40, 0x3a, 0x33, 0x22, 0x0, 0xff, 0xe2,
    0xc6, 0x64, 0x42, 0x0, 0x75, 0x3, 0xec, 0xc7,
    0x80, 0x5c, 0x40, 0x1f, 0xd2, 0xe0, 0x7, 0x23,
    0x32, 0x88, 0x6, 0xdc, 0xab, 0x43, 0x0, 0xe6,
    0x98, 0x83, 0xb0, 0x80, 0x7f, 0xf2, 0xb0, 0x40,
    0x0,

    /* U+B798 "래" */
    0x0, 0xfc, 0x60, 0x1e, 0xd0, 0xd9, 0xcc, 0xc0,
    0x1a, 0x73, 0x1a, 0x1, 0xff, 0xc2, 0x8b, 0xb5,
    0x0, 0x42, 0x9, 0x35, 0x4c, 0x2, 0xa1, 0x3,
    0x11, 0x0, 0xa, 0xc4, 0x3, 0x8, 0x6, 0x5d,
    0xbb, 0x52, 0x0, 0x53, 0x97, 0x72, 0x0, 0x7f,
    0xf1, 0xb4, 0x38,

    /* U+B7A8 "램" */
    0x0, 0xfc, 0x71, 0x99, 0x68, 0x68, 0x74, 0x66,
    0x40, 0x1c, 0x48, 0x90, 0x7, 0x47, 0x66, 0x28,
    0xe, 0xc8, 0x26, 0x20, 0xe0, 0x76, 0x44, 0xfc,
    0xc5, 0xa0, 0x5, 0x19, 0x95, 0xa7, 0x7, 0x0,
    0x3f, 0x32, 0xfc, 0xc0, 0x0, 0x73, 0x38, 0x80,
    0x3f, 0xe1, 0xcc, 0xe2,

    /* U+B7C9 "량" */
    0x0, 0xf9, 0x44, 0x23, 0x32, 0xe2, 0xe, 0x30,
    0x8c, 0xc9, 0x40, 0x29, 0x87, 0xbb, 0x94, 0x2,
    0xfa, 0xdf, 0xaa, 0x79, 0x0, 0x1c, 0xc1, 0xc4,
    0x70, 0x3, 0xec, 0xbf, 0x31, 0x76, 0x10, 0xea,
    0x8c, 0xca, 0xe8, 0x78, 0xc0, 0x29, 0xcb, 0xb8,
    0x4, 0x1, 0x59, 0x8b, 0xba, 0x4c, 0x3, 0xff,
    0x81, 0x59, 0x77, 0x64, 0x98, 0x0,

    /* U+B7EC "러" */
    0x0, 0xfc, 0x40, 0x1f, 0xd2, 0x41, 0x99, 0xb8,
    0x3, 0xb3, 0x30, 0x7, 0xff, 0x13, 0x2e, 0xe3,
    0x56, 0x60, 0x0, 0x6e, 0xed, 0x63, 0x10, 0xf,
    0x8d, 0x5c, 0x2, 0x22, 0x8c, 0xc0, 0x19, 0x2e,
    0xd4, 0x8e, 0x1, 0xa6, 0x68, 0x74, 0x0, 0xff,
    0xe4, 0xd9, 0x0,

    /* U+B807 "렇" */
    0x0, 0xff, 0xae, 0xf7, 0x0, 0x21, 0x42, 0xef,
    0x0, 0x42, 0x0, 0xfb, 0xb9, 0x26, 0xdc, 0x0,
    0x57, 0x75, 0x4d, 0xb0, 0x0, 0xee, 0xf1, 0x80,
    0x6e, 0xbb, 0xb8, 0xc0, 0x2, 0x2, 0x89, 0x72,
    0xa6, 0x38, 0x0, 0x8a, 0xd3, 0x22, 0x38, 0xb,
    0xe6, 0xee, 0x34, 0x0, 0x31, 0x5d, 0xd5, 0x0,
    0x13, 0x15, 0xdd, 0x50, 0x0,

    /* U+B808 "레" */
    0x0, 0xfc, 0x60, 0x1e, 0xd0, 0xd9, 0xcc, 0x78,
    0x7, 0x4e, 0x60, 0x80, 0x3f, 0xf8, 0x51, 0x54,
    0x22, 0x21, 0x80, 0x12, 0x2f, 0x9b, 0x0, 0x31,
    0x88, 0x92, 0xc, 0x3, 0xfe, 0x7d, 0xcc, 0x50,
    0x6, 0xbc, 0xca, 0x80, 0x3f, 0xf8, 0xfa, 0x1c,

    /* U+B824 "려" */
    0x0, 0xfc, 0x40, 0x1f, 0xd2, 0x61, 0x99, 0xb8,
    0x3, 0xb3, 0x30, 0x12, 0x38, 0x7, 0xc9, 0x82,
    0x0, 0xcb, 0xb8, 0xda, 0x18, 0x0, 0x37, 0x76,
    0x9a, 0x38, 0x7, 0xcb, 0x82, 0x1, 0x11, 0x48,
    0xd0, 0xc0, 0x4, 0xbb, 0x51, 0x88, 0x6, 0x99,
    0xa1, 0xc4, 0x3, 0xff, 0x93, 0x66,

    /* U+B825 "력" */
    0x0, 0xf9, 0x83, 0x33, 0x70, 0x2, 0x87, 0x33,
    0x5, 0x59, 0x85, 0x56, 0xa, 0xb3, 0x4, 0x88,
    0xbd, 0xe0, 0x80, 0x4, 0x50, 0x9e, 0x18, 0x3,
    0x32, 0xb5, 0x41, 0xe, 0xcc, 0xac, 0x42, 0x44,
    0xf3, 0x3d, 0x62, 0x79, 0x9e, 0x20, 0xf, 0xfe,
    0x76, 0x8,

    /* U+B85C "로" */
    0x0, 0x36, 0x67, 0x6c, 0x80, 0x66, 0xcc, 0xee,
    0x0, 0xe6, 0xcc, 0xef, 0x10, 0xd, 0xd3, 0x99,
    0xd0, 0x1, 0xff, 0xc4, 0xe9, 0xcd, 0xec, 0xc5,
    0x80, 0x66, 0xcc, 0x43, 0x66, 0x2c, 0x2, 0x22,
    0xe1, 0x22, 0xc0, 0x8, 0x8d, 0xa7, 0x11, 0x90,

    /* U+B85D "록" */
    0x0, 0x2e, 0x67, 0x6b, 0x80, 0x65, 0xcc, 0xeb,
    0x0, 0xe7, 0xdc, 0xcd, 0x44, 0x1, 0xd5, 0xbb,
    0xca, 0x1, 0x8b, 0x2b, 0x31, 0x54, 0x80, 0x9,
    0x7, 0xfc, 0x88, 0xff, 0x62, 0x8, 0x11, 0x6f,
    0xf1, 0x16, 0x30, 0x61, 0xcc, 0xf1, 0xb1, 0x0,
    0x1a, 0x23, 0xb3, 0x40, 0x30, 0x91, 0x71, 0x80,
    0x7f, 0xc3, 0xc0, 0x0,

    /* U+B864 "롤" */
    0x0, 0x26, 0x67, 0x6c, 0x0, 0x66, 0xaa, 0xe5,
    0x0, 0xe4, 0xf2, 0x2d, 0x94, 0x1, 0xc9, 0x11,
    0xd6, 0x1, 0x9b, 0x72, 0x53, 0x31, 0x20, 0x16,
    0x66, 0x94, 0xcc, 0xca, 0x19, 0xd1, 0x1e, 0xec,
    0x50, 0x8, 0x8b, 0xb6, 0xc0, 0x33, 0xee, 0xf2,
    0x80, 0x71, 0x6d, 0xde, 0xc9, 0x0, 0xeb, 0xcc,
    0xe9, 0x0, 0x0,

    /* U+B86F "롯" */
    0x0, 0x26, 0x67, 0x6b, 0x80, 0x64, 0xcc, 0xe8,
    0x0, 0xe5, 0xec, 0xcd, 0x24, 0x1, 0xcf, 0xdd,
    0xc8, 0x1, 0x98, 0xe3, 0xbe, 0x20, 0xc0, 0x10,
    0x95, 0xda, 0x92, 0xec, 0xc2, 0x0, 0xbb, 0xd8,
    0x77, 0x79, 0x2, 0xab, 0x7e, 0x55, 0x64, 0x0,
    0xe9, 0xb0, 0xf, 0xc7, 0x95, 0x38, 0x80, 0x18,
    0x76, 0x79, 0x93, 0x76, 0x40, 0x0, 0xed, 0x10,
    0x0, 0x67, 0x50, 0x0,

    /* U+B8CC "료" */
    0x0, 0x36, 0x67, 0x6d, 0x0, 0x66, 0xcc, 0xee,
    0x0, 0xe7, 0xcc, 0xef, 0x30, 0xd, 0xf3, 0x99,
    0xd2, 0x1, 0xd3, 0x55, 0xd2, 0x1, 0xa7, 0xda,
    0x20, 0x1f, 0x60, 0x18, 0x48, 0x8, 0x80, 0x24,
    0x1, 0x55, 0x45, 0x54, 0x7f, 0xaa, 0x20, 0x44,
    0x27, 0x22, 0x1f, 0x31, 0x4,

    /* U+B958 "류" */
    0x0, 0x26, 0x67, 0x6c, 0x0, 0x64, 0xcc, 0xe8,
    0x0, 0xe5, 0xdc, 0xcd, 0x3e, 0x1, 0x8e, 0xb3,
    0x39, 0xc0, 0x31, 0xce, 0x67, 0x48, 0x6, 0x5e,
    0xcc, 0xe9, 0x0, 0xb3, 0x3f, 0xca, 0x19, 0x89,
    0x4c, 0xc4, 0xa6, 0x61, 0x40, 0x3f, 0xfb, 0x6b,
    0x0, 0x5, 0x80, 0x8,

    /* U+B974 "르" */
    0x0, 0x2e, 0x67, 0x6c, 0x80, 0x65, 0xcc, 0xe9,
    0x0, 0xe5, 0xcc, 0xe9, 0x0, 0xe2, 0xac, 0xcd,
    0xb2, 0x1, 0xc2, 0x1, 0xfe, 0x2b, 0xcc, 0xeb,
    0x0, 0xcb, 0x99, 0xeb, 0x0, 0xae, 0xff, 0xc8,
    0x15, 0x5f, 0xe4,

    /* U+B978 "른" */
    0x0, 0x26, 0x67, 0x6b, 0x80, 0x64, 0xcc, 0xeb,
    0x0, 0xe4, 0xdc, 0xcd, 0x62, 0x1, 0x85, 0x73,
    0x36, 0xb0, 0x6, 0x15, 0xcc, 0xe9, 0x0, 0xc9,
    0xb9, 0x9d, 0x20, 0x16, 0x67, 0xf9, 0x43, 0x37,
    0x59, 0x9f, 0x28, 0x1, 0xd8, 0x3, 0xff, 0x97,
    0x39, 0x9d, 0x20, 0x0,

    /* U+B984 "름" */
    0x0, 0x26, 0x67, 0x6b, 0x80, 0x64, 0xcc, 0xe8,
    0x0, 0xe5, 0xdb, 0xbd, 0xc4, 0x1, 0xcb, 0x77,
    0xca, 0x1, 0x84, 0xee, 0xfa, 0x0, 0x25, 0x1e,
    0xef, 0x6a, 0x90, 0x7, 0xff, 0x5, 0x47, 0xbb,
    0xc6, 0xa4, 0x0, 0x2c, 0xbb, 0xdd, 0xc0, 0xf,
    0xfe, 0x2d, 0x66, 0x68, 0x0, 0x80,

    /* U+B9AC "리" */
    0x0, 0xfc, 0x60, 0x1f, 0xdc, 0x5, 0x99, 0xbc,
    0x3, 0x16, 0x66, 0x10, 0xf, 0xfe, 0x10, 0xd5,
    0x61, 0x0, 0xc6, 0x37, 0x77, 0x0, 0x78, 0x47,
    0x0, 0x78, 0x46, 0x23, 0x0, 0x8c, 0x6e, 0xf2,
    0x0, 0x43, 0x55, 0xa5, 0xc0, 0x3f, 0xf9, 0x3a,
    0x0,

    /* U+B9B0 "린" */
    0x0, 0xf8, 0xc3, 0x33, 0x78, 0x3, 0x43, 0x33,
    0x8, 0x6, 0x33, 0xc0, 0x1d, 0x95, 0x53, 0x80,
    0x62, 0x99, 0xc0, 0x18, 0xd5, 0x66, 0x70, 0x9,
    0xb7, 0x61, 0x20, 0xa, 0x36, 0x20, 0xea, 0x1,
    0xa4, 0x40, 0x37, 0x0, 0x7f, 0xf0, 0x33, 0x3c,
    0xa0,

    /* U+B9B4 "릴" */
    0x0, 0xf9, 0x3, 0x33, 0x78, 0x2, 0x83, 0x33,
    0x8, 0x6, 0xfc, 0xc8, 0x80, 0x31, 0x66, 0x60,
    0xe, 0xcc, 0xae, 0x80, 0x2d, 0xcc, 0xae, 0x82,
    0x0, 0x13, 0x99, 0xd0, 0x0, 0x9c, 0xce, 0x0,
    0xb3, 0x3c, 0x40, 0x16, 0xe6, 0x70, 0x5, 0xb9,
    0x9c, 0xa0,

    /* U+B9BC "림" */
    0x0, 0xf9, 0xb3, 0x37, 0x80, 0x23, 0x33, 0x8,
    0x5, 0x99, 0x84, 0x2, 0x1c, 0xcb, 0xc0, 0x3f,
    0x8, 0x0, 0x73, 0x35, 0x80, 0x33, 0x3a, 0x82,
    0xc3, 0x33, 0xd4, 0x0, 0xdc, 0xcc, 0x20, 0x1f,
    0xed, 0xcc, 0xc2,

    /* U+B9C1 "링" */
    0x0, 0xf9, 0x47, 0x33, 0x78, 0x3, 0xcb, 0x33,
    0x8, 0x6, 0xaa, 0xc2, 0x1, 0x9e, 0xee, 0xe0,
    0xe, 0x11, 0xe0, 0x8, 0x73, 0x35, 0x80, 0x59,
    0x9d, 0x41, 0xa2, 0x7, 0x57, 0x78, 0xc8, 0x3a,
    0x2e, 0xea, 0x92, 0x0, 0xff, 0x74, 0x5d, 0xd5,
    0x24,

    /* U+B9C8 "마" */
    0x0, 0xf8, 0xc0, 0x3f, 0xde, 0x20, 0xb, 0xcc,
    0xda, 0x1, 0xee, 0xcc, 0x80, 0x3f, 0xf9, 0xb1,
    0x0, 0xf, 0xed, 0xb0, 0xf, 0xe5, 0x30, 0x2e,
    0xcc, 0x98, 0x3, 0xa7, 0x33, 0x58, 0x7, 0xff,
    0x5b, 0x4, 0x0,

    /* U+B9C9 "막" */
    0x0, 0xf9, 0x44, 0x33, 0x37, 0x88, 0x71, 0x80,
    0x37, 0x30, 0x60, 0x1f, 0xfc, 0xbe, 0xa0, 0x31,
    0x10, 0x6, 0xea, 0x48, 0xbb, 0x30, 0x7, 0x45,
    0x56, 0x10, 0xf3, 0x0, 0x66, 0x7a, 0x8c, 0x1,
    0x99, 0xe5, 0x0, 0xff, 0xe8, 0xc9, 0x0,

    /* U+B9CC "만" */
    0x0, 0xf8, 0x80, 0x19, 0x9b, 0xc8, 0x24, 0x80,
    0x1b, 0x98, 0x40, 0xf, 0xfe, 0x5e, 0x60, 0x3,
    0xf6, 0x60, 0x3f, 0xb8, 0x80, 0x1d, 0x9d, 0xd7,
    0x90, 0x7, 0x21, 0x0, 0x7e, 0xc7, 0x0, 0xd6,
    0x40, 0x1f, 0xfc, 0x18, 0xcc, 0xeb, 0x0,

    /* U+B9D0 "말" */
    0x0, 0xf9, 0x4, 0x33, 0x37, 0x88, 0x79, 0x80,
    0x37, 0x30, 0x60, 0x1f, 0xfc, 0x18, 0x80, 0x7,
    0xef, 0xb6, 0xdc, 0xc0, 0x80, 0x4e, 0x75, 0x99,
    0x68, 0x87, 0x18, 0x1, 0xb3, 0x3a, 0xcc, 0x0,
    0xd9, 0x9c, 0xa0, 0x14, 0x6e, 0x66, 0x70, 0xd,
    0x39, 0x9c, 0x40, 0x14, 0xe6, 0x75, 0x80,

    /* U+BA54 "메" */
    0x0, 0xfc, 0x60, 0x1e, 0xd0, 0xdc, 0xcd, 0xc0,
    0x1d, 0xb9, 0x80, 0xf, 0xfe, 0x30, 0xe1, 0x0,
    0x78, 0x70, 0x80, 0x3f, 0xf8, 0x15, 0x50, 0x7,
    0x6c, 0xc4, 0x3c, 0x3, 0x9, 0x14, 0x20, 0x1f,
    0xfc, 0x7d, 0xe,

    /* U+BA74 "면" */
    0x0, 0xf8, 0xc3, 0xf3, 0x2f, 0x0, 0x78, 0x8b,
    0x32, 0x1d, 0xd1, 0x80, 0x7b, 0x74, 0x60, 0x1f,
    0xfc, 0x3d, 0xd1, 0x80, 0xe6, 0x43, 0xba, 0x30,
    0xed, 0xdb, 0x80, 0x30, 0xa0, 0x8, 0x80, 0x3b,
    0xc8, 0x3, 0x60, 0x80, 0x7f, 0xdd, 0x99, 0xcc,

    /* U+BAA8 "모" */
    0x0, 0x2f, 0x66, 0x6d, 0xa0, 0xe, 0x7c, 0xcd,
    0xc0, 0x1f, 0xfd, 0x24, 0xcd, 0xd6, 0x71, 0x80,
    0x65, 0xdc, 0x97, 0xcd, 0x90, 0xf, 0xfe, 0x1d,
    0x56, 0x87, 0xaa, 0xc8, 0x11, 0x1b, 0xbe, 0x23,
    0x20,

    /* U+BAA9 "목" */
    0x0, 0x3e, 0xe6, 0x6d, 0xa0, 0xe, 0xbc, 0xcd,
    0x20, 0x1f, 0xfc, 0x6b, 0xcc, 0xd2, 0x60, 0x19,
    0xf7, 0x29, 0x33, 0x64, 0x2, 0xcc, 0xd6, 0xd9,
    0x99, 0x43, 0x33, 0x6f, 0x66, 0x65, 0x0, 0x4e,
    0x67, 0xa4, 0x3, 0x4e, 0x67, 0x79, 0x80, 0x7f,
    0xf5, 0x8e, 0x80, 0x0,

    /* U+BB34 "무" */
    0x0, 0x2f, 0x66, 0x6d, 0xa0, 0xe, 0x6c, 0xcd,
    0xc0, 0x1f, 0xfd, 0x11, 0x4c, 0xcd, 0xe4, 0x1,
    0x93, 0x33, 0xd0, 0x1, 0x66, 0x6d, 0xec, 0xcc,
    0xa1, 0x99, 0xa5, 0x33, 0x32, 0x80, 0x7f, 0xf7,
    0x52, 0x80, 0x38,

    /* U+BB38 "문" */
    0x0, 0x2f, 0x66, 0x6d, 0x70, 0xe, 0x6c, 0xcd,
    0x60, 0x1f, 0xfc, 0x66, 0xcc, 0xd6, 0x1, 0xcb,
    0xd9, 0x9b, 0x5c, 0x2, 0xbb, 0xff, 0x20, 0x55,
    0x6e, 0x2a, 0xac, 0x80, 0x26, 0x61, 0x10, 0x8,
    0xe0, 0x9, 0x50, 0x16, 0x80, 0x3f, 0xc2, 0x60,
    0x1f, 0xaf, 0x33, 0xa4, 0x0,

    /* U+BB3C "물" */
    0x0, 0x2e, 0xe6, 0x6d, 0x70, 0xe, 0xac, 0xcd,
    0x0, 0x1e, 0xf0, 0xc, 0x60, 0x1c, 0x27, 0x77,
    0xb4, 0x80, 0x25, 0x1e, 0xef, 0x2, 0x90, 0x8,
    0xed, 0xf1, 0x1c, 0x0, 0x40, 0xff, 0x2b, 0xff,
    0x85, 0x8, 0x0, 0x97, 0x6d, 0xd5, 0xf6, 0x80,
    0x64, 0xbb, 0xe9, 0x0, 0xe2, 0xcb, 0xbd, 0x90,
    0x1, 0xd5, 0x77, 0xd2, 0x0,

    /* U+BBF8 "미" */
    0x0, 0xfc, 0x60, 0x1f, 0xb6, 0xf7, 0x32, 0xe0,
    0xd, 0xd9, 0x90, 0x7, 0xff, 0x70, 0xbf, 0x32,
    0x50, 0xa, 0x73, 0x35, 0x80, 0x7f, 0xf4, 0x78,

    /* U+BC00 "밀" */
    0x0, 0xf9, 0x43, 0xf3, 0x2f, 0x0, 0x58, 0x16,
    0x64, 0x40, 0x1f, 0xfc, 0xbc, 0xc8, 0x3, 0xb7,
    0x32, 0xd0, 0x4, 0x0, 0x27, 0x33, 0xa0, 0x1,
    0x39, 0x9c, 0x1, 0x66, 0x78, 0x80, 0x2c, 0xcf,
    0x0, 0x59, 0x9e, 0x50,

    /* U+BC1B "받" */
    0x0, 0xf9, 0x4, 0x30, 0x40, 0x16, 0x41, 0xe4,
    0x1, 0xff, 0xc0, 0xdc, 0xc2, 0x80, 0x48, 0x80,
    0xdc, 0xc2, 0x80, 0x5e, 0x21, 0x57, 0x65, 0x0,
    0xad, 0x72, 0xee, 0xe2, 0x0, 0xf0, 0x8f, 0x49,
    0x80, 0x23, 0x6e, 0xf4, 0x10, 0x5, 0x15, 0x5c,
    0x40, 0x1f, 0xfc, 0x19, 0xcc, 0xea, 0x0,

    /* U+BC29 "방" */
    0x0, 0xf9, 0x44, 0x30, 0x40, 0x16, 0x41, 0xc6,
    0x1, 0xff, 0xc0, 0xdc, 0xc2, 0x80, 0x7b, 0xba,
    0x50, 0xb, 0xe8, 0xc, 0x88, 0x1, 0xbe, 0x97,
    0x73, 0xe, 0x60, 0x1a, 0x73, 0x30, 0x86, 0x18,
    0x0, 0x6b, 0x2e, 0xd8, 0x22, 0x0, 0x5f, 0x65,
    0xdb, 0x28, 0xc0, 0x22, 0x0, 0x84, 0x3, 0x57,
    0xe6, 0x5b, 0x26, 0x0,

    /* U+BC84 "버" */
    0x0, 0xfc, 0x60, 0x1f, 0xb6, 0xc8, 0x2, 0xe0,
    0xf, 0xfe, 0x8, 0x80, 0x7e, 0xfb, 0xb8, 0x73,
    0x0, 0xe, 0xbb, 0x87, 0x30, 0x1, 0xff, 0x44,
    0xcc, 0x1, 0xaa, 0x2e, 0xef, 0x0, 0x84, 0x8b,
    0x8, 0x7, 0xff, 0x23, 0x80,

    /* U+BC88 "번" */
    0x0, 0xf8, 0xc3, 0x40, 0x2e, 0x0, 0x68, 0x7,
    0xf8, 0xaa, 0xa1, 0x18, 0x0, 0x33, 0x30, 0xd5,
    0x4, 0xc, 0xf0, 0x5d, 0x84, 0xa, 0x66, 0x10,
    0xd, 0x7b, 0xb5, 0x80, 0x64, 0x4, 0x48, 0x3,
    0xb8, 0x80, 0x37, 0x0, 0x7f, 0xf0, 0x3f, 0x33,
    0x9c,

    /* U+BCC0 "변" */
    0x0, 0xf8, 0xc3, 0x40, 0x2d, 0x0, 0x68, 0x7,
    0x9d, 0xc0, 0x2, 0xcc, 0x88, 0x44, 0x0, 0x2d,
    0xd8, 0x99, 0x80, 0x10, 0x8c, 0x19, 0x81, 0x3,
    0x88, 0x8f, 0x74, 0x21, 0x7b, 0xb5, 0x88, 0x80,
    0xa, 0x48, 0xaa, 0x0, 0xec, 0x0, 0xee, 0x0,
    0xff, 0xe0, 0x6e, 0x67, 0x30,

    /* U+BCC4 "별" */
    0x0, 0xf9, 0x3, 0x40, 0x2d, 0x0, 0x50, 0x7,
    0xb3, 0x2, 0x5, 0x99, 0x16, 0xe8, 0x40, 0xb3,
    0x22, 0xbb, 0x8, 0x16, 0x64, 0x55, 0x41, 0xf,
    0xcc, 0xbc, 0x0, 0xc0, 0x8, 0xcc, 0xe4, 0x0,
    0x46, 0x67, 0x10, 0x2, 0x73, 0x38, 0x40, 0x5,
    0xb9, 0x9b, 0xc0, 0x2d, 0xcc, 0xe5,

    /* U+BCF4 "보" */
    0x0, 0x33, 0x80, 0x62, 0xb0, 0xe, 0xf1, 0x1e,
    0x0, 0xf2, 0xd5, 0x68, 0x0, 0xf5, 0x5d, 0xe9,
    0x0, 0xf4, 0xe6, 0x6f, 0x0, 0xe6, 0xec, 0x86,
    0xcd, 0xb0, 0xf, 0xfe, 0x1d, 0x56, 0xf7, 0xaa,
    0xc8, 0x11, 0x1a, 0x7e, 0x23, 0x20,

    /* U+BD80 "부" */
    0x0, 0x33, 0x80, 0x62, 0xb0, 0xe, 0xf1, 0x1e,
    0x0, 0xf2, 0xd5, 0x68, 0x0, 0xf5, 0x5d, 0xe9,
    0x0, 0xe2, 0xbc, 0xcd, 0xc6, 0x1, 0x93, 0x33,
    0xd0, 0x1, 0x66, 0x76, 0xe6, 0x65, 0xc, 0xcd,
    0x9, 0x99, 0x94, 0x3, 0xff, 0xba, 0x92, 0x1,
    0xc0,

    /* U+BD84 "분" */
    0x0, 0x2c, 0x0, 0x65, 0x70, 0xe, 0x5b, 0xbd,
    0x20, 0x1e, 0x5a, 0xae, 0x0, 0xf2, 0x44, 0x6d,
    0x0, 0xe5, 0xeb, 0xbd, 0x2c, 0x1, 0xc4, 0x5e,
    0x10, 0xa, 0xef, 0x66, 0xdd, 0xe4, 0xb, 0xaa,
    0x5c, 0xad, 0xde, 0x40, 0x3, 0x38, 0x7, 0xff,
    0x5, 0x28, 0x3, 0xf5, 0xe6, 0xf6, 0x62, 0x40,
    0x0,

    /* U+BD88 "불" */
    0x0, 0x2c, 0x0, 0x66, 0x70, 0xe, 0x5b, 0xbe,
    0x0, 0xf2, 0xdd, 0xf0, 0x7, 0x31, 0xdd, 0xed,
    0x20, 0xc, 0x77, 0x7e, 0x50, 0xa, 0xef, 0x66,
    0xdd, 0xe4, 0xb, 0xa8, 0x85, 0xa4, 0x42, 0xad,
    0x0, 0x6, 0x88, 0xe, 0x49, 0x90, 0x6, 0x6c,
    0xce, 0x60, 0xe, 0x2c, 0xbb, 0xd9, 0x0, 0x1d,
    0x57, 0x7d, 0x20, 0x0,

    /* U+BE44 "비" */
    0x0, 0xfc, 0x60, 0x1f, 0xb6, 0x8c, 0x2, 0xe0,
    0xf, 0xfe, 0xa, 0x99, 0xc0, 0x1d, 0x97, 0x70,
    0x7, 0x4c, 0x44, 0x1, 0xff, 0xc2, 0x8a, 0xa8,
    0x3, 0x5d, 0x5d, 0xde, 0x1, 0x8, 0xf8, 0x3,
    0xff, 0x91, 0xc0,

    /* U+C0AC "사" */
    0x0, 0xfe, 0x30, 0xf, 0xfb, 0x40, 0x3d, 0xa0,
    0x1f, 0xfc, 0xa2, 0x20, 0x7, 0xf9, 0x0, 0xc0,
    0x32, 0xa0, 0x5, 0x54, 0x80, 0xc, 0x62, 0x0,
    0x8b, 0x53, 0x80, 0x9, 0x94, 0x24, 0x9c, 0x20,
    0xa4, 0x3, 0xaa, 0x80, 0x15, 0x58, 0x7, 0x18,
    0x7, 0x10, 0x7, 0xff, 0x37, 0x80, 0x0,

    /* U+C0B0 "산" */
    0x0, 0xfe, 0x30, 0xe, 0x2b, 0x0, 0xda, 0x1,
    0xff, 0xc5, 0x65, 0x0, 0xff, 0x71, 0xa8, 0x4,
    0x34, 0xc0, 0x4, 0x1c, 0x82, 0x0, 0xc, 0x38,
    0x2c, 0xd0, 0xff, 0x8c, 0x0, 0x42, 0x7, 0x82,
    0x5, 0x86, 0x1, 0xcc, 0x2e, 0x0, 0x10, 0x1,
    0x80, 0x74, 0x80, 0x76, 0x80, 0x7f, 0xf1, 0x47,
    0x33, 0xc4, 0x0,

    /* U+C0C1 "상" */
    0x0, 0xfc, 0x28, 0x1, 0xce, 0xc0, 0x11, 0x78,
    0x7, 0x78, 0x80, 0x7f, 0x93, 0x0, 0x3f, 0x94,
    0x1d, 0x40, 0x25, 0xc4, 0x4, 0x8e, 0xd9, 0x70,
    0x2, 0xe2, 0xe, 0xe1, 0xe, 0x0, 0x78, 0x64,
    0x44, 0xf3, 0xce, 0x34, 0x1, 0x8f, 0xa, 0xec,
    0x7c, 0x80, 0x1a, 0x61, 0x48, 0x89, 0xd2, 0x1,
    0xb3, 0xc0, 0x32, 0xa8, 0x3, 0x36, 0x62, 0xed,
    0x9f, 0x20, 0x0,

    /* U+C0C9 "색" */
    0x0, 0xfe, 0x30, 0xb, 0x40, 0x2e, 0xd, 0x0,
    0x8c, 0x3, 0xf0, 0x89, 0x0, 0x3e, 0x85, 0x80,
    0xb, 0x4, 0x1c, 0xaa, 0xe8, 0x43, 0x4, 0xfe,
    0xc1, 0xfc, 0x3, 0x1c, 0x0, 0x4a, 0x38, 0x18,
    0x0, 0x4c, 0xcd, 0xd9, 0xa0, 0x4, 0xcc, 0xf0,
    0x80, 0x7f, 0xf4, 0x74,

    /* U+C0DD "생" */
    0x0, 0xfe, 0x30, 0xd, 0x80, 0x17, 0x7, 0x0,
    0x61, 0x10, 0x7, 0xf1, 0x20, 0x7, 0xe7, 0x59,
    0x0, 0xac, 0x80, 0xb, 0x75, 0x4b, 0x10, 0xb2,
    0x1, 0xcd, 0x6, 0xf0, 0xe, 0x19, 0x10, 0x5d,
    0xb7, 0x4e, 0x0, 0xd7, 0xb7, 0x6a, 0xda, 0x0,
    0x89, 0xe0, 0x84, 0xe5, 0xc0, 0x22, 0x13, 0x0,
    0x90, 0xc0, 0x37, 0xcd, 0xdd, 0xb8, 0x0,

    /* U+C11C "서" */
    0x0, 0xfe, 0x20, 0xf, 0xf4, 0x90, 0x6, 0xe0,
    0xf, 0xfe, 0x40, 0x88, 0x4, 0xcc, 0xe0, 0x19,
    0x0, 0xca, 0xec, 0x40, 0x1a, 0x6a, 0x4e, 0x20,
    0xa0, 0x14, 0x5a, 0x9b, 0x0, 0x74, 0x13, 0x84,
    0xeb, 0x0, 0x6b, 0xa0, 0xa, 0xdc, 0x3, 0x18,
    0x7, 0x8, 0x7, 0xff, 0x2e, 0xc8,

    /* U+C124 "설" */
    0x0, 0xfe, 0x30, 0xc, 0x92, 0x1, 0xb4, 0x3,
    0x9, 0x0, 0x7f, 0x7a, 0x8b, 0x66, 0x4, 0x2,
    0x61, 0xbd, 0x7c, 0xc0, 0x80, 0x27, 0x2d, 0x63,
    0x8, 0x3, 0x5d, 0x0, 0x13, 0x48, 0x20, 0x0,
    0x41, 0x79, 0x9d, 0x20, 0x1a, 0xf3, 0x38, 0x80,
    0x37, 0x66, 0x70, 0x80, 0x63, 0xcc, 0xf0, 0x6,
    0x3c, 0xcf, 0x20,

    /* U+C131 "성" */
    0x0, 0xfe, 0x50, 0xc, 0x72, 0x1, 0xac, 0x3,
    0x39, 0x80, 0x7f, 0x62, 0x3, 0x66, 0x4, 0x2,
    0x25, 0x68, 0x6c, 0xc0, 0x80, 0xf, 0xbe, 0x6,
    0x40, 0x3a, 0xf8, 0x82, 0x74, 0x3, 0xa0, 0x81,
    0x27, 0xe5, 0xbc, 0x3, 0x4f, 0x5d, 0xc3, 0xa0,
    0x19, 0xe8, 0x80, 0x9c, 0x8, 0x2, 0x55, 0x0,
    0x46, 0x24, 0x1, 0x56, 0x62, 0xf2, 0x7c, 0x0,

    /* U+C138 "세" */
    0x0, 0xfe, 0x30, 0xf, 0xb4, 0x38, 0x2, 0xe0,
    0xf, 0xfe, 0x80, 0x88, 0xab, 0x8, 0x3, 0x39,
    0xad, 0x61, 0x0, 0x6a, 0xdb, 0x0, 0xf4, 0xd0,
    0xcd, 0x0, 0x62, 0x6, 0x5, 0xc0, 0xc, 0x52,
    0x1, 0x30, 0x7, 0xff, 0x27, 0x43, 0x40,

    /* U+C13C "센" */
    0x0, 0xfe, 0x10, 0xd, 0xa0, 0x16, 0x87, 0x80,
    0x7f, 0xf0, 0xc8, 0x93, 0x84, 0x1, 0xc8, 0x4b,
    0x3a, 0x40, 0x1d, 0x1f, 0x64, 0x20, 0x18, 0x72,
    0x4b, 0x78, 0x3, 0x87, 0xd4, 0x7, 0x0, 0x3c,
    0x60, 0xe0, 0x15, 0x1, 0x80, 0x69, 0x0, 0x9c,
    0x34, 0x3, 0xff, 0x89, 0x99, 0xe6,

    /* U+C18C "소" */
    0x0, 0xe4, 0xa0, 0xf, 0xf6, 0x88, 0x80, 0x3f,
    0x47, 0xcd, 0x90, 0x6, 0x16, 0xbc, 0x62, 0xbb,
    0x41, 0x80, 0xc, 0xd6, 0x82, 0x83, 0x34, 0xe0,
    0x2, 0x50, 0x2, 0xf0, 0x0, 0x90, 0x3, 0xff,
    0x85, 0x77, 0xa1, 0x2e, 0xf2, 0x5, 0x56, 0xdf,
    0xaa, 0xc8,

    /* U+C18D "속" */
    0x0, 0xe6, 0x80, 0xf, 0xe1, 0xa4, 0x20, 0xf,
    0xb, 0xd7, 0x6c, 0xc1, 0x0, 0x49, 0x65, 0x62,
    0xb7, 0x90, 0xe0, 0x4, 0xa5, 0x6, 0xc0, 0x4a,
    0x70, 0x6, 0x66, 0x85, 0xcc, 0xca, 0x19, 0x9b,
    0x75, 0x99, 0x94, 0x1, 0x39, 0x9e, 0x90, 0xd,
    0x39, 0x9d, 0xe6, 0x1, 0xff, 0xd6, 0x3a, 0x0,
    0x0,

    /* U+C1A1 "송" */
    0x0, 0xe5, 0xa0, 0xf, 0xe1, 0x96, 0x30, 0xf,
    0xb, 0xef, 0xec, 0xc8, 0x80, 0x23, 0xb2, 0xc1,
    0x7a, 0xa5, 0xc0, 0x0, 0xe9, 0x41, 0xb0, 0xe,
    0x60, 0x1, 0x99, 0xa1, 0xb3, 0x32, 0x86, 0x67,
    0xf9, 0x40, 0x27, 0xcb, 0xb6, 0x48, 0x80, 0x65,
    0xdc, 0xbb, 0x66, 0x2c, 0x3, 0x8, 0x80, 0x31,
    0x80, 0x72, 0x6e, 0x5d, 0xb3, 0xe8, 0x0,

    /* U+C1C4 "쇄" */
    0x0, 0xff, 0x10, 0x7, 0xd8, 0x7, 0x20, 0x15,
    0x18, 0x7, 0xf3, 0xa0, 0x7, 0xe7, 0xab, 0x30,
    0xf, 0x58, 0x3e, 0xc3, 0x2, 0xa8, 0x1, 0x6e,
    0xe3, 0xb6, 0x2, 0xe0, 0xd, 0xa2, 0x1, 0x3d,
    0x80, 0x61, 0x1, 0x10, 0x6, 0x1c, 0xc3, 0xc5,
    0xc8, 0x6, 0x1c, 0xca, 0xea, 0x0, 0x3f, 0xf9,
    0x58, 0x7, 0x60,

    /* U+C218 "수" */
    0x0, 0xe4, 0xa0, 0xf, 0xf6, 0xb8, 0x7, 0xf3,
    0x95, 0xd8, 0x40, 0x31, 0x3e, 0x7d, 0xb7, 0xec,
    0xa8, 0x0, 0x45, 0xb0, 0x0, 0x4c, 0xa1, 0x0,
    0x1b, 0x8, 0x7, 0x1a, 0x0, 0x33, 0x36, 0xf6,
    0x66, 0x50, 0xcc, 0xd2, 0xf9, 0x99, 0x40, 0x3f,
    0xfb, 0xab, 0x60, 0x1c,

    /* U+C2A4 "스" */
    0x0, 0xe4, 0xa0, 0xf, 0xf6, 0xb8, 0x7, 0xf3,
    0x4, 0xd0, 0x7, 0x8e, 0xba, 0x52, 0x6d, 0x40,
    0x24, 0xa8, 0x80, 0x0, 0xec, 0xe0, 0x0, 0x92,
    0x40, 0x1c, 0xd0, 0x1, 0xff, 0xc2, 0xcc, 0xff,
    0x28,

    /* U+C2AC "슬" */
    0x0, 0xe6, 0x90, 0xf, 0xe3, 0xa5, 0x40, 0xe,
    0x15, 0xa9, 0xdc, 0xdb, 0x62, 0x0, 0x8e, 0xe8,
    0x42, 0x68, 0xd8, 0x1, 0x1f, 0x13, 0x3a, 0x33,
    0x4c, 0x2a, 0xbf, 0xc4, 0x6, 0xff, 0xfe, 0x53,
    0x10, 0x2, 0x66, 0x74, 0xf0, 0x6, 0x4c, 0xce,
    0x8f, 0x0, 0xc5, 0x79, 0x9b, 0x5c, 0x3, 0xa7,
    0x33, 0xa8, 0x0,

    /* U+C2B5 "습" */
    0x0, 0xe4, 0xa0, 0xf, 0xf7, 0xb9, 0x0, 0x7c,
    0xb9, 0xf9, 0x2e, 0x20, 0x11, 0xe1, 0x6a, 0xd,
    0x95, 0x40, 0x0, 0xf1, 0xc4, 0x2, 0x5b, 0x80,
    0x6, 0x67, 0xf9, 0x43, 0x37, 0x59, 0x9d, 0xd8,
    0xa0, 0x4, 0x90, 0xc, 0x72, 0x1, 0xcd, 0x99,
    0xbc, 0x3, 0xcd, 0x99, 0xbc, 0x3, 0xcd, 0x99,
    0xb8, 0x2,

    /* U+C2B9 "승" */
    0x0, 0xe4, 0xa0, 0xf, 0xf7, 0xb9, 0x0, 0x7c,
    0xb9, 0xf9, 0x2e, 0x20, 0x11, 0xe1, 0x6a, 0xd,
    0x95, 0x40, 0x0, 0xf1, 0xc4, 0x2, 0x5b, 0x80,
    0x6, 0x67, 0xf9, 0x43, 0x33, 0xfc, 0xa0, 0x13,
    0xe5, 0xdb, 0x24, 0x40, 0x32, 0xee, 0x5d, 0xb3,
    0x16, 0x1, 0x84, 0x40, 0x18, 0xc0, 0x39, 0x37,
    0x2e, 0xd9, 0xf4, 0x0,

    /* U+C2DC "시" */
    0x0, 0xfe, 0x20, 0xf, 0xf4, 0x90, 0x6, 0xd0,
    0xf, 0xfe, 0x40, 0x90, 0x7, 0xf2, 0x1, 0x80,
    0x7e, 0x9a, 0x80, 0xf, 0xa2, 0xd4, 0x98, 0x3,
    0xa0, 0x9c, 0x27, 0x58, 0x3, 0x5d, 0x0, 0x56,
    0xe0, 0x18, 0xc0, 0x38, 0x40, 0x3f, 0xf9, 0x76,
    0x40,

    /* U+C2DD "식" */
    0x0, 0xfe, 0x50, 0xe, 0xd0, 0xd, 0x0, 0x18,
    0x4c, 0x3, 0xf9, 0x44, 0x80, 0x3f, 0x44, 0x24,
    0x3, 0xc3, 0x74, 0xf9, 0x42, 0x1, 0xab, 0x98,
    0x1f, 0xcc, 0x3, 0x5a, 0x80, 0x4a, 0x41, 0x20,
    0x12, 0x66, 0x7a, 0xc0, 0x24, 0xcc, 0xf1, 0x0,
    0x7f, 0xf5, 0x3c, 0x0,

    /* U+C2E0 "신" */
    0x0, 0xfe, 0x10, 0xc, 0x74, 0x1, 0xbc, 0x3,
    0xff, 0x86, 0xce, 0x1, 0xfd, 0xc2, 0x80, 0x1f,
    0x29, 0x74, 0x8, 0x7, 0x34, 0xc8, 0xbf, 0x8,
    0x3, 0xe, 0x80, 0xf, 0x8, 0x3, 0x38, 0xc0,
    0x0, 0x40, 0x6, 0x1, 0x98, 0x3, 0xb4, 0x3,
    0xff, 0x89, 0x99, 0xe3,

    /* U+C2E4 "실" */
    0x0, 0xfe, 0x30, 0xc, 0x92, 0x1, 0xb4, 0x3,
    0x9, 0x0, 0x7f, 0x7b, 0x10, 0x7, 0xcc, 0x7d,
    0xc2, 0x0, 0xea, 0xf9, 0x3e, 0xe1, 0x0, 0x6b,
    0x90, 0x1, 0x61, 0x5, 0x80, 0x4, 0x2f, 0x33,
    0xa8, 0x3, 0x5e, 0x67, 0x10, 0x6, 0xec, 0xce,
    0x10, 0xc, 0x79, 0x9e, 0x0, 0xc7, 0x99, 0xe4,

    /* U+C2EC "심" */
    0x0, 0xfe, 0x50, 0x8, 0xe8, 0x3, 0x58, 0x4,
    0xe0, 0x1f, 0xc6, 0x80, 0x1f, 0xa9, 0xdc, 0x1,
    0xeb, 0x99, 0x63, 0x80, 0x6b, 0xe4, 0xb, 0xf2,
    0x0, 0xad, 0x44, 0x69, 0x31, 0xa0, 0xb, 0xee,
    0xfc, 0x1, 0xaa, 0xb8, 0x80, 0x3f, 0xf8, 0x59,
    0x9c, 0x40,

    /* U+C544 "아" */
    0x0, 0xfc, 0x60, 0x1f, 0xc3, 0xe0, 0x13, 0x66,
    0x20, 0x3, 0xc7, 0x59, 0x81, 0x70, 0xe, 0xa8,
    0x0, 0x45, 0x0, 0x71, 0x30, 0x0, 0x40, 0x21,
    0x53, 0x11, 0x0, 0x7c, 0x6f, 0x96, 0x0, 0x57,
    0x0, 0xb, 0x23, 0x1c, 0xc4, 0xd8, 0x7, 0xae,
    0xb3, 0x2, 0x1, 0xf1, 0xa0, 0x7, 0xff, 0x34,
    0x70, 0x0,

    /* U+C548 "안" */
    0x0, 0xfc, 0x60, 0x13, 0xe5, 0xc8, 0x5, 0xc0,
    0x6, 0xec, 0xbc, 0x90, 0xe, 0xd8, 0x0, 0x2a,
    0x0, 0x73, 0x80, 0x7c, 0x54, 0xb7, 0x20, 0x5,
    0x70, 0x0, 0xf3, 0xb8, 0xb3, 0x1d, 0x60, 0x3,
    0x42, 0xa, 0xcd, 0xb1, 0x0, 0xf2, 0x28, 0x80,
    0x7e, 0x22, 0x0, 0x76, 0x80, 0x7f, 0xf0, 0xe7,
    0x33, 0xc0, 0x0,

    /* U+C54A "않" */
    0x0, 0xf8, 0x48, 0x2, 0x9c, 0xc4, 0x80, 0x16,
    0x0, 0x11, 0xd9, 0x8f, 0x90, 0xe, 0x46, 0x0,
    0x32, 0x0, 0x13, 0x11, 0x50, 0x0, 0x6c, 0x0,
    0x4c, 0x48, 0x9a, 0x9f, 0x90, 0xe, 0x1c, 0xbb,
    0x61, 0x3b, 0xa0, 0x2, 0x61, 0x22, 0xb1, 0x80,
    0x40, 0x10, 0x0, 0xaa, 0x1e, 0xd2, 0x80, 0x74,
    0x99, 0x27, 0xa0, 0x7, 0x36, 0xd6, 0x50, 0x6,
    0xbb, 0x16, 0xd5, 0xd0, 0x0,

    /* U+C54C "알" */
    0x0, 0xfc, 0x40, 0x14, 0xe6, 0x28, 0x40, 0x1e,
    0x0, 0x8e, 0xcc, 0x7d, 0x80, 0x72, 0x30, 0x1,
    0x5c, 0x0, 0x72, 0x88, 0x70, 0x2, 0xb8, 0x0,
    0xed, 0x63, 0xf3, 0x1f, 0x60, 0x11, 0x8, 0x4e,
    0x62, 0x84, 0x1, 0x60, 0x11, 0xe6, 0x7c, 0x1,
    0x1e, 0x67, 0x9c, 0x2, 0x3e, 0xcc, 0xe7, 0x0,
    0x9d, 0x33, 0x3a, 0x80, 0x32, 0x66, 0x75, 0x80,
    0x0,

    /* U+C558 "았" */
    0x0, 0xfc, 0x60, 0x14, 0xe6, 0x24, 0x2, 0xe0,
    0x3, 0x8e, 0x63, 0xa4, 0x3, 0xae, 0x40, 0xe,
    0x80, 0x3, 0x42, 0x62, 0x0, 0x10, 0x80, 0x58,
    0xd3, 0xea, 0xae, 0x80, 0x1, 0xc2, 0x1e, 0x99,
    0xb9, 0x0, 0x3c, 0x2e, 0x44, 0x0, 0x36, 0x80,
    0x64, 0xf0, 0x1, 0xc8, 0x7, 0x4b, 0x98, 0x51,
    0x28, 0x5, 0x57, 0xb4, 0xe5, 0x92, 0xa0, 0x98,
    0xe3, 0x7f, 0x63, 0xa4, 0x0,

    /* U+C57D "약" */
    0x0, 0xfc, 0x80, 0x14, 0x5d, 0xa4, 0x2, 0x90,
    0x3, 0x85, 0xdb, 0xa0, 0x0, 0x58, 0xd7, 0x20,
    0x7, 0x50, 0x1, 0x63, 0x39, 0x80, 0x4, 0x40,
    0x1d, 0xf2, 0x43, 0x54, 0x0, 0x17, 0x3a, 0x7c,
    0x5f, 0x30, 0x0, 0xb9, 0xc1, 0x2e, 0xc8, 0x23,
    0x48, 0x4, 0x95, 0x5e, 0x90, 0x9, 0x2e, 0xfc,
    0x1, 0xff, 0xd5, 0xe0, 0x0,

    /* U+C591 "양" */
    0x0, 0xfc, 0x80, 0x14, 0xe6, 0x24, 0x2, 0x90,
    0x4, 0xe, 0x63, 0xa4, 0x0, 0x58, 0xc9, 0x20,
    0x7, 0x40, 0x1, 0x63, 0x30, 0x80, 0x4, 0x20,
    0x1d, 0x1e, 0xa9, 0xde, 0x0, 0x2c, 0x62, 0xd0,
    0x1d, 0x30, 0x1, 0x63, 0x0, 0xa1, 0x5d, 0xa5,
    0x70, 0x2, 0x2c, 0x2b, 0xbb, 0xe4, 0x2, 0x45,
    0x50, 0x81, 0x53, 0x0, 0x4a, 0x82, 0x1, 0x32,
    0x80, 0x47, 0x15, 0x76, 0xcf, 0xa0, 0x0,

    /* U+C5B4 "어" */
    0x0, 0xfc, 0x60, 0x1f, 0xb4, 0x13, 0x31, 0x20,
    0x18, 0xa7, 0x73, 0xa4, 0x2, 0x5b, 0x10, 0x74,
    0x0, 0xb8, 0x80, 0x21, 0xbb, 0x8, 0xc0, 0x10,
    0xdd, 0x87, 0x3c, 0x0, 0x62, 0x1, 0x21, 0xd3,
    0xf7, 0x80, 0x69, 0x91, 0xe1, 0x80, 0x71, 0xa0,
    0x80, 0x7f, 0xf2, 0x78,

    /* U+C5B8 "언" */
    0x0, 0xfc, 0x60, 0x4, 0xcc, 0x59, 0x0, 0x34,
    0xa, 0x33, 0x11, 0xc0, 0x1a, 0xa4, 0x0, 0x6e,
    0xc8, 0x0, 0x11, 0x0, 0x43, 0x98, 0x0, 0x67,
    0x0, 0x5, 0xea, 0x0, 0xa, 0x79, 0x39, 0x20,
    0x1d, 0x3d, 0xb8, 0x80, 0x1c, 0x34, 0x82, 0x1,
    0x18, 0x0, 0xd0, 0x3, 0xb4, 0x3, 0xff, 0x82,
    0x79, 0x9e, 0x50,

    /* U+C5C5 "업" */
    0x0, 0xff, 0x8a, 0xf2, 0xc8, 0x1, 0x82, 0x1f,
    0x19, 0x3e, 0x1, 0x89, 0x8c, 0x9, 0xea, 0x48,
    0xd, 0xc0, 0x26, 0xeb, 0x30, 0x15, 0x94, 0x86,
    0x42, 0x10, 0x4, 0xe9, 0xe5, 0x0, 0x2c, 0x40,
    0x18, 0xc8, 0x1, 0x70, 0x4, 0x60, 0x1c, 0xa2,
    0x1, 0x6e, 0x66, 0x30, 0xd, 0xb9, 0x98, 0xc0,
    0x36, 0xe6, 0x63, 0x0,

    /* U+C5C6 "없" */
    0x0, 0xff, 0xe0, 0x15, 0x65, 0xa0, 0x1, 0x24,
    0x1, 0xd3, 0x93, 0x44, 0x1, 0x89, 0xcc, 0x9,
    0xfa, 0x7c, 0x0, 0x6e, 0x1, 0x15, 0xdb, 0x40,
    0x2, 0x92, 0x90, 0xee, 0x22, 0x0, 0x51, 0x47,
    0xb8, 0x0, 0x7e, 0x0, 0x13, 0xb9, 0x5c, 0x0,
    0x8e, 0x0, 0x7d, 0x0, 0x50, 0x2, 0x80, 0x32,
    0x5d, 0x80, 0x8, 0x40, 0x19, 0x2e, 0xc0, 0x31,
    0x32, 0x0, 0x9e, 0xec, 0x59, 0xec, 0x2e, 0xb,
    0xd7, 0x6f, 0xd3, 0x8, 0x70,

    /* U+C5C8 "었" */
    0x0, 0xfc, 0x60, 0x13, 0x66, 0x2c, 0x80, 0x1c,
    0x0, 0x4d, 0xcc, 0x4f, 0x0, 0x76, 0x78, 0x0,
    0x96, 0x60, 0xc0, 0x21, 0x0, 0x8f, 0x30, 0x1,
    0x54, 0x20, 0xb0, 0xaa, 0x18, 0x0, 0xbf, 0x6c,
    0x6c, 0x3, 0xc5, 0x3c, 0xe0, 0x5, 0xc0, 0xc,
    0x70, 0x0, 0x1b, 0x10, 0xd, 0x62, 0x60, 0xe2,
    0x80, 0x12, 0x96, 0x42, 0xd6, 0x41, 0x1, 0x7d,
    0xd, 0xf7, 0xf, 0xac, 0x0,

    /* U+C5D0 "에" */
    0x0, 0xfc, 0x40, 0x1f, 0x59, 0x49, 0x84, 0xe6,
    0x8, 0x3, 0x98, 0x33, 0xe4, 0x3, 0xb2, 0xc0,
    0xd8, 0x3, 0x98, 0xc0, 0xd, 0x4a, 0x1, 0x38,
    0x4, 0xf2, 0x40, 0x11, 0x28, 0x0, 0x4d, 0xc0,
    0x2b, 0x84, 0xaa, 0x0, 0x71, 0x71, 0xfb, 0x80,
    0x78, 0x9d, 0x40, 0x3f, 0xf9, 0x56, 0x56, 0x60,

    /* U+C5ED "역" */
    0x0, 0xfc, 0x60, 0x2, 0xbc, 0xc3, 0x0, 0x3c,
    0x83, 0xa3, 0x31, 0xb9, 0x83, 0x2, 0x73, 0x0,
    0x7a, 0xe1, 0x80, 0x1c, 0x2, 0x10, 0x10, 0x1,
    0x3b, 0x1, 0x41, 0xd9, 0x0, 0x2c, 0x6e, 0x3a,
    0xa8, 0x40, 0x13, 0xdd, 0x18, 0x3, 0xc8, 0xb,
    0x33, 0xe2, 0x2, 0xcc, 0xf1, 0x80, 0x7f, 0xf2,
    0x40,

    /* U+C5F0 "연" */
    0x0, 0xfc, 0x40, 0x1, 0xac, 0xc3, 0x0, 0x24,
    0x83, 0x7b, 0x31, 0xb9, 0x85, 0x2, 0x74, 0x0,
    0x7b, 0x6a, 0x80, 0x79, 0xc0, 0x40, 0x4, 0xc2,
    0x0, 0xb1, 0x66, 0x0, 0x23, 0x5e, 0x4f, 0x40,
    0x32, 0xe9, 0x6d, 0xb3, 0x40, 0x12, 0xa2, 0x0,
    0x3e, 0xd5, 0x0, 0xd6, 0x40, 0x1f, 0xfc, 0x19,
    0xcc, 0xe5,

    /* U+C5F4 "열" */
    0x0, 0x84, 0x3, 0x18, 0x0, 0xf2, 0xf2, 0x40,
    0x1c, 0x21, 0xdb, 0x58, 0x1d, 0x84, 0x4, 0xe2,
    0x0, 0xd7, 0xc2, 0x2, 0x70, 0xb, 0x52, 0xc8,
    0x1, 0x39, 0x38, 0x19, 0x44, 0x0, 0x4c, 0xbd,
    0x91, 0x15, 0x8, 0x1, 0xfb, 0x73, 0x2b, 0x0,
    0x9f, 0x33, 0x84, 0x40, 0x8, 0xcc, 0xe3, 0x10,
    0x0, 0xc6, 0x66, 0xe0, 0xd, 0x39, 0x9c, 0xa0,

    /* U+C5FD "엽" */
    0x0, 0xff, 0x86, 0xa9, 0x6c, 0x0, 0xd1, 0xd,
    0x8a, 0xbd, 0xec, 0x20, 0x26, 0x20, 0x7, 0xbe,
    0x10, 0x1b, 0x0, 0x44, 0x68, 0x0, 0x15, 0x93,
    0x6b, 0x2c, 0x30, 0x4, 0xe5, 0x8e, 0x44, 0x10,
    0x40, 0x2a, 0x71, 0x0, 0x68, 0x5, 0xec, 0x1,
    0xa8, 0x40, 0x29, 0xcc, 0xc4, 0x1, 0xa7, 0x33,
    0x10, 0x6, 0x9c, 0xcc, 0x40,

    /* U+C601 "영" */
    0x0, 0xfc, 0x40, 0x2, 0xbc, 0xc3, 0x0, 0x24,
    0x83, 0xa3, 0x31, 0xba, 0xc4, 0x2, 0x73, 0x0,
    0x7a, 0x62, 0x1, 0x80, 0x61, 0x0, 0xc2, 0x26,
    0x2, 0x95, 0xc4, 0x0, 0x50, 0x55, 0x3b, 0x30,
    0x80, 0x13, 0x47, 0xdc, 0xb4, 0x10, 0x1, 0x38,
    0xae, 0xc1, 0xc2, 0x0, 0xe8, 0x52, 0x23, 0x23,
    0x80, 0x37, 0x40, 0x10, 0xa2, 0x80, 0x1f, 0xb2,
    0xed, 0x52, 0x60,

    /* U+C608 "예" */
    0x0, 0xfc, 0x40, 0x9, 0xdc, 0x10, 0xc2, 0x92,
    0x50, 0xd8, 0xa4, 0x10, 0xb, 0x28, 0x11, 0x70,
    0xc0, 0x22, 0x20, 0x0, 0xa0, 0x80, 0x3f, 0xf8,
    0x22, 0x60, 0x2, 0x71, 0x0, 0xb1, 0x40, 0xc8,
    0x80, 0x19, 0xae, 0xdd, 0xea, 0x20, 0x1b, 0x27,
    0x4c, 0x3, 0xe2, 0x0, 0xff, 0xe5, 0xe1, 0x59,
    0x0,

    /* U+C624 "오" */
    0x0, 0x96, 0xf3, 0x28, 0x0, 0xe5, 0x9a, 0xcc,
    0xbe, 0xc0, 0x36, 0x48, 0x80, 0x4e, 0xa0, 0x1b,
    0x38, 0x40, 0x27, 0x40, 0xc, 0xbd, 0xb9, 0x97,
    0xd0, 0x7, 0x2e, 0x43, 0x64, 0x0, 0x7f, 0xf1,
    0x2e, 0xf4, 0x25, 0xde, 0x40, 0xbb, 0xd9, 0xd7,
    0x79, 0x0,

    /* U+C628 "온" */
    0x0, 0x96, 0xef, 0x30, 0x7, 0x1c, 0xdd, 0xec,
    0x50, 0xc, 0xa8, 0x1, 0xb3, 0x40, 0x33, 0xaa,
    0x88, 0x8b, 0x74, 0x1, 0x87, 0xa, 0x78, 0xb0,
    0x80, 0x38, 0x5f, 0x51, 0xc4, 0x3, 0x5d, 0xed,
    0x3b, 0xbc, 0x81, 0x75, 0x4b, 0xbf, 0x90, 0x0,
    0xec, 0x1, 0xff, 0xcb, 0x9c, 0xce, 0x90, 0x0,

    /* U+C644 "완" */
    0x0, 0xfc, 0xc0, 0x11, 0xdd, 0xb1, 0xc0, 0x16,
    0x1, 0x75, 0x5e, 0x73, 0x0, 0x62, 0x71, 0x0,
    0x6f, 0x80, 0x62, 0x75, 0x13, 0x8a, 0x0, 0x8,
    0x3, 0x37, 0xab, 0xcc, 0xe, 0x9c, 0x6, 0x6,
    0x4c, 0x40, 0xed, 0xf3, 0x74, 0x79, 0x8a, 0x10,
    0xb, 0x37, 0xf7, 0x31, 0x62, 0x1, 0x8a, 0x40,
    0x3b, 0x40, 0x3f, 0xf8, 0x6b, 0x99, 0xe0, 0x0,

    /* U+C65C "왜" */
    0x0, 0xfe, 0x30, 0xf, 0xdc, 0x1e, 0x40, 0x37,
    0x98, 0x40, 0xf, 0x57, 0xe6, 0xc8, 0x7, 0x99,
    0x0, 0x5c, 0xc0, 0x39, 0xd4, 0x9, 0xcc, 0x14,
    0x40, 0x17, 0xfd, 0x3e, 0x0, 0x30, 0x8, 0x68,
    0x2c, 0x80, 0xc, 0x20, 0x1f, 0xfc, 0x4, 0xcc,
    0xe, 0x6b, 0x80, 0x64, 0xcc, 0x7e, 0x6b, 0x80,
    0x7f, 0xf2, 0xb8, 0x30, 0x80,

    /* U+C678 "외" */
    0x0, 0xfe, 0x30, 0xf, 0xf7, 0x0, 0x45, 0x79,
    0x88, 0x0, 0xf7, 0xce, 0x60, 0x20, 0x3, 0x13,
    0x10, 0x2, 0x90, 0x3, 0x12, 0x90, 0x2, 0x90,
    0x3, 0xab, 0xb3, 0x1, 0x0, 0x1c, 0x98, 0x39,
    0x0, 0x1f, 0xfc, 0x4b, 0xb8, 0xb3, 0x26, 0x0,
    0xaa, 0xaf, 0xcc, 0x98, 0x2, 0x11, 0x80, 0x3f,
    0xf8, 0x9a, 0x0,

    /* U+C694 "요" */
    0x0, 0x96, 0xf3, 0x28, 0x0, 0xe5, 0xea, 0xcc,
    0xbe, 0xc0, 0x36, 0x70, 0x80, 0x4e, 0xa0, 0x1b,
    0x38, 0x40, 0x27, 0x40, 0xc, 0xb9, 0xf9, 0x95,
    0xd0, 0x7, 0x13, 0x66, 0x39, 0xc0, 0x3f, 0xf8,
    0x97, 0x68, 0x5b, 0xb7, 0x2d, 0xd9, 0x2, 0xed,
    0xba, 0xbb, 0x67, 0x5d, 0x90,

    /* U+C6A9 "용" */
    0x0, 0x9a, 0xee, 0xc9, 0x0, 0xe4, 0xdb, 0xbb,
    0x3e, 0x40, 0x3f, 0xe3, 0x0, 0xc8, 0x7d, 0x76,
    0xca, 0xb0, 0xe, 0xc7, 0xbb, 0x42, 0x88, 0x5,
    0x76, 0x87, 0xbb, 0x43, 0xdd, 0x90, 0x26, 0x5d,
    0x93, 0x2e, 0xc9, 0x92, 0x81, 0x11, 0x3a, 0x65,
    0xd6, 0x64, 0x20, 0x5, 0xdc, 0xbb, 0x67, 0xd8,
    0x7, 0xff, 0x11, 0x77, 0x2e, 0xd9, 0xf6, 0x0,

    /* U+C6B4 "운" */
    0x0, 0x96, 0xee, 0xc6, 0x0, 0xe3, 0x9b, 0xbb,
    0x35, 0x40, 0x33, 0xb0, 0x6, 0x33, 0x0, 0x64,
    0x3a, 0x77, 0x51, 0xb0, 0x7, 0x4d, 0xa1, 0xdd,
    0x80, 0x35, 0xdd, 0x51, 0xf5, 0x77, 0x20, 0x55,
    0x6e, 0x2a, 0xac, 0x80, 0x26, 0x61, 0x10, 0x8,
    0xe0, 0x9, 0x14, 0x1f, 0xc0, 0x3f, 0xc6, 0xc0,
    0x1f, 0xa7, 0x33, 0xa4, 0x0,

    /* U+C6CC "워" */
    0x0, 0xfe, 0x30, 0x8, 0xee, 0xd8, 0xc0, 0xe,
    0x10, 0x7, 0x55, 0xe6, 0xa0, 0x6, 0x26, 0x10,
    0x6, 0x98, 0x6, 0x26, 0x30, 0x1a, 0x40, 0xe,
    0xf9, 0xca, 0x83, 0x0, 0xe2, 0xad, 0xa6, 0x21,
    0x0, 0xe, 0x5d, 0xba, 0xa2, 0xa, 0x0, 0x1c,
    0xbb, 0xd, 0xd7, 0x0, 0x7f, 0x16, 0x60, 0xc0,
    0x3e, 0x28, 0x81, 0x80, 0x7f, 0xf1, 0x38, 0x3,
    0x68, 0x80,

    /* U+C6D0 "원" */
    0x0, 0xff, 0x86, 0xb3, 0x12, 0x0, 0xe0, 0x5,
    0x76, 0x63, 0xa0, 0x3, 0x3b, 0x0, 0xc, 0x80,
    0x34, 0x74, 0x46, 0x0, 0xc9, 0x97, 0x6c, 0x20,
    0xa, 0xf3, 0x1d, 0xf7, 0x64, 0x0, 0x5e, 0x61,
    0xbe, 0xe5, 0x80, 0x21, 0x30, 0x0, 0xcc, 0x84,
    0x0, 0x75, 0x6, 0x37, 0x63, 0x0, 0xc6, 0x1,
    0xb0, 0x2, 0x7c, 0xcf, 0x30,

    /* U+C6E8 "웨" */
    0x0, 0xfe, 0x20, 0x0, 0xdd, 0xb1, 0x2, 0x8e,
    0x48, 0x2b, 0xef, 0x24, 0x40, 0x39, 0x90, 0x0,
    0xe6, 0x1, 0xc9, 0x0, 0x6e, 0x40, 0x1d, 0x21,
    0x73, 0xe0, 0x1c, 0x25, 0x53, 0x21, 0x30, 0xc,
    0xb1, 0xd, 0xab, 0x50, 0xc, 0x95, 0x42, 0x9a,
    0x51, 0x0, 0xfc, 0x94, 0xc0, 0x1f, 0x9a, 0x5c,
    0x3, 0xff, 0x8b, 0xa0, 0x15, 0x1d, 0x90,

    /* U+C704 "위" */
    0x0, 0xfe, 0x30, 0x8, 0xef, 0x30, 0xe0, 0xe,
    0x0, 0xba, 0x73, 0x1c, 0xc0, 0x18, 0x98, 0x80,
    0x1b, 0xe0, 0x18, 0x99, 0x0, 0x7f, 0x0, 0x3b,
    0x37, 0x2b, 0x94, 0x3, 0x86, 0x76, 0x90, 0x84,
    0x0, 0x39, 0x76, 0xea, 0xb8, 0x40, 0x0, 0xe5,
    0xd8, 0x6e, 0xa8, 0xa0, 0x1f, 0xfd, 0xbe, 0x0,
    0xda, 0x0,

    /* U+C720 "유" */
    0x0, 0x92, 0xf3, 0x27, 0x0, 0xe3, 0x8a, 0xcc,
    0xbe, 0x0, 0x32, 0xa0, 0x80, 0x54, 0x80, 0x19,
    0x15, 0x0, 0x5, 0x36, 0x1, 0x8b, 0xf2, 0xed,
    0x1e, 0xe0, 0x1c, 0x51, 0x76, 0xa4, 0x0, 0xd9,
    0x8d, 0xd6, 0x63, 0x75, 0x98, 0x50, 0xcc, 0x4b,
    0xe6, 0x25, 0x33, 0xa, 0x1, 0xff, 0xd8,

    /* U+C721 "육" */
    0x0, 0x9a, 0xef, 0x48, 0x7, 0x26, 0xdd, 0xef,
    0x90, 0xe, 0x10, 0xc, 0x66, 0x0, 0xc9, 0xb9,
    0x54, 0xbf, 0xb0, 0xe, 0x7c, 0xab, 0xb5, 0x8,
    0x5, 0x99, 0x76, 0x6e, 0xd9, 0x85, 0xc, 0xc6,
    0x9e, 0x62, 0xaf, 0x30, 0xa0, 0x7, 0xd2, 0xcc,
    0x4d, 0xc0, 0x6, 0x7c, 0xfc, 0xc7, 0x70, 0xc0,
    0x3f, 0xf9, 0x42, 0x20, 0x0,

    /* U+C73C "으" */
    0x0, 0x96, 0xf3, 0x28, 0x0, 0xe5, 0xea, 0xcc,
    0xbe, 0x80, 0x36, 0x70, 0x80, 0x4e, 0x80, 0x1b,
    0x24, 0x40, 0x28, 0x40, 0xc, 0xb3, 0x59, 0x97,
    0xd0, 0x7, 0x2d, 0xe6, 0x4e, 0x1, 0xff, 0xc4,
    0xbb, 0xff, 0x20, 0x55, 0x7f, 0x90,

    /* U+C740 "은" */
    0x0, 0x8e, 0xee, 0xc7, 0x0, 0xe1, 0xea, 0xbb,
    0x67, 0x30, 0x6, 0x57, 0x10, 0xb, 0x70, 0x3,
    0x23, 0x30, 0x85, 0x23, 0x80, 0x3b, 0x2, 0xed,
    0x9c, 0x80, 0x11, 0x14, 0x97, 0x14, 0x4, 0x41,
    0x8, 0x8f, 0xf2, 0x85, 0x52, 0xea, 0xbe, 0x40,
    0x2, 0xc0, 0x7, 0xff, 0x2d, 0xf3, 0x3a, 0xc0,
    0x0,

    /* U+C744 "을" */
    0x0, 0x9e, 0xef, 0x40, 0x7, 0x2e, 0xdd, 0xef,
    0x80, 0xc, 0x23, 0x0, 0x7, 0x78, 0x3, 0x27,
    0xc5, 0x52, 0xfd, 0x80, 0x25, 0x50, 0xe7, 0xfc,
    0xa, 0xa2, 0x0, 0xff, 0xe0, 0xa8, 0xf7, 0x78,
    0xd4, 0x80, 0x9, 0x77, 0xdd, 0xc0, 0xc, 0x95,
    0x5d, 0x20, 0x1c, 0x5b, 0x55, 0xb2, 0x0, 0x3a,
    0xae, 0xfa, 0x40, 0x0,

    /* U+C74C "음" */
    0x0, 0x96, 0xee, 0xc8, 0x0, 0xe3, 0x9b, 0xbb,
    0x2, 0x0, 0x33, 0xb8, 0x3, 0x68, 0x80, 0x64,
    0x3b, 0x88, 0x57, 0x40, 0x7, 0x45, 0xd5, 0x2e,
    0xc2, 0x1, 0x66, 0x6e, 0xe6, 0xe6, 0x4a, 0x19,
    0x9f, 0xe5, 0x0, 0x2f, 0x66, 0x6d, 0xb0, 0xe,
    0x6c, 0xcd, 0xe0, 0x1f, 0xfc, 0x66, 0xcc, 0xde,
    0x1, 0x0,

    /* U+C751 "응" */
    0x0, 0x96, 0xee, 0xc8, 0x0, 0xe3, 0x9b, 0xbb,
    0x2, 0x0, 0x39, 0xc0, 0x37, 0x8, 0x6, 0x3c,
    0xc5, 0x4d, 0xe4, 0x0, 0x73, 0xe5, 0xc5, 0xd0,
    0x80, 0x59, 0x9b, 0x75, 0x99, 0x94, 0x33, 0x3f,
    0xca, 0x1, 0x3e, 0x5d, 0x65, 0x8, 0x6, 0x5d,
    0xcb, 0xac, 0xea, 0x0, 0xe1, 0x0, 0xc4, 0x20,
    0x19, 0x77, 0x2e, 0xd9, 0xf4, 0x0,

    /* U+C758 "의" */
    0x0, 0xfe, 0x20, 0xf, 0xf4, 0x18, 0x0, 0xaf,
    0x30, 0xe0, 0x1e, 0xf8, 0xcc, 0x6b, 0x0, 0x62,
    0x63, 0x0, 0x4e, 0x0, 0x62, 0x61, 0x0, 0x21,
    0x0, 0x74, 0x6c, 0xde, 0x40, 0x7, 0x2e, 0x5d,
    0x58, 0x7, 0xe2, 0x10, 0xf, 0x55, 0x6b, 0xb9,
    0xc0, 0x2b, 0xba, 0xae, 0xe7, 0x0, 0x84, 0x60,
    0xf, 0xfe, 0x25, 0x18,

    /* U+C774 "이" */
    0x0, 0xfc, 0x60, 0x1f, 0xb4, 0x13, 0x31, 0x40,
    0x18, 0x67, 0x73, 0x14, 0x1, 0x35, 0x88, 0x33,
    0x80, 0x5c, 0x40, 0x13, 0x8, 0x0, 0x44, 0x1,
    0x38, 0x80, 0x33, 0xc0, 0x4, 0x1, 0x90, 0xe9,
    0xfb, 0xc0, 0x34, 0xc8, 0xf4, 0xc0, 0x38, 0xd0,
    0x40, 0x3f, 0xf9, 0x3c,

    /* U+C778 "인" */
    0x0, 0xfc, 0x60, 0x1, 0xac, 0xc2, 0x80, 0x3c,
    0x43, 0x67, 0x31, 0xc8, 0x1, 0x13, 0x98, 0x3,
    0xf4, 0x3, 0xff, 0x82, 0x4c, 0x40, 0xe, 0xc0,
    0xd, 0xdf, 0x7a, 0x6a, 0x1, 0x8f, 0x67, 0x24,
    0x3, 0xd0, 0x42, 0x1, 0xf2, 0x88, 0x6, 0xc1,
    0x0, 0xff, 0xe0, 0xee, 0x67, 0x28,

    /* U+C77C "일" */
    0x0, 0xfc, 0x40, 0x3, 0xbb, 0x63, 0x80, 0x3c,
    0x1, 0xd5, 0x79, 0xca, 0x1, 0x13, 0x8, 0x3,
    0x70, 0x2, 0x26, 0x10, 0x6, 0xe0, 0x6, 0xea,
    0xbc, 0xe5, 0x0, 0xc7, 0x76, 0xc7, 0x0, 0x58,
    0x5, 0x19, 0x9d, 0x40, 0x14, 0x66, 0x70, 0x80,
    0x55, 0x99, 0xc2, 0x1, 0xf, 0xe6, 0x70, 0x6,
    0xec, 0xce, 0x60,

    /* U+C784 "임" */
    0x0, 0xfc, 0x80, 0x2, 0xbc, 0xc3, 0x0, 0x24,
    0x43, 0xe7, 0x32, 0x50, 0x8, 0x98, 0x80, 0x1d,
    0x80, 0x11, 0xb0, 0x4, 0x7c, 0x1, 0xc, 0x64,
    0x56, 0x38, 0x6, 0x5c, 0xb8, 0xb0, 0x3, 0x88,
    0x1, 0xaa, 0xe6, 0x63, 0x0, 0xb3, 0x17, 0x79,
    0x4, 0x2, 0x62, 0x2c, 0x1, 0xff, 0xc3, 0xec,
    0xcc, 0x40,

    /* U+C785 "입" */
    0x0, 0xff, 0x8a, 0xed, 0x8c, 0x0, 0xd1, 0xf,
    0x9b, 0xcc, 0x28, 0x4, 0x4c, 0x40, 0xe, 0xc0,
    0x8, 0xd8, 0x2, 0x3e, 0x0, 0x86, 0xad, 0xa2,
    0xdc, 0x3, 0x3c, 0x9e, 0x60, 0x0, 0x82, 0x0,
    0x47, 0x40, 0x8, 0x40, 0x2c, 0x60, 0xc, 0xa2,
    0x1, 0x45, 0xde, 0x20, 0xd, 0xf7, 0x78, 0x80,
    0x37, 0x66, 0x62, 0x0,

    /* U+C788 "있" */
    0x0, 0xfc, 0x60, 0x11, 0x5e, 0x61, 0x80, 0x1e,
    0x40, 0xf, 0x9c, 0xc6, 0xa0, 0x6, 0x26, 0x20,
    0x7, 0xe8, 0x6, 0x36, 0x0, 0x8b, 0x80, 0x30,
    0xad, 0x23, 0xd3, 0x0, 0x74, 0x49, 0x96, 0x8,
    0x39, 0x80, 0x46, 0x64, 0x0, 0x1d, 0x8, 0x6,
    0xf4, 0x0, 0x52, 0x80, 0x61, 0x6e, 0x0, 0x26,
    0x80, 0x43, 0xbd, 0xca, 0x9b, 0x6, 0x0, 0x4c,
    0x1a, 0xf0, 0xb4, 0xf1, 0x0,

    /* U+C78E "잎" */
    0x0, 0xfc, 0x80, 0x3, 0xbc, 0xc3, 0x0, 0x24,
    0x43, 0xa7, 0x32, 0x50, 0x8, 0x98, 0x80, 0x1d,
    0x80, 0x11, 0xb0, 0x4, 0x7c, 0x1, 0xd, 0xe4,
    0x56, 0x38, 0x6, 0x6d, 0xb8, 0xb0, 0x2, 0x8,
    0xd, 0x44, 0xdd, 0xc4, 0x80, 0x34, 0xf3, 0x54,
    0xa, 0x40, 0x0, 0x81, 0x88, 0x80, 0x40, 0x3f,
    0xf8, 0x7, 0x87, 0xb9, 0x85, 0xc7,

    /* U+C790 "자" */
    0x0, 0xfe, 0x30, 0xf, 0xf0, 0xf8, 0x5, 0x39,
    0xbd, 0x98, 0x0, 0xf4, 0xe4, 0xa6, 0x60, 0x3,
    0xf0, 0x88, 0x3, 0xfd, 0xaa, 0x1, 0x89, 0xd4,
    0x2, 0x56, 0x70, 0x8, 0xcc, 0xc0, 0xa, 0x88,
    0x59, 0x80, 0x5, 0xc, 0x24, 0x94, 0x3b, 0x86,
    0x1, 0xd9, 0x0, 0x2, 0xc3, 0x0, 0xe5, 0x0,
    0xc2, 0x1, 0xff, 0xcd, 0x1c, 0x0, 0x0,

    /* U+C791 "작" */
    0x0, 0xfe, 0x60, 0xa, 0xb3, 0x7b, 0x30, 0x0,
    0xb0, 0xa, 0xb2, 0x53, 0x30, 0x1, 0xf8, 0xd0,
    0x3, 0xf8, 0x65, 0x20, 0x2, 0x2c, 0x60, 0x1c,
    0xaa, 0x24, 0x0, 0xb, 0x18, 0x36, 0x50, 0x30,
    0x4, 0x3, 0xb1, 0x0, 0x28, 0x10, 0x80, 0xc,
    0xb9, 0x9e, 0x80, 0xc, 0xb9, 0x9e, 0x0, 0xff,
    0xec, 0x60, 0x0,

    /* U+C798 "잘" */
    0x0, 0xfe, 0x50, 0xa, 0xb3, 0x7b, 0x30, 0x0,
    0x80, 0xa, 0xb2, 0x93, 0x30, 0x1, 0xfa, 0xd0,
    0x40, 0x30, 0x80, 0x4e, 0xd1, 0x40, 0x11, 0x52,
    0x84, 0xed, 0x37, 0x68, 0x81, 0x5a, 0x85, 0x50,
    0x0, 0xba, 0x21, 0x60, 0x11, 0x96, 0x67, 0xa8,
    0x3, 0x16, 0x67, 0x84, 0x3, 0x1f, 0x66, 0x72,
    0x0, 0x72, 0x66, 0x74, 0x80, 0x72, 0x66, 0x75,
    0x80, 0x0,

    /* U+C7A5 "장" */
    0x0, 0xfe, 0x60, 0xa, 0xb3, 0x7b, 0x30, 0x0,
    0xb0, 0xa, 0xb2, 0xdf, 0x30, 0x1, 0xfb, 0x10,
    0x3, 0xf8, 0xd1, 0x9c, 0x2, 0x2c, 0x60, 0x3e,
    0xdb, 0xc8, 0x0, 0x16, 0x30, 0x4f, 0x98, 0x5f,
    0x8, 0x7, 0x51, 0xb, 0x4f, 0xc9, 0xe0, 0x6,
    0x2c, 0xb, 0xb6, 0x43, 0x0, 0x65, 0xa6, 0x22,
    0x25, 0xc8, 0x6, 0x3b, 0x10, 0x9, 0x54, 0x1,
    0x92, 0x6a, 0xed, 0x98, 0xa0, 0x0,

    /* U+C7AC "재" */
    0x0, 0xfe, 0x30, 0xf, 0xb4, 0x34, 0x2f, 0x3f,
    0x30, 0x40, 0x1a, 0xf0, 0xf7, 0x8, 0x3, 0xc2,
    0x1, 0xfc, 0x44, 0x0, 0xf9, 0x4e, 0x80, 0x7,
    0x82, 0x0, 0x9e, 0x51, 0x3, 0xc1, 0x8, 0xb2,
    0xfa, 0x0, 0xc2, 0xe, 0x7, 0xe2, 0x1, 0xc,
    0x0, 0x48, 0x20, 0x1f, 0xfc, 0x8d, 0xe,

    /* U+C800 "저" */
    0x0, 0xfe, 0x30, 0xf, 0xed, 0x9, 0xcd, 0xec,
    0xc0, 0x6, 0x9c, 0x97, 0xcc, 0x0, 0x78, 0x88,
    0x0, 0x11, 0x0, 0x6f, 0x50, 0x5b, 0xb0, 0x80,
    0x5, 0x1d, 0x96, 0xa8, 0x20, 0xa, 0x98, 0xb2,
    0x0, 0xd4, 0x68, 0x3d, 0xe4, 0x1, 0x74, 0x0,
    0xf, 0xc8, 0x2, 0x40, 0xc, 0x40, 0x1f, 0xfc,
    0xae,

    /* U+C804 "전" */
    0x0, 0xfe, 0x10, 0x4, 0xe6, 0xf6, 0x60, 0x1,
    0xe0, 0x9, 0xc9, 0x4c, 0xc0, 0x7, 0xc6, 0xe0,
    0xb3, 0x21, 0x0, 0xd4, 0xca, 0xfb, 0xa1, 0x0,
    0xa1, 0x6a, 0x1, 0x10, 0x1, 0x39, 0xc0, 0xff,
    0x88, 0x3, 0xd, 0x80, 0xb, 0x8, 0x3, 0x30,
    0x48, 0x0, 0x40, 0x6, 0x1, 0x9c, 0x3, 0xb4,
    0x3, 0xff, 0x86, 0x39, 0x9e, 0x30,

    /* U+C808 "절" */
    0x0, 0xfe, 0x50, 0x4, 0xe6, 0xf6, 0x60, 0x1,
    0x60, 0x9, 0xc9, 0x5c, 0xc0, 0x7, 0xda, 0xa4,
    0xb9, 0x81, 0x0, 0x95, 0x55, 0xcf, 0x98, 0x10,
    0x4, 0x4e, 0xa7, 0xf8, 0x80, 0x35, 0xe0, 0x81,
    0xe9, 0x5, 0x80, 0xc, 0x33, 0x3d, 0x40, 0x1b,
    0x33, 0xc4, 0x1, 0xbf, 0x33, 0x98, 0x3, 0x16,
    0x67, 0x58, 0x6, 0x2c, 0xcf, 0x20,

    /* U+C815 "정" */
    0x0, 0xfe, 0x70, 0x4, 0xe6, 0xf6, 0x60, 0x1,
    0x20, 0x9, 0xcb, 0x7c, 0xc0, 0x7, 0xd8, 0xe0,
    0xd9, 0x81, 0x0, 0x8d, 0x99, 0x2d, 0x98, 0x10,
    0x2, 0x7e, 0xc0, 0x58, 0x80, 0x6c, 0xd1, 0x9,
    0xf1, 0x0, 0xd0, 0x20, 0xb3, 0xf2, 0xde, 0x1,
    0xab, 0x2e, 0xe1, 0xd0, 0xc, 0x92, 0x40, 0x4e,
    0x4, 0x1, 0x12, 0x0, 0x46, 0x24, 0x1, 0x6e,
    0xb2, 0xf2, 0x7c, 0x0,

    /* U+C81C "제" */
    0x0, 0xfe, 0x30, 0xf, 0xb4, 0x38, 0x2f, 0x3f,
    0x30, 0x40, 0x1a, 0xf0, 0xb3, 0x4, 0x1, 0xe3,
    0x1, 0x10, 0x7, 0x8, 0x8a, 0x28, 0x80, 0x33,
    0xa5, 0x4d, 0x90, 0x6, 0xaa, 0x20, 0x80, 0x74,
    0xd0, 0xc5, 0x0, 0x61, 0x13, 0x2, 0x70, 0x80,
    0x43, 0x0, 0x12, 0x88, 0x7, 0xff, 0x23, 0x43,
    0x40,

    /* U+C838 "져" */
    0x0, 0xfe, 0x30, 0xf, 0xed, 0x9, 0xcd, 0xec,
    0xc0, 0x6, 0x9c, 0x86, 0xcc, 0x19, 0x80, 0x31,
    0x8, 0x15, 0xd8, 0x40, 0x2d, 0x40, 0x28, 0x80,
    0x80, 0x5, 0x9d, 0x4f, 0x30, 0x20, 0xa, 0x8b,
    0x81, 0xcc, 0x8, 0x56, 0x20, 0xf7, 0x90, 0x5,
    0xce, 0x0, 0x3f, 0x20, 0x9, 0x0, 0x31, 0x0,
    0x7f, 0xf2, 0xb8,

    /* U+C870 "조" */
    0x0, 0x5e, 0x63, 0x7b, 0x32, 0x30, 0xa, 0xf3,
    0x14, 0x59, 0x91, 0x80, 0x71, 0xda, 0xb8, 0x7,
    0x86, 0x21, 0xb3, 0xf6, 0x60, 0x12, 0x6e, 0xac,
    0xd6, 0x26, 0x60, 0x2, 0x62, 0x83, 0x78, 0x15,
    0x48, 0x7, 0xff, 0xa, 0xef, 0x42, 0x5d, 0xe4,
    0xb, 0xbd, 0x9d, 0x77, 0x90,

    /* U+C871 "족" */
    0x0, 0x66, 0x5d, 0xcc, 0xc8, 0x80, 0x2c, 0xc6,
    0x91, 0xf6, 0x60, 0x80, 0x33, 0x6c, 0x7f, 0x38,
    0x80, 0x49, 0x63, 0x8e, 0xd8, 0x56, 0xe0, 0x4,
    0xb7, 0x5, 0xc0, 0x5a, 0x70, 0x6, 0x66, 0xb5,
    0xcc, 0xca, 0x19, 0x9b, 0x75, 0x99, 0x94, 0x1,
    0x39, 0x9e, 0x90, 0xd, 0x39, 0x9d, 0xe6, 0x1,
    0xff, 0xd6, 0x3a, 0x0, 0x0,

    /* U+C8FC "주" */
    0x0, 0x5e, 0x63, 0x7b, 0x32, 0x30, 0xa, 0xf3,
    0x8, 0x19, 0x91, 0x80, 0x73, 0x94, 0x58, 0x80,
    0x62, 0x7d, 0xfb, 0x6f, 0xd9, 0x40, 0x0, 0x86,
    0x40, 0x1, 0x33, 0x40, 0x23, 0x71, 0x0, 0xe4,
    0x40, 0x2, 0xef, 0x67, 0x5d, 0xe4, 0xb, 0xbd,
    0x9, 0x77, 0x90, 0x3, 0xff, 0xba, 0xb0, 0x1,
    0xc0,

    /* U+C900 "준" */
    0x0, 0x5e, 0x63, 0xb9, 0x99, 0x8, 0x5, 0x79,
    0x85, 0x2c, 0xc8, 0x40, 0x31, 0xde, 0xc5, 0x98,
    0x6, 0x3c, 0x99, 0x32, 0x55, 0x31, 0x80, 0x7,
    0x94, 0x40, 0x1, 0x9c, 0x60, 0x6, 0x67, 0xf9,
    0x43, 0x33, 0x52, 0x66, 0x65, 0x0, 0x11, 0x80,
    0x7f, 0x91, 0x0, 0x5c, 0x1, 0xfe, 0x46, 0x0,
    0xfd, 0x39, 0x9d, 0x20, 0x0,

    /* U+C911 "중" */
    0x0, 0x5e, 0x63, 0x7f, 0x32, 0x30, 0xa, 0xf3,
    0xc, 0x3d, 0x98, 0x30, 0xc, 0x99, 0xb9, 0xce,
    0x20, 0x11, 0xee, 0xb9, 0x8b, 0x6, 0xa0, 0x0,
    0x3f, 0x60, 0x45, 0x24, 0xd0, 0x2, 0x23, 0x77,
    0xc4, 0x64, 0xa, 0xad, 0xf, 0x55, 0x90, 0x2,
    0x7c, 0xf1, 0xca, 0x10, 0xc, 0xbb, 0x97, 0x6c,
    0xfb, 0x0, 0xc2, 0x20, 0xc, 0x60, 0x1c, 0x9b,
    0x97, 0x6c, 0xfa, 0x0, 0x0,

    /* U+C989 "즉" */
    0x0, 0x66, 0x5d, 0xcc, 0xc8, 0x80, 0x2c, 0xc6,
    0x91, 0xf6, 0x60, 0x80, 0x33, 0x6c, 0x77, 0x1c,
    0x40, 0x24, 0xc1, 0xd4, 0x3c, 0x2b, 0x70, 0x2,
    0x63, 0x88, 0x4, 0xb4, 0xe0, 0xc, 0xcf, 0xf2,
    0x86, 0x67, 0xf9, 0x40, 0x13, 0x99, 0xdb, 0x20,
    0x1a, 0x73, 0x3b, 0x8c, 0x3, 0xff, 0xac, 0x74,
    0x0,

    /* U+C99D "증" */
    0x0, 0x5e, 0x63, 0x7f, 0x32, 0x30, 0xa, 0xf3,
    0xc, 0x3f, 0x98, 0x30, 0xc, 0xb9, 0xd9, 0xee,
    0x20, 0x11, 0xe6, 0xe9, 0x4b, 0xa, 0xa0, 0x0,
    0x79, 0x2, 0x1, 0x2d, 0xc0, 0x3, 0x33, 0xfc,
    0xa1, 0x99, 0xfe, 0x50, 0x9, 0xf2, 0xed, 0x92,
    0x20, 0x19, 0x77, 0x2e, 0xd9, 0x8b, 0x0, 0xc2,
    0x20, 0xc, 0x60, 0x1c, 0x9b, 0x97, 0x6c, 0xfa,
    0x0, 0x0,

    /* U+C9C0 "지" */
    0x0, 0xfe, 0x30, 0xf, 0xed, 0xa, 0xcd, 0xec,
    0xc0, 0x6, 0xac, 0x86, 0xcc, 0x0, 0x78, 0x88,
    0x1, 0xfb, 0x10, 0x3, 0xe2, 0x77, 0x28, 0x7,
    0xbb, 0xe2, 0x4, 0x1, 0xae, 0x8c, 0x7f, 0xc6,
    0x1, 0x7b, 0x0, 0xb, 0xcc, 0x2, 0x40, 0xc,
    0x40, 0x1f, 0xfc, 0xae,

    /* U+C9C1 "직" */
    0x0, 0xfc, 0xc2, 0x59, 0x8f, 0xcc, 0x48, 0x51,
    0x96, 0x60, 0xbb, 0x24, 0x3, 0x84, 0x90, 0x3,
    0xe8, 0x85, 0x90, 0x7, 0x31, 0xbf, 0x7a, 0x0,
    0x49, 0x94, 0x7, 0xe6, 0x1, 0x25, 0x0, 0x44,
    0xe1, 0xe4, 0x5, 0x99, 0xf1, 0x1, 0x66, 0x78,
    0xc0, 0x3f, 0xfa, 0x3a, 0x40,

    /* U+C9C4 "진" */
    0x0, 0xfe, 0x10, 0x4, 0x66, 0xfe, 0x60, 0xc3,
    0xc0, 0x11, 0x9e, 0x79, 0x83, 0x0, 0xf3, 0x98,
    0x7, 0xf4, 0xab, 0x80, 0x7c, 0xeb, 0x56, 0x80,
    0x1c, 0xf7, 0x21, 0xb0, 0x80, 0x18, 0x70, 0x0,
    0x38, 0x80, 0x19, 0x86, 0x0, 0x38, 0xc0, 0x32,
    0x0, 0x76, 0x80, 0x7f, 0xf0, 0xcf, 0x33, 0xc8,

    /* U+C9D0 "짐" */
    0x0, 0xfe, 0x70, 0x8c, 0xc7, 0x66, 0xc, 0x24,
    0x23, 0x3c, 0xb3, 0x6, 0x1, 0xc8, 0x62, 0x1,
    0xe1, 0xa8, 0xb0, 0xe, 0x1d, 0x87, 0x2a, 0x10,
    0xa, 0xa5, 0x42, 0x30, 0x80, 0x2b, 0x52, 0x29,
    0x4, 0xa8, 0x0, 0x39, 0x77, 0xd4, 0x1, 0x14,
    0xcf, 0x0, 0x7f, 0xf0, 0x8f, 0x33, 0x80,

    /* U+C9D1 "집" */
    0x0, 0xff, 0x16, 0x63, 0xb7, 0x24, 0x2c, 0x89,
    0x98, 0x59, 0xc9, 0x0, 0xf2, 0xe8, 0x7, 0xd1,
    0x2a, 0x60, 0x1c, 0xc6, 0xfd, 0xc4, 0x0, 0x93,
    0x6c, 0xb, 0x8, 0x8, 0xd2, 0xd4, 0x40, 0x58,
    0x30, 0x2, 0xf2, 0x0, 0xdc, 0x60, 0x17, 0x66,
    0x64, 0x0, 0xdd, 0x99, 0x90, 0x3, 0x76, 0x66,
    0x40,

    /* U+CC28 "차" */
    0x0, 0xc4, 0x1, 0x8c, 0x3, 0x8e, 0x0, 0x21,
    0xf0, 0xa, 0xa9, 0x9, 0x54, 0x40, 0xe, 0xbb,
    0x7a, 0xdd, 0x90, 0x3, 0x84, 0x4e, 0x2, 0x20,
    0xf, 0xca, 0xa0, 0xc, 0x4e, 0x80, 0x15, 0xb3,
    0x80, 0x46, 0x4e, 0x0, 0xab, 0x8c, 0x50, 0x0,
    0xa9, 0x85, 0x93, 0x5, 0xf3, 0x80, 0x74, 0x40,
    0x2, 0xb7, 0x0, 0xe3, 0x0, 0xff, 0xe9, 0xe,
    0x0, 0x0,

    /* U+CC38 "참" */
    0x0, 0x84, 0x80, 0x31, 0x0, 0x72, 0x50, 0x4,
    0x52, 0x1, 0x5e, 0x43, 0x66, 0x4, 0x3, 0xaf,
    0x29, 0x33, 0x2, 0x1, 0xf5, 0xb1, 0x0, 0x4b,
    0x8a, 0x0, 0xaa, 0x77, 0x10, 0x0, 0xb8, 0xa3,
    0xb8, 0xc5, 0xbc, 0x40, 0x18, 0x75, 0x80, 0x3,
    0x44, 0x48, 0x0, 0xd1, 0xb9, 0x9d, 0x0, 0x1d,
    0x79, 0x9b, 0x80, 0x3f, 0xf8, 0xd7, 0x99, 0xbc,
    0x2,

    /* U+CCAB "첫" */
    0x0, 0x89, 0x0, 0x32, 0x80, 0x8, 0x89, 0xc4,
    0x40, 0x5, 0x80, 0x2e, 0x35, 0xe2, 0x2, 0x1,
    0xa6, 0xb5, 0xea, 0x11, 0x40, 0x3a, 0x9c, 0xc0,
    0x88, 0x1, 0xae, 0xbf, 0x9d, 0xe0, 0xb, 0x74,
    0xc5, 0x9e, 0x40, 0x1b, 0x58, 0x2, 0xd2, 0x0,
    0xfc, 0xf0, 0x21, 0xc0, 0x1c, 0x77, 0x34, 0x20,
    0x18, 0xe7, 0xf1, 0xbb, 0x1c, 0x80, 0x17, 0xb8,
    0x20, 0xba, 0xe,

    /* U+CCAD "청" */
    0x0, 0x84, 0xc0, 0x31, 0x80, 0x64, 0xa0, 0xd,
    0xa0, 0xb, 0xc8, 0x7c, 0xc0, 0x80, 0x6b, 0xcb,
    0x4c, 0xc0, 0x80, 0x7a, 0x90, 0x89, 0x98, 0x0,
    0xd4, 0xb5, 0xe3, 0x98, 0x0, 0xb3, 0x12, 0x9f,
    0x4, 0x1, 0xb1, 0x81, 0xac, 0x2d, 0x7c, 0x3,
    0x60, 0xc5, 0xdb, 0x2c, 0x2, 0x46, 0x71, 0x2,
    0x94, 0x0, 0x95, 0xc8, 0x2, 0x53, 0x0, 0x87,
    0xa6, 0xed, 0x99, 0x0,

    /* U+CCB4 "체" */
    0x0, 0xfe, 0x30, 0xd, 0xa0, 0x15, 0x8f, 0x90,
    0x33, 0x9b, 0xb8, 0x5c, 0x3, 0x19, 0x1, 0x10,
    0x3, 0xca, 0xa3, 0x55, 0x8, 0x7, 0xc4, 0x49,
    0xc3, 0x0, 0xe5, 0x1a, 0x9c, 0x30, 0xe, 0x9d,
    0x52, 0x0, 0xf4, 0x21, 0xf7, 0x90, 0x7, 0xa0,
    0xf, 0x88, 0x3, 0xa0, 0x2, 0x30, 0xf, 0xfe,
    0x5e, 0xe, 0x10,

    /* U+CD08 "초" */
    0x0, 0xe4, 0xa0, 0xf, 0xaf, 0x31, 0x29, 0x99,
    0x18, 0x5, 0x79, 0x8a, 0x2c, 0xc8, 0xc0, 0x38,
    0xed, 0x5c, 0x3, 0xc5, 0x31, 0xb2, 0x18, 0x80,
    0x11, 0xc6, 0xd8, 0x1b, 0xf6, 0x40, 0x0, 0xe9,
    0x1, 0x68, 0xa, 0x20, 0x1, 0xff, 0xc2, 0xbb,
    0xd0, 0xf7, 0x79, 0x2, 0xef, 0x67, 0x5d, 0xe4,

    /* U+CD5C "최" */
    0x0, 0xfe, 0x30, 0xe, 0xa4, 0x0, 0xbc, 0x41,
    0x2e, 0xc9, 0x17, 0x40, 0x19, 0x2a, 0x85, 0x54,
    0xb0, 0xe, 0x15, 0xb, 0x1, 0x0, 0xe6, 0x8d,
    0xed, 0x60, 0xc, 0xc3, 0x8a, 0x58, 0x1, 0xcc,
    0xe1, 0xc4, 0xc, 0x1, 0xff, 0xc3, 0xcc, 0x9f,
    0xf3, 0xe, 0x1, 0x66, 0x5b, 0x99, 0x38, 0x7,
    0xff, 0x2b, 0x4,

    /* U+CD94 "추" */
    0x0, 0xe1, 0x40, 0xf, 0xf2, 0xf0, 0x7, 0xd7,
    0x98, 0x94, 0xcc, 0x8c, 0x2, 0xbc, 0xc3, 0x87,
    0x66, 0xc, 0x3, 0x26, 0x6e, 0xba, 0x4, 0x2,
    0x3c, 0xc6, 0xb9, 0xe6, 0xd4, 0x80, 0xf, 0x20,
    0x40, 0x25, 0xb9, 0x0, 0x66, 0x6d, 0xec, 0xcc,
    0xa1, 0x99, 0xa5, 0xf3, 0x32, 0x80, 0x7f, 0xf6,
    0x0,

    /* U+CDA9 "충" */
    0x0, 0xf0, 0x80, 0x7f, 0x92, 0xc0, 0x3e, 0xac,
    0xc5, 0x2e, 0x64, 0x40, 0x15, 0x64, 0x92, 0xa6,
    0xe1, 0x0, 0xe, 0xf0, 0xb2, 0xb2, 0xf1, 0xc0,
    0x7, 0x58, 0xe0, 0x4, 0xac, 0x60, 0x6, 0x6e,
    0x63, 0x7b, 0x32, 0xd5, 0xc, 0xcd, 0x29, 0x99,
    0x94, 0x2, 0x7c, 0xf1, 0xca, 0x10, 0xc, 0xbb,
    0x97, 0x6c, 0xfb, 0x0, 0xc2, 0x20, 0xc, 0x60,
    0x1c, 0x9b, 0x97, 0x6c, 0xfa, 0x0, 0x0,

    /* U+CDE8 "취" */
    0x0, 0xc4, 0x20, 0x11, 0x80, 0x75, 0xa0, 0x5,
    0xc0, 0x3, 0xdd, 0x3c, 0x6d, 0x80, 0x63, 0xdd,
    0x1a, 0x6d, 0x80, 0x70, 0xdd, 0x1c, 0x90, 0x6,
    0x6a, 0xf7, 0xac, 0x81, 0x0, 0x9e, 0x94, 0x44,
    0xf0, 0x1, 0x15, 0x55, 0x9b, 0x16, 0x80, 0x2,
    0xbb, 0x96, 0x6a, 0x54, 0x3, 0xff, 0xb7, 0xa,
    0x1, 0x68, 0x0,

    /* U+CE21 "측" */
    0x0, 0xe1, 0x30, 0xf, 0xf2, 0x58, 0x7, 0xd9,
    0x95, 0xbe, 0x64, 0x40, 0x16, 0x62, 0x89, 0x2f,
    0x70, 0x80, 0x9, 0x98, 0xc, 0xb3, 0xac, 0x70,
    0x2, 0x66, 0x18, 0x0, 0x97, 0x8e, 0x0, 0xcc,
    0xff, 0x28, 0x66, 0x7f, 0x94, 0x1, 0x39, 0x9e,
    0x80, 0xd, 0x39, 0x9d, 0xe4, 0x1, 0xff, 0xd6,
    0x3a, 0x0, 0x0,

    /* U+CE58 "치" */
    0x0, 0xc4, 0x1, 0x8c, 0x2, 0x29, 0x0, 0xda,
    0x13, 0x52, 0xb5, 0x45, 0x0, 0xa2, 0xe0, 0xae,
    0xca, 0x1, 0x8, 0xc0, 0x22, 0x0, 0xf2, 0x18,
    0x80, 0x7d, 0x6f, 0x0, 0x1e, 0x9a, 0x82, 0x60,
    0xd, 0x60, 0xe1, 0x79, 0x0, 0x14, 0x48, 0x5,
    0x50, 0x1, 0x18, 0x7, 0xff, 0x3f, 0x80,

    /* U+CE74 "카" */
    0x0, 0xfc, 0x60, 0x1f, 0xed, 0x0, 0x1e, 0x66,
    0xe0, 0xe, 0x3c, 0xcb, 0x88, 0x3, 0x89, 0x15,
    0xa1, 0x0, 0x39, 0xf0, 0xc1, 0x24, 0x2, 0x66,
    0x2c, 0x36, 0x40, 0x80, 0x46, 0x40, 0xa, 0x26,
    0x0, 0xca, 0x8b, 0xb9, 0x0, 0x1f, 0x3f, 0xb0,
    0x7, 0xe2, 0x20, 0x7, 0xff, 0x43, 0x80, 0x0,

    /* U+CEE8 "컨" */
    0x0, 0xfe, 0x30, 0xf, 0xf6, 0x80, 0x13, 0x32,
    0xe8, 0x0, 0xe4, 0xcc, 0x93, 0x0, 0x3a, 0x33,
    0x1a, 0xca, 0x44, 0x0, 0xa3, 0x38, 0x79, 0x62,
    0x2, 0x1, 0x2f, 0x70, 0x92, 0xa8, 0x20, 0xb,
    0xdd, 0x10, 0x7, 0xd7, 0xc, 0x1, 0xfe, 0x90,
    0xe, 0xe0, 0xf, 0xfe, 0x26, 0x67, 0x90,

    /* U+CF1C "켜" */
    0x0, 0xfe, 0x30, 0xf, 0xed, 0xa, 0xcc, 0xb9,
    0x80, 0x35, 0x66, 0x48, 0x45, 0x0, 0xab, 0x31,
    0xdc, 0x31, 0x0, 0x6, 0x81, 0x6a, 0xaa, 0xa8,
    0x3, 0xc, 0xed, 0x0, 0x1e, 0x4e, 0xe0, 0x3e,
    0x60, 0x6, 0xbf, 0x8, 0x1f, 0x30, 0x3, 0xd6,
    0x20, 0x1f, 0x20, 0x7, 0xff, 0x3f, 0x80,

    /* U+CF5C "콜" */
    0x0, 0x1e, 0x67, 0xb8, 0x3, 0x1e, 0x66, 0xdd,
    0x18, 0x6, 0x9d, 0xcc, 0x5d, 0xa0, 0xc0, 0x34,
    0xee, 0x2c, 0x54, 0x98, 0x4, 0xef, 0x96, 0x9d,
    0xd4, 0xe4, 0x6, 0x7a, 0x34, 0xcf, 0x81, 0x2,
    0x23, 0xd8, 0x82, 0x0, 0x4c, 0xce, 0xe3, 0x0,
    0xc9, 0x99, 0xdc, 0x20, 0x18, 0x53, 0x33, 0xa8,
    0x3, 0x9b, 0x33, 0xc0, 0x0,

    /* U+D06C "크" */
    0x0, 0x4e, 0x67, 0x6d, 0x0, 0x69, 0xcc, 0xee,
    0x0, 0xff, 0xe2, 0x16, 0x63, 0x73, 0x2e, 0x0,
    0xc5, 0xb9, 0xb9, 0x94, 0x98, 0x6, 0x10, 0xe,
    0x11, 0x0, 0x7f, 0x8f, 0xc0, 0x2c, 0xcf, 0xae,
    0xb1, 0x40,

    /* U+D0A4 "키" */
    0x0, 0xfc, 0x60, 0x1f, 0xb4, 0xf3, 0x37, 0x0,
    0x47, 0x99, 0x71, 0x0, 0x46, 0xac, 0xf0, 0x80,
    0x13, 0x11, 0x99, 0x24, 0x2, 0x57, 0x5e, 0x81,
    0x0, 0xea, 0x26, 0x0, 0xc9, 0xb9, 0x0, 0x1c,
    0xde, 0xc0, 0x1e, 0x22, 0x0, 0x7f, 0xf3, 0x38,

    /* U+D0DC "태" */
    0x0, 0xfc, 0x60, 0x1f, 0x68, 0x70, 0x56, 0xe6,
    0x24, 0x3, 0xdd, 0x98, 0x90, 0xf, 0xfe, 0x27,
    0xdd, 0x90, 0xd, 0x4c, 0x1, 0xf7, 0x64, 0x0,
    0x10, 0x7, 0xe3, 0x73, 0x0, 0x5b, 0x31, 0xc0,
    0x3b, 0xb8, 0x67, 0x0, 0x72, 0x32, 0xa9, 0x0,
    0x3f, 0xf9, 0x3a, 0x1a, 0x0,

    /* U+D130 "터" */
    0x0, 0xf8, 0xc0, 0x3f, 0x70, 0x7e, 0x66, 0x50,
    0x8, 0x73, 0x32, 0x80, 0x7f, 0xf0, 0x6, 0xee,
    0x24, 0x41, 0x80, 0xdd, 0xc4, 0x66, 0x0, 0xf9,
    0xdc, 0x60, 0x6, 0x6c, 0xe0, 0x15, 0x99, 0xc4,
    0x80, 0x12, 0xae, 0x43, 0x0, 0xff, 0xe3, 0xe8,
    0x0,

    /* U+D134 "턴" */
    0x0, 0xf8, 0x43, 0xb3, 0x32, 0x87, 0x80, 0x33,
    0x32, 0x80, 0x67, 0x78, 0x91, 0x0, 0x10, 0x8c,
    0x7, 0xa2, 0x0, 0x66, 0x89, 0xe4, 0x40, 0x17,
    0x7a, 0x80, 0x2c, 0x99, 0xaa, 0xc0, 0x22, 0x43,
    0x21, 0x10, 0x18, 0x2, 0x8c, 0x3, 0x68, 0x7,
    0xff, 0x3, 0xb3, 0x39, 0x40,

    /* U+D154 "텔" */
    0x0, 0xfc, 0x23, 0x7e, 0x64, 0x63, 0x8a, 0xe0,
    0x79, 0x91, 0x80, 0x71, 0xe6, 0xa, 0xb4, 0x3,
    0x1e, 0x60, 0xab, 0x40, 0x31, 0x5d, 0xcc, 0x1,
    0x87, 0xee, 0xe6, 0x4, 0x72, 0x1, 0x6c, 0xcb,
    0x53, 0xc0, 0x26, 0xcc, 0xe8, 0x20, 0x3, 0xe6,
    0x74, 0x18, 0x3, 0xe7, 0x33, 0x94, 0x2, 0x8c,
    0xce, 0x80,

    /* U+D1A0 "토" */
    0x0, 0x3e, 0xe6, 0x74, 0x0, 0x75, 0xe6, 0x74,
    0x0, 0x75, 0xe6, 0x72, 0x80, 0x75, 0xe6, 0x72,
    0x80, 0x75, 0xe6, 0x75, 0x0, 0x67, 0xdc, 0xa4,
    0xcc, 0x50, 0x7, 0xff, 0xe, 0xab, 0x96, 0xab,
    0x20, 0x44, 0x6e, 0xf8, 0x8c, 0x80,

    /* U+D2B8 "트" */
    0x0, 0x36, 0xe6, 0x73, 0x80, 0x75, 0xe6, 0x73,
    0x80, 0x75, 0xe6, 0x71, 0x80, 0x75, 0xe6, 0x71,
    0x80, 0x75, 0x57, 0xa0, 0x3, 0x37, 0x44, 0x74,
    0x80, 0x71, 0x17, 0x84, 0x2, 0xbb, 0xff, 0x20,
    0x55, 0x7f, 0x90,

    /* U+D2BC "튼" */
    0x0, 0x2f, 0x66, 0x73, 0x0, 0x73, 0x66, 0x73,
    0x0, 0x73, 0x66, 0x72, 0x0, 0x73, 0x66, 0x72,
    0x0, 0x61, 0x4c, 0xce, 0x80, 0xc, 0x99, 0x9e,
    0x80, 0xb, 0x33, 0xfc, 0xa1, 0x9b, 0xac, 0xcf,
    0x94, 0x0, 0xec, 0x1, 0xff, 0xcb, 0x9c, 0xce,
    0x90, 0x0,

    /* U+D305 "팅" */
    0x0, 0xfa, 0x3, 0xf3, 0x32, 0x83, 0x0, 0xe6,
    0x65, 0x0, 0xd7, 0x75, 0x0, 0x75, 0x56, 0x0,
    0xe1, 0x1e, 0x0, 0x96, 0xef, 0x40, 0x5, 0x77,
    0xaa, 0x40, 0x80, 0x7, 0x76, 0xab, 0xb4, 0x0,
    0x36, 0xae, 0xae, 0xa4, 0x40, 0xcc, 0x1, 0x19,
    0x84, 0x3e, 0x32, 0xf2, 0x74, 0x0,

    /* U+D30C "파" */
    0x0, 0xfe, 0x30, 0xf, 0xfb, 0x80, 0x2c, 0xcf,
    0x30, 0x7, 0x65, 0xee, 0x57, 0x30, 0x7, 0xb0,
    0xc3, 0xd8, 0x3, 0xfc, 0x6e, 0x0, 0x2c, 0x90,
    0x8, 0x40, 0x38, 0xb2, 0x40, 0x2, 0x1, 0x8,
    0x7, 0x16, 0x27, 0xe2, 0x75, 0x90, 0x4, 0x59,
    0xd9, 0x8e, 0xcb, 0x20, 0xf, 0xfe, 0xc6, 0x80,
    0x0,

    /* U+D310 "판" */
    0x0, 0xfe, 0x20, 0xf, 0xf1, 0x48, 0x5, 0x7f,
    0x98, 0xfc, 0x20, 0xe, 0xb2, 0xcc, 0x1e, 0x90,
    0x7, 0x84, 0x40, 0x1, 0x0, 0x34, 0x18, 0x1,
    0xc0, 0x2, 0x1, 0xe, 0x88, 0x5a, 0xd5, 0x95,
    0xd0, 0x3a, 0x90, 0x4e, 0x4c, 0xb6, 0xa8, 0x1,
    0xc4, 0x22, 0x22, 0x8, 0x7, 0xca, 0x80, 0x18,
    0xac, 0x3, 0xff, 0x8b, 0x39, 0x9d, 0x60, 0x0,

    /* U+D328 "패" */
    0x0, 0xfe, 0x20, 0xf, 0xd8, 0x12, 0x41, 0x99,
    0xc8, 0x1, 0xd8, 0x99, 0x10, 0x40, 0xf, 0x28,
    0x19, 0x0, 0x7f, 0x8c, 0x0, 0xcc, 0x0, 0xef,
    0x0, 0x84, 0x3, 0xe1, 0x0, 0x3b, 0x1, 0xc9,
    0xca, 0xfb, 0x80, 0x62, 0xad, 0xae, 0x86, 0x0,
    0xc2, 0x67, 0xc2, 0x1, 0xff, 0xca, 0xc0, 0xb2,

    /* U+D32C "팬" */
    0x0, 0xfe, 0x10, 0xf, 0xd6, 0x34, 0x41, 0x79,
    0x99, 0x0, 0x3a, 0xc7, 0x26, 0xd0, 0x3, 0xff,
    0x80, 0xec, 0x1, 0xc6, 0x1, 0x70, 0x0, 0x60,
    0xe3, 0x6e, 0x2, 0x58, 0x7, 0x2b, 0x3f, 0xd4,
    0x1, 0xc8, 0x82, 0x43, 0x2d, 0x10, 0xe, 0xa1,
    0x0, 0x30, 0x59, 0x0, 0x7f, 0xf0, 0xf3, 0x3d,
    0x0,

    /* U+D38C "펌" */
    0x0, 0xfc, 0xc2, 0x59, 0x9d, 0x21, 0xa6, 0x59,
    0xd9, 0xba, 0x90, 0xc, 0x50, 0xe, 0xe8, 0xa5,
    0x0, 0xe1, 0x39, 0xb5, 0x0, 0x18, 0x80, 0x61,
    0x0, 0x4e, 0xbe, 0x5c, 0xd1, 0x0, 0x27, 0x33,
    0xac, 0xa0, 0x80, 0x17, 0x99, 0xda, 0x40, 0x17,
    0x66, 0x65, 0x0, 0xff, 0xe1, 0x76, 0x66, 0x40,

    /* U+D3D0 "폐" */
    0x0, 0xff, 0x10, 0x7, 0xd6, 0x66, 0x81, 0xcc,
    0xe4, 0x0, 0xc3, 0xb7, 0x89, 0x8a, 0x1, 0xc7,
    0x80, 0xa5, 0x6a, 0x1, 0xf8, 0xa9, 0x40, 0x31,
    0x80, 0x4, 0xa5, 0x80, 0x3f, 0x15, 0x8, 0x4,
    0x6e, 0xcc, 0x16, 0x7, 0x0, 0x9c, 0x68, 0x6c,
    0x3, 0xc8, 0xef, 0x33, 0xc, 0x3, 0xff, 0x95,
    0x66, 0x6a,

    /* U+D45C "표" */
    0x0, 0x5e, 0x67, 0xc6, 0x1, 0x5c, 0x56, 0x63,
    0x97, 0xc, 0x3, 0xf, 0x0, 0x4, 0xc0, 0x3c,
    0x22, 0x0, 0x39, 0x80, 0x61, 0xc9, 0x7c, 0xc4,
    0xbe, 0x28, 0x0, 0x72, 0x53, 0x31, 0x2f, 0x8a,
    0x1, 0xff, 0xc2, 0xaa, 0x7b, 0xd5, 0x3d, 0x2a,
    0x88, 0x11, 0x9, 0xf8, 0x84, 0xfc, 0x41, 0x0,

    /* U+D504 "프" */
    0x0, 0x66, 0x7e, 0x30, 0xb, 0x26, 0xf3, 0x1c,
    0xd8, 0x60, 0x1d, 0xc0, 0x1, 0x0, 0xf8, 0x40,
    0x27, 0x30, 0xc, 0x39, 0x2f, 0x98, 0x97, 0xc5,
    0x0, 0xe, 0x6f, 0x66, 0x37, 0xb1, 0x40, 0x3f,
    0xf8, 0x59, 0x9f, 0xe5, 0xc, 0xcf, 0xf2, 0x80,

    /* U+D53C "피" */
    0x0, 0xfe, 0x30, 0xf, 0xf7, 0x8, 0x4e, 0x67,
    0x80, 0x34, 0xca, 0x33, 0x9, 0x80, 0x1c, 0x44,
    0x1, 0x40, 0xf, 0xfe, 0x28, 0x88, 0x0, 0xe0,
    0x1f, 0xc6, 0x1, 0xc9, 0x97, 0x59, 0xcb, 0x6c,
    0x0, 0x4c, 0xdd, 0x66, 0x3a, 0xd8, 0x3, 0xff,
    0xab, 0xa2,

    /* U+D558 "하" */
    0x0, 0xc4, 0x1, 0x8c, 0x3, 0x8a, 0x40, 0x21,
    0xe0, 0x9, 0xdd, 0x4c, 0xee, 0x40, 0xe, 0x22,
    0x6c, 0x11, 0x1c, 0x3, 0x95, 0xbf, 0xb5, 0x4c,
    0x3, 0x8f, 0xe2, 0xfa, 0xc0, 0x3d, 0x72, 0x40,
    0xce, 0x20, 0x57, 0x1, 0xda, 0x1, 0x8, 0x80,
    0xae, 0x1, 0x8a, 0xa3, 0x20, 0x3, 0xea, 0x8b,
    0xc5, 0x0, 0xfc, 0x46, 0x1, 0xff, 0xcf, 0x1d,
    0x0, 0x0,

    /* U+D568 "함" */
    0x0, 0xc6, 0x1, 0x8c, 0x3, 0x8a, 0x0, 0x36,
    0x80, 0x59, 0x8e, 0x5c, 0xc3, 0x80, 0x76, 0x75,
    0xb5, 0x63, 0x80, 0x71, 0xf2, 0x49, 0xd8, 0x0,
    0x71, 0xc1, 0x6c, 0xc5, 0x58, 0x0, 0x38, 0xe0,
    0xf7, 0x31, 0x6a, 0x1, 0xe1, 0xca, 0xba, 0x80,
    0x4, 0x0, 0x63, 0xef, 0xdc, 0xca, 0x80, 0x39,
    0xf3, 0x38, 0x40, 0x3f, 0xf8, 0xa9, 0x99, 0xc0,
    0x10,

    /* U+D569 "합" */
    0x0, 0xc6, 0x1, 0xfe, 0x28, 0x0, 0xdc, 0x1,
    0x66, 0x39, 0xf3, 0xe, 0x1, 0xd9, 0xc8, 0xb5,
    0x8e, 0x1, 0xc7, 0xd9, 0x61, 0x60, 0x1, 0xc5,
    0x4, 0xa4, 0x26, 0x60, 0x0, 0x71, 0x41, 0x6d,
    0x96, 0x5c, 0x3, 0xc5, 0x86, 0x6d, 0xa0, 0x4,
    0x80, 0x65, 0xc6, 0x40, 0xa, 0x80, 0x39, 0xf3,
    0x38, 0x3, 0xcf, 0x99, 0xc0, 0x1e, 0x7c, 0xce,
    0x0, 0x80,

    /* U+D574 "해" */
    0x0, 0xff, 0x18, 0x5, 0x8, 0x0, 0x68, 0xe,
    0x2, 0x2e, 0x10, 0xe, 0x88, 0x6, 0x44, 0x80,
    0x75, 0x5e, 0xe5, 0x40, 0x7, 0x16, 0x90, 0x60,
    0x7, 0xaa, 0x55, 0x91, 0x41, 0xb0, 0x3, 0xf9,
    0xb0, 0x1, 0x52, 0x8c, 0x8a, 0x1, 0xc5, 0xc6,
    0x3a, 0x1, 0xf1, 0x3b, 0x84, 0x3, 0xff, 0x96,
    0xd0, 0x1a,

    /* U+D588 "했" */
    0x0, 0xff, 0xe1, 0xca, 0x0, 0x25, 0x19, 0xc0,
    0x19, 0x85, 0x8c, 0x80, 0xf, 0x64, 0xaa, 0x74,
    0x0, 0x79, 0x7e, 0xed, 0xc2, 0x13, 0x60, 0x16,
    0xf9, 0x1a, 0x90, 0x4d, 0x80, 0x53, 0x2a, 0xb3,
    0x30, 0x7, 0x87, 0x2e, 0xa8, 0x14, 0xa4, 0x40,
    0xe, 0xb0, 0x1, 0xea, 0x28, 0x6, 0x55, 0x10,
    0x11, 0x98, 0x3, 0xc, 0x57, 0x14, 0xbf, 0x80,
    0x43, 0xbe, 0xbd, 0x39, 0x13, 0x80, 0x1, 0xd3,
    0x2, 0xa7, 0x5, 0xc0,

    /* U+D589 "행" */
    0x0, 0x84, 0x3, 0xc4, 0x1, 0x42, 0x0, 0x25,
    0x8e, 0x3, 0x30, 0xf3, 0x90, 0x1, 0xd9, 0xf3,
    0x7b, 0x0, 0x1c, 0x90, 0x66, 0xd1, 0xb, 0xe0,
    0x6, 0x7a, 0x2a, 0xc1, 0x7c, 0x0, 0xa8, 0x84,
    0x92, 0x0, 0x71, 0x65, 0xdc, 0x14, 0x83, 0xa0,
    0x10, 0xc5, 0xda, 0x3a, 0x9c, 0x2, 0xc8, 0xbb,
    0xb3, 0xe4, 0x3, 0xff, 0x85, 0x91, 0x77, 0x67,
    0xc8,

    /* U+D5A5 "향" */
    0x0, 0x85, 0x40, 0x33, 0x0, 0x42, 0x22, 0xe1,
    0x10, 0x2, 0x0, 0x2a, 0xa4, 0x5, 0x51, 0x80,
    0x6, 0x41, 0x7e, 0x20, 0x74, 0xc0, 0x36, 0xe0,
    0x9f, 0x76, 0xcd, 0x0, 0xc, 0x28, 0x16, 0x8,
    0x20, 0x80, 0x7, 0x1c, 0x1e, 0xed, 0x3b, 0x40,
    0x1, 0xc7, 0x1, 0xc9, 0xac, 0x70, 0x2, 0x80,
    0x72, 0x45, 0x5e, 0x54, 0x80, 0x65, 0xdb, 0xbb,
    0x23, 0xc0, 0x38, 0x40, 0x38, 0xc0, 0x32, 0xe5,
    0xd5, 0x2e, 0x34, 0x0,

    /* U+D5D8 "험" */
    0x0, 0x84, 0x80, 0x31, 0x80, 0x4b, 0x60, 0x1b,
    0x43, 0x31, 0x9, 0x98, 0x60, 0xb, 0x21, 0x52,
    0xb1, 0x80, 0x24, 0xe8, 0x90, 0x89, 0xb1, 0x3,
    0xd1, 0x4, 0x39, 0xa1, 0x6, 0xba, 0x9f, 0xf0,
    0x8, 0x0, 0x72, 0x2b, 0x50, 0x1, 0x0, 0x17,
    0x7e, 0x66, 0x80, 0x8, 0x73, 0x38, 0x3, 0xff,
    0x84, 0x79, 0x9c, 0x20,

    /* U+D604 "현" */
    0x0, 0xc2, 0x1, 0x8c, 0x3, 0x24, 0x0, 0x6d,
    0x0, 0x55, 0x3d, 0x2a, 0x8a, 0x1, 0xa2, 0x1f,
    0x13, 0x8, 0x1, 0x8a, 0x7b, 0x3c, 0x63, 0x4,
    0x0, 0xd9, 0x53, 0xd1, 0x38, 0x20, 0x3, 0xe0,
    0x3, 0x89, 0xa0, 0x4, 0xa3, 0x98, 0xfb, 0x63,
    0x0, 0xd1, 0xb9, 0x42, 0xae, 0x1, 0x87, 0x40,
    0x3b, 0x40, 0x3f, 0xc6, 0x1, 0x8f, 0x33, 0xca,

    /* U+D615 "형" */
    0x0, 0x89, 0x0, 0x33, 0x0, 0x4, 0x4d, 0xa2,
    0x20, 0x4, 0x0, 0x2a, 0x9e, 0x55, 0x46, 0x0,
    0xd7, 0xa0, 0x3, 0xb1, 0x91, 0x0, 0x26, 0x5d,
    0xba, 0x5a, 0xc4, 0x0, 0x7a, 0x0, 0x42, 0x6b,
    0x10, 0x3, 0x55, 0xd7, 0xf9, 0xac, 0x40, 0x3,
    0xb1, 0x3a, 0x82, 0x4e, 0x1, 0x9e, 0x2e, 0xea,
    0xa0, 0x4, 0x33, 0x57, 0x74, 0x68, 0x7, 0xff,
    0x8, 0x66, 0xae, 0xe8, 0xd0,

    /* U+D638 "호" */
    0x0, 0xf0, 0x80, 0x7f, 0x92, 0x0, 0x3c, 0x37,
    0x77, 0xad, 0xdc, 0xa0, 0x1, 0xbb, 0x69, 0xae,
    0x4d, 0xa8, 0x4, 0x3a, 0x17, 0x62, 0xe5, 0x0,
    0xce, 0xac, 0x64, 0xbd, 0x20, 0x19, 0x50, 0x80,
    0x2b, 0x40, 0xc, 0x71, 0xc, 0xdb, 0xf8, 0x0,
    0xe4, 0xa8, 0x4b, 0x60, 0xd, 0x55, 0xbd, 0x2a,
    0xb2, 0x5, 0xde, 0xac, 0xbb, 0xc8,

    /* U+D654 "화" */
    0x0, 0xc4, 0x1, 0x8c, 0x3, 0xde, 0x1, 0xb8,
    0x2, 0xab, 0xb1, 0x5d, 0xa4, 0x3, 0xaa, 0xfe,
    0x7e, 0xe4, 0x3, 0x87, 0x30, 0x1b, 0x60, 0x1e,
    0x44, 0x43, 0x48, 0x18, 0x19, 0x84, 0x19, 0x8,
    0xd, 0x88, 0x6, 0x90, 0xe, 0x21, 0xf5, 0xe2,
    0x5, 0x2a, 0x0, 0x4a, 0x29, 0x20, 0xe, 0x39,
    0x95, 0x15, 0x5d, 0x90, 0x2, 0x3b, 0xb4, 0x75,
    0xd5, 0xa0, 0x6, 0x22, 0x84, 0x60, 0xf, 0xfe,
    0x16, 0x80, 0x0,

    /* U+D655 "확" */
    0x0, 0xc4, 0x1, 0x84, 0x3, 0xde, 0x1, 0xb0,
    0x2, 0xbc, 0xc0, 0xe6, 0x20, 0x3, 0xad, 0x1,
    0xdd, 0x50, 0x1, 0xc8, 0x79, 0x76, 0xd2, 0x0,
    0xe5, 0x64, 0x24, 0x72, 0x2, 0xc6, 0x1, 0xc1,
    0xc1, 0xc0, 0x1, 0x63, 0x1d, 0xd7, 0xf, 0x5d,
    0x88, 0x2, 0x3b, 0xbb, 0xee, 0xe2, 0x90, 0xc,
    0xb9, 0x9e, 0x90, 0xc, 0xb9, 0x9e, 0x0, 0xff,
    0xe6, 0x70, 0x0,

    /* U+D68C "회" */
    0x0, 0xc4, 0x1, 0x8c, 0x3, 0xb8, 0x40, 0x2e,
    0x0, 0x46, 0x60, 0xf7, 0x30, 0x1, 0xa3, 0x3e,
    0xa3, 0x30, 0x1, 0xd5, 0x27, 0x98, 0x10, 0xc,
    0x4d, 0x4d, 0x16, 0xe0, 0x18, 0x84, 0xc0, 0x71,
    0x40, 0x3b, 0xeb, 0xab, 0xcc, 0x3, 0x8a, 0x4a,
    0x90, 0x3, 0xa6, 0x62, 0xba, 0xa2, 0x80, 0x55,
    0x4b, 0xc8, 0xba, 0x50, 0x8, 0xcc, 0x45, 0x8,
    0x7, 0xff, 0x7, 0x40,

    /* U+D69F "횟" */
    0x0, 0xc8, 0x1, 0x8c, 0x3, 0xd0, 0x20, 0x17,
    0x0, 0x51, 0x98, 0xd, 0xcc, 0x0, 0x74, 0x41,
    0x9a, 0xbc, 0x0, 0xf4, 0xd5, 0x5e, 0xc0, 0x1e,
    0x67, 0x56, 0x45, 0x0, 0xf5, 0xa4, 0x1e, 0x98,
    0x7, 0x5d, 0xa0, 0x3a, 0xad, 0x40, 0x35, 0xdd,
    0xb6, 0x16, 0xa0, 0x1f, 0x95, 0x4e, 0x1a, 0x1,
    0xc3, 0x3d, 0xfb, 0x24, 0x1, 0xa6, 0xb2, 0xc6,
    0xb6, 0x68, 0x0,

    /* U+D6A8 "효" */
    0x0, 0xf0, 0x80, 0x7f, 0x92, 0x0, 0x3c, 0x37,
    0x77, 0xad, 0xdc, 0xa0, 0x1, 0xbb, 0x69, 0xae,
    0x4d, 0xa8, 0x4, 0x5a, 0x17, 0x62, 0xe5, 0x0,
    0xcb, 0x4c, 0x64, 0xbd, 0x20, 0x18, 0xec, 0x40,
    0x2a, 0x50, 0xc, 0x95, 0xf7, 0x6d, 0x39, 0x0,
    0xe2, 0x4b, 0xb4, 0x90, 0x6, 0xaa, 0x7a, 0x55,
    0x21, 0x2a, 0x88, 0x11, 0x9, 0xc8, 0x87, 0x7c,
    0x41, 0x0,

    /* U+D6C4 "후" */
    0x0, 0xe1, 0x20, 0xf, 0xf2, 0x40, 0x7, 0x86,
    0xaa, 0xf0, 0xaa, 0x90, 0x0, 0x35, 0x4, 0x2,
    0x7f, 0x48, 0x1, 0x1f, 0x5d, 0x5d, 0xb2, 0x0,
    0x32, 0xa8, 0xc0, 0x5, 0xa6, 0x1, 0x98, 0x32,
    0xa9, 0x9f, 0x20, 0x1d, 0x39, 0x76, 0xcb, 0x20,
    0xb, 0x33, 0xbf, 0x33, 0x28, 0x66, 0x69, 0x4c,
    0xcc, 0xa0, 0x1f, 0xfd, 0x14, 0xb0, 0xe,

    /* U+D788 "히" */
    0x0, 0x8c, 0x3, 0x18, 0x5, 0xa0, 0x1b, 0x5d,
    0xe0, 0x77, 0x30, 0x0, 0x8a, 0xb2, 0x28, 0x0,
    0xaf, 0x9d, 0x88, 0x80, 0x0, 0xfd, 0x5e, 0xe8,
    0x2, 0x45, 0x30, 0x45, 0x30, 0x3, 0x18, 0x4,
    0xa2, 0x0, 0x33, 0x5c, 0x65, 0x90, 0x5, 0x15,
    0x7a, 0xe0, 0x1c, 0x26, 0x20, 0x1f, 0xfc, 0x9e
};


/*---------------------
 *  GLYPH DESCRIPTION
 *--------------------*/

static const lv_font_fmt_txt_glyph_dsc_t glyph_dsc[] = {
    {.bitmap_index = 0, .adv_w = 0, .box_w = 0, .box_h = 0, .ofs_x = 0, .ofs_y = 0} /* id = 0 reserved */,
    {.bitmap_index = 0, .adv_w = 68, .box_w = 0, .box_h = 0, .ofs_x = 0, .ofs_y = 0},
    {.bitmap_index = 0, .adv_w = 56, .box_w = 2, .box_h = 8, .ofs_x = 1, .ofs_y = 0},
    {.bitmap_index = 8, .adv_w = 76, .box_w = 4, .box_h = 3, .ofs_x = 0, .ofs_y = 5},
    {.bitmap_index = 14, .adv_w = 116, .box_w = 7, .box_h = 8, .ofs_x = 0, .ofs_y = 0},
    {.bitmap_index = 43, .adv_w = 106, .box_w = 6, .box_h = 11, .ofs_x = 0, .ofs_y = -1},
    {.bitmap_index = 73, .adv_w = 161, .box_w = 10, .box_h = 8, .ofs_x = 0, .ofs_y = 0},
    {.bitmap_index = 113, .adv_w = 157, .box_w = 10, .box_h = 8, .ofs_x = 0, .ofs_y = 0},
    {.bitmap_index = 154, .adv_w = 45, .box_w = 2, .box_h = 3, .ofs_x = 0, .ofs_y = 5},
    {.bitmap_index = 158, .adv_w = 59, .box_w = 4, .box_h = 10, .ofs_x = 0, .ofs_y = -2},
    {.bitmap_index = 177, .adv_w = 59, .box_w = 3, .box_h = 10, .ofs_x = 0, .ofs_y = -2},
    {.bitmap_index = 193, .adv_w = 82, .box_w = 5, .box_h = 5, .ofs_x = 0, .ofs_y = 3},
    {.bitmap_index = 206, .adv_w = 135, .box_w = 7, .box_h = 6, .ofs_x = 1, .ofs_y = 0},
    {.bitmap_index = 222, .adv_w = 42, .box_w = 2, .box_h = 3, .ofs_x = 0, .ofs_y = -2},
    {.bitmap_index = 225, .adv_w = 79, .box_w = 5, .box_h = 1, .ofs_x = 0, .ofs_y = 3},
    {.bitmap_index = 228, .adv_w = 42, .box_w = 2, .box_h = 2, .ofs_x = 0, .ofs_y = 0},
    {.bitmap_index = 230, .adv_w = 76, .box_w = 6, .box_h = 10, .ofs_x = -1, .ofs_y = -2},
    {.bitmap_index = 255, .adv_w = 106, .box_w = 7, .box_h = 8, .ofs_x = 0, .ofs_y = 0},
    {.bitmap_index = 281, .adv_w = 106, .box_w = 4, .box_h = 8, .ofs_x = 1, .ofs_y = 0},
    {.bitmap_index = 290, .adv_w = 106, .box_w = 6, .box_h = 8, .ofs_x = 0, .ofs_y = 0},
    {.bitmap_index = 314, .adv_w = 106, .box_w = 6, .box_h = 8, .ofs_x = 0, .ofs_y = 0},
    {.bitmap_index = 339, .adv_w = 106, .box_w = 7, .box_h = 8, .ofs_x = 0, .ofs_y = 0},
    {.bitmap_index = 363, .adv_w = 106, .box_w = 6, .box_h = 8, .ofs_x = 0, .ofs_y = 0},
    {.bitmap_index = 386, .adv_w = 106, .box_w = 7, .box_h = 8, .ofs_x = 0, .ofs_y = 0},
    {.bitmap_index = 415, .adv_w = 106, .box_w = 7, .box_h = 8, .ofs_x = 0, .ofs_y = 0},
    {.bitmap_index = 437, .adv_w = 106, .box_w = 7, .box_h = 8, .ofs_x = 0, .ofs_y = 0},
    {.bitmap_index = 467, .adv_w = 106, .box_w = 6, .box_h = 8, .ofs_x = 0, .ofs_y = 0},
    {.bitmap_index = 491, .adv_w = 42, .box_w = 2, .box_h = 6, .ofs_x = 0, .ofs_y = 0},
    {.bitmap_index = 497, .adv_w = 42, .box_w = 2, .box_h = 8, .ofs_x = 0, .ofs_y = -2},
    {.bitmap_index = 505, .adv_w = 135, .box_w = 6, .box_h = 7, .ofs_x = 1, .ofs_y = 0},
    {.bitmap_index = 525, .adv_w = 135, .box_w = 7, .box_h = 3, .ofs_x = 1, .ofs_y = 2},
    {.bitmap_index = 533, .adv_w = 135, .box_w = 6, .box_h = 7, .ofs_x = 1, .ofs_y = 0},
    {.bitmap_index = 553, .adv_w = 88, .box_w = 5, .box_h = 8, .ofs_x = 0, .ofs_y = 0},
    {.bitmap_index = 572, .adv_w = 188, .box_w = 10, .box_h = 9, .ofs_x = 1, .ofs_y = -1},
    {.bitmap_index = 618, .adv_w = 126, .box_w = 8, .box_h = 8, .ofs_x = 0, .ofs_y = 0},
    {.bitmap_index = 647, .adv_w = 112, .box_w = 6, .box_h = 8, .ofs_x = 1, .ofs_y = 0},
    {.bitmap_index = 670, .adv_w = 122, .box_w = 7, .box_h = 8, .ofs_x = 0, .ofs_y = 0},
    {.bitmap_index = 696, .adv_w = 138, .box_w = 8, .box_h = 8, .ofs_x = 1, .ofs_y = 0},
    {.bitmap_index = 722, .adv_w = 99, .box_w = 5, .box_h = 8, .ofs_x = 1, .ofs_y = 0},
    {.bitmap_index = 738, .adv_w = 96, .box_w = 5, .box_h = 8, .ofs_x = 1, .ofs_y = 0},
    {.bitmap_index = 752, .adv_w = 135, .box_w = 8, .box_h = 8, .ofs_x = 0, .ofs_y = 0},
    {.bitmap_index = 784, .adv_w = 139, .box_w = 7, .box_h = 8, .ofs_x = 1, .ofs_y = 0},
    {.bitmap_index = 800, .adv_w = 52, .box_w = 2, .box_h = 8, .ofs_x = 1, .ofs_y = 0},
    {.bitmap_index = 805, .adv_w = 69, .box_w = 4, .box_h = 8, .ofs_x = 0, .ofs_y = 0},
    {.bitmap_index = 815, .adv_w = 113, .box_w = 7, .box_h = 8, .ofs_x = 1, .ofs_y = 0},
    {.bitmap_index = 839, .adv_w = 92, .box_w = 5, .box_h = 8, .ofs_x = 1, .ofs_y = 0},
    {.bitmap_index = 846, .adv_w = 176, .box_w = 9, .box_h = 8, .ofs_x = 1, .ofs_y = 0},
    {.bitmap_index = 878, .adv_w = 147, .box_w = 8, .box_h = 8, .ofs_x = 1, .ofs_y = 0},
    {.bitmap_index = 902, .adv_w = 149, .box_w = 9, .box_h = 8, .ofs_x = 0, .ofs_y = 0},
    {.bitmap_index = 936, .adv_w = 110, .box_w = 6, .box_h = 8, .ofs_x = 1, .ofs_y = 0},
    {.bitmap_index = 956, .adv_w = 149, .box_w = 10, .box_h = 9, .ofs_x = 0, .ofs_y = -1},
    {.bitmap_index = 997, .adv_w = 117, .box_w = 7, .box_h = 8, .ofs_x = 1, .ofs_y = 0},
    {.bitmap_index = 1022, .adv_w = 104, .box_w = 6, .box_h = 8, .ofs_x = 0, .ofs_y = 0},
    {.bitmap_index = 1046, .adv_w = 102, .box_w = 7, .box_h = 8, .ofs_x = 0, .ofs_y = 0},
    {.bitmap_index = 1057, .adv_w = 135, .box_w = 7, .box_h = 8, .ofs_x = 1, .ofs_y = 0},
    {.bitmap_index = 1074, .adv_w = 122, .box_w = 8, .box_h = 8, .ofs_x = 0, .ofs_y = 0},
    {.bitmap_index = 1105, .adv_w = 183, .box_w = 12, .box_h = 8, .ofs_x = 0, .ofs_y = 0},
    {.bitmap_index = 1154, .adv_w = 115, .box_w = 8, .box_h = 8, .ofs_x = 0, .ofs_y = 0},
    {.bitmap_index = 1184, .adv_w = 108, .box_w = 7, .box_h = 8, .ofs_x = 0, .ofs_y = 0},
    {.bitmap_index = 1207, .adv_w = 112, .box_w = 7, .box_h = 8, .ofs_x = 0, .ofs_y = 0},
    {.bitmap_index = 1232, .adv_w = 59, .box_w = 3, .box_h = 10, .ofs_x = 1, .ofs_y = -2},
    {.bitmap_index = 1240, .adv_w = 147, .box_w = 10, .box_h = 8, .ofs_x = 0, .ofs_y = 0},
    {.bitmap_index = 1280, .adv_w = 59, .box_w = 3, .box_h = 10, .ofs_x = 0, .ofs_y = -2},
    {.bitmap_index = 1288, .adv_w = 135, .box_w = 7, .box_h = 5, .ofs_x = 1, .ofs_y = 4},
    {.bitmap_index = 1305, .adv_w = 82, .box_w = 6, .box_h = 1, .ofs_x = 0, .ofs_y = -2},
    {.bitmap_index = 1307, .adv_w = 52, .box_w = 3, .box_h = 2, .ofs_x = 0, .ofs_y = 7},
    {.bitmap_index = 1310, .adv_w = 100, .box_w = 6, .box_h = 6, .ofs_x = 0, .ofs_y = 0},
    {.bitmap_index = 1329, .adv_w = 115, .box_w = 6, .box_h = 9, .ofs_x = 1, .ofs_y = 0},
    {.bitmap_index = 1350, .adv_w = 91, .box_w = 6, .box_h = 6, .ofs_x = 0, .ofs_y = 0},
    {.bitmap_index = 1368, .adv_w = 116, .box_w = 7, .box_h = 9, .ofs_x = 0, .ofs_y = 0},
    {.bitmap_index = 1393, .adv_w = 103, .box_w = 6, .box_h = 6, .ofs_x = 0, .ofs_y = 0},
    {.bitmap_index = 1411, .adv_w = 61, .box_w = 4, .box_h = 9, .ofs_x = 0, .ofs_y = 0},
    {.bitmap_index = 1425, .adv_w = 116, .box_w = 7, .box_h = 9, .ofs_x = 0, .ofs_y = -3},
    {.bitmap_index = 1456, .adv_w = 111, .box_w = 6, .box_h = 9, .ofs_x = 1, .ofs_y = 0},
    {.bitmap_index = 1474, .adv_w = 47, .box_w = 3, .box_h = 9, .ofs_x = 0, .ofs_y = 0},
    {.bitmap_index = 1483, .adv_w = 47, .box_w = 5, .box_h = 12, .ofs_x = -2, .ofs_y = -3},
    {.bitmap_index = 1500, .adv_w = 97, .box_w = 6, .box_h = 9, .ofs_x = 1, .ofs_y = 0},
    {.bitmap_index = 1520, .adv_w = 47, .box_w = 1, .box_h = 9, .ofs_x = 1, .ofs_y = 0},
    {.bitmap_index = 1523, .adv_w = 169, .box_w = 9, .box_h = 6, .ofs_x = 1, .ofs_y = 0},
    {.bitmap_index = 1543, .adv_w = 111, .box_w = 6, .box_h = 6, .ofs_x = 1, .ofs_y = 0},
    {.bitmap_index = 1558, .adv_w = 115, .box_w = 7, .box_h = 6, .ofs_x = 0, .ofs_y = 0},
    {.bitmap_index = 1578, .adv_w = 115, .box_w = 6, .box_h = 9, .ofs_x = 1, .ofs_y = -3},
    {.bitmap_index = 1602, .adv_w = 116, .box_w = 7, .box_h = 9, .ofs_x = 0, .ofs_y = -3},
    {.bitmap_index = 1627, .adv_w = 68, .box_w = 4, .box_h = 7, .ofs_x = 1, .ofs_y = 0},
    {.bitmap_index = 1638, .adv_w = 83, .box_w = 5, .box_h = 6, .ofs_x = 0, .ofs_y = 0},
    {.bitmap_index = 1654, .adv_w = 66, .box_w = 4, .box_h = 8, .ofs_x = 0, .ofs_y = 0},
    {.bitmap_index = 1668, .adv_w = 111, .box_w = 6, .box_h = 6, .ofs_x = 0, .ofs_y = 0},
    {.bitmap_index = 1683, .adv_w = 94, .box_w = 6, .box_h = 6, .ofs_x = 0, .ofs_y = 0},
    {.bitmap_index = 1702, .adv_w = 141, .box_w = 9, .box_h = 6, .ofs_x = 0, .ofs_y = 0},
    {.bitmap_index = 1730, .adv_w = 89, .box_w = 6, .box_h = 6, .ofs_x = 0, .ofs_y = 0},
    {.bitmap_index = 1749, .adv_w = 95, .box_w = 6, .box_h = 9, .ofs_x = 0, .ofs_y = -3},
    {.bitmap_index = 1777, .adv_w = 89, .box_w = 6, .box_h = 6, .ofs_x = 0, .ofs_y = 0},
    {.bitmap_index = 1796, .adv_w = 59, .box_w = 4, .box_h = 10, .ofs_x = 0, .ofs_y = -2},
    {.bitmap_index = 1816, .adv_w = 46, .box_w = 1, .box_h = 12, .ofs_x = 1, .ofs_y = -3},
    {.bitmap_index = 1820, .adv_w = 59, .box_w = 4, .box_h = 10, .ofs_x = 0, .ofs_y = -2},
    {.bitmap_index = 1840, .adv_w = 135, .box_w = 7, .box_h = 2, .ofs_x = 1, .ofs_y = 2},
    {.bitmap_index = 1848, .adv_w = 74, .box_w = 4, .box_h = 4, .ofs_x = 0, .ofs_y = 5},
    {.bitmap_index = 1856, .adv_w = 135, .box_w = 7, .box_h = 7, .ofs_x = 1, .ofs_y = 0},
    {.bitmap_index = 1876, .adv_w = 42, .box_w = 2, .box_h = 3, .ofs_x = 0, .ofs_y = 2},
    {.bitmap_index = 1880, .adv_w = 135, .box_w = 6, .box_h = 6, .ofs_x = 1, .ofs_y = 0},
    {.bitmap_index = 1899, .adv_w = 99, .box_w = 7, .box_h = 1, .ofs_x = 0, .ofs_y = 3},
    {.bitmap_index = 1902, .adv_w = 197, .box_w = 13, .box_h = 1, .ofs_x = 0, .ofs_y = 3},
    {.bitmap_index = 1906, .adv_w = 44, .box_w = 3, .box_h = 3, .ofs_x = 0, .ofs_y = 5},
    {.bitmap_index = 1911, .adv_w = 44, .box_w = 3, .box_h = 3, .ofs_x = 0, .ofs_y = 5},
    {.bitmap_index = 1916, .adv_w = 73, .box_w = 4, .box_h = 3, .ofs_x = 0, .ofs_y = 5},
    {.bitmap_index = 1923, .adv_w = 73, .box_w = 4, .box_h = 3, .ofs_x = 0, .ofs_y = 5},
    {.bitmap_index = 1929, .adv_w = 80, .box_w = 5, .box_h = 3, .ofs_x = 0, .ofs_y = 2},
    {.bitmap_index = 1937, .adv_w = 142, .box_w = 9, .box_h = 2, .ofs_x = 0, .ofs_y = 0},
    {.bitmap_index = 1947, .adv_w = 182, .box_w = 11, .box_h = 9, .ofs_x = 0, .ofs_y = 0},
    {.bitmap_index = 1988, .adv_w = 182, .box_w = 11, .box_h = 5, .ofs_x = 0, .ofs_y = 1},
    {.bitmap_index = 2007, .adv_w = 192, .box_w = 11, .box_h = 13, .ofs_x = 1, .ofs_y = -2},
    {.bitmap_index = 2052, .adv_w = 192, .box_w = 11, .box_h = 13, .ofs_x = 1, .ofs_y = -2},
    {.bitmap_index = 2098, .adv_w = 192, .box_w = 11, .box_h = 12, .ofs_x = 1, .ofs_y = -1},
    {.bitmap_index = 2146, .adv_w = 192, .box_w = 11, .box_h = 12, .ofs_x = 1, .ofs_y = -1},
    {.bitmap_index = 2194, .adv_w = 192, .box_w = 11, .box_h = 13, .ofs_x = 1, .ofs_y = -2},
    {.bitmap_index = 2259, .adv_w = 192, .box_w = 11, .box_h = 13, .ofs_x = 0, .ofs_y = -2},
    {.bitmap_index = 2303, .adv_w = 192, .box_w = 11, .box_h = 12, .ofs_x = 0, .ofs_y = -1},
    {.bitmap_index = 2348, .adv_w = 192, .box_w = 10, .box_h = 12, .ofs_x = 1, .ofs_y = -1},
    {.bitmap_index = 2394, .adv_w = 192, .box_w = 11, .box_h = 12, .ofs_x = 0, .ofs_y = -1},
    {.bitmap_index = 2446, .adv_w = 192, .box_w = 11, .box_h = 13, .ofs_x = 0, .ofs_y = -2},
    {.bitmap_index = 2488, .adv_w = 192, .box_w = 11, .box_h = 12, .ofs_x = 0, .ofs_y = -1},
    {.bitmap_index = 2541, .adv_w = 192, .box_w = 10, .box_h = 12, .ofs_x = 1, .ofs_y = -1},
    {.bitmap_index = 2596, .adv_w = 192, .box_w = 11, .box_h = 13, .ofs_x = 0, .ofs_y = -2},
    {.bitmap_index = 2641, .adv_w = 192, .box_w = 12, .box_h = 8, .ofs_x = 0, .ofs_y = 1},
    {.bitmap_index = 2670, .adv_w = 192, .box_w = 12, .box_h = 11, .ofs_x = 0, .ofs_y = -1},
    {.bitmap_index = 2726, .adv_w = 192, .box_w = 12, .box_h = 13, .ofs_x = 0, .ofs_y = -2},
    {.bitmap_index = 2773, .adv_w = 192, .box_w = 11, .box_h = 12, .ofs_x = 1, .ofs_y = -1},
    {.bitmap_index = 2821, .adv_w = 192, .box_w = 12, .box_h = 8, .ofs_x = 0, .ofs_y = 1},
    {.bitmap_index = 2853, .adv_w = 192, .box_w = 12, .box_h = 12, .ofs_x = 0, .ofs_y = -2},
    {.bitmap_index = 2883, .adv_w = 192, .box_w = 12, .box_h = 8, .ofs_x = 0, .ofs_y = 1},
    {.bitmap_index = 2909, .adv_w = 192, .box_w = 12, .box_h = 11, .ofs_x = 0, .ofs_y = -1},
    {.bitmap_index = 2944, .adv_w = 192, .box_w = 12, .box_h = 11, .ofs_x = 0, .ofs_y = -1},
    {.bitmap_index = 2987, .adv_w = 192, .box_w = 9, .box_h = 13, .ofs_x = 1, .ofs_y = -2},
    {.bitmap_index = 3023, .adv_w = 192, .box_w = 9, .box_h = 12, .ofs_x = 1, .ofs_y = -1},
    {.bitmap_index = 3062, .adv_w = 192, .box_w = 10, .box_h = 13, .ofs_x = 0, .ofs_y = -2},
    {.bitmap_index = 3110, .adv_w = 192, .box_w = 12, .box_h = 8, .ofs_x = 0, .ofs_y = 1},
    {.bitmap_index = 3145, .adv_w = 192, .box_w = 12, .box_h = 11, .ofs_x = 0, .ofs_y = -1},
    {.bitmap_index = 3205, .adv_w = 192, .box_w = 12, .box_h = 11, .ofs_x = 0, .ofs_y = -1},
    {.bitmap_index = 3256, .adv_w = 192, .box_w = 11, .box_h = 13, .ofs_x = 1, .ofs_y = -2},
    {.bitmap_index = 3288, .adv_w = 192, .box_w = 11, .box_h = 12, .ofs_x = 1, .ofs_y = -1},
    {.bitmap_index = 3328, .adv_w = 192, .box_w = 10, .box_h = 13, .ofs_x = 1, .ofs_y = -2},
    {.bitmap_index = 3358, .adv_w = 192, .box_w = 10, .box_h = 12, .ofs_x = 1, .ofs_y = -1},
    {.bitmap_index = 3406, .adv_w = 192, .box_w = 9, .box_h = 12, .ofs_x = 2, .ofs_y = -1},
    {.bitmap_index = 3445, .adv_w = 192, .box_w = 10, .box_h = 13, .ofs_x = 1, .ofs_y = -2},
    {.bitmap_index = 3484, .adv_w = 192, .box_w = 10, .box_h = 12, .ofs_x = 2, .ofs_y = -1},
    {.bitmap_index = 3530, .adv_w = 192, .box_w = 12, .box_h = 9, .ofs_x = 0, .ofs_y = 0},
    {.bitmap_index = 3561, .adv_w = 192, .box_w = 12, .box_h = 11, .ofs_x = 0, .ofs_y = -1},
    {.bitmap_index = 3607, .adv_w = 192, .box_w = 12, .box_h = 12, .ofs_x = 0, .ofs_y = -2},
    {.bitmap_index = 3637, .adv_w = 192, .box_w = 12, .box_h = 11, .ofs_x = 0, .ofs_y = -1},
    {.bitmap_index = 3683, .adv_w = 192, .box_w = 12, .box_h = 11, .ofs_x = 0, .ofs_y = -1},
    {.bitmap_index = 3715, .adv_w = 192, .box_w = 12, .box_h = 11, .ofs_x = 0, .ofs_y = -1},
    {.bitmap_index = 3756, .adv_w = 192, .box_w = 8, .box_h = 13, .ofs_x = 2, .ofs_y = -2},
    {.bitmap_index = 3776, .adv_w = 192, .box_w = 11, .box_h = 13, .ofs_x = 1, .ofs_y = -2},
    {.bitmap_index = 3812, .adv_w = 192, .box_w = 11, .box_h = 12, .ofs_x = 1, .ofs_y = -1},
    {.bitmap_index = 3854, .adv_w = 192, .box_w = 10, .box_h = 12, .ofs_x = 1, .ofs_y = -1},
    {.bitmap_index = 3902, .adv_w = 192, .box_w = 9, .box_h = 13, .ofs_x = 1, .ofs_y = -2},
    {.bitmap_index = 3940, .adv_w = 192, .box_w = 10, .box_h = 13, .ofs_x = 1, .ofs_y = -2},
    {.bitmap_index = 3980, .adv_w = 192, .box_w = 9, .box_h = 12, .ofs_x = 2, .ofs_y = -1},
    {.bitmap_index = 4025, .adv_w = 192, .box_w = 12, .box_h = 9, .ofs_x = 0, .ofs_y = 0},
    {.bitmap_index = 4058, .adv_w = 192, .box_w = 12, .box_h = 11, .ofs_x = 0, .ofs_y = -1},
    {.bitmap_index = 4111, .adv_w = 192, .box_w = 12, .box_h = 11, .ofs_x = 0, .ofs_y = -1},
    {.bitmap_index = 4162, .adv_w = 192, .box_w = 10, .box_h = 13, .ofs_x = 1, .ofs_y = -2},
    {.bitmap_index = 4207, .adv_w = 192, .box_w = 10, .box_h = 12, .ofs_x = 1, .ofs_y = -1},
    {.bitmap_index = 4251, .adv_w = 192, .box_w = 9, .box_h = 12, .ofs_x = 1, .ofs_y = -1},
    {.bitmap_index = 4293, .adv_w = 192, .box_w = 12, .box_h = 8, .ofs_x = 0, .ofs_y = 1},
    {.bitmap_index = 4318, .adv_w = 192, .box_w = 12, .box_h = 11, .ofs_x = 0, .ofs_y = -1},
    {.bitmap_index = 4362, .adv_w = 192, .box_w = 11, .box_h = 13, .ofs_x = 1, .ofs_y = -2},
    {.bitmap_index = 4411, .adv_w = 192, .box_w = 9, .box_h = 13, .ofs_x = 1, .ofs_y = -2},
    {.bitmap_index = 4454, .adv_w = 192, .box_w = 9, .box_h = 12, .ofs_x = 1, .ofs_y = -1},
    {.bitmap_index = 4498, .adv_w = 192, .box_w = 10, .box_h = 12, .ofs_x = 1, .ofs_y = -1},
    {.bitmap_index = 4552, .adv_w = 192, .box_w = 10, .box_h = 13, .ofs_x = 1, .ofs_y = -2},
    {.bitmap_index = 4595, .adv_w = 192, .box_w = 10, .box_h = 12, .ofs_x = 1, .ofs_y = -1},
    {.bitmap_index = 4648, .adv_w = 192, .box_w = 9, .box_h = 13, .ofs_x = 1, .ofs_y = -2},
    {.bitmap_index = 4688, .adv_w = 192, .box_w = 10, .box_h = 13, .ofs_x = 1, .ofs_y = -2},
    {.bitmap_index = 4734, .adv_w = 192, .box_w = 9, .box_h = 13, .ofs_x = 2, .ofs_y = -2},
    {.bitmap_index = 4776, .adv_w = 192, .box_w = 12, .box_h = 9, .ofs_x = 0, .ofs_y = 0},
    {.bitmap_index = 4816, .adv_w = 192, .box_w = 12, .box_h = 11, .ofs_x = 0, .ofs_y = -1},
    {.bitmap_index = 4868, .adv_w = 192, .box_w = 12, .box_h = 11, .ofs_x = 0, .ofs_y = -1},
    {.bitmap_index = 4919, .adv_w = 192, .box_w = 12, .box_h = 12, .ofs_x = 0, .ofs_y = -2},
    {.bitmap_index = 4979, .adv_w = 192, .box_w = 12, .box_h = 9, .ofs_x = 0, .ofs_y = 0},
    {.bitmap_index = 5024, .adv_w = 192, .box_w = 12, .box_h = 12, .ofs_x = 0, .ofs_y = -2},
    {.bitmap_index = 5068, .adv_w = 192, .box_w = 12, .box_h = 9, .ofs_x = 0, .ofs_y = 0},
    {.bitmap_index = 5103, .adv_w = 192, .box_w = 12, .box_h = 11, .ofs_x = 0, .ofs_y = -1},
    {.bitmap_index = 5147, .adv_w = 192, .box_w = 12, .box_h = 11, .ofs_x = 0, .ofs_y = -1},
    {.bitmap_index = 5193, .adv_w = 192, .box_w = 10, .box_h = 13, .ofs_x = 1, .ofs_y = -2},
    {.bitmap_index = 5234, .adv_w = 192, .box_w = 9, .box_h = 12, .ofs_x = 2, .ofs_y = -1},
    {.bitmap_index = 5275, .adv_w = 192, .box_w = 9, .box_h = 12, .ofs_x = 2, .ofs_y = -1},
    {.bitmap_index = 5317, .adv_w = 192, .box_w = 8, .box_h = 12, .ofs_x = 2, .ofs_y = -1},
    {.bitmap_index = 5352, .adv_w = 192, .box_w = 9, .box_h = 12, .ofs_x = 2, .ofs_y = -1},
    {.bitmap_index = 5393, .adv_w = 192, .box_w = 11, .box_h = 13, .ofs_x = 1, .ofs_y = -2},
    {.bitmap_index = 5428, .adv_w = 192, .box_w = 10, .box_h = 13, .ofs_x = 1, .ofs_y = -2},
    {.bitmap_index = 5467, .adv_w = 192, .box_w = 10, .box_h = 12, .ofs_x = 1, .ofs_y = -1},
    {.bitmap_index = 5506, .adv_w = 192, .box_w = 10, .box_h = 12, .ofs_x = 1, .ofs_y = -1},
    {.bitmap_index = 5553, .adv_w = 192, .box_w = 9, .box_h = 13, .ofs_x = 1, .ofs_y = -2},
    {.bitmap_index = 5588, .adv_w = 192, .box_w = 9, .box_h = 12, .ofs_x = 2, .ofs_y = -1},
    {.bitmap_index = 5628, .adv_w = 192, .box_w = 12, .box_h = 9, .ofs_x = 0, .ofs_y = 0},
    {.bitmap_index = 5661, .adv_w = 192, .box_w = 12, .box_h = 12, .ofs_x = 0, .ofs_y = -2},
    {.bitmap_index = 5705, .adv_w = 192, .box_w = 12, .box_h = 12, .ofs_x = 0, .ofs_y = -2},
    {.bitmap_index = 5740, .adv_w = 192, .box_w = 12, .box_h = 11, .ofs_x = 0, .ofs_y = -1},
    {.bitmap_index = 5785, .adv_w = 192, .box_w = 12, .box_h = 11, .ofs_x = 0, .ofs_y = -1},
    {.bitmap_index = 5838, .adv_w = 192, .box_w = 9, .box_h = 13, .ofs_x = 1, .ofs_y = -2},
    {.bitmap_index = 5862, .adv_w = 192, .box_w = 9, .box_h = 12, .ofs_x = 2, .ofs_y = -1},
    {.bitmap_index = 5898, .adv_w = 192, .box_w = 10, .box_h = 12, .ofs_x = 1, .ofs_y = -1},
    {.bitmap_index = 5945, .adv_w = 192, .box_w = 10, .box_h = 12, .ofs_x = 1, .ofs_y = -1},
    {.bitmap_index = 5997, .adv_w = 192, .box_w = 9, .box_h = 13, .ofs_x = 1, .ofs_y = -2},
    {.bitmap_index = 6034, .adv_w = 192, .box_w = 9, .box_h = 12, .ofs_x = 2, .ofs_y = -1},
    {.bitmap_index = 6075, .adv_w = 192, .box_w = 9, .box_h = 12, .ofs_x = 2, .ofs_y = -1},
    {.bitmap_index = 6120, .adv_w = 192, .box_w = 9, .box_h = 12, .ofs_x = 2, .ofs_y = -1},
    {.bitmap_index = 6166, .adv_w = 192, .box_w = 12, .box_h = 9, .ofs_x = 0, .ofs_y = 0},
    {.bitmap_index = 6204, .adv_w = 192, .box_w = 12, .box_h = 12, .ofs_x = 0, .ofs_y = -2},
    {.bitmap_index = 6245, .adv_w = 192, .box_w = 12, .box_h = 11, .ofs_x = 0, .ofs_y = -1},
    {.bitmap_index = 6294, .adv_w = 192, .box_w = 12, .box_h = 11, .ofs_x = 0, .ofs_y = -1},
    {.bitmap_index = 6346, .adv_w = 192, .box_w = 9, .box_h = 13, .ofs_x = 1, .ofs_y = -2},
    {.bitmap_index = 6381, .adv_w = 192, .box_w = 12, .box_h = 13, .ofs_x = 0, .ofs_y = -2},
    {.bitmap_index = 6428, .adv_w = 192, .box_w = 12, .box_h = 12, .ofs_x = 0, .ofs_y = -1},
    {.bitmap_index = 6479, .adv_w = 192, .box_w = 12, .box_h = 12, .ofs_x = 0, .ofs_y = -1},
    {.bitmap_index = 6538, .adv_w = 192, .box_w = 10, .box_h = 13, .ofs_x = 0, .ofs_y = -2},
    {.bitmap_index = 6582, .adv_w = 192, .box_w = 11, .box_h = 12, .ofs_x = 0, .ofs_y = -1},
    {.bitmap_index = 6637, .adv_w = 192, .box_w = 11, .box_h = 13, .ofs_x = 0, .ofs_y = -2},
    {.bitmap_index = 6683, .adv_w = 192, .box_w = 11, .box_h = 12, .ofs_x = 0, .ofs_y = -1},
    {.bitmap_index = 6734, .adv_w = 192, .box_w = 11, .box_h = 12, .ofs_x = 0, .ofs_y = -1},
    {.bitmap_index = 6790, .adv_w = 192, .box_w = 10, .box_h = 13, .ofs_x = 0, .ofs_y = -2},
    {.bitmap_index = 6829, .adv_w = 192, .box_w = 11, .box_h = 12, .ofs_x = 0, .ofs_y = -1},
    {.bitmap_index = 6875, .adv_w = 192, .box_w = 12, .box_h = 9, .ofs_x = 0, .ofs_y = 0},
    {.bitmap_index = 6917, .adv_w = 192, .box_w = 12, .box_h = 12, .ofs_x = 0, .ofs_y = -2},
    {.bitmap_index = 6966, .adv_w = 192, .box_w = 12, .box_h = 11, .ofs_x = 0, .ofs_y = -1},
    {.bitmap_index = 7021, .adv_w = 192, .box_w = 11, .box_h = 13, .ofs_x = 0, .ofs_y = -2},
    {.bitmap_index = 7072, .adv_w = 192, .box_w = 12, .box_h = 12, .ofs_x = 0, .ofs_y = -2},
    {.bitmap_index = 7116, .adv_w = 192, .box_w = 12, .box_h = 8, .ofs_x = 0, .ofs_y = 1},
    {.bitmap_index = 7149, .adv_w = 192, .box_w = 12, .box_h = 11, .ofs_x = 0, .ofs_y = -1},
    {.bitmap_index = 7200, .adv_w = 192, .box_w = 12, .box_h = 11, .ofs_x = 0, .ofs_y = -1},
    {.bitmap_index = 7250, .adv_w = 192, .box_w = 12, .box_h = 11, .ofs_x = 0, .ofs_y = -1},
    {.bitmap_index = 7302, .adv_w = 192, .box_w = 11, .box_h = 13, .ofs_x = 0, .ofs_y = -2},
    {.bitmap_index = 7343, .adv_w = 192, .box_w = 11, .box_h = 13, .ofs_x = 0, .ofs_y = -2},
    {.bitmap_index = 7387, .adv_w = 192, .box_w = 11, .box_h = 12, .ofs_x = 0, .ofs_y = -1},
    {.bitmap_index = 7431, .adv_w = 192, .box_w = 11, .box_h = 12, .ofs_x = 0, .ofs_y = -1},
    {.bitmap_index = 7479, .adv_w = 192, .box_w = 10, .box_h = 12, .ofs_x = 0, .ofs_y = -1},
    {.bitmap_index = 7521, .adv_w = 192, .box_w = 11, .box_h = 13, .ofs_x = 1, .ofs_y = -2},
    {.bitmap_index = 7571, .adv_w = 192, .box_w = 11, .box_h = 12, .ofs_x = 1, .ofs_y = -1},
    {.bitmap_index = 7622, .adv_w = 192, .box_w = 11, .box_h = 12, .ofs_x = 1, .ofs_y = -1},
    {.bitmap_index = 7683, .adv_w = 192, .box_w = 11, .box_h = 12, .ofs_x = 1, .ofs_y = -1},
    {.bitmap_index = 7740, .adv_w = 192, .box_w = 11, .box_h = 12, .ofs_x = 1, .ofs_y = -1},
    {.bitmap_index = 7801, .adv_w = 192, .box_w = 11, .box_h = 13, .ofs_x = 1, .ofs_y = -2},
    {.bitmap_index = 7854, .adv_w = 192, .box_w = 11, .box_h = 12, .ofs_x = 1, .ofs_y = -1},
    {.bitmap_index = 7917, .adv_w = 192, .box_w = 9, .box_h = 13, .ofs_x = 1, .ofs_y = -2},
    {.bitmap_index = 7961, .adv_w = 192, .box_w = 10, .box_h = 12, .ofs_x = 1, .ofs_y = -1},
    {.bitmap_index = 8012, .adv_w = 192, .box_w = 10, .box_h = 12, .ofs_x = 1, .ofs_y = -1},
    {.bitmap_index = 8064, .adv_w = 192, .box_w = 11, .box_h = 13, .ofs_x = 1, .ofs_y = -2},
    {.bitmap_index = 8133, .adv_w = 192, .box_w = 11, .box_h = 12, .ofs_x = 1, .ofs_y = -1},
    {.bitmap_index = 8194, .adv_w = 192, .box_w = 10, .box_h = 13, .ofs_x = 1, .ofs_y = -2},
    {.bitmap_index = 8242, .adv_w = 192, .box_w = 10, .box_h = 12, .ofs_x = 1, .ofs_y = -1},
    {.bitmap_index = 8291, .adv_w = 192, .box_w = 10, .box_h = 12, .ofs_x = 1, .ofs_y = -1},
    {.bitmap_index = 8341, .adv_w = 192, .box_w = 10, .box_h = 12, .ofs_x = 1, .ofs_y = -1},
    {.bitmap_index = 8397, .adv_w = 192, .box_w = 10, .box_h = 12, .ofs_x = 1, .ofs_y = -1},
    {.bitmap_index = 8450, .adv_w = 192, .box_w = 10, .box_h = 12, .ofs_x = 1, .ofs_y = -1},
    {.bitmap_index = 8509, .adv_w = 192, .box_w = 10, .box_h = 13, .ofs_x = 1, .ofs_y = -2},
    {.bitmap_index = 8558, .adv_w = 192, .box_w = 12, .box_h = 9, .ofs_x = 0, .ofs_y = 0},
    {.bitmap_index = 8600, .adv_w = 192, .box_w = 12, .box_h = 11, .ofs_x = 0, .ofs_y = -1},
    {.bitmap_index = 8648, .adv_w = 192, .box_w = 11, .box_h = 12, .ofs_x = 1, .ofs_y = -1},
    {.bitmap_index = 8704, .adv_w = 192, .box_w = 11, .box_h = 13, .ofs_x = 0, .ofs_y = -2},
    {.bitmap_index = 8757, .adv_w = 192, .box_w = 11, .box_h = 13, .ofs_x = 0, .ofs_y = -2},
    {.bitmap_index = 8808, .adv_w = 192, .box_w = 12, .box_h = 9, .ofs_x = 0, .ofs_y = 0},
    {.bitmap_index = 8853, .adv_w = 192, .box_w = 12, .box_h = 11, .ofs_x = 0, .ofs_y = -1},
    {.bitmap_index = 8909, .adv_w = 192, .box_w = 12, .box_h = 11, .ofs_x = 0, .ofs_y = -1},
    {.bitmap_index = 8962, .adv_w = 192, .box_w = 11, .box_h = 13, .ofs_x = 0, .ofs_y = -2},
    {.bitmap_index = 9020, .adv_w = 192, .box_w = 10, .box_h = 12, .ofs_x = 1, .ofs_y = -1},
    {.bitmap_index = 9073, .adv_w = 192, .box_w = 11, .box_h = 13, .ofs_x = 0, .ofs_y = -2},
    {.bitmap_index = 9128, .adv_w = 192, .box_w = 11, .box_h = 13, .ofs_x = 0, .ofs_y = -2},
    {.bitmap_index = 9178, .adv_w = 192, .box_w = 12, .box_h = 11, .ofs_x = 0, .ofs_y = -1},
    {.bitmap_index = 9225, .adv_w = 192, .box_w = 12, .box_h = 11, .ofs_x = 0, .ofs_y = -1},
    {.bitmap_index = 9278, .adv_w = 192, .box_w = 12, .box_h = 9, .ofs_x = 0, .ofs_y = 0},
    {.bitmap_index = 9316, .adv_w = 192, .box_w = 12, .box_h = 11, .ofs_x = 0, .ofs_y = -1},
    {.bitmap_index = 9365, .adv_w = 192, .box_w = 12, .box_h = 11, .ofs_x = 0, .ofs_y = -1},
    {.bitmap_index = 9417, .adv_w = 192, .box_w = 12, .box_h = 11, .ofs_x = 0, .ofs_y = -1},
    {.bitmap_index = 9467, .adv_w = 192, .box_w = 12, .box_h = 11, .ofs_x = 0, .ofs_y = -1},
    {.bitmap_index = 9521, .adv_w = 192, .box_w = 11, .box_h = 13, .ofs_x = 0, .ofs_y = -2},
    {.bitmap_index = 9573, .adv_w = 192, .box_w = 9, .box_h = 13, .ofs_x = 1, .ofs_y = -2},
    {.bitmap_index = 9617, .adv_w = 192, .box_w = 10, .box_h = 12, .ofs_x = 1, .ofs_y = -1},
    {.bitmap_index = 9663, .adv_w = 192, .box_w = 10, .box_h = 12, .ofs_x = 1, .ofs_y = -1},
    {.bitmap_index = 9714, .adv_w = 192, .box_w = 10, .box_h = 12, .ofs_x = 1, .ofs_y = -1},
    {.bitmap_index = 9764, .adv_w = 192, .box_w = 10, .box_h = 12, .ofs_x = 1, .ofs_y = -1},
    {.bitmap_index = 9816, .adv_w = 192, .box_w = 11, .box_h = 12, .ofs_x = 1, .ofs_y = -1},
    {.bitmap_index = 9877, .adv_w = 192, .box_w = 10, .box_h = 12, .ofs_x = 1, .ofs_y = -1},
    {.bitmap_index = 9931, .adv_w = 192, .box_w = 12, .box_h = 13, .ofs_x = 0, .ofs_y = -2},
    {.bitmap_index = 9986, .adv_w = 192, .box_w = 12, .box_h = 13, .ofs_x = 0, .ofs_y = -2},
    {.bitmap_index = 10037, .adv_w = 192, .box_w = 12, .box_h = 12, .ofs_x = 0, .ofs_y = -1},
    {.bitmap_index = 10095, .adv_w = 192, .box_w = 12, .box_h = 12, .ofs_x = 0, .ofs_y = -1},
    {.bitmap_index = 10157, .adv_w = 192, .box_w = 10, .box_h = 13, .ofs_x = 0, .ofs_y = -2},
    {.bitmap_index = 10204, .adv_w = 192, .box_w = 10, .box_h = 13, .ofs_x = 0, .ofs_y = -2},
    {.bitmap_index = 10253, .adv_w = 192, .box_w = 11, .box_h = 12, .ofs_x = 0, .ofs_y = -1},
    {.bitmap_index = 10307, .adv_w = 192, .box_w = 11, .box_h = 12, .ofs_x = 0, .ofs_y = -1},
    {.bitmap_index = 10361, .adv_w = 192, .box_w = 11, .box_h = 12, .ofs_x = 0, .ofs_y = -1},
    {.bitmap_index = 10421, .adv_w = 192, .box_w = 10, .box_h = 13, .ofs_x = 0, .ofs_y = -2},
    {.bitmap_index = 10470, .adv_w = 192, .box_w = 10, .box_h = 13, .ofs_x = 0, .ofs_y = -2},
    {.bitmap_index = 10521, .adv_w = 192, .box_w = 12, .box_h = 9, .ofs_x = 0, .ofs_y = 0},
    {.bitmap_index = 10566, .adv_w = 192, .box_w = 12, .box_h = 12, .ofs_x = 0, .ofs_y = -2},
    {.bitmap_index = 10619, .adv_w = 192, .box_w = 12, .box_h = 12, .ofs_x = 0, .ofs_y = -2},
    {.bitmap_index = 10668, .adv_w = 192, .box_w = 12, .box_h = 11, .ofs_x = 0, .ofs_y = -1},
    {.bitmap_index = 10721, .adv_w = 192, .box_w = 12, .box_h = 11, .ofs_x = 0, .ofs_y = -1},
    {.bitmap_index = 10782, .adv_w = 192, .box_w = 12, .box_h = 12, .ofs_x = 0, .ofs_y = -2},
    {.bitmap_index = 10831, .adv_w = 192, .box_w = 12, .box_h = 11, .ofs_x = 0, .ofs_y = -1},
    {.bitmap_index = 10889, .adv_w = 192, .box_w = 10, .box_h = 13, .ofs_x = 0, .ofs_y = -2},
    {.bitmap_index = 10933, .adv_w = 192, .box_w = 10, .box_h = 13, .ofs_x = 1, .ofs_y = -2},
    {.bitmap_index = 10978, .adv_w = 192, .box_w = 11, .box_h = 12, .ofs_x = 0, .ofs_y = -1},
    {.bitmap_index = 11026, .adv_w = 192, .box_w = 10, .box_h = 12, .ofs_x = 0, .ofs_y = -1},
    {.bitmap_index = 11073, .adv_w = 192, .box_w = 10, .box_h = 12, .ofs_x = 1, .ofs_y = -1},
    {.bitmap_index = 11122, .adv_w = 192, .box_w = 12, .box_h = 13, .ofs_x = 0, .ofs_y = -2},
    {.bitmap_index = 11180, .adv_w = 192, .box_w = 12, .box_h = 12, .ofs_x = 0, .ofs_y = -1},
    {.bitmap_index = 11237, .adv_w = 192, .box_w = 11, .box_h = 12, .ofs_x = 0, .ofs_y = -1},
    {.bitmap_index = 11296, .adv_w = 192, .box_w = 11, .box_h = 12, .ofs_x = 0, .ofs_y = -1},
    {.bitmap_index = 11356, .adv_w = 192, .box_w = 11, .box_h = 13, .ofs_x = 0, .ofs_y = -2},
    {.bitmap_index = 11407, .adv_w = 192, .box_w = 12, .box_h = 10, .ofs_x = 0, .ofs_y = 0},
    {.bitmap_index = 11455, .adv_w = 192, .box_w = 11, .box_h = 13, .ofs_x = 0, .ofs_y = -2},
    {.bitmap_index = 11506, .adv_w = 192, .box_w = 12, .box_h = 12, .ofs_x = 0, .ofs_y = -1},
    {.bitmap_index = 11555, .adv_w = 192, .box_w = 12, .box_h = 12, .ofs_x = 0, .ofs_y = -1},
    {.bitmap_index = 11618, .adv_w = 192, .box_w = 11, .box_h = 13, .ofs_x = 0, .ofs_y = -2},
    {.bitmap_index = 11669, .adv_w = 192, .box_w = 12, .box_h = 13, .ofs_x = 0, .ofs_y = -2},
    {.bitmap_index = 11720, .adv_w = 192, .box_w = 10, .box_h = 13, .ofs_x = 0, .ofs_y = -2},
    {.bitmap_index = 11767, .adv_w = 192, .box_w = 11, .box_h = 13, .ofs_x = 1, .ofs_y = -2},
    {.bitmap_index = 11815, .adv_w = 192, .box_w = 11, .box_h = 12, .ofs_x = 0, .ofs_y = -1},
    {.bitmap_index = 11862, .adv_w = 192, .box_w = 10, .box_h = 13, .ofs_x = 0, .ofs_y = -2},
    {.bitmap_index = 11909, .adv_w = 192, .box_w = 12, .box_h = 11, .ofs_x = 0, .ofs_y = -1},
    {.bitmap_index = 11962, .adv_w = 192, .box_w = 12, .box_h = 8, .ofs_x = 0, .ofs_y = 1},
    {.bitmap_index = 11996, .adv_w = 192, .box_w = 9, .box_h = 13, .ofs_x = 1, .ofs_y = -2},
    {.bitmap_index = 12036, .adv_w = 192, .box_w = 10, .box_h = 13, .ofs_x = 1, .ofs_y = -2},
    {.bitmap_index = 12081, .adv_w = 192, .box_w = 9, .box_h = 13, .ofs_x = 2, .ofs_y = -2},
    {.bitmap_index = 12122, .adv_w = 192, .box_w = 9, .box_h = 12, .ofs_x = 2, .ofs_y = -1},
    {.bitmap_index = 12167, .adv_w = 192, .box_w = 10, .box_h = 12, .ofs_x = 1, .ofs_y = -1},
    {.bitmap_index = 12217, .adv_w = 192, .box_w = 12, .box_h = 9, .ofs_x = 0, .ofs_y = 0},
    {.bitmap_index = 12255, .adv_w = 192, .box_w = 12, .box_h = 9, .ofs_x = 0, .ofs_y = 0},
    {.bitmap_index = 12290, .adv_w = 192, .box_w = 12, .box_h = 11, .ofs_x = 0, .ofs_y = -1},
    {.bitmap_index = 12332, .adv_w = 192, .box_w = 9, .box_h = 12, .ofs_x = 2, .ofs_y = -1},
    {.bitmap_index = 12378, .adv_w = 192, .box_w = 12, .box_h = 13, .ofs_x = 0, .ofs_y = -2},
    {.bitmap_index = 12427, .adv_w = 192, .box_w = 12, .box_h = 12, .ofs_x = 0, .ofs_y = -1},
    {.bitmap_index = 12483, .adv_w = 192, .box_w = 11, .box_h = 13, .ofs_x = 0, .ofs_y = -2},
    {.bitmap_index = 12531, .adv_w = 192, .box_w = 11, .box_h = 12, .ofs_x = 0, .ofs_y = -1},
    {.bitmap_index = 12580, .adv_w = 192, .box_w = 10, .box_h = 12, .ofs_x = 1, .ofs_y = -1},
    {.bitmap_index = 12628, .adv_w = 192, .box_w = 11, .box_h = 13, .ofs_x = 0, .ofs_y = -2},
    {.bitmap_index = 12678, .adv_w = 192, .box_w = 12, .box_h = 9, .ofs_x = 0, .ofs_y = 0},
    {.bitmap_index = 12726, .adv_w = 192, .box_w = 12, .box_h = 9, .ofs_x = 0, .ofs_y = 0},
    {.bitmap_index = 12766, .adv_w = 192, .box_w = 11, .box_h = 13, .ofs_x = 0, .ofs_y = -2},
    {.bitmap_index = 12808, .adv_w = 192, .box_w = 12, .box_h = 13, .ofs_x = 0, .ofs_y = -2},
    {.bitmap_index = 12866, .adv_w = 192, .box_w = 12, .box_h = 12, .ofs_x = 0, .ofs_y = -1},
    {.bitmap_index = 12923, .adv_w = 192, .box_w = 12, .box_h = 12, .ofs_x = 0, .ofs_y = -1},
    {.bitmap_index = 12981, .adv_w = 192, .box_w = 11, .box_h = 13, .ofs_x = 0, .ofs_y = -2},
    {.bitmap_index = 13031, .adv_w = 192, .box_w = 12, .box_h = 13, .ofs_x = 0, .ofs_y = -2},
    {.bitmap_index = 13099, .adv_w = 192, .box_w = 11, .box_h = 12, .ofs_x = 0, .ofs_y = -1},
    {.bitmap_index = 13156, .adv_w = 192, .box_w = 12, .box_h = 12, .ofs_x = 0, .ofs_y = -1},
    {.bitmap_index = 13224, .adv_w = 192, .box_w = 10, .box_h = 12, .ofs_x = 0, .ofs_y = -1},
    {.bitmap_index = 13276, .adv_w = 192, .box_w = 11, .box_h = 12, .ofs_x = 0, .ofs_y = -1},
    {.bitmap_index = 13332, .adv_w = 192, .box_w = 11, .box_h = 12, .ofs_x = 0, .ofs_y = -1},
    {.bitmap_index = 13393, .adv_w = 192, .box_w = 12, .box_h = 11, .ofs_x = 0, .ofs_y = 0},
    {.bitmap_index = 13447, .adv_w = 192, .box_w = 12, .box_h = 13, .ofs_x = 0, .ofs_y = -2},
    {.bitmap_index = 13514, .adv_w = 192, .box_w = 12, .box_h = 13, .ofs_x = 0, .ofs_y = -2},
    {.bitmap_index = 13573, .adv_w = 192, .box_w = 11, .box_h = 13, .ofs_x = 0, .ofs_y = -2},
    {.bitmap_index = 13633, .adv_w = 192, .box_w = 12, .box_h = 12, .ofs_x = 0, .ofs_y = -1},
    {.bitmap_index = 13692, .adv_w = 192, .box_w = 12, .box_h = 11, .ofs_x = 0, .ofs_y = 0},
    {.bitmap_index = 13750, .adv_w = 192, .box_w = 12, .box_h = 13, .ofs_x = 0, .ofs_y = -2},
    {.bitmap_index = 13805, .adv_w = 192, .box_w = 9, .box_h = 13, .ofs_x = 1, .ofs_y = -2}
};

/*---------------------
 *  CHARACTER MAPPING
 *--------------------*/

static const uint16_t unicode_list_1[] = {
    0x0, 0x1, 0x7, 0x27, 0x1f63, 0x1f64, 0x1f68, 0x1f69,
    0x1f6c, 0x1f6d, 0x1f72, 0x1f76, 0x2053, 0x20e2, 0xab50, 0xab51,
    0xab54, 0xab60, 0xab62, 0xab6c, 0xabc4, 0xabd0, 0xabd3, 0xabdc,
    0xac00, 0xac0d, 0xac14, 0xac30, 0xac45, 0xac4c, 0xac50, 0xaca0,
    0xacbc, 0xad48, 0xad4c, 0xad58, 0xad80, 0xad90, 0xae0c, 0xaf94,
    0xaf9a, 0xafad, 0xafe8, 0xaff8, 0xb004, 0xb019, 0xb060, 0xb074,
    0xb087, 0xb0c8, 0xb0e2, 0xb154, 0xb15c, 0xb1e4, 0xb1f5, 0xb218,
    0xb234, 0xb238, 0xb245, 0xb250, 0xb2c0, 0xb2c8, 0xb314, 0xb31c,
    0xb329, 0xb368, 0xb36c, 0xb378, 0xb42c, 0xb441, 0xb6cc, 0xb6e8,
    0xb6f8, 0xb719, 0xb73c, 0xb757, 0xb758, 0xb774, 0xb775, 0xb7ac,
    0xb7ad, 0xb7b4, 0xb7bf, 0xb81c, 0xb8a8, 0xb8c4, 0xb8c8, 0xb8d4,
    0xb8fc, 0xb900, 0xb904, 0xb90c, 0xb911, 0xb918, 0xb919, 0xb91c,
    0xb920, 0xb9a4, 0xb9c4, 0xb9f8, 0xb9f9, 0xba84, 0xba88, 0xba8c,
    0xbb48, 0xbb50, 0xbb6b, 0xbb79, 0xbbd4, 0xbbd8, 0xbc10, 0xbc14,
    0xbc44, 0xbcd0, 0xbcd4, 0xbcd8, 0xbd94, 0xbffc, 0xc000, 0xc011,
    0xc019, 0xc02d, 0xc06c, 0xc074, 0xc081, 0xc088, 0xc08c, 0xc0dc,
    0xc0dd, 0xc0f1, 0xc114, 0xc168, 0xc1f4, 0xc1fc, 0xc205, 0xc209,
    0xc22c, 0xc22d, 0xc230, 0xc234, 0xc23c, 0xc494, 0xc498, 0xc49a,
    0xc49c, 0xc4a8, 0xc4cd, 0xc4e1, 0xc504, 0xc508, 0xc515, 0xc516,
    0xc518, 0xc520, 0xc53d, 0xc540, 0xc544, 0xc54d, 0xc551, 0xc558,
    0xc574, 0xc578, 0xc594, 0xc5ac, 0xc5c8, 0xc5e4, 0xc5f9, 0xc604,
    0xc61c, 0xc620, 0xc638, 0xc654, 0xc670, 0xc671, 0xc68c, 0xc690,
    0xc694, 0xc69c, 0xc6a1, 0xc6a8, 0xc6c4, 0xc6c8, 0xc6cc, 0xc6d4,
    0xc6d5, 0xc6d8, 0xc6de, 0xc6e0, 0xc6e1, 0xc6e8, 0xc6f5, 0xc6fc,
    0xc750, 0xc754, 0xc758, 0xc765, 0xc76c, 0xc788, 0xc7c0, 0xc7c1,
    0xc84c, 0xc850, 0xc861, 0xc8d9, 0xc8ed, 0xc910, 0xc911, 0xc914,
    0xc920, 0xc921, 0xcb78, 0xcb88, 0xcbfb, 0xcbfd, 0xcc04, 0xcc58,
    0xccac, 0xcce4, 0xccf9, 0xcd38, 0xcd71, 0xcda8, 0xcdc4, 0xce38,
    0xce6c, 0xceac, 0xcfbc, 0xcff4, 0xd02c, 0xd080, 0xd084, 0xd0a4,
    0xd0f0, 0xd208, 0xd20c, 0xd255, 0xd25c, 0xd260, 0xd278, 0xd27c,
    0xd2dc, 0xd320, 0xd3ac, 0xd454, 0xd48c, 0xd4a8, 0xd4b8, 0xd4b9,
    0xd4c4, 0xd4d8, 0xd4d9, 0xd4f5, 0xd528, 0xd554, 0xd565, 0xd588,
    0xd5a4, 0xd5a5, 0xd5dc, 0xd5ef, 0xd5f8, 0xd614, 0xd6d8
};

/*Collect the unicode lists and glyph_id offsets*/
static const lv_font_fmt_txt_cmap_t cmaps[] =
{
    {
        .range_start = 32, .range_length = 95, .glyph_id_start = 1,
        .unicode_list = NULL, .glyph_id_ofs_list = NULL, .list_length = 0, .type = LV_FONT_FMT_TXT_CMAP_FORMAT0_TINY
    },
    {
        .range_start = 176, .range_length = 55001, .glyph_id_start = 96,
        .unicode_list = unicode_list_1, .glyph_id_ofs_list = NULL, .list_length = 263, .type = LV_FONT_FMT_TXT_CMAP_SPARSE_TINY
    }
};



/*--------------------
 *  ALL CUSTOM DATA
 *--------------------*/

#if LVGL_VERSION_MAJOR == 8
/*Store all the custom data of the font*/
static  lv_font_fmt_txt_glyph_cache_t cache;
#endif

#if LVGL_VERSION_MAJOR >= 8
static const lv_font_fmt_txt_dsc_t font_dsc = {
#else
static lv_font_fmt_txt_dsc_t font_dsc = {
#endif
    .glyph_bitmap = glyph_bitmap,
    .glyph_dsc = glyph_dsc,
    .cmaps = cmaps,
    .kern_dsc = NULL,
    .kern_scale = 0,
    .cmap_num = 2,
    .bpp = 4,
    .kern_classes = 0,
    .bitmap_format = 1,
#if LVGL_VERSION_MAJOR == 8
    .cache = &cache
#endif
};

extern const lv_font_t font_kr_full_12;


/*-----------------
 *  PUBLIC FONT
 *----------------*/

/*Initialize a public general font descriptor*/
#if LVGL_VERSION_MAJOR >= 8
const lv_font_t font_reg_12 = {
#else
lv_font_t font_reg_12 = {
#endif
    .get_glyph_dsc = lv_font_get_glyph_dsc_fmt_txt,    /*Function pointer to get glyph's data*/
    .get_glyph_bitmap = lv_font_get_bitmap_fmt_txt,    /*Function pointer to get glyph's bitmap*/
    .line_height = 14,          /*The maximum line height required by the font*/
    .base_line = 3,             /*Baseline measured from the bottom of the line*/
#if !(LVGL_VERSION_MAJOR == 6 && LVGL_VERSION_MINOR == 0)
    .subpx = LV_FONT_SUBPX_NONE,
#endif
#if LV_VERSION_CHECK(7, 4, 0) || LVGL_VERSION_MAJOR >= 8
    .underline_position = -2,
    .underline_thickness = 1,
#endif
    .dsc = &font_dsc,          /*The custom font data. Will be accessed by `get_glyph_bitmap/dsc` */
#if LV_VERSION_CHECK(8, 2, 0) || LVGL_VERSION_MAJOR >= 9
    .fallback = &font_kr_full_12,
#endif
    .user_data = NULL,
};



#endif /*#if FONT_REG_12*/

