/*******************************************************************************
 * Size: 10 px
 * Bpp: 4
 * Opts: --font C:\Windows/Fonts/malgunbd.ttf -r 0x20-0x7E -r 0xB0 -r 0xB1 -r 0xB7 -r 0xD7 -r 0x2013 -r 0x2014 -r 0x2018 -r 0x2019 -r 0x201C -r 0x201D -r 0x2022 -r 0x2026 -r 0x2103 -r 0x2192 --symbols 가각간감값개건검것게결경계고공과관교구그근금기김꺼끄끊끝나남내냉널네넷노높누눌는능니다단답대데델도돌동되된됨드등라래램량러렇레려력로록롤롯료류르른름리린릴림링마막만말메면모목무문물미밀받방버번변별보부분불비사산상색생서설성세센소속송쇄수스슬습승시식신실심아안않알았약양어언업없었에역연열엽영예오온완왜외요용운워원웨위유육으은을음응의이인일임입있잎자작잘장재저전절정제져조족주준중즉증지직진짐집차참첫청체초최추충취측치카컨켜콜크키태터턴텔토트튼팅파판패팬펌폐표프피하함합해했행향험현형호화확회횟효후히 --size 10 --bpp 4 --format lvgl --lv-font-name font_bold_10 --lv-fallback font_kr_full_12 -o D:\Users\G433m\Documents\smartfarm\src\fonts\font_bold_10.c
 ******************************************************************************/

#ifdef LV_LVGL_H_INCLUDE_SIMPLE
#include "lvgl.h"
#else
#include "lvgl/lvgl.h"
#endif

#ifndef FONT_BOLD_10
#define FONT_BOLD_10 1
#endif

#if FONT_BOLD_10

/*-----------------
 *    BITMAPS
 *----------------*/

/*Store the image of the glyphs*/
static LV_ATTRIBUTE_LARGE_CONST const uint8_t glyph_bitmap[] = {
    /* U+0020 " " */

    /* U+0021 "!" */
    0x1f, 0x40, 0x8, 0x41, 0xc0, 0x32, 0x8, 0x71,
    0xd, 0xa0,

    /* U+0022 "\"" */
    0x2f, 0x3e, 0x21, 0x11, 0x7, 0x96, 0x80,

    /* U+0023 "#" */
    0x0, 0x68, 0x60, 0x80, 0x80, 0x8, 0x53, 0xf,
    0x42, 0x52, 0xa2, 0xda, 0x62, 0x6a, 0x15, 0x50,
    0x18, 0x7a, 0xa1, 0xa1, 0xc0, 0x0,

    /* U+0024 "$" */
    0x0, 0x21, 0x80, 0x51, 0x79, 0x40, 0x6f, 0x15,
    0x20, 0x16, 0x89, 0x81, 0xca, 0x4a, 0x0, 0x1a,
    0x1e, 0xc4, 0x48, 0x18, 0x6, 0x69, 0x94, 0x40,
    0x89, 0xb3, 0x4e, 0x0,

    /* U+0025 "%" */
    0x1b, 0xc5, 0x3, 0xd0, 0x3, 0x66, 0xc0, 0x77,
    0x0, 0x31, 0x8c, 0x21, 0x80, 0x1b, 0x26, 0x97,
    0xb2, 0x40, 0x6e, 0xd5, 0x32, 0xc2, 0x30, 0x4,
    0x22, 0x98, 0x8, 0x0, 0xd6, 0x5, 0x2c, 0xc,

    /* U+0026 "&" */
    0x3, 0xde, 0xb1, 0x0, 0xd2, 0xfc, 0x88, 0x24,
    0x0, 0x72, 0x51, 0xaa, 0x40, 0x3, 0x89, 0x9c,
    0x7d, 0x41, 0xd3, 0x30, 0x58, 0xd6, 0x0, 0x13,
    0x1e, 0x24, 0x31, 0x75, 0xdf, 0xcb, 0xe, 0x40,

    /* U+0027 "'" */
    0x2f, 0x31, 0x17, 0x80,

    /* U+0028 "(" */
    0x1, 0xe2, 0x8, 0x72, 0x6, 0xa0, 0x20, 0x30,
    0x10, 0x8, 0x80, 0x40, 0x49, 0xc0, 0x13, 0x60,
    0x4, 0x92,

    /* U+0029 ")" */
    0x89, 0x8, 0x73, 0x7, 0xa0, 0xf5, 0x0, 0xdc,
    0xc0, 0x98, 0x82, 0xc1, 0xe0,

    /* U+002A "*" */
    0x2, 0xb0, 0x3, 0x4a, 0xe0, 0x30, 0x2c, 0x80,
    0x3e, 0x98, 0x0,

    /* U+002B "+" */
    0x0, 0x40, 0x7, 0x28, 0x5, 0x7c, 0x5d, 0xc0,
    0xbe, 0x2e, 0xe0, 0x7, 0xc0,

    /* U+002C "," */
    0x15, 0x6e, 0xcd,

    /* U+002D "-" */
    0x4f, 0xf3, 0x0,

    /* U+002E "." */
    0x14, 0x4, 0xa0,

    /* U+002F "/" */
    0x0, 0xdc, 0x80, 0x13, 0x1a, 0x0, 0x57, 0x60,
    0x9, 0xd, 0x80, 0x2f, 0x60, 0x8, 0x92, 0x40,
    0x2b, 0x51, 0x0, 0x9a, 0x40, 0x20,

    /* U+0030 "0" */
    0x7, 0xee, 0x30, 0x1c, 0x6c, 0x48, 0xd9, 0x1b,
    0x2, 0x8, 0x80, 0x23, 0x11, 0x0, 0x47, 0x84,
    0x6c, 0x8, 0x87, 0xdb, 0xa1,

    /* U+0031 "1" */
    0x29, 0xfc, 0x40, 0xfb, 0x1, 0x0, 0xff, 0x80,

    /* U+0032 "2" */
    0xb, 0xfe, 0x60, 0x1d, 0xe9, 0x90, 0x89, 0x84,
    0x40, 0x19, 0x65, 0xc4, 0x1e, 0xa9, 0x0, 0x51,
    0x48, 0x20, 0xe1, 0x5d, 0xc1,

    /* U+0033 "3" */
    0xc, 0xfd, 0x50, 0x7, 0xf9, 0xec, 0x0, 0x60,
    0x5, 0x0, 0x47, 0xa4, 0x0, 0x23, 0xe7, 0x4,
    0x44, 0x3e, 0x0, 0x2c, 0xe5, 0xa1,

    /* U+0034 "4" */
    0x0, 0xb6, 0x80, 0x26, 0x20, 0x8, 0x61, 0x0,
    0x2a, 0x91, 0x0, 0x33, 0xb8, 0x2, 0xd3, 0xf5,
    0x53, 0xdf, 0xf9, 0x54, 0xe0,

    /* U+0035 "5" */
    0xe, 0xff, 0x68, 0x0, 0x6f, 0xb0, 0x2, 0x61,
    0x10, 0x8, 0x66, 0xa8, 0xe, 0xe2, 0xd0, 0x88,
    0xb, 0xc0, 0x4b, 0x3e, 0xa8, 0x0,

    /* U+0036 "6" */
    0x2, 0xcf, 0xe0, 0x7, 0xb7, 0x60, 0x21, 0x58,
    0x90, 0x10, 0x5f, 0x50, 0x5, 0x1e, 0xaa, 0x40,
    0x13, 0x1, 0x29, 0xdc, 0x74,

    /* U+0037 "7" */
    0x8f, 0xfc, 0xb1, 0xdc, 0x91, 0x50, 0x11, 0x5c,
    0x80, 0x4a, 0x4e, 0x1, 0x73, 0x0, 0x42, 0x9a,
    0x1, 0x28, 0x28, 0x0,

    /* U+0038 "8" */
    0x7, 0xed, 0x60, 0x38, 0xde, 0x91, 0x10, 0x8,
    0x4, 0x4f, 0xb9, 0x2, 0x8f, 0x97, 0x6, 0x42,
    0x4a, 0xc, 0xc4, 0xef, 0x65,

    /* U+0039 "9" */
    0x9, 0xfd, 0x50, 0x67, 0xe8, 0xa0, 0x10, 0x0,
    0x81, 0xb1, 0x77, 0x1, 0xc7, 0x3e, 0x41, 0x84,
    0x86, 0xc, 0x8f, 0xf8, 0x38, 0x0,

    /* U+003A ":" */
    0x5e, 0x4, 0xb0, 0x15, 0x1, 0x40, 0x4a, 0x0,

    /* U+003B ";" */
    0x5e, 0x4, 0xb0, 0x15, 0x1, 0x50, 0x6e, 0xc,
    0xd0,

    /* U+003C "<" */
    0x0, 0xc2, 0x0, 0x19, 0xd2, 0xad, 0xfc, 0x54,
    0xa6, 0x7, 0xfe, 0xd8, 0x1, 0x8d, 0xd0,

    /* U+003D "=" */
    0xbe, 0xec, 0x17, 0xdd, 0x82, 0xfb, 0xb0, 0x0,

    /* U+003E ">" */
    0x10, 0xd, 0x16, 0x60, 0x9, 0xf8, 0xc4, 0x4,
    0xe1, 0xe6, 0xdc, 0xfa, 0x2c, 0x92, 0x0,

    /* U+003F "?" */
    0x6e, 0xf9, 0x2, 0xc9, 0x62, 0x42, 0x11, 0x10,
    0x2c, 0xe0, 0x3, 0x18, 0x80, 0x17, 0x60, 0xa,
    0xa0, 0x0,

    /* U+0040 "@" */
    0x0, 0x1d, 0xee, 0x5a, 0x80, 0x4b, 0xd1, 0xb9,
    0x5c, 0xe0, 0xb, 0xe5, 0xdb, 0xda, 0x80, 0x33,
    0x14, 0x67, 0x30, 0x80, 0x63, 0x1, 0xd0, 0x33,
    0x1, 0x9c, 0xf9, 0xad, 0x3c, 0x0, 0x8d, 0xbc,
    0x5e, 0xa2, 0x0, 0x34, 0x4e, 0x62, 0x0, 0x20,

    /* U+0041 "A" */
    0x0, 0x3f, 0xc0, 0x6, 0xa3, 0x60, 0x8, 0xcb,
    0x85, 0x0, 0x14, 0xa4, 0x9c, 0x0, 0x65, 0xe4,
    0x50, 0x50, 0xdf, 0xd0, 0x6e, 0x42, 0x12, 0x4a,

    /* U+0042 "B" */
    0x2f, 0xfb, 0x8, 0x1, 0x7a, 0x56, 0x1, 0x18,
    0x78, 0x2, 0xb8, 0x9c, 0x1, 0x7a, 0xfa, 0x0,
    0x13, 0x1, 0x0, 0x5f, 0x3f, 0x0,

    /* U+0043 "C" */
    0x1, 0xae, 0xfc, 0xc, 0x7a, 0xc9, 0x62, 0xf4,
    0x35, 0xf1, 0x20, 0xb, 0x84, 0x40, 0x13, 0xe,
    0xa1, 0xb0, 0xeb, 0xd6, 0x68,

    /* U+0044 "D" */
    0x2f, 0xfb, 0x5c, 0x3, 0x56, 0xd4, 0x40, 0x2,
    0x12, 0x76, 0x60, 0x7, 0xb8, 0x40, 0x3d, 0xa2,
    0x1, 0x9, 0x3a, 0xc0, 0x5, 0x5b, 0x76, 0x60,

    /* U+0045 "E" */
    0x2f, 0xfb, 0x40, 0x2a, 0xec, 0x0, 0x84, 0x60,
    0xa, 0xfe, 0x80, 0x2a, 0xdb, 0x0, 0xc6, 0x1,
    0xab, 0xb8, 0x0,

    /* U+0046 "F" */
    0x2f, 0xfb, 0x40, 0x15, 0xd8, 0x0, 0x11, 0x80,
    0x17, 0xf4, 0x0, 0xad, 0xb0, 0x0, 0x90, 0x80,
    0x70,

    /* U+0047 "G" */
    0x1, 0xae, 0xfe, 0x30, 0xc7, 0xad, 0xa1, 0x62,
    0xc4, 0x24, 0x2f, 0x11, 0x1f, 0xfa, 0x78, 0x44,
    0x7a, 0x40, 0xc3, 0xa8, 0x20, 0x1, 0xc7, 0xac,
    0x1c,

    /* U+0048 "H" */
    0x2f, 0x40, 0x4, 0xe8, 0x7, 0xff, 0x12, 0xff,
    0xcc, 0x1, 0x56, 0xe9, 0x40, 0x21, 0x22, 0x18,
    0x7, 0xe0,

    /* U+0049 "I" */
    0x2f, 0x30, 0xf, 0xfe, 0x30,

    /* U+004A "J" */
    0x0, 0x74, 0x0, 0x7f, 0xf0, 0xfc, 0xd4, 0x4f,
    0xed, 0xd0,

    /* U+004B "K" */
    0x2f, 0x40, 0xbd, 0x10, 0x9, 0xd3, 0xc4, 0x0,
    0x71, 0x44, 0x1, 0x49, 0x28, 0x6, 0x82, 0x90,
    0xc, 0x54, 0xca, 0x1, 0x95, 0xa8, 0xc0,

    /* U+004C "L" */
    0x2f, 0x40, 0xf, 0xfe, 0x60, 0x8c, 0x0, 0xae,
    0xe0,

    /* U+004D "M" */
    0x2f, 0xf0, 0x80, 0x17, 0xf0, 0x0, 0x2e, 0x0,
    0xe1, 0x0, 0x92, 0xc0, 0x91, 0x0, 0x17, 0x11,
    0xd2, 0x98, 0x4, 0xc9, 0x4d, 0xc0, 0x1d, 0xcc,
    0x8, 0x1, 0xca, 0x2c, 0x1, 0x0,

    /* U+004E "N" */
    0x2f, 0xb0, 0x1, 0xf9, 0x0, 0x11, 0x80, 0x3c,
    0xf2, 0x40, 0x1d, 0x6b, 0xc0, 0x1e, 0xb2, 0x90,
    0xe, 0x1b, 0x50, 0xf, 0x2a, 0x80, 0x0,

    /* U+004F "O" */
    0x2, 0xae, 0xe5, 0x8, 0x3, 0x1b, 0x69, 0xf4,
    0x18, 0x74, 0xd2, 0x4c, 0xdc, 0x22, 0x0, 0x30,
    0x37, 0x8, 0x80, 0xc, 0xc, 0xe3, 0x46, 0x92,
    0x86, 0x38, 0x1b, 0x49, 0x60,

    /* U+0050 "P" */
    0x2f, 0xfb, 0xc, 0x1, 0x7a, 0x1e, 0x1, 0x10,
    0x38, 0x2, 0xfc, 0x64, 0x1, 0x5d, 0xa4, 0x0,
    0x11, 0x0, 0x7e,

    /* U+0051 "Q" */
    0x2, 0xae, 0xe5, 0x8, 0x5, 0x8d, 0xb4, 0xfa,
    0x0, 0x61, 0xd3, 0x49, 0x33, 0x7, 0x8, 0x80,
    0xc, 0xc, 0x1c, 0x22, 0x0, 0x30, 0x30, 0x38,
    0xd1, 0xa4, 0x99, 0x80, 0x70, 0x36, 0x89, 0x40,
    0x22, 0xbe, 0xe3, 0xb4, 0x80,

    /* U+0052 "R" */
    0x2f, 0xfb, 0xc, 0x2, 0xbe, 0x18, 0x0, 0xc2,
    0x4, 0x1, 0x5f, 0xbc, 0x80, 0x54, 0xc8, 0x20,
    0x10, 0xc9, 0xd8, 0x7, 0x4a, 0xa0,

    /* U+0053 "S" */
    0x9, 0xef, 0xd0, 0x66, 0x57, 0x48, 0x18, 0x18,
    0xa0, 0x2c, 0x43, 0x94, 0x0, 0xfc, 0x94, 0x48,
    0x80, 0xd0, 0x0, 0xd7, 0x4c, 0x10,

    /* U+0054 "T" */
    0xdf, 0xfd, 0x59, 0xc6, 0xbd, 0x62, 0x20, 0x31,
    0x10, 0x7, 0xff, 0x30,

    /* U+0055 "U" */
    0x3f, 0x20, 0x6, 0xc0, 0x7, 0xff, 0x24, 0x40,
    0x40, 0x7, 0xe4, 0x30, 0x6e, 0x28, 0x1a, 0xf9,
    0x52, 0x60,

    /* U+0056 "V" */
    0xcb, 0x0, 0xbd, 0xe9, 0x4, 0x10, 0x19, 0xc1,
    0x3, 0x90, 0x44, 0x9c, 0x9, 0xa0, 0xe, 0x45,
    0x16, 0x0, 0x28, 0x42, 0x80, 0x65, 0x2e, 0x0,
    0x0,

    /* U+0057 "W" */
    0xcb, 0x0, 0x5f, 0x80, 0x23, 0x6d, 0x0, 0x8,
    0x8, 0x8, 0x90, 0x1a, 0xa, 0x60, 0x1e, 0x98,
    0xa6, 0x26, 0x29, 0x82, 0x2, 0x62, 0xfa, 0x15,
    0xa0, 0x3, 0xd4, 0x90, 0xc5, 0xb0, 0x0, 0x82,
    0x62, 0x8, 0x28, 0x0,

    /* U+0058 "X" */
    0x7f, 0x30, 0x7f, 0x27, 0x28, 0x19, 0x82, 0xe,
    0x4a, 0x27, 0x0, 0x19, 0x92, 0x80, 0x24, 0x34,
    0xb0, 0xa, 0x9a, 0x8a, 0x2, 0x42, 0x6, 0x1c,
    0x80,

    /* U+0059 "Y" */
    0xbd, 0x0, 0x56, 0x4, 0x12, 0x92, 0xc0, 0x1a,
    0x4d, 0xa2, 0x0, 0x10, 0x6d, 0x0, 0x11, 0x9e,
    0x0, 0xce, 0xe0, 0xf, 0xf0,

    /* U+005A "Z" */
    0x8f, 0xfd, 0xb1, 0xdc, 0x90, 0x90, 0x10, 0x87,
    0x40, 0x5, 0x14, 0x0, 0x1d, 0x38, 0x0, 0x71,
    0x3, 0x11, 0x78, 0x47, 0x73, 0x0,

    /* U+005B "[" */
    0xfd, 0x30, 0xe3, 0x0, 0xff, 0xe1, 0x97, 0x18,

    /* U+005C "\\" */
    0xb, 0x60, 0xc8, 0xb, 0x50, 0x3f, 0x2, 0x30,
    0x57, 0xd, 0x22, 0x2a, 0x80, 0x48, 0x61, 0x3d,
    0x47, 0x42, 0x47, 0x41, 0xe9, 0x5d, 0xa4, 0x0,
    0x6a, 0xad, 0x5f, 0x0, 0x94, 0x44, 0x60, 0xa0,

    /* U+005D "]" */
    0x9f, 0x89, 0x60, 0xf, 0xfe, 0x24, 0x27, 0x80,

    /* U+005E "^" */
    0x1, 0xf2, 0x0, 0xa1, 0x64, 0x0, 0x49, 0x40,
    0x81, 0x16, 0x11, 0x20,

    /* U+005F "_" */
    0x99, 0xc4,

    /* U+0060 "`" */
    0x36, 0x3, 0xc6,

    /* U+0061 "a" */
    0x1c, 0xed, 0x30, 0xee, 0x34, 0x17, 0xe3, 0x32,
    0x5b, 0x1c, 0x39, 0x70, 0x40,

    /* U+0062 "b" */
    0x4f, 0x10, 0xf, 0xfa, 0x7b, 0x48, 0x1, 0xde,
    0x32, 0x0, 0x71, 0x56, 0x0, 0x28, 0x2b, 0x80,
    0x3f, 0x82, 0xc0,

    /* U+0063 "c" */
    0x7, 0xef, 0x65, 0x8a, 0xf7, 0xd2, 0x40, 0x1e,
    0x24, 0x2, 0x66, 0x57, 0xa0,

    /* U+0064 "d" */
    0x0, 0xdb, 0x0, 0x1f, 0x4f, 0xe1, 0x82, 0xb6,
    0x70, 0x86, 0x91, 0x91, 0x87, 0x10, 0x88, 0xc1,
    0x93, 0xe8, 0x40,

    /* U+0065 "e" */
    0x8, 0xee, 0x28, 0x2b, 0xfd, 0x50, 0x34, 0x32,
    0x44, 0xb8, 0x73, 0x70, 0x99, 0xff, 0xac, 0x0,

    /* U+0066 "f" */
    0x6, 0xec, 0xb, 0x7c, 0xc1, 0x35, 0x60, 0xc5,
    0x0, 0x7f, 0xf0, 0x0,

    /* U+0067 "g" */
    0x9, 0xfc, 0xe8, 0x56, 0xce, 0x10, 0xd2, 0x32,
    0x30, 0xe2, 0x21, 0x98, 0x19, 0x36, 0x8, 0x1,
    0x3f, 0xe2, 0xc2, 0xcf, 0x99, 0x20,

    /* U+0068 "h" */
    0x4f, 0x10, 0xf, 0xfa, 0x3b, 0x4, 0x1, 0x98,
    0x34, 0x0, 0x21, 0x9, 0x0, 0x7f, 0xf0, 0x0,

    /* U+0069 "i" */
    0x4e, 0x14, 0xa1, 0x5b, 0x0, 0xff, 0xe0, 0x80,

    /* U+006A "j" */
    0x3, 0xe1, 0x3, 0xa1, 0x4, 0xb1, 0x0, 0xff,
    0xe2, 0x9, 0x88, 0xaa, 0x6c, 0x0,

    /* U+006B "k" */
    0x4f, 0x10, 0xf, 0xfe, 0x4, 0xf0, 0x80, 0x1d,
    0xb4, 0x40, 0x10, 0xa6, 0x1, 0x52, 0xa8, 0x2,
    0x58, 0xa3,

    /* U+006C "l" */
    0x5f, 0x0, 0xff, 0xe3, 0x80,

    /* U+006D "m" */
    0x4f, 0x9e, 0xc7, 0xdd, 0x10, 0x3, 0x70, 0xff,
    0x42, 0x80, 0xa, 0x41, 0xa0, 0x22, 0x0, 0xff,
    0xe3, 0x0,

    /* U+006E "n" */
    0x4f, 0x9e, 0xc1, 0x0, 0x6f, 0x9b, 0x80, 0x14,
    0x46, 0x0, 0xff, 0xe0, 0x0,

    /* U+006F "o" */
    0x8, 0xef, 0xa1, 0x57, 0xde, 0x78, 0xd2, 0x31,
    0x45, 0xd2, 0x31, 0x44, 0x2b, 0xef, 0xbc, 0x0,

    /* U+0070 "p" */
    0x4f, 0x9e, 0xd3, 0x0, 0x67, 0x34, 0x0, 0x10,
    0x9, 0x80, 0x8, 0x28, 0xe0, 0xf, 0xe1, 0xb0,
    0x5, 0xfe, 0x8, 0x7, 0x80,

    /* U+0071 "q" */
    0x9, 0xfc, 0xe8, 0x56, 0xce, 0x10, 0xd2, 0x32,
    0x30, 0xe2, 0x21, 0x98, 0x19, 0x36, 0x8, 0x1,
    0x7f, 0x60, 0x1f, 0x80,

    /* U+0072 "r" */
    0x0, 0xc9, 0xf3, 0xa0, 0xe, 0xc0, 0x3, 0x8,
    0x7, 0xe0,

    /* U+0073 "s" */
    0x1b, 0xed, 0x7, 0x4f, 0xc0, 0x74, 0xeb, 0x0,
    0x5e, 0x2a, 0x23, 0xb5, 0x50,

    /* U+0074 "t" */
    0x3, 0x20, 0x6, 0x20, 0x60, 0x4c, 0xb0, 0x26,
    0x40, 0x1c, 0x3c, 0x0, 0x67, 0x80,

    /* U+0075 "u" */
    0x6f, 0x0, 0x7b, 0x0, 0x78, 0xc0, 0x38, 0x40,
    0x88, 0x0, 0x44, 0x65, 0x80, 0x0,

    /* U+0076 "v" */
    0xca, 0x3, 0xf2, 0xa5, 0xb, 0x32, 0x70, 0x45,
    0xa0, 0x15, 0xf2, 0x60, 0x7, 0x23, 0x0, 0x0,

    /* U+0077 "w" */
    0xc9, 0xa, 0xd0, 0x8b, 0xb2, 0x2, 0x11, 0x13,
    0x54, 0x95, 0x48, 0x83, 0x72, 0x18, 0xdc, 0xb3,
    0x10, 0x72, 0x74, 0x24, 0x0,

    /* U+0078 "x" */
    0x8e, 0x17, 0xe1, 0x83, 0x89, 0xa1, 0x8, 0x62,
    0x40, 0x4, 0x29, 0xa0, 0x49, 0xd3, 0x50, 0x80,

    /* U+0079 "y" */
    0xcb, 0x2, 0xf2, 0x94, 0x1a, 0x42, 0x51, 0x76,
    0xe0, 0x4, 0xc0, 0x28, 0x1, 0x85, 0x80, 0x24,
    0x9, 0x0, 0x5d, 0xa8, 0x40, 0x0,

    /* U+007A "z" */
    0x9f, 0xfa, 0x27, 0xdc, 0xa4, 0x15, 0xf8, 0x4a,
    0xa4, 0xc3, 0x82, 0x7e, 0x40,

    /* U+007B "{" */
    0x4, 0xe2, 0xe, 0x92, 0x1, 0x10, 0x1, 0x88,
    0x1c, 0xd0, 0x1c, 0x94, 0x0, 0xe4, 0x0, 0xfb,
    0x20,

    /* U+007C "|" */
    0xc, 0x10, 0x30, 0xf, 0xfe, 0x68,

    /* U+007D "}" */
    0x8b, 0x0, 0x42, 0xa0, 0x0, 0x84, 0x0, 0xe6,
    0x0, 0xe9, 0x10, 0x99, 0x8, 0x9, 0x4, 0x32,
    0x0,

    /* U+007E "~" */
    0x6e, 0x92, 0xd1, 0xbf, 0xf9, 0x4,

    /* U+00B0 "°" */
    0x1a, 0xa0, 0xa6, 0x6a, 0x23, 0x35, 0x0,

    /* U+00B1 "±" */
    0x0, 0x68, 0x7, 0xf5, 0xf1, 0x77, 0x2, 0xf8,
    0xbb, 0x80, 0x12, 0x80, 0x57, 0xcd, 0xdc, 0x0,

    /* U+00B7 "·" */
    0x0, 0x9b, 0xc1, 0xb0, 0x0,

    /* U+00D7 "×" */
    0x0, 0xe7, 0x70, 0x25, 0x3e, 0x54, 0xd8, 0x6a,
    0xa0, 0xb5, 0x71, 0xca, 0x60, 0xd5, 0x80,

    /* U+2013 "–" */
    0xff, 0xe1,

    /* U+2014 "—" */
    0xff, 0xff, 0x18,

    /* U+2018 "‘" */
    0xd, 0x14, 0x1, 0x4c, 0x0,

    /* U+2019 "’" */
    0xf, 0x14, 0x40, 0xa5, 0x80,

    /* U+201C "“" */
    0xd, 0x1d, 0x4, 0x4, 0x10, 0x4c, 0x5d, 0x0,

    /* U+201D "”" */
    0xf, 0x3f, 0x14, 0x43, 0x30, 0x52, 0xd6, 0x40,

    /* U+2022 "•" */
    0x4, 0x60, 0x2b, 0x94, 0x23, 0x16,

    /* U+2026 "…" */
    0x5, 0x0, 0x28, 0xa, 0x81, 0xd9, 0x25, 0x8a,
    0xd8, 0x80,

    /* U+2103 "℃" */
    0x3, 0x0, 0xc6, 0x82, 0xf5, 0x60, 0xdf, 0x97,
    0xfb, 0x6e, 0x93, 0x1f, 0xec, 0x88, 0x4f, 0x9b,
    0x80, 0x8, 0x94, 0xac, 0xa0, 0x1f, 0x3a, 0x80,
    0x7d, 0xc7, 0x24, 0x44, 0x0, 0x92, 0x9f, 0x75,
    0xe0, 0x19, 0x7b, 0xfd, 0x60,

    /* U+2192 "→" */
    0x0, 0xff, 0xe2, 0x43, 0x0, 0x55, 0x5c, 0x73,
    0x60, 0x9, 0x9e, 0xd2, 0x80, 0x1, 0x9f, 0xb0,
    0xc0,

    /* U+AC00 "가" */
    0xc, 0xff, 0xa8, 0x3c, 0xc0, 0x1b, 0xdc, 0x32,
    0x0, 0xe1, 0x10, 0x1d, 0x80, 0x7d, 0x68, 0x60,
    0xc, 0xa0, 0x4, 0x25, 0x0, 0x57, 0x43, 0x6d,
    0xa2, 0x1, 0x38, 0x9, 0x79, 0x80, 0x7d, 0x22,
    0x1, 0xff, 0xc5,

    /* U+AC01 "각" */
    0xc, 0xff, 0xa8, 0x3c, 0xc0, 0x19, 0xfc, 0x38,
    0x0, 0x70, 0xd, 0x26, 0xc0, 0xb, 0xa0, 0x4,
    0xb7, 0x0, 0x59, 0x43, 0xc5, 0x86, 0x1, 0xc3,
    0xed, 0x9d, 0xd0, 0x38, 0x0, 0x7f, 0x33, 0x3,
    0x80, 0x44, 0x5c, 0x1, 0xff, 0xc1,

    /* U+AC04 "간" */
    0xf, 0xfc, 0xa7, 0xe0, 0x17, 0xfa, 0xc1, 0x0,
    0x3e, 0x96, 0x10, 0x7, 0xb0, 0x16, 0xc, 0x0,
    0x5c, 0xc9, 0xad, 0x82, 0x1, 0x8, 0x26, 0xd8,
    0x7, 0xe2, 0xf5, 0x0, 0x9, 0x80, 0x7e, 0x2c,
    0x0, 0xea, 0xff, 0xc8, 0x0,

    /* U+AC10 "감" */
    0xf, 0xfc, 0xc7, 0xe0, 0x17, 0xfb, 0x1, 0x0,
    0x2, 0x1, 0xbd, 0x88, 0x1, 0xcc, 0x3, 0x8f,
    0x20, 0x17, 0xb1, 0xf2, 0x58, 0x7, 0x8f, 0x9b,
    0xfe, 0xc0, 0xc, 0x21, 0x5d, 0xcb, 0x0, 0xf0,
    0x8c, 0xe0, 0x1e, 0xbf, 0xf6, 0x0, 0x40,

    /* U+AC12 "값" */
    0xc, 0xff, 0xa8, 0x3c, 0x80, 0x19, 0xfc, 0x38,
    0x0, 0x60, 0xd, 0x66, 0xc0, 0xa, 0x60, 0x3c,
    0x4f, 0x0, 0xb1, 0x87, 0x57, 0xc8, 0x3, 0x87,
    0x8, 0x6c, 0x91, 0x88, 0x2, 0x4f, 0x41, 0x34,
    0x0, 0xef, 0x17, 0xa2, 0x40, 0xd, 0xe3, 0x29,
    0x72, 0x0, 0x2f, 0xfb, 0x65, 0x34, 0x0,

    /* U+AC1C "개" */
    0xe, 0xff, 0x6a, 0xf2, 0x70, 0x77, 0x1d, 0x80,
    0x3c, 0x28, 0x60, 0x1e, 0x33, 0x48, 0xd, 0x80,
    0x5c, 0xc2, 0x3, 0x40, 0x36, 0x12, 0x1, 0x8,
    0x18, 0x60, 0x7, 0x8a, 0xc4, 0x3, 0xff, 0x86,

    /* U+AC74 "건" */
    0x8, 0xff, 0xb8, 0x13, 0x80, 0x11, 0xfe, 0x34,
    0x0, 0xf9, 0xc, 0x7e, 0xc0, 0x31, 0xdb, 0x5f,
    0x50, 0x5, 0x18, 0xd2, 0x2, 0x20, 0xb, 0xaa,
    0xc0, 0x3e, 0x60, 0xc0, 0x9, 0xd4, 0x3, 0xf1,
    0xd8, 0x6, 0x1f, 0xfe, 0x10,

    /* U+AC80 "검" */
    0x7, 0xff, 0xc0, 0x9c, 0xf, 0xfe, 0x44, 0x8,
    0x80, 0x32, 0xa1, 0xf5, 0x0, 0x4d, 0x76, 0x8f,
    0xb0, 0x5, 0x53, 0x10, 0x3, 0xaa, 0x37, 0xfe,
    0xb1, 0x0, 0x87, 0xba, 0xb1, 0x0, 0xc2, 0x30,
    0x7, 0xf, 0xfd, 0x60,

    /* U+AC83 "것" */
    0x8, 0xff, 0xac, 0x13, 0x80, 0x11, 0xfe, 0x2c,
    0x0, 0xf9, 0xcb, 0xbe, 0xc0, 0x33, 0x44, 0xcb,
    0xa8, 0x2, 0xb9, 0x86, 0x1, 0x10, 0x5, 0xd8,
    0xe5, 0x0, 0x1c, 0xa6, 0xa, 0xe4, 0xb4, 0x1,
    0x92, 0xf, 0xcd, 0x0, 0x3, 0x97, 0x19, 0x79,
    0x82, 0x1, 0x8e, 0x70, 0x6f, 0x92,

    /* U+AC8C "게" */
    0xd, 0xff, 0x62, 0x72, 0xf0, 0x6f, 0x3b, 0x80,
    0x3c, 0x28, 0x42, 0x1, 0xc4, 0x6f, 0x40, 0x1d,
    0x29, 0xd6, 0x1, 0xa1, 0x24, 0x3, 0x85, 0x6c,
    0x80, 0x38, 0x75, 0x0, 0x3f, 0xf8, 0x60,

    /* U+ACB0 "결" */
    0x7, 0xff, 0xb8, 0x13, 0x80, 0xf, 0xfc, 0x4d,
    0x50, 0x1, 0x9b, 0xd2, 0xc4, 0x3, 0x5d, 0x52,
    0x4a, 0x2c, 0x2, 0xbc, 0x40, 0x13, 0x45, 0x0,
    0x8e, 0xab, 0x7a, 0x80, 0x4e, 0x89, 0x8c, 0x3,
    0xdd, 0xd7, 0xf0, 0x6, 0x1f, 0xfe, 0x0,

    /* U+ACBD "경" */
    0x8, 0xff, 0xb8, 0x17, 0x80, 0x11, 0xfe, 0x25,
    0xfa, 0x0, 0xe6, 0x2a, 0xfa, 0x0, 0xcd, 0x16,
    0x9f, 0x40, 0x15, 0x53, 0x11, 0x7e, 0xc0, 0x2b,
    0xc5, 0xef, 0xf5, 0x38, 0x0, 0x4e, 0x37, 0xfd,
    0x2e, 0x1, 0xce, 0x3, 0xe0, 0x18, 0xe6, 0x5f,
    0xe3, 0xc0,

    /* U+ACC4 "계" */
    0x6, 0x77, 0x32, 0x72, 0xf0, 0xf, 0xe5, 0x8,
    0x6, 0x78, 0x3, 0xa0, 0xe, 0x24, 0xdb, 0x0,
    0xee, 0x4d, 0xb0, 0x8, 0x6c, 0x6b, 0xa8, 0x2,
    0x12, 0xf1, 0x18, 0x3, 0x49, 0x0, 0x7f, 0xf0,
    0xc0,

    /* U+ACE0 "고" */
    0x3, 0xee, 0xf2, 0x0, 0xf, 0xff, 0x84, 0x40,
    0x10, 0x8f, 0x0, 0x80, 0x61, 0x50, 0xf, 0xc5,
    0x42, 0x20, 0x70, 0xf, 0xc8, 0x40, 0x3, 0x32,
    0x82, 0x94, 0x11, 0x5d, 0xcb, 0x29, 0xee, 0x94,

    /* U+ACF5 "공" */
    0x0, 0x6f, 0xff, 0x20, 0x5, 0xbf, 0x7b, 0xe0,
    0x1f, 0x53, 0x80, 0x1c, 0x0, 0x89, 0x6, 0xa3,
    0x39, 0xf, 0x74, 0x85, 0xc7, 0xce, 0x35, 0x0,
    0xe8, 0xd9, 0x4a, 0x0, 0xf0, 0xff, 0x44, 0xa8,
    0x6, 0x22, 0xb, 0x88, 0x6, 0xe3, 0xef, 0xe9,
    0x50,

    /* U+ACFC "과" */
    0xd, 0xdd, 0x43, 0xe4, 0x0, 0xee, 0x95, 0x80,
    0x38, 0xce, 0xe7, 0x0, 0xf6, 0x30, 0x88, 0x1,
    0xee, 0x0, 0x10, 0xf0, 0xa, 0x14, 0x3, 0x45,
    0x80, 0x1c, 0xb3, 0x8a, 0x7f, 0xac, 0x2, 0xec,
    0xde, 0xe7, 0xd8, 0x4, 0x45, 0x8, 0x80, 0x38,

    /* U+AD00 "관" */
    0xc, 0xff, 0xc3, 0xca, 0x0, 0xcf, 0xf6, 0x0,
    0x80, 0x73, 0xc8, 0x6, 0xc5, 0x0, 0x79, 0x12,
    0x84, 0x8, 0xe3, 0xdd, 0x3a, 0xec, 0x1c, 0xd1,
    0xff, 0xba, 0x80, 0x30, 0xf9, 0x0, 0x46, 0x20,
    0x1f, 0xb5, 0x0, 0x36, 0xff, 0xe6, 0x0,

    /* U+AD50 "교" */
    0x4, 0xff, 0xf3, 0x0, 0x13, 0xbb, 0x88, 0x40,
    0x21, 0x1e, 0x1, 0x0, 0x89, 0x41, 0x84, 0x3,
    0x92, 0xc2, 0x54, 0xcc, 0x1, 0xf9, 0x1c, 0x0,
    0x7c, 0x6, 0x5, 0x22, 0x43, 0xe8, 0x5e, 0x75,
    0xfe, 0x50,

    /* U+AD6C "구" */
    0x0, 0x7f, 0xf9, 0x0, 0x2f, 0xfe, 0x7, 0x0,
    0xff, 0xe0, 0x8, 0xf1, 0x80, 0x4, 0xbb, 0xbb,
    0x3, 0x24, 0xbf, 0xe5, 0x57, 0xfd, 0x0, 0x1f,
    0xfd, 0x20,

    /* U+ADF8 "그" */
    0x2, 0xdd, 0xf1, 0x0, 0xb, 0xff, 0x71, 0x8,
    0x4, 0x45, 0xc0, 0x20, 0x1f, 0xfc, 0x53, 0x3,
    0x0, 0xf9, 0x80, 0x40, 0xbf, 0xfa, 0xc3, 0xe4,
    0xbf, 0xfb, 0xb9, 0xf2,

    /* U+ADFC "근" */
    0x0, 0x77, 0xff, 0x8, 0x5, 0xdf, 0xf6, 0x80,
    0x80, 0x7c, 0x20, 0x10, 0xe6, 0x77, 0x86, 0x38,
    0xc4, 0x7a, 0xe1, 0x41, 0x19, 0x13, 0xc4, 0x0,
    0xc4, 0x0, 0xfe, 0x10, 0xf, 0xea, 0xff, 0xc6,
    0x0,

    /* U+AE08 "금" */
    0x0, 0x77, 0xff, 0x20, 0x5, 0xdf, 0xf8, 0x1c,
    0x0, 0x23, 0xe0, 0x8, 0xbb, 0xbc, 0x19, 0x25,
    0xff, 0xfa, 0x40, 0x1b, 0xff, 0xc8, 0x1, 0x1c,
    0xf7, 0x42, 0x1, 0xc6, 0x23, 0x0, 0x7a, 0xbf,
    0xe1, 0x0, 0x0,

    /* U+AE30 "기" */
    0x9, 0xee, 0xb4, 0x35, 0x82, 0x3f, 0xcc, 0x20,
    0x18, 0x46, 0x4b, 0x0, 0xf3, 0x1b, 0x0, 0x72,
    0x4d, 0x8, 0x6, 0x7b, 0x85, 0x0, 0xee, 0xb7,
    0x0, 0xf4, 0xa0, 0x7, 0xff, 0xc,

    /* U+AE40 "김" */
    0x3f, 0xfc, 0x29, 0xc7, 0xfe, 0x63, 0x10, 0xc,
    0x6d, 0xe0, 0x18, 0xf6, 0x8c, 0x2, 0x6e, 0xa5,
    0x0, 0xcd, 0x17, 0xff, 0x58, 0x80, 0x7, 0xba,
    0xb1, 0x0, 0x84, 0x60, 0xc, 0x3f, 0xf5, 0x80,

    /* U+AEBC "꺼" */
    0xf, 0xf5, 0x7f, 0x8d, 0x38, 0x38, 0xf3, 0x80,
    0x40, 0x21, 0x22, 0x18, 0x0, 0x40, 0x4, 0x28,
    0xe1, 0xb4, 0x0, 0xa4, 0xc, 0x5f, 0xb0, 0x27,
    0xf0, 0x7f, 0x0, 0x8a, 0x92, 0xd, 0x40, 0x32,
    0x84, 0xf0, 0x7, 0xc2, 0x60, 0x18,

    /* U+B044 "끄" */
    0xd, 0xff, 0x47, 0xfc, 0xa0, 0xc, 0xe3, 0xee,
    0x84, 0x2, 0x11, 0x8c, 0x44, 0x1, 0xe3, 0x0,
    0xfe, 0x16, 0x0, 0x8, 0x6, 0x30, 0x30, 0x8,
    0x40, 0x73, 0x83, 0x32, 0x8, 0x71, 0x89, 0xb8,
    0x8a, 0xe1, 0x40,

    /* U+B04A "끊" */
    0x8, 0xff, 0x66, 0xff, 0x9c, 0x1, 0x1e, 0xee,
    0xdf, 0x21, 0x0, 0x8, 0x8c, 0x84, 0x46, 0x0,
    0x2e, 0xe2, 0x37, 0x70, 0x66, 0x45, 0xff, 0xc9,
    0x7f, 0x20, 0x76, 0x5, 0x29, 0xee, 0x0, 0x74,
    0x2, 0xe3, 0x16, 0x0, 0xe1, 0x88, 0xb, 0x0,
    0x6f, 0x86, 0xa6, 0x50,

    /* U+B05D "끝" */
    0x8, 0xff, 0x5f, 0x7f, 0x90, 0x1, 0x1e, 0xc3,
    0xde, 0xe, 0x0, 0x11, 0x29, 0x8, 0x80, 0x22,
    0xee, 0x1b, 0xf7, 0x3, 0x24, 0xbe, 0x23, 0xdf,
    0x20, 0x8, 0xdf, 0xfc, 0x1, 0xca, 0xef, 0x30,
    0x7, 0x5f, 0x76, 0x0, 0xeb, 0xee, 0xbc, 0x80,

    /* U+B098 "나" */
    0xc4, 0x0, 0x93, 0xc0, 0x4, 0x1, 0xff, 0xcc,
    0xf8, 0x0, 0xfb, 0xe0, 0x2f, 0xfe, 0xc0, 0xb,
    0xfb, 0x9f, 0xec, 0x0, 0x84, 0x60, 0xf, 0xfe,
    0x18,

    /* U+B0A8 "남" */
    0xd5, 0x0, 0x8f, 0xc0, 0x3f, 0x8c, 0x40, 0x8a,
    0x37, 0xf, 0x41, 0x9c, 0xc7, 0x98, 0x62, 0xe7,
    0x75, 0x88, 0x1, 0xbb, 0xfe, 0xc0, 0xe, 0xae,
    0xe5, 0x80, 0x70, 0x8c, 0xe0, 0x1d, 0x7f, 0xec,
    0x0, 0x80,

    /* U+B0B4 "내" */
    0xb3, 0x0, 0x72, 0xab, 0x55, 0xc0, 0x3f, 0xf8,
    0xf7, 0x60, 0xf, 0x4c, 0x80, 0x17, 0xf6, 0x4,
    0x40, 0xfe, 0xe5, 0x80, 0x61, 0x18, 0x3, 0xff,
    0x82,

    /* U+B0C9 "냉" */
    0xe4, 0x0, 0x6b, 0x2e, 0x80, 0x70, 0x98, 0x7,
    0xa6, 0x0, 0x17, 0xf6, 0x11, 0x61, 0xfd, 0xf6,
    0x1, 0x84, 0x4f, 0x85, 0x72, 0x81, 0x17, 0x1b,
    0xce, 0x40, 0x2e, 0xa4, 0x41, 0x70, 0x92, 0xff,
    0x83, 0x80,

    /* U+B110 "널" */
    0xe5, 0x0, 0x8, 0xb9, 0x0, 0x26, 0xee, 0x8,
    0x0, 0xc9, 0x2f, 0xc4, 0xa, 0x3f, 0xd0, 0x40,
    0xc, 0xed, 0xd6, 0x12, 0x38, 0x3d, 0x56, 0x57,
    0xd, 0x44, 0xc0, 0x10, 0xcf, 0xfd, 0xc8, 0x0,
    0x8e, 0xed, 0xa0,

    /* U+B124 "네" */
    0xb3, 0x0, 0x27, 0x2e, 0xab, 0x80, 0x7e, 0x1f,
    0xb0, 0xe, 0x1e, 0xa0, 0xf, 0x8, 0x80, 0x35,
    0xff, 0x88, 0x2, 0xfe, 0xe7, 0x90, 0x4, 0x23,
    0x0, 0x7f, 0xf0, 0x40,

    /* U+B137 "넷" */
    0xe4, 0x0, 0x46, 0x2e, 0x80, 0x43, 0xee, 0x1,
    0xe1, 0xf7, 0x0, 0xea, 0xed, 0x0, 0xec, 0xc7,
    0xef, 0xb8, 0x4, 0x44, 0x13, 0xfb, 0x0, 0xf5,
    0x39, 0x2e, 0x0, 0x4e, 0xc9, 0xe8, 0x20, 0x9d,
    0x59, 0x75, 0x4d, 0x14, 0xdd, 0x18, 0x3f, 0x70,
    0x40,

    /* U+B178 "노" */
    0x0, 0x72, 0x0, 0x7f, 0xf4, 0x6b, 0x77, 0x18,
    0x5, 0x98, 0x46, 0xff, 0x18, 0x4, 0x44, 0x10,
    0x22, 0x0, 0x46, 0x70, 0xb9, 0x9c, 0x43, 0xff,
    0x28, 0x7f, 0xca,

    /* U+B192 "높" */
    0x0, 0x6b, 0x0, 0x7f, 0x7a, 0x26, 0x10, 0x9,
    0xd6, 0x6e, 0x20, 0xa0, 0x2f, 0xb6, 0xe3, 0x76,
    0x34, 0x1, 0x1b, 0x20, 0x46, 0x71, 0x69, 0x9f,
    0x9, 0x80, 0x38, 0xa7, 0x86, 0x9c, 0x2, 0x10,
    0x0, 0x80, 0x71, 0x79, 0x4f, 0x8d, 0x48, 0x0,

    /* U+B204 "누" */
    0x0, 0x6b, 0x0, 0x7f, 0xf1, 0xe7, 0xff, 0x18,
    0x5, 0xbd, 0xdc, 0x60, 0x5d, 0xcf, 0xfe, 0xe8,
    0x2f, 0xf9, 0xd7, 0xfe, 0x90, 0x11, 0xfe, 0x0,
    0xff, 0xe4, 0x0,

    /* U+B20C "눌" */
    0x0, 0x6b, 0x0, 0x7f, 0x63, 0x36, 0x20, 0xa,
    0xf4, 0x47, 0x80, 0xbe, 0x62, 0x3b, 0x24, 0xbe,
    0xa5, 0x46, 0x65, 0xd2, 0x0, 0x2e, 0x26, 0xe9,
    0x50, 0xa, 0x9d, 0xf0, 0x7, 0x1d, 0x7f, 0xe4,
    0x0, 0xd5, 0xff, 0xa0, 0x0,

    /* U+B294 "는" */
    0x0, 0x6a, 0x80, 0x7f, 0xf1, 0xeb, 0xff, 0x10,
    0x5, 0xbf, 0xfc, 0x40, 0x5f, 0xff, 0xa4, 0xbf,
    0xff, 0x48, 0x2, 0xcc, 0x3, 0xf2, 0xb8, 0x7,
    0xf5, 0xff, 0xe3, 0x0,

    /* U+B2A5 "능" */
    0x0, 0x6b, 0x0, 0x7f, 0x8, 0xf0, 0x6, 0x18,
    0xee, 0xca, 0x0, 0x59, 0xaa, 0xe0, 0x31, 0xdd,
    0xfc, 0xc3, 0x12, 0x28, 0xa7, 0xb0, 0xa0, 0xd,
    0x3f, 0xf7, 0x51, 0x80, 0x42, 0x45, 0x30, 0x38,
    0x5, 0xc7, 0xfe, 0xe8, 0x40,

    /* U+B2C8 "니" */
    0xe4, 0x0, 0xde, 0x60, 0x1f, 0xfd, 0x11, 0x0,
    0xaf, 0xfe, 0x40, 0x7, 0xf7, 0x5e, 0xa0, 0x1,
    0x1c, 0x1, 0xff, 0xc0,

    /* U+B2E4 "다" */
    0xef, 0xfa, 0xb, 0xc4, 0x1, 0x5d, 0xc8, 0x0,
    0xe1, 0x18, 0x2, 0x51, 0x0, 0xfa, 0x64, 0x1,
    0xf6, 0x40, 0x5f, 0xfc, 0x20, 0x17, 0x73, 0xfe,
    0x10, 0xc, 0x20, 0x1f, 0xfc, 0x40,

    /* U+B2E8 "단" */
    0xff, 0xd4, 0x1e, 0x60, 0xb, 0xff, 0x50, 0x7,
    0xfd, 0xb2, 0x15, 0xdc, 0xf0, 0x5, 0x4e, 0xe6,
    0x5c, 0x0, 0x70, 0x20, 0x1, 0x8, 0x7, 0x4d,
    0x0, 0x46, 0x20, 0x1f, 0x61, 0x0, 0x4f, 0xff,
    0x9c, 0x0,

    /* U+B2F5 "답" */
    0xff, 0xd4, 0x1e, 0x60, 0xb, 0xff, 0x50, 0x1,
    0x84, 0x0, 0x22, 0x20, 0x4, 0x48, 0xdf, 0x7e,
    0x0, 0x3a, 0x3b, 0xfd, 0xdc, 0x0, 0xe9, 0x71,
    0x18, 0x84, 0x0, 0x51, 0xdd, 0x10, 0x80, 0x4f,
    0xff, 0x0, 0x73, 0xff, 0xc0, 0x10,

    /* U+B300 "대" */
    0xf, 0xfa, 0x93, 0x8f, 0xc0, 0x17, 0xd4, 0x1,
    0xe7, 0x10, 0xf, 0xf8, 0x70, 0x3, 0xe1, 0xb0,
    0xb, 0x7b, 0xc0, 0xe, 0x0, 0xdc, 0xff, 0x0,
    0x71, 0x10, 0x40, 0x3f, 0xf8, 0x40,

    /* U+B370 "데" */
    0xef, 0xf4, 0xa7, 0x2e, 0x8d, 0xf4, 0x80, 0x73,
    0x89, 0x8, 0x7, 0xe, 0x58, 0x7, 0xf, 0x50,
    0x6, 0xde, 0xf0, 0xd, 0xb9, 0xfc, 0x1, 0x88,
    0x82, 0x20, 0xf, 0xfe, 0x0,

    /* U+B378 "델" */
    0xf, 0xfa, 0x8e, 0xdb, 0x0, 0x2c, 0xe3, 0x95,
    0x0, 0xe7, 0x21, 0x20, 0xe, 0x1a, 0xd4, 0xc0,
    0xe, 0xee, 0xb1, 0xd4, 0xd8, 0x2, 0x2a, 0xa4,
    0x8c, 0x88, 0x4, 0x28, 0x98, 0xdc, 0x3, 0xf,
    0x75, 0xf8, 0x1, 0xdf, 0xfc, 0x0,

    /* U+B3C4 "도" */
    0x0, 0x5f, 0x77, 0x0, 0x67, 0x9f, 0xfc, 0x1,
    0xc2, 0x3c, 0x1, 0xc2, 0x3c, 0x1, 0x9e, 0x7b,
    0x9f, 0xe1, 0x0, 0xaf, 0x9d, 0x3b, 0x82, 0x0,
    0x33, 0x85, 0xcc, 0xe2, 0x27, 0x74, 0x83, 0xdd,
    0x28,

    /* U+B3CC "돌" */
    0x0, 0x77, 0xff, 0x8, 0x6, 0x8c, 0xcc, 0x20,
    0x14, 0xf7, 0xf5, 0x50, 0x40, 0xba, 0x5c, 0xc9,
    0xdd, 0xf0, 0x5f, 0x13, 0x10, 0x99, 0x7c, 0x0,
    0xf7, 0x6d, 0x80, 0xc, 0x8e, 0xf2, 0x0, 0x71,
    0x57, 0x75, 0xe2, 0x1, 0xaf, 0xff, 0x20, 0x0,

    /* U+B3D9 "동" */
    0x0, 0x6f, 0xff, 0x20, 0x6, 0x8e, 0xec, 0x80,
    0x10, 0xc7, 0x76, 0x50, 0x2, 0x45, 0xb9, 0x5d,
    0x84, 0x87, 0xfe, 0x36, 0xff, 0x90, 0x6e, 0x89,
    0xd8, 0x3e, 0xd8, 0x1, 0x45, 0xfe, 0xdb, 0x20,
    0x9, 0xc4, 0x88, 0xa0, 0x20, 0x17, 0xf, 0xfb,
    0xa4, 0xc0,

    /* U+B418 "되" */
    0xc, 0xee, 0xb4, 0x39, 0x40, 0xa3, 0x31, 0xe0,
    0x1c, 0x45, 0x80, 0x3a, 0x73, 0x20, 0xd, 0xb2,
    0x73, 0xe0, 0x18, 0xd4, 0x1c, 0xc0, 0x2c, 0xdc,
    0xc, 0xef, 0x10, 0xee, 0x7e, 0xe7, 0xf0, 0x81,
    0x19, 0x14, 0x22, 0x0, 0x0,

    /* U+B41C "된" */
    0x4, 0xff, 0xc8, 0x8e, 0x0, 0x87, 0xfe, 0x40,
    0xe, 0x1e, 0xe9, 0x40, 0x32, 0x7b, 0xa7, 0x20,
    0x4, 0x5d, 0xec, 0xbf, 0xec, 0x0, 0x17, 0xf7,
    0xfd, 0xd8, 0x1, 0xb, 0xd8, 0x6, 0x30, 0x8,
    0x5c, 0x2, 0x4d, 0x0, 0xc7, 0xff, 0xc2,

    /* U+B428 "됨" */
    0x4, 0xff, 0xc8, 0x8e, 0x0, 0xf, 0x74, 0x80,
    0x18, 0x7b, 0xa5, 0x0, 0x93, 0xd9, 0x79, 0x4,
    0xb, 0xfc, 0xcb, 0xdc, 0xc0, 0x2b, 0x80, 0x0,
    0x93, 0x8, 0x21, 0x85, 0xd4, 0xc0, 0x80, 0x42,
    0x89, 0x18, 0x6, 0x1f, 0xfa, 0xc0,

    /* U+B4DC "드" */
    0x0, 0x5f, 0x77, 0x0, 0x67, 0x9f, 0xfc, 0x1,
    0xc2, 0x3c, 0x1, 0xdc, 0x67, 0x80, 0x33, 0x2f,
    0x76, 0x10, 0xa, 0xb7, 0x78, 0x40, 0x73, 0x3f,
    0x38, 0xc4, 0x7e, 0x50,

    /* U+B4F1 "등" */
    0x0, 0x6f, 0xff, 0x20, 0x6, 0x8e, 0xec, 0x80,
    0x1a, 0x3b, 0xb3, 0x0, 0x16, 0x2a, 0xb8, 0xcc,
    0x39, 0x9f, 0x98, 0x66, 0x1, 0x50, 0xb6, 0x54,
    0x1, 0x45, 0xfe, 0xdb, 0x20, 0x9, 0xc4, 0x88,
    0xa0, 0x20, 0x17, 0xf, 0x7f, 0x49, 0x80,

    /* U+B77C "라" */
    0xef, 0xf9, 0x3, 0xcc, 0x3f, 0xb8, 0x22, 0x0,
    0xc4, 0xaa, 0x10, 0xe, 0xd9, 0x83, 0x60, 0x6,
    0x50, 0x46, 0x60, 0xc0, 0x17, 0x40, 0x67, 0x21,
    0x3, 0x81, 0x5f, 0x7f, 0x98, 0x2, 0xcd, 0xd6,
    0x5a, 0x0, 0x7f, 0xf0, 0x0,

    /* U+B798 "래" */
    0xf, 0xfb, 0x8f, 0xd3, 0x83, 0xfd, 0x40, 0x1e,
    0x77, 0x60, 0x7, 0xa3, 0x86, 0x40, 0x14, 0x1,
    0x54, 0x38, 0x2, 0x0, 0x26, 0x23, 0x70, 0x20,
    0x1, 0x47, 0xf8, 0xc0, 0x36, 0xed, 0x88, 0x1,
    0xff, 0xc0,

    /* U+B7A8 "램" */
    0x0, 0xfc, 0x43, 0xff, 0x71, 0xfa, 0x60, 0xdd,
    0xa0, 0x2, 0x10, 0x1b, 0x8b, 0x50, 0x5, 0x0,
    0x53, 0xfe, 0x60, 0xb0, 0x0, 0xde, 0xce, 0x80,
    0x43, 0xd8, 0x6, 0xe1, 0x62, 0x1, 0xe, 0xf7,
    0x28, 0x40, 0x30, 0x8e, 0x0, 0xed, 0xff, 0x58,
    0x0,

    /* U+B7C9 "량" */
    0xff, 0xca, 0x1e, 0x81, 0x99, 0x8, 0x5, 0x75,
    0x9f, 0xa, 0x20, 0xb, 0xa0, 0x4d, 0xd1, 0x90,
    0x5d, 0xb, 0xcc, 0x53, 0x6, 0x57, 0x71, 0x8c,
    0x3c, 0x44, 0x0, 0xd0, 0xff, 0x70, 0x88, 0x2,
    0x13, 0x21, 0x0, 0xdc, 0x7f, 0xe9, 0x91, 0x80,

    /* U+B7EC "러" */
    0xdf, 0xf9, 0x1, 0x3b, 0x3b, 0x82, 0x1, 0x84,
    0x60, 0x0, 0x88, 0x3b, 0xfc, 0x21, 0xf4, 0x0,
    0xbf, 0xf2, 0x75, 0x80, 0x8, 0xa4, 0x10, 0x1,
    0x5f, 0xf7, 0xa8, 0x3, 0x37, 0x59, 0x68, 0x1,
    0xfe,

    /* U+B807 "렇" */
    0xef, 0xf9, 0x2, 0xa6, 0x26, 0x40, 0xb, 0x40,
    0x8f, 0x8, 0x8, 0x50, 0x37, 0x89, 0x91, 0x8,
    0x6f, 0x72, 0xc0, 0x4c, 0x45, 0x54, 0x92, 0xa3,
    0x1, 0xb3, 0x2, 0x1c, 0x80, 0x92, 0xdc, 0x89,
    0x20, 0xa0, 0xcc, 0x73, 0x10,

    /* U+B808 "레" */
    0xff, 0x90, 0xfd, 0xb7, 0xfc, 0x20, 0x1f, 0x85,
    0xc0, 0x2f, 0xf0, 0xed, 0x0, 0x6c, 0xf8, 0xd0,
    0xc, 0xc6, 0x80, 0x18, 0xa3, 0xa1, 0xc0, 0x2d,
    0xdb, 0x1c, 0x3, 0xfe,

    /* U+B824 "려" */
    0xdf, 0xf9, 0x1, 0x3b, 0x3b, 0x82, 0x13, 0x0,
    0x20, 0x1b, 0xd8, 0x3b, 0xa1, 0x6, 0xe0, 0x5,
    0xff, 0x93, 0x6c, 0x0, 0x45, 0x26, 0x58, 0x15,
    0xff, 0x79, 0x0, 0x33, 0x75, 0x96, 0x60, 0x1f,
    0xe0,

    /* U+B825 "력" */
    0xef, 0xf9, 0x47, 0x57, 0xbf, 0xc3, 0x9e, 0x41,
    0xdd, 0x6, 0x69, 0x0, 0x2b, 0xb8, 0x7c, 0x40,
    0xb, 0xff, 0x76, 0x90, 0x68, 0x80, 0xa6, 0x16,
    0x9e, 0xdd, 0x44, 0xb, 0x80, 0xd1, 0x30, 0x7,
    0xf8,

    /* U+B85C "로" */
    0x0, 0x77, 0xff, 0x8, 0x5, 0xfd, 0xd6, 0x80,
    0x77, 0xf7, 0x5a, 0x1, 0xc3, 0x7f, 0xf8, 0x40,
    0x35, 0xff, 0xe5, 0x0, 0xbf, 0xce, 0x9f, 0xe5,
    0x0, 0x19, 0xc2, 0x6, 0x70, 0x97, 0x74, 0x8d,
    0xdd, 0x30,

    /* U+B85D "록" */
    0x0, 0x7f, 0xf8, 0x80, 0x26, 0x6e, 0x0, 0xe6,
    0x31, 0x19, 0xc0, 0x32, 0xa, 0xb1, 0x99, 0x80,
    0x68, 0x44, 0x0, 0x11, 0x72, 0x8e, 0x6e, 0xaa,
    0x77, 0x58, 0xc0, 0xb1, 0x1e, 0x23, 0x3, 0xff,
    0xe0, 0xf, 0xfe, 0x8,

    /* U+B864 "롤" */
    0x0, 0x67, 0x76, 0xf1, 0x0, 0x88, 0xcf, 0x10,
    0x80, 0x61, 0x77, 0xc4, 0x0, 0x18, 0xa1, 0x7c,
    0xc0, 0x0, 0xbe, 0x20, 0xa7, 0x10, 0xc8, 0x2e,
    0x45, 0x5c, 0x5f, 0x0, 0x1e, 0x73, 0x0, 0xc9,
    0xd3, 0x2e, 0xd1, 0x0, 0xd5, 0x99, 0x90, 0x0,

    /* U+B86F "롯" */
    0x0, 0x67, 0xff, 0x0, 0x67, 0x11, 0xc0, 0x1c,
    0xc9, 0x33, 0x40, 0x80, 0x51, 0xb9, 0x40, 0x18,
    0xba, 0xe5, 0xa, 0x65, 0xf0, 0x5f, 0xf4, 0x37,
    0xfd, 0x20, 0x22, 0xa, 0x62, 0x11, 0x81, 0x27,
    0x96, 0x72, 0xd8, 0x0, 0xc3, 0xb0, 0xdd, 0xa6,
    0x0,

    /* U+B8CC "료" */
    0x0, 0x6f, 0xff, 0x28, 0x5, 0x9d, 0xd8, 0x40,
    0x37, 0xf7, 0x61, 0x0, 0xc3, 0x5f, 0xf9, 0x40,
    0x35, 0x7f, 0xe8, 0x0, 0xbc, 0xe3, 0x86, 0xa0,
    0x0, 0x44, 0x1f, 0x30, 0x32, 0x12, 0xff, 0x2,
    0xf9, 0xdf, 0xc8,

    /* U+B958 "류" */
    0x0, 0x67, 0xff, 0x18, 0x4, 0xc4, 0x58, 0x3,
    0x99, 0x7b, 0xac, 0x20, 0xc, 0xf9, 0x99, 0x80,
    0x3, 0xd9, 0x9c, 0xa0, 0x5d, 0xb9, 0x9d, 0xb2,
    0x5f, 0xe0, 0xdf, 0x47, 0xf9, 0x0, 0xff, 0xe4,
    0x0,

    /* U+B974 "르" */
    0x0, 0x77, 0xff, 0x8, 0x5, 0xfd, 0xd6, 0x80,
    0x77, 0xf7, 0x5a, 0x1, 0xc3, 0x7f, 0xf8, 0x40,
    0x35, 0xff, 0xe5, 0x0, 0xbf, 0xfc, 0xa0, 0x3,
    0x3f, 0xc4, 0x3f, 0xff, 0x94,

    /* U+B978 "른" */
    0x0, 0x6f, 0xff, 0x0, 0x66, 0x11, 0xc0, 0x1c,
    0xcf, 0x11, 0x48, 0x80, 0x54, 0x1f, 0xf8, 0x0,
    0x39, 0x6a, 0xbd, 0xae, 0x31, 0x1f, 0x94, 0x13,
    0x5d, 0x13, 0x88, 0x0, 0xec, 0x1, 0xfd, 0x5f,
    0xf8, 0xc0,

    /* U+B984 "름" */
    0x0, 0x67, 0xff, 0x0, 0x6b, 0x66, 0x94, 0x3,
    0xa8, 0x84, 0x44, 0xe0, 0x19, 0x0, 0xcf, 0x10,
    0xd, 0x90, 0x7, 0x4b, 0xf, 0xee, 0x67, 0x7a,
    0x2, 0x44, 0xce, 0x85, 0x20, 0xa, 0xbb, 0x9e,
    0x1, 0xeb, 0xff, 0x70, 0x4,

    /* U+B9AC "리" */
    0xdf, 0xfb, 0x43, 0x93, 0x3b, 0x92, 0x1, 0x84,
    0x3, 0xee, 0xea, 0x40, 0x3a, 0xff, 0xda, 0x1,
    0x88, 0xa3, 0x10, 0x1, 0x47, 0xfc, 0x80, 0xc,
    0xed, 0xd6, 0x28, 0x7, 0xf8,

    /* U+B9B0 "린" */
    0xef, 0xf9, 0x83, 0x93, 0xbf, 0xc4, 0x1, 0xbb,
    0xfc, 0x46, 0x1, 0xab, 0xb5, 0x80, 0x23, 0xbf,
    0xf8, 0x40, 0x1b, 0xfd, 0xb8, 0x20, 0x15, 0xb8,
    0x4, 0x8e, 0x1, 0xea, 0x30, 0x4, 0x7f, 0xec,

    /* U+B9B4 "릴" */
    0xef, 0xf9, 0x83, 0x92, 0x22, 0x10, 0xd, 0x1c,
    0x12, 0x40, 0x11, 0xb4, 0xcc, 0x20, 0xd, 0xfe,
    0xe6, 0x8a, 0xb8, 0x3d, 0x56, 0x47, 0xd, 0x55,
    0xc0, 0x10, 0xcf, 0xfe, 0x40, 0x4, 0xff, 0xec,

    /* U+B9BC "림" */
    0xef, 0xfb, 0x43, 0x93, 0x37, 0x50, 0x1, 0xb3,
    0xfd, 0x4e, 0x1, 0xa3, 0x31, 0x22, 0x1, 0x57,
    0x73, 0x10, 0x1, 0xc8, 0x1, 0x50, 0x88, 0x0,
    0xbd, 0xd0, 0x88, 0x2, 0x11, 0x80, 0x32, 0xff,
    0xc2, 0x0,

    /* U+B9C1 "링" */
    0xef, 0xf9, 0x83, 0x5b, 0xfb, 0x84, 0x1, 0xbf,
    0xd8, 0x6, 0x1, 0xab, 0x74, 0xe0, 0x1a, 0xff,
    0xda, 0x40, 0xc, 0xd4, 0x0, 0x78, 0x21, 0x50,
    0x77, 0xf1, 0xb8, 0x7, 0xf4, 0x17, 0xfb, 0x99,
    0x40,

    /* U+B9C8 "마" */
    0xef, 0xfb, 0x43, 0xcc, 0x1, 0x5d, 0x20, 0x1e,
    0x11, 0x18, 0x4, 0xe2, 0x1, 0xf5, 0xd8, 0x3,
    0xec, 0xa0, 0xbf, 0xa0, 0xe, 0xfe, 0xeb, 0x0,
    0x30, 0x8f, 0x0, 0x7f, 0xf0, 0x40,

    /* U+B9C9 "막" */
    0xff, 0xc8, 0x1e, 0x60, 0xb, 0xf1, 0x0, 0x9c,
    0x3, 0xf5, 0xd0, 0x4e, 0x8, 0x5, 0x95, 0xa,
    0x8e, 0xc0, 0x19, 0xd5, 0x99, 0x9c, 0xc, 0x0,
    0xfc, 0xcc, 0xc, 0x0, 0x22, 0xe0, 0xf, 0xfe,
    0x0,

    /* U+B9CC "만" */
    0xff, 0xc8, 0x1e, 0x60, 0xb, 0xf1, 0x0, 0xff,
    0xe0, 0x6c, 0x85, 0x70, 0x80, 0x55, 0x3d, 0x98,
    0xd4, 0x0, 0x38, 0x8, 0x19, 0x0, 0x7a, 0x58,
    0x2, 0x31, 0x0, 0xfb, 0x8, 0x2, 0x8f, 0xfc,
    0xe0,

    /* U+B9D0 "말" */
    0xff, 0xc8, 0x1e, 0x60, 0xb, 0xf1, 0x0, 0xad,
    0x0, 0x88, 0x1, 0x88, 0xa8, 0xc0, 0x70, 0x4,
    0xb6, 0xfe, 0x60, 0x49, 0x4, 0x0, 0xf7, 0x79,
    0x4, 0x1, 0x8c, 0xd8, 0x3, 0xc, 0x7f, 0xe3,
    0x0, 0xa3, 0xff, 0x38, 0x0,

    /* U+BA54 "메" */
    0xf, 0xfb, 0x8b, 0xd7, 0x80, 0x17, 0x40, 0x1f,
    0x38, 0x80, 0x80, 0x7c, 0x38, 0x1, 0xf0, 0xe8,
    0x7, 0x65, 0x80, 0x7b, 0xba, 0xf0, 0xe, 0x11,
    0xc0, 0x1f, 0xfc, 0x10,

    /* U+BA74 "면" */
    0x88, 0xc6, 0x1a, 0xcc, 0xfb, 0x5c, 0xf2, 0x0,
    0x19, 0x82, 0xbc, 0x80, 0x4, 0x61, 0x5e, 0x40,
    0x57, 0xc1, 0x5c, 0x41, 0x99, 0x6a, 0x88, 0x5,
    0x30, 0x1, 0x39, 0x0, 0x7a, 0x90, 0x0, 0xdf,
    0xfa, 0x40,

    /* U+BAA8 "모" */
    0x0, 0x5f, 0xff, 0x18, 0x4, 0xf1, 0xdd, 0x0,
    0x7c, 0x23, 0x0, 0x7c, 0x23, 0x0, 0x73, 0xcf,
    0x73, 0xc4, 0x3, 0x5f, 0x49, 0x77, 0xc, 0x0,
    0x67, 0x70, 0x19, 0xc4, 0x3f, 0xf2, 0xf, 0xfc,
    0xa0,

    /* U+BAA9 "목" */
    0x0, 0x6f, 0xff, 0x20, 0x6, 0x9f, 0xf8, 0x3,
    0xd3, 0xff, 0x0, 0x61, 0xce, 0x82, 0xee, 0x28,
    0x17, 0x75, 0x5, 0xdd, 0x49, 0x7d, 0xdf, 0xba,
    0x40, 0x11, 0x1d, 0x68, 0x1, 0x66, 0x70, 0x80,
    0x7f, 0xf0, 0x0,

    /* U+BB34 "무" */
    0x0, 0x67, 0xff, 0x18, 0x6, 0x8f, 0xf8, 0x3,
    0xdc, 0x89, 0x0, 0x72, 0xaa, 0x22, 0x31, 0x0,
    0x15, 0xf7, 0x70, 0x9, 0x66, 0x6d, 0xcc, 0xa4,
    0xbb, 0xa8, 0x2e, 0xea, 0x0, 0x3f, 0xf9, 0x0,

    /* U+BB38 "문" */
    0x0, 0x6f, 0xff, 0x20, 0x6, 0x9f, 0xf8, 0x3,
    0xd7, 0x78, 0x3, 0xbb, 0x91, 0x16, 0x28, 0x17,
    0xe6, 0x7b, 0xa4, 0xbb, 0xaa, 0x1e, 0xea, 0x40,
    0x69, 0x44, 0xc4, 0x60, 0x9, 0x49, 0x34, 0x3,
    0xe9, 0xff, 0xce, 0x0,

    /* U+BB3C "물" */
    0x0, 0x77, 0xff, 0x8, 0x6, 0x8c, 0xc5, 0x0,
    0x73, 0x75, 0x53, 0x18, 0x40, 0xbd, 0xd9, 0xbb,
    0xe4, 0xbe, 0xa5, 0xe, 0x65, 0xd2, 0x0, 0xcc,
    0xb, 0x64, 0x80, 0x64, 0x4e, 0x0, 0xe3, 0xae,
    0xeb, 0xc4, 0x3, 0x5f, 0xfe, 0x50,

    /* U+BBF8 "미" */
    0xef, 0xfb, 0x43, 0x90, 0x2b, 0xa4, 0x3, 0x84,
    0x46, 0x1, 0xff, 0xc9, 0xbf, 0xa0, 0xd, 0xfd,
    0xd6, 0x0, 0x42, 0x3c, 0x1, 0xff, 0x0,

    /* U+BC00 "밀" */
    0xef, 0xf9, 0x83, 0x90, 0x2f, 0xc8, 0x3, 0x84,
    0x40, 0x1e, 0xae, 0x23, 0x0, 0xbb, 0xfe, 0x50,
    0x57, 0x7, 0xaa, 0xc8, 0xe1, 0xaa, 0xb8, 0x3,
    0x47, 0xfe, 0x40, 0x4, 0x7f, 0xed,

    /* U+BC1B "받" */
    0xf4, 0xe, 0x50, 0xf3, 0x0, 0x56, 0x88, 0x4,
    0xe0, 0xb, 0xf1, 0x0, 0xae, 0x82, 0x38, 0x40,
    0x2c, 0xa8, 0x54, 0x77, 0x0, 0x67, 0x27, 0x76,
    0xf8, 0x38, 0x0, 0x63, 0xbb, 0x20, 0x4, 0x23,
    0xc0, 0x1a, 0x7f, 0xf3, 0x0,

    /* U+BC29 "방" */
    0xf4, 0xe, 0x50, 0xf3, 0x0, 0x45, 0x88, 0x4,
    0xe0, 0x4, 0xe1, 0x0, 0xae, 0x80, 0xb4, 0x40,
    0x2c, 0xa5, 0x13, 0x46, 0x0, 0xd5, 0x42, 0x6e,
    0xb2, 0x20, 0x2, 0x83, 0xfd, 0xc4, 0x40, 0x3,
    0x89, 0x90, 0x80, 0x6e, 0x3f, 0xf4, 0xc8, 0xc0,

    /* U+BC84 "버" */
    0xf4, 0x4, 0xe0, 0x4e, 0x0, 0xfe, 0xfa, 0xf0,
    0x11, 0x0, 0xb, 0x48, 0x7a, 0x80, 0x1a, 0xfa,
    0x3f, 0x60, 0xb, 0xeb, 0x0, 0xdd, 0xcf, 0xef,
    0x0, 0x84, 0x78, 0x3, 0xfe,

    /* U+BC88 "번" */
    0xe4, 0xd, 0x60, 0x5d, 0x0, 0x57, 0x16, 0xc7,
    0x80, 0x51, 0x84, 0xe6, 0xc0, 0x10, 0xb1, 0xd5,
    0xc8, 0x1, 0x33, 0xd4, 0x80, 0x35, 0x52, 0x6d,
    0x0, 0x39, 0xa0, 0x2, 0x17, 0x0, 0xf9, 0x28,
    0x2, 0x5f, 0xfe, 0x0,

    /* U+BCC0 "변" */
    0xe4, 0xd, 0x95, 0x8d, 0x0, 0x57, 0x11, 0x30,
    0xc0, 0x28, 0xc2, 0x3a, 0xc0, 0xf, 0x3e, 0x40,
    0x0, 0xaf, 0xc2, 0xbe, 0x80, 0x19, 0x96, 0xa8,
    0x7, 0x35, 0x80, 0x42, 0xe0, 0x1f, 0x25, 0x0,
    0x4b, 0xff, 0xc0,

    /* U+BCC4 "별" */
    0xe5, 0x16, 0xe5, 0x8d, 0xa, 0xe9, 0xd, 0x30,
    0x5, 0xfc, 0x80, 0x75, 0xfc, 0x87, 0x10, 0x77,
    0xfd, 0xcd, 0xae, 0x9, 0x55, 0xa1, 0xc0, 0x95,
    0x71, 0x80, 0x43, 0xff, 0xb4, 0x0, 0x3f, 0xfc,

    /* U+BCF4 "보" */
    0x0, 0x4a, 0x0, 0x54, 0x60, 0x12, 0x61, 0x9c,
    0xae, 0x1, 0x9b, 0xba, 0x0, 0xf4, 0x66, 0x40,
    0x1c, 0x33, 0xdd, 0x0, 0x76, 0x7c, 0x97, 0xf9,
    0x0, 0x6, 0x77, 0x1, 0x9c, 0x43, 0xff, 0x20,
    0xff, 0xca,

    /* U+BD80 "부" */
    0x0, 0x6b, 0x88, 0xde, 0x80, 0x1a, 0x3b, 0xa0,
    0xf, 0x47, 0x74, 0x1, 0xc3, 0x1d, 0xd0, 0x6,
    0x2e, 0xdd, 0xe6, 0x12, 0xcc, 0xb7, 0x59, 0x94,
    0x97, 0x75, 0x25, 0xdd, 0x40, 0x7, 0xff, 0x20,

    /* U+BD84 "분" */
    0x0, 0x6c, 0x19, 0xde, 0x80, 0x19, 0xbb, 0xa0,
    0xf, 0x2a, 0xe0, 0xe, 0x8d, 0xee, 0xa5, 0x40,
    0xbe, 0xa6, 0x7b, 0xa4, 0xbb, 0xa8, 0x2e, 0xea,
    0x40, 0x69, 0x49, 0x84, 0x60, 0x9, 0x49, 0x6c,
    0x3, 0xe9, 0xff, 0xce, 0x0,

    /* U+BD88 "불" */
    0x0, 0x6f, 0xf7, 0x5e, 0x80, 0x19, 0x62, 0x20,
    0xe, 0xa2, 0xee, 0x9d, 0x80, 0xba, 0x59, 0xbb,
    0x20, 0xba, 0xad, 0xc2, 0xed, 0xf0, 0x0, 0xcf,
    0x34, 0xfa, 0x50, 0x8, 0x9d, 0xf0, 0x7, 0x3d,
    0xee, 0xde, 0x80, 0x1a, 0x7f, 0xf3, 0x80,

    /* U+BE44 "비" */
    0xe4, 0x5, 0xe0, 0xe4, 0x0, 0xfe, 0xbf, 0xa0,
    0xe, 0xae, 0x90, 0xe, 0x11, 0x18, 0x7, 0x5f,
    0x50, 0x6, 0xfe, 0xfe, 0xf0, 0x8, 0x47, 0x80,
    0x3f, 0xe0,

    /* U+C0AC "사" */
    0x0, 0x17, 0x88, 0x3, 0xcc, 0x3, 0xff, 0x82,
    0x20, 0x40, 0x1f, 0x58, 0x58, 0x5, 0x94, 0x4,
    0xef, 0x10, 0x2, 0xe8, 0xfd, 0xa1, 0xf0, 0xc1,
    0xc0, 0x6a, 0x42, 0x2c, 0xc0, 0x22, 0x70, 0x9,
    0x40, 0x3f, 0xf8, 0x40,

    /* U+C0B0 "산" */
    0x0, 0x36, 0x80, 0xf, 0xc0, 0x30, 0x98, 0x7,
    0xeb, 0x15, 0x0, 0xb9, 0x82, 0x43, 0x29, 0xc0,
    0x1e, 0xce, 0xdc, 0x79, 0xe0, 0x1, 0x7, 0xc3,
    0x3, 0x80, 0xe, 0x3f, 0x50, 0x0, 0x98, 0x7,
    0xe2, 0xc0, 0xe, 0xaf, 0xfc, 0x80,

    /* U+C0C1 "상" */
    0x0, 0x17, 0x80, 0x5e, 0x60, 0x10, 0x80, 0x80,
    0x4e, 0x1, 0x58, 0x48, 0x5, 0x74, 0xa, 0xf6,
    0xd2, 0x21, 0x94, 0x75, 0x44, 0xc0, 0x10, 0x8,
    0xf5, 0x27, 0xd2, 0xc8, 0x80, 0x2, 0xa3, 0xef,
    0xe2, 0x20, 0x4, 0xe0, 0x44, 0x10, 0xe, 0xe1,
    0xff, 0x4c, 0x8c, 0x0,

    /* U+C0C9 "색" */
    0x0, 0xfc, 0x60, 0x11, 0xd8, 0x17, 0xa6, 0x0,
    0x4c, 0xa0, 0x1f, 0xb0, 0x4c, 0x1, 0x60, 0x12,
    0xb4, 0x6b, 0x85, 0x80, 0x6, 0xe9, 0xe0, 0x80,
    0x30, 0xf3, 0x74, 0x40, 0x2c, 0x3, 0x1f, 0xfb,
    0xb9, 0x60, 0x1c, 0x23, 0x9c, 0x3, 0xff, 0x80,

    /* U+C0DD "생" */
    0x0, 0x36, 0x1, 0xfa, 0x70, 0x0, 0x44, 0x1,
    0x8, 0x5, 0x64, 0x60, 0xa, 0x0, 0x39, 0x46,
    0xa0, 0x58, 0x14, 0xeb, 0xc0, 0x80, 0x45, 0xc6,
    0xbb, 0x63, 0x8, 0x0, 0x3a, 0xef, 0xd6, 0x60,
    0x1, 0xc1, 0x88, 0x86, 0x20, 0x4, 0x8e, 0xff,
    0x17, 0x80,

    /* U+C11C "서" */
    0x0, 0x17, 0x88, 0x1, 0x78, 0x3, 0xfe, 0x10,
    0x24, 0xeb, 0x0, 0xac, 0x29, 0x32, 0x0, 0x6,
    0xf2, 0xca, 0x46, 0x9, 0xb0, 0xd5, 0x45, 0x0,
    0x2c, 0x38, 0x2e, 0x28, 0x0, 0x58, 0x2, 0x30,
    0xf, 0xfe, 0x0,

    /* U+C124 "설" */
    0x0, 0xf, 0x90, 0x1, 0x78, 0x2, 0x30, 0x64,
    0xfa, 0x0, 0xd0, 0x72, 0xbf, 0x60, 0x1, 0xa7,
    0xca, 0xf3, 0x0, 0x84, 0xf0, 0x1f, 0x4d, 0xd4,
    0x1, 0x25, 0x54, 0x9a, 0xf5, 0x0, 0x9d, 0x57,
    0x18, 0x7, 0xf, 0xfe, 0xe0, 0xc, 0x3f, 0xfc,
    0x0,

    /* U+C131 "성" */
    0x0, 0x17, 0x80, 0x49, 0xc0, 0x10, 0x80, 0xaf,
    0xd8, 0x6, 0xa0, 0x95, 0xea, 0x0, 0x99, 0xf1,
    0x68, 0xc4, 0x0, 0x93, 0x47, 0x80, 0x1c, 0x9a,
    0x8f, 0xeb, 0xb4, 0xe0, 0x2, 0x38, 0xdf, 0xf4,
    0xb8, 0x7, 0x38, 0xf, 0x80, 0x63, 0x99, 0x7f,
    0x8f, 0x0,

    /* U+C138 "세" */
    0x0, 0x6a, 0x82, 0x73, 0x68, 0x7, 0xff, 0x0,
    0xe2, 0x40, 0x38, 0xba, 0xa8, 0x1, 0x94, 0x18,
    0xcc, 0x1, 0x15, 0xd2, 0x69, 0x0, 0x4a, 0xeb,
    0x56, 0x60, 0x13, 0xc8, 0x1, 0xc4, 0x3, 0xff,
    0x80,

    /* U+C13C "센" */
    0x0, 0x27, 0x0, 0x3d, 0xbc, 0x2, 0x10, 0x14,
    0x0, 0xf6, 0x8a, 0xf8, 0x7, 0xb, 0x17, 0xd8,
    0x6, 0x1c, 0x4c, 0x78, 0x0, 0xc3, 0x16, 0x5b,
    0x0, 0x1c, 0xa7, 0x80, 0xb, 0x53, 0x0, 0xe3,
    0x4, 0x3c, 0x0, 0xed, 0xff, 0xc4,

    /* U+C18C "소" */
    0x0, 0xcd, 0xa0, 0x1f, 0xb0, 0x84, 0x3, 0xca,
    0xa3, 0xa0, 0xc, 0x95, 0x4b, 0xc0, 0xe7, 0x0,
    0x11, 0xf3, 0x25, 0xd7, 0x0, 0x1a, 0x45, 0x24,
    0x12, 0x40, 0x6, 0x77, 0x1, 0x9c, 0x43, 0xff,
    0x20, 0xff, 0xca,

    /* U+C18D "속" */
    0x0, 0xd3, 0x80, 0x1e, 0x29, 0x70, 0xb3, 0x0,
    0xa6, 0x5d, 0x51, 0xb1, 0xa0, 0xb, 0x95, 0xd8,
    0x49, 0xf1, 0x2d, 0xd9, 0x8f, 0x76, 0x82, 0xfb,
    0xbf, 0x74, 0x81, 0x44, 0x75, 0xa8, 0x0, 0xb3,
    0x38, 0x3, 0xff, 0x82,

    /* U+C1A1 "송" */
    0x0, 0xcf, 0xc0, 0x1e, 0x38, 0x95, 0xc5, 0x10,
    0x3, 0x47, 0xd6, 0xc7, 0xe0, 0x0, 0xf8, 0xb6,
    0x7, 0xe0, 0xc7, 0xfe, 0x34, 0xff, 0x94, 0x6a,
    0xcd, 0x9c, 0x7a, 0x98, 0x1, 0xa7, 0xfe, 0xeb,
    0x30, 0x8, 0x48, 0xa6, 0x7, 0x0, 0xb8, 0xff,
    0xdd, 0x8, 0x0,

    /* U+C1C4 "쇄" */
    0x0, 0xf8, 0x48, 0x1, 0x68, 0x9, 0xcf, 0xe0,
    0x4, 0xc0, 0xf, 0x51, 0xb3, 0x0, 0x33, 0xb6,
    0xec, 0x22, 0x80, 0x7c, 0xa6, 0xb1, 0x13, 0x0,
    0x4e, 0x60, 0x17, 0x5, 0xf9, 0xcf, 0xe0, 0x5,
    0x7f, 0xfb, 0x0, 0x3f, 0xf8, 0xa9, 0xcf, 0xe0,

    /* U+C218 "수" */
    0x0, 0xcf, 0xa0, 0x1f, 0x1c, 0x9b, 0x80, 0x65,
    0xce, 0xaf, 0xde, 0x90, 0x2, 0x7e, 0xa0, 0xd7,
    0xe8, 0x17, 0xef, 0x76, 0xfa, 0x82, 0xcc, 0xa4,
    0xf3, 0x29, 0x2, 0x28, 0x40, 0x8a, 0x10, 0xf,
    0xfe, 0x40,

    /* U+C2A4 "스" */
    0x0, 0xcd, 0xa0, 0x1f, 0xb4, 0x88, 0x1, 0xe9,
    0x66, 0x79, 0x80, 0x4f, 0xc5, 0x93, 0x7b, 0x82,
    0xb, 0xb6, 0x20, 0xdd, 0x2, 0x4, 0x60, 0x1c,
    0x80, 0x39, 0x9f, 0x9c, 0x62, 0x3f, 0x28,

    /* U+C2AC "슬" */
    0x0, 0xd3, 0x80, 0x1c, 0x29, 0x64, 0xb8, 0xc6,
    0x0, 0x4c, 0x8b, 0x9f, 0xf4, 0x81, 0x53, 0xe7,
    0xfb, 0x19, 0x64, 0xbe, 0x67, 0xdd, 0x20, 0xe,
    0xff, 0xd2, 0x1, 0x95, 0x9b, 0x0, 0x71, 0xdf,
    0xfe, 0x10, 0xd, 0x7f, 0xf9, 0x40,

    /* U+C2B5 "습" */
    0x0, 0xcf, 0xc0, 0x1f, 0x34, 0x95, 0x90, 0x4,
    0xff, 0xb9, 0x8d, 0xfd, 0x0, 0x1d, 0xc0, 0x9a,
    0xf4, 0x91, 0x26, 0x5d, 0xdd, 0x2a, 0x5b, 0x5f,
    0xbb, 0x57, 0xb8, 0x2, 0x77, 0xfe, 0x87, 0x0,
    0xd5, 0xff, 0x8, 0x7, 0x57, 0xfc, 0x20, 0x0,

    /* U+C2B9 "승" */
    0x0, 0xcf, 0xc0, 0x1f, 0x34, 0x95, 0x10, 0x4,
    0xfb, 0xfe, 0xcd, 0xcd, 0x0, 0x14, 0x62, 0x29,
    0x5d, 0x88, 0x73, 0x3e, 0xf7, 0x19, 0x80, 0x54,
    0x2d, 0x95, 0x0, 0x69, 0xff, 0xba, 0xcc, 0x2,
    0x12, 0x29, 0x81, 0xc0, 0x2e, 0x3f, 0xf7, 0x42,
    0x0,

    /* U+C2DC "시" */
    0x0, 0xbc, 0xc0, 0x1c, 0x80, 0x1f, 0xf0, 0x83,
    0x80, 0x79, 0xc3, 0x40, 0x38, 0x61, 0x98, 0x60,
    0x11, 0x62, 0xcc, 0x69, 0x0, 0xd, 0x6c, 0x1e,
    0xc8, 0x0, 0x30, 0x1, 0x28, 0x7, 0xff, 0x0,

    /* U+C2DD "식" */
    0x0, 0xbd, 0x0, 0x1c, 0xa0, 0x1f, 0xf2, 0x6,
    0x80, 0x71, 0x52, 0xb3, 0x0, 0x23, 0xd4, 0xab,
    0x82, 0x0, 0x1d, 0xbf, 0x50, 0x60, 0x90, 0x27,
    0xe6, 0x61, 0x20, 0x1, 0x17, 0x0, 0x7f, 0xc0,

    /* U+C2E0 "신" */
    0x0, 0xb5, 0xc0, 0x9, 0xc0, 0x1f, 0xfc, 0x11,
    0x2c, 0x0, 0xfa, 0xcd, 0x5c, 0x3, 0xa9, 0x3b,
    0x66, 0x40, 0x1b, 0x34, 0xf, 0xa0, 0x3, 0x33,
    0x30, 0x0, 0x2e, 0xa0, 0x1f, 0x8e, 0xc0, 0x30,
    0xff, 0xf0, 0x80,

    /* U+C2E4 "실" */
    0x0, 0xb5, 0x40, 0x9, 0xc0, 0x18, 0x88, 0x1,
    0xf3, 0x4, 0x88, 0x7, 0x34, 0xdb, 0xfa, 0x80,
    0x6f, 0xb4, 0x9a, 0x77, 0x28, 0x2, 0x5e, 0xa9,
    0xd1, 0xea, 0x1, 0x3a, 0xae, 0x30, 0xc, 0x22,
    0xff, 0xdc, 0x1, 0x87, 0xff, 0x80,

    /* U+C2EC "심" */
    0x0, 0xb5, 0x80, 0x9, 0xc0, 0x11, 0x88, 0x7,
    0x8c, 0x6c, 0x3, 0x87, 0x94, 0x6c, 0x40, 0x2c,
    0x7a, 0xc0, 0x60, 0xb, 0x3b, 0xf9, 0x22, 0xc4,
    0x4, 0x6e, 0xea, 0xc4, 0x3, 0x8, 0xc0, 0x1c,
    0x3f, 0xf5, 0x80,

    /* U+C544 "아" */
    0x2, 0xcf, 0xa0, 0x7, 0x98, 0x2, 0x5b, 0x9d,
    0xc0, 0x1c, 0x92, 0x37, 0x60, 0xc, 0x20, 0x40,
    0x62, 0x0, 0xca, 0x10, 0x20, 0x26, 0x0, 0x5d,
    0x2, 0xfa, 0x4e, 0x80, 0x1c, 0x1, 0x4b, 0x12,
    0xc0, 0x1e, 0x9c, 0x70, 0xf, 0xfe, 0x18,

    /* U+C548 "안" */
    0x4, 0xdf, 0xb1, 0xf, 0x30, 0x5, 0xc7, 0x8d,
    0x80, 0x62, 0x5, 0xf, 0x70, 0x4, 0x31, 0xb,
    0x9c, 0xa0, 0x0, 0xc8, 0x33, 0x1c, 0xb2, 0x0,
    0xb4, 0x2, 0x9c, 0x90, 0xf, 0xa2, 0x40, 0x23,
    0x10, 0xf, 0xd8, 0x40, 0x19, 0xff, 0xf3, 0x80,

    /* U+C54A "않" */
    0x5, 0xdf, 0xb1, 0xf, 0x30, 0x1a, 0x9e, 0xb,
    0x0, 0x29, 0x0, 0x18, 0x48, 0x40, 0x18, 0x83,
    0x1b, 0xc9, 0x20, 0x9, 0x60, 0x5d, 0xff, 0x37,
    0xa8, 0x5, 0x2a, 0x3f, 0x42, 0x9e, 0x1, 0xd8,
    0xe4, 0xfa, 0x1, 0x79, 0x42, 0xfa, 0x30, 0x4,
    0xf9, 0xe3, 0xa0, 0xa0,

    /* U+C54C "알" */
    0x6, 0xef, 0xb2, 0xf, 0x30, 0x19, 0xaf, 0x18,
    0x0, 0x5a, 0x0, 0x7e, 0x10, 0x1a, 0x9e, 0x1b,
    0x0, 0x52, 0x2, 0xe7, 0xd0, 0xa, 0x8, 0x4,
    0xd7, 0x79, 0x4, 0x2, 0xd4, 0x4c, 0x1, 0xc2,
    0xff, 0xf7, 0x18, 0x6, 0x6e, 0xec, 0xe0,

    /* U+C558 "았" */
    0x3, 0xdf, 0xc3, 0xf, 0x30, 0x6, 0xd7, 0xa7,
    0x0, 0x18, 0x40, 0x4c, 0x38, 0xc0, 0x12, 0xc1,
    0x37, 0x93, 0x60, 0xf, 0x70, 0x6e, 0xff, 0x28,
    0x7, 0x85, 0x40, 0x9, 0x26, 0x1, 0x1c, 0x90,
    0x7f, 0x80, 0x34, 0x87, 0x1a, 0x38, 0x80, 0x25,
    0xfa, 0xf6, 0x1b, 0xc8, 0x2f, 0x5, 0xf5, 0xe3,
    0x8,

    /* U+C57D "약" */
    0x4, 0xdf, 0xa0, 0x7, 0xa0, 0x2, 0xe3, 0xc6,
    0x0, 0x17, 0x46, 0xa, 0x18, 0x60, 0xb, 0xa3,
    0x1b, 0x79, 0xc0, 0x5, 0xd0, 0x60, 0x5b, 0x38,
    0x3, 0x28, 0x9, 0x89, 0xbb, 0x80, 0xe0, 0x17,
    0xe6, 0x60, 0x70, 0x8, 0x8b, 0x80, 0x3f, 0xf8,
    0x20,

    /* U+C591 "양" */
    0x4, 0xdf, 0xa1, 0xf, 0x62, 0xb, 0x8f, 0x18,
    0x0, 0x5d, 0x10, 0x28, 0x61, 0x0, 0x26, 0x8,
    0x6d, 0xe7, 0x0, 0x17, 0x41, 0x83, 0x72, 0xe0,
    0xc, 0xa0, 0x2b, 0x5a, 0xdb, 0x22, 0x0, 0x54,
    0x7d, 0xfc, 0x44, 0x0, 0x9c, 0x8, 0x82, 0x1,
    0xdc, 0x3f, 0xe9, 0x91, 0x80,

    /* U+C5B4 "어" */
    0x1, 0xbf, 0xb1, 0x4, 0xe0, 0xb0, 0xe1, 0xb0,
    0xc, 0xb0, 0x32, 0xa2, 0x20, 0x8, 0x40, 0x43,
    0xa8, 0x0, 0x2c, 0xc, 0x3f, 0x60, 0x7, 0x94,
    0x87, 0x0, 0xd2, 0xb0, 0x92, 0x1, 0xd1, 0x90,
    0x1, 0xff, 0xc1,

    /* U+C5B8 "언" */
    0x2, 0xcf, 0xd4, 0x4, 0xe0, 0x7, 0xaf, 0x5d,
    0x88, 0x40, 0x22, 0xb1, 0x60, 0xda, 0x0, 0x8e,
    0xe, 0x7, 0xec, 0x2, 0xd3, 0xe2, 0xc0, 0xe,
    0x19, 0xca, 0x20, 0xf, 0x2f, 0x0, 0x4e, 0x80,
    0x1f, 0x8e, 0x80, 0x3b, 0xff, 0x84,

    /* U+C5C5 "업" */
    0x3, 0xcf, 0xc3, 0x4, 0xe0, 0xda, 0xfa, 0xd5,
    0xc0, 0x0, 0x90, 0x10, 0xe9, 0x0, 0x2a, 0x9d,
    0x54, 0x8e, 0x0, 0x2f, 0x7f, 0x28, 0x7, 0x25,
    0x8, 0xc0, 0xa0, 0x1, 0x4e, 0xea, 0xd4, 0x3,
    0x7f, 0xd6, 0x1, 0xdf, 0xf5, 0x80,

    /* U+C5C6 "없" */
    0x4, 0xdf, 0xc2, 0x9, 0xa0, 0x5, 0x5f, 0xaf,
    0x29, 0x0, 0x42, 0x41, 0xc2, 0x4e, 0x1, 0x4d,
    0xf4, 0xf3, 0xa8, 0x4, 0xdf, 0xee, 0x30, 0x13,
    0x0, 0x3c, 0xf, 0x9, 0x34, 0x80, 0x3d, 0xf8,
    0x4d, 0x84, 0x40, 0x13, 0x70, 0x3, 0xc6, 0x0,
    0x26, 0xe0, 0x80, 0xf4, 0x40, 0x47, 0xf7, 0xd5,
    0x8e, 0xa0,

    /* U+C5C8 "었" */
    0x3, 0xcf, 0xc2, 0xa, 0x90, 0x6, 0xa7, 0x2c,
    0x88, 0x6, 0x1a, 0x1d, 0x4e, 0x50, 0x8, 0xe1,
    0x3d, 0xbd, 0x40, 0x2d, 0x38, 0x39, 0x0, 0xe1,
    0x98, 0x80, 0x1f, 0xd0, 0x4, 0x76, 0x41, 0xda,
    0x60, 0x14, 0x87, 0x21, 0x30, 0x80, 0x25, 0xfa,
    0xea, 0x53, 0xc4, 0x2f, 0x5, 0xf5, 0xab, 0x4,

    /* U+C5D0 "에" */
    0x5, 0xed, 0x21, 0xf5, 0xe0, 0xaa, 0x24, 0x0,
    0x63, 0x14, 0xd4, 0x30, 0x9, 0xc0, 0xe, 0x3a,
    0x1, 0x38, 0x83, 0x8f, 0x0, 0x46, 0x2f, 0xee,
    0x1, 0xdb, 0x83, 0x0, 0x1c, 0x77, 0x42, 0x1,
    0xff, 0xc1,

    /* U+C5ED "역" */
    0x2, 0xcf, 0xc3, 0x26, 0xe0, 0xe4, 0xf5, 0xcf,
    0xb0, 0x1, 0xd8, 0x68, 0x6c, 0x0, 0xa, 0x4f,
    0xc3, 0xa8, 0x1, 0xc9, 0x8d, 0xdc, 0xa0, 0x1,
    0xd8, 0x17, 0x7d, 0x8, 0x1, 0x7b, 0xb4, 0x88,
    0x4, 0x23, 0x8c, 0x3, 0xfc,

    /* U+C5F0 "연" */
    0x2, 0xcf, 0xc2, 0x5, 0xe0, 0x7, 0xa7, 0x2e,
    0xfd, 0x0, 0x45, 0x43, 0x41, 0xf4, 0x1, 0x15,
    0xd, 0x6, 0xd8, 0x5, 0xe7, 0xe5, 0xba, 0xb0,
    0x8, 0xaf, 0xec, 0x80, 0x3c, 0xd8, 0x1, 0xa,
    0x80, 0x7e, 0x4b, 0x0, 0xc5, 0xff, 0xc2,

    /* U+C5F4 "열" */
    0x4, 0xdf, 0xeb, 0xb6, 0x70, 0x55, 0xfb, 0xac,
    0x58, 0x0, 0x48, 0x38, 0x7e, 0x80, 0x15, 0x4e,
    0xab, 0xfa, 0x0, 0x2e, 0xba, 0xe5, 0xd8, 0x40,
    0x21, 0x0, 0x98, 0x40, 0xa, 0xef, 0x94, 0x3,
    0x17, 0xfe, 0xe0, 0x8, 0xbf, 0xf8,

    /* U+C5FD "엽" */
    0x3, 0xdf, 0xec, 0xc6, 0xf0, 0x6d, 0xfb, 0x97,
    0xd0, 0x0, 0x4c, 0x38, 0x62, 0xc0, 0x15, 0x7d,
    0x54, 0xe4, 0x0, 0x2f, 0x7e, 0xaa, 0xb4, 0x2,
    0x49, 0x0, 0x85, 0x40, 0x4, 0xff, 0xf5, 0xa8,
    0x4, 0x7f, 0xf5, 0x80, 0x63, 0xff, 0xac, 0x0,

    /* U+C601 "영" */
    0x2, 0xcf, 0xc4, 0x37, 0xe0, 0x7, 0xdf, 0xad,
    0xfd, 0x0, 0x44, 0xa1, 0xa1, 0x90, 0x1, 0x14,
    0xac, 0x7, 0xd0, 0x5, 0xef, 0x6d, 0xdf, 0x40,
    0x11, 0x64, 0xa7, 0x7d, 0xb8, 0x4, 0x71, 0xbf,
    0xe9, 0x70, 0xe, 0x70, 0x1f, 0x0, 0xc7, 0x32,
    0xff, 0x1e, 0x0,

    /* U+C608 "예" */
    0x4, 0xee, 0x20, 0xfb, 0x70, 0x55, 0xb5, 0xf0,
    0x4, 0x42, 0xb6, 0x18, 0x1, 0x8, 0x0, 0x40,
    0x40, 0x21, 0x0, 0x8, 0x40, 0x4, 0x44, 0x89,
    0x23, 0x0, 0xdc, 0x83, 0xf0, 0x1, 0x8f, 0x2c,
    0x80, 0x3f, 0xf8, 0x20,

    /* U+C624 "오" */
    0x0, 0xc, 0xf7, 0xe2, 0x0, 0x6a, 0x2c, 0xfa,
    0xb2, 0x0, 0x93, 0xc8, 0x18, 0x90, 0x2, 0x3d,
    0x0, 0x19, 0x28, 0x5, 0xcb, 0xfd, 0xb0, 0x60,
    0x11, 0x64, 0x9f, 0x38, 0x4, 0x67, 0x70, 0x19,
    0xc4, 0x3f, 0xf2, 0xf, 0xfc, 0xa0,

    /* U+C628 "온" */
    0x0, 0x1d, 0xf7, 0xeb, 0x80, 0x6d, 0x3f, 0xfa,
    0x14, 0x2, 0x66, 0x55, 0x3c, 0x90, 0x2, 0x8f,
    0x24, 0xed, 0x10, 0x2f, 0xf7, 0x30, 0xe7, 0xfa,
    0x4b, 0xbb, 0xf4, 0x80, 0xc1, 0x8, 0xf0, 0x4,
    0xec, 0x1, 0xfd, 0x5f, 0xf9, 0xc0,

    /* U+C644 "완" */
    0x3, 0xcf, 0xe6, 0xe, 0x50, 0x7, 0xa7, 0xec,
    0x88, 0x6, 0x45, 0x88, 0x10, 0x84, 0x40, 0x22,
    0x5c, 0xf4, 0x1, 0x54, 0x6c, 0x80, 0x5d, 0xb0,
    0x22, 0x3c, 0x7e, 0x7f, 0xa8, 0x2, 0x14, 0xa7,
    0x22, 0xa, 0x88, 0x4, 0x84, 0x1, 0x5a, 0x0,
    0x69, 0xff, 0xce, 0x0,

    /* U+C65C "왜" */
    0x7, 0xee, 0x2a, 0x7a, 0xf1, 0x46, 0xdd, 0x0,
    0x66, 0x13, 0x40, 0x10, 0x9, 0x2, 0xa8, 0x62,
    0x16, 0x0, 0xf6, 0xc, 0x0, 0x40, 0x0, 0x58,
    0xc0, 0x23, 0x9, 0xf5, 0x7f, 0xe0, 0xa, 0x7b,
    0xfe, 0xe0, 0xc, 0x20, 0x1f, 0x0,

    /* U+C678 "외" */
    0x1, 0xbf, 0xd5, 0x4, 0xe0, 0xa1, 0xe8, 0xa2,
    0x0, 0x9b, 0x5, 0x41, 0x80, 0x25, 0x87, 0xb2,
    0x40, 0xa, 0x2e, 0xb, 0x0, 0x39, 0x47, 0x4,
    0x2, 0x7d, 0xd0, 0xd7, 0x7e, 0x83, 0x7f, 0xb7,
    0x5f, 0xda, 0x2, 0x45, 0x84, 0x40, 0x0,

    /* U+C694 "요" */
    0x0, 0xc, 0xf7, 0xe2, 0x0, 0x6a, 0x2c, 0xf9,
    0xb3, 0x0, 0x93, 0xc8, 0x14, 0x94, 0x2, 0x3f,
    0x21, 0x62, 0x50, 0xb, 0x53, 0x3e, 0x5c, 0xc0,
    0x21, 0xa, 0xe2, 0xe0, 0x8, 0xcc, 0x4, 0x61,
    0xc6, 0x43, 0xfe, 0x3a, 0xf1, 0x4f, 0x50,

    /* U+C6A9 "용" */
    0x0, 0x26, 0x77, 0x52, 0x1, 0xaa, 0xfb, 0x9e,
    0xca, 0x1, 0x5c, 0x6e, 0xbd, 0x10, 0x0, 0x27,
    0xa, 0x93, 0xc3, 0x12, 0xff, 0x15, 0x48, 0x57,
    0xb1, 0x6e, 0x20, 0x83, 0x46, 0xb8, 0x3, 0xf,
    0xfd, 0xd4, 0x80, 0x11, 0x91, 0x4c, 0x2, 0x1,
    0x69, 0xff, 0xba, 0x14, 0x0,

    /* U+C6B4 "운" */
    0x0, 0x1d, 0xf7, 0xeb, 0x80, 0x6e, 0x3f, 0xf7,
    0x42, 0x0, 0x4e, 0x8e, 0xd4, 0x2c, 0x1, 0x57,
    0x80, 0xe7, 0x10, 0x17, 0xfb, 0x26, 0x2b, 0xfd,
    0x25, 0xdd, 0x41, 0x77, 0x52, 0x3, 0x4, 0x6a,
    0x23, 0x0, 0x4e, 0xc9, 0x0, 0x1f, 0x57, 0xfe,
    0x70,

    /* U+C6CC "워" */
    0x2, 0xcf, 0xd4, 0x5, 0xd0, 0x85, 0xfb, 0xa0,
    0xc, 0x64, 0x4e, 0x30, 0xd, 0x5, 0xc5, 0xe0,
    0x13, 0x59, 0xb0, 0xce, 0x0, 0x17, 0x3d, 0x73,
    0xa4, 0xc0, 0xd9, 0x40, 0xc2, 0xa4, 0x3, 0xcb,
    0xf4, 0x1, 0xfe,

    /* U+C6D0 "원" */
    0x3, 0xcf, 0xd5, 0xe, 0x50, 0x86, 0xfe, 0xb0,
    0xd, 0xe9, 0xdb, 0x0, 0x11, 0x12, 0x59, 0x9c,
    0xa0, 0x1, 0xfe, 0x36, 0xf6, 0x0, 0x1c, 0xcb,
    0x8f, 0x30, 0x20, 0x17, 0x78, 0x5f, 0x88, 0x4,
    0x39, 0xa0, 0xd, 0x40, 0xa, 0x7f, 0xec, 0xd0,

    /* U+C6E8 "웨" */
    0x7, 0xee, 0x29, 0xfb, 0x70, 0xc6, 0x55, 0x0,
    0x30, 0x83, 0x90, 0x80, 0x75, 0xf6, 0xe8, 0x3,
    0x2f, 0x8, 0xa2, 0xc0, 0x26, 0xc1, 0x17, 0x68,
    0x4, 0x6c, 0x44, 0xfa, 0x0, 0xfa, 0xb0, 0x3,
    0xaa, 0x80, 0x1c,

    /* U+C704 "위" */
    0x2, 0xcf, 0xe7, 0x5, 0xe0, 0x95, 0xfd, 0x82,
    0x0, 0x8d, 0x55, 0x62, 0x60, 0x14, 0x4e, 0xff,
    0x84, 0x0, 0xbb, 0xb, 0x5f, 0xe2, 0x4, 0xee,
    0x5, 0x67, 0x10, 0x9, 0x98, 0x4, 0x84, 0x3,
    0xff, 0x90,

    /* U+C720 "유" */
    0x0, 0x15, 0xf7, 0xea, 0x80, 0x6e, 0x2f, 0xf4,
    0xd1, 0x80, 0x4e, 0x45, 0x80, 0x40, 0x2a, 0x2e,
    0xcd, 0xb2, 0x0, 0x8, 0x46, 0x7d, 0x28, 0x81,
    0x77, 0x7e, 0x92, 0xff, 0x5, 0xf9, 0x4f, 0xc8,
    0x7, 0xff, 0x20,

    /* U+C721 "육" */
    0x0, 0x1d, 0xf7, 0xeb, 0x80, 0x6d, 0x3e, 0xff,
    0x42, 0x80, 0x4e, 0x8e, 0xd6, 0x2e, 0x0, 0x18,
    0x87, 0xf7, 0xe1, 0x81, 0x77, 0x2d, 0xdd, 0x3b,
    0xd2, 0x5f, 0xa3, 0x3a, 0x33, 0xf2, 0x0, 0xc0,
    0x8c, 0x9, 0x50, 0xb, 0xbb, 0x84, 0x3, 0xff,
    0x80,

    /* U+C73C "으" */
    0x0, 0xc, 0xf7, 0xe2, 0x0, 0x6a, 0x2c, 0xf9,
    0xb3, 0x0, 0x93, 0xc8, 0x14, 0x94, 0x2, 0x4f,
    0x21, 0x62, 0x40, 0xa, 0x8b, 0xfd, 0xb6, 0x40,
    0x10, 0xce, 0xf5, 0xa0, 0x4, 0x89, 0xf8, 0x87,
    0xff, 0xf2, 0x0,

    /* U+C740 "은" */
    0x0, 0x1d, 0xf7, 0xeb, 0x80, 0x6d, 0x3f, 0xf7,
    0x42, 0x0, 0x4e, 0x8c, 0xca, 0x16, 0x0, 0xa7,
    0xc4, 0x33, 0x88, 0xb, 0xfd, 0x93, 0x2a, 0xff,
    0x41, 0x77, 0x7e, 0x80, 0x18, 0x21, 0x1e, 0x0,
    0x9d, 0x80, 0x3f, 0xab, 0xff, 0x38, 0x0,

    /* U+C744 "을" */
    0x0, 0x2e, 0x77, 0x52, 0x20, 0x14, 0x27, 0x73,
    0x59, 0x40, 0x2f, 0xa, 0xac, 0x80, 0x5d, 0x8c,
    0x88, 0x7b, 0xe8, 0x2e, 0x88, 0xf6, 0x40, 0x3,
    0xbf, 0xf4, 0xb8, 0x4, 0x89, 0xc0, 0x1c, 0x51,
    0xbb, 0x7a, 0x80, 0x6a, 0xff, 0xd0, 0x0,

    /* U+C74C "음" */
    0x0, 0x26, 0x77, 0x52, 0x1, 0xaa, 0xfb, 0x9e,
    0xca, 0x1, 0x44, 0xee, 0xbd, 0x10, 0x0, 0x53,
    0xbb, 0x54, 0x72, 0x18, 0xe6, 0x5f, 0xdf, 0x98,
    0x61, 0x92, 0x44, 0xed, 0x50, 0x2, 0xd7, 0x74,
    0x62, 0x1, 0x88, 0xce, 0x0, 0xf5, 0x7f, 0xc2,
    0x0,

    /* U+C751 "응" */
    0x0, 0x26, 0x77, 0x52, 0x1, 0xaa, 0xfb, 0x9e,
    0xca, 0x1, 0x44, 0xee, 0xbd, 0x10, 0x0, 0x53,
    0xbb, 0x55, 0xf2, 0x18, 0xff, 0xd9, 0xbf, 0xf2,
    0x8d, 0x59, 0xb3, 0x8f, 0xd3, 0x0, 0x30, 0xff,
    0xdd, 0x48, 0x1, 0x19, 0x14, 0xc0, 0x20, 0x16,
    0x9f, 0xfb, 0xa1, 0x40,

    /* U+C758 "의" */
    0x1, 0xbf, 0xd4, 0x4, 0xe0, 0xa1, 0xeb, 0xb0,
    0x80, 0x4b, 0xe2, 0xc0, 0x40, 0x12, 0x49, 0xc0,
    0x98, 0x5, 0x6b, 0xc7, 0x80, 0x18, 0x67, 0x6c,
    0x80, 0x28, 0xee, 0xdf, 0xec, 0x9, 0xcc, 0x7f,
    0xec, 0x1, 0x22, 0x8, 0x80, 0x30,

    /* U+C774 "이" */
    0x1, 0xbf, 0xa0, 0x7, 0x28, 0x58, 0xf3, 0x40,
    0x6, 0x4e, 0x1a, 0x40, 0xc, 0x2c, 0x4, 0x20,
    0x18, 0x5c, 0xc, 0x40, 0x33, 0x4a, 0x4d, 0x0,
    0x68, 0x48, 0x96, 0x0, 0xe8, 0xc7, 0x0, 0xff,
    0xe0, 0x80,

    /* U+C778 "인" */
    0x2, 0xcf, 0xc2, 0xe, 0x50, 0xf4, 0xe5, 0xe0,
    0xc, 0x54, 0x34, 0x60, 0x18, 0xe0, 0xe1, 0x0,
    0x36, 0x87, 0x15, 0x0, 0x61, 0xac, 0x91, 0x0,
    0xe8, 0xa0, 0x9, 0x18, 0x3, 0xea, 0x30, 0x9,
    0x3f, 0xf4, 0x0,

    /* U+C77C "일" */
    0x4, 0xdf, 0xc2, 0xe, 0x50, 0xbb, 0x73, 0x48,
    0x7, 0x10, 0x93, 0x80, 0x6a, 0xa7, 0xaf, 0x80,
    0x65, 0xef, 0xd3, 0x4, 0x10, 0x2, 0xd5, 0x64,
    0x10, 0x6, 0xa2, 0x61, 0x0, 0xc9, 0xdd, 0x7a,
    0x80, 0x4b, 0xff, 0xb0,

    /* U+C784 "임" */
    0x2, 0xcf, 0xc2, 0xe, 0x50, 0xe5, 0xe4, 0xe0,
    0xc, 0x74, 0x36, 0x60, 0x18, 0xe4, 0xa4, 0xc0,
    0x37, 0xe, 0xf, 0x0, 0x62, 0x31, 0x4d, 0xf1,
    0x30, 0x9, 0x3b, 0xa2, 0x30, 0x8, 0x47, 0x0,
    0x72, 0xff, 0xc4, 0x0,

    /* U+C785 "입" */
    0x3, 0xcf, 0xc2, 0xe, 0x50, 0xeb, 0xf4, 0xe0,
    0xc, 0x64, 0x1c, 0x20, 0x1a, 0xed, 0xd1, 0x20,
    0x19, 0x7b, 0xf9, 0x0, 0x39, 0xa4, 0x46, 0x51,
    0x0, 0x73, 0xf7, 0x48, 0x20, 0x12, 0xff, 0xc2,
    0x1, 0x97, 0xfe, 0x10,

    /* U+C788 "있" */
    0x2, 0xcf, 0xc3, 0xe, 0x50, 0x7, 0x2f, 0x27,
    0x0, 0x71, 0xd0, 0xd9, 0x0, 0x72, 0x42, 0x4a,
    0x0, 0x75, 0x14, 0x1d, 0x0, 0x70, 0xc4, 0x24,
    0x4e, 0xd0, 0x2, 0x5b, 0x10, 0xd1, 0x10, 0x5,
    0xe1, 0x48, 0x3e, 0x1, 0x5b, 0xf1, 0xd5, 0x1e,
    0xc0, 0x13, 0x83, 0x1a, 0xb9, 0x20,

    /* U+C78E "잎" */
    0x2, 0xcf, 0xb1, 0xe, 0x50, 0xf5, 0xec, 0x80,
    0xc, 0x54, 0x2c, 0x80, 0x18, 0xa8, 0x65, 0x0,
    0x37, 0xaf, 0x94, 0x0, 0x62, 0x71, 0x5e, 0xf1,
    0xd0, 0x5, 0xc9, 0x70, 0xd4, 0x0, 0x70, 0x80,
    0x77, 0x49, 0x78, 0xd5, 0x0,

    /* U+C790 "자" */
    0x2f, 0xfe, 0x1f, 0x30, 0x2e, 0xc0, 0xde, 0x10,
    0xc, 0x22, 0x0, 0x8, 0x7, 0x94, 0x14, 0x2,
    0xca, 0x1, 0x95, 0x92, 0x0, 0x5d, 0xe, 0xa5,
    0x3e, 0x10, 0x38, 0x1, 0x28, 0x26, 0xc8, 0x2,
    0x18, 0x0, 0x94, 0x3, 0xff, 0x84,

    /* U+C791 "작" */
    0x2f, 0xfe, 0xf, 0x30, 0x2f, 0xc0, 0xef, 0x0,
    0x38, 0x4, 0x80, 0xe0, 0x15, 0xd0, 0x1c, 0x4c,
    0x30, 0x3, 0x28, 0xf2, 0x1b, 0x74, 0x20, 0x11,
    0xdd, 0xb7, 0x9b, 0x1, 0x80, 0x9, 0xdf, 0xf8,
    0x18, 0x2, 0x22, 0xe0, 0xf, 0xfe, 0x8,

    /* U+C798 "잘" */
    0x2f, 0xfe, 0xf, 0x30, 0x2f, 0xb0, 0xdf, 0x0,
    0x6c, 0x80, 0x3d, 0xb8, 0x40, 0x17, 0x5, 0x63,
    0x35, 0x82, 0xc, 0x26, 0x68, 0x35, 0xe2, 0x41,
    0x1, 0x84, 0xaa, 0xc8, 0x20, 0x16, 0xb3, 0x60,
    0xf, 0x3f, 0xfe, 0x30, 0xc, 0xff, 0xf9, 0xc0,

    /* U+C7A5 "장" */
    0x2f, 0xfe, 0xf, 0x30, 0x2f, 0xc0, 0xef, 0x0,
    0x38, 0x4, 0x80, 0xe0, 0x15, 0xd0, 0x14, 0xbc,
    0x28, 0x3, 0x28, 0xf2, 0x21, 0x52, 0x20, 0x11,
    0xe3, 0xcc, 0x86, 0x88, 0x80, 0x2, 0xd3, 0xef,
    0xe2, 0x20, 0x7, 0x11, 0x4, 0x3, 0xb8, 0x7f,
    0xd3, 0x23, 0x0,

    /* U+C7AC "재" */
    0x3f, 0xfc, 0xdc, 0x9c, 0x7c, 0xaa, 0xe0, 0xe,
    0x10, 0x0, 0x80, 0x79, 0x9c, 0x0, 0x34, 0x0,
    0x32, 0x35, 0x1, 0x80, 0x1e, 0x8b, 0xae, 0x2,
    0x2, 0x76, 0x5c, 0xe0, 0x8, 0xe8, 0x0, 0x60,
    0x1f, 0xfc, 0x10,

    /* U+C800 "저" */
    0x3f, 0xfe, 0x4, 0xe3, 0xed, 0xb, 0xe0, 0xc,
    0x20, 0x10, 0x91, 0x0, 0x27, 0x3, 0x36, 0x40,
    0x5, 0x5, 0x25, 0xd4, 0x0, 0xb1, 0xd4, 0xc1,
    0x0, 0x18, 0xe8, 0x55, 0x4, 0x0, 0x74, 0x20,
    0x7, 0x0, 0xff, 0xe0, 0x0,

    /* U+C804 "전" */
    0x1f, 0xfe, 0x4, 0xe0, 0x1f, 0xf0, 0x5f, 0x80,
    0x80, 0x63, 0x3, 0x1e, 0xa0, 0xd, 0xe9, 0x25,
    0xd6, 0x0, 0x2c, 0x1b, 0xb6, 0x18, 0x4, 0x49,
    0xe4, 0xbc, 0x60, 0x1a, 0x13, 0x0, 0x41, 0xd0,
    0x3, 0xf1, 0xd0, 0x6, 0x1f, 0xfe, 0x0,

    /* U+C808 "절" */
    0x1f, 0xfe, 0x4, 0xe1, 0xfe, 0xa, 0xef, 0xb0,
    0xa, 0x4e, 0x3, 0xe8, 0x6, 0x57, 0x6f, 0xc8,
    0x40, 0x7, 0x82, 0xde, 0x4e, 0x83, 0x45, 0x54,
    0xba, 0xf4, 0x0, 0x3a, 0xae, 0x30, 0x8, 0x43,
    0xff, 0x70, 0x6, 0xff, 0xe0,

    /* U+C815 "정" */
    0x2f, 0xfe, 0x4, 0xe0, 0x2f, 0xd0, 0xcf, 0x32,
    0x0, 0xce, 0x8, 0x1f, 0x60, 0x11, 0x5b, 0x42,
    0xe4, 0x80, 0xb, 0xae, 0x6e, 0xc4, 0x1, 0x16,
    0x2b, 0x50, 0xed, 0x38, 0x4, 0x53, 0x5f, 0xe9,
    0x70, 0xe, 0x10, 0x1f, 0x0, 0xc5, 0x53, 0xfe,
    0x3d, 0x0,

    /* U+C81C "제" */
    0x3f, 0xfc, 0x9e, 0x9c, 0x7c, 0xcc, 0xe0, 0xe,
    0x13, 0x3, 0x20, 0xe, 0x65, 0x55, 0x80, 0x62,
    0x33, 0x2c, 0x80, 0x69, 0x56, 0xf1, 0x0, 0x91,
    0xaa, 0x54, 0x3, 0x26, 0x80, 0x20, 0x40, 0x3f,
    0xf8, 0x0,

    /* U+C838 "져" */
    0x5, 0x5e, 0x5, 0xe1, 0xdd, 0x57, 0xe8, 0x80,
    0x6, 0x24, 0x26, 0x5d, 0x40, 0x12, 0x82, 0x8e,
    0xc8, 0x5, 0xe5, 0x5, 0xf0, 0x0, 0x96, 0xd4,
    0xef, 0xb0, 0x22, 0x60, 0x55, 0x90, 0x0, 0xac,
    0x40, 0xe, 0x1, 0xff, 0xc0,

    /* U+C870 "조" */
    0x3, 0xee, 0xf4, 0x80, 0xf, 0xfc, 0xe3, 0xfe,
    0x90, 0x8, 0x49, 0x86, 0x44, 0x2, 0x16, 0xc8,
    0xc5, 0xb3, 0x0, 0x4d, 0xd9, 0x5b, 0xf, 0x84,
    0x23, 0x51, 0x12, 0x31, 0xa2, 0x6, 0x77, 0x1,
    0x9c, 0x43, 0xff, 0x20, 0xff, 0xca,

    /* U+C871 "족" */
    0x2, 0xff, 0xf4, 0x80, 0xb, 0x64, 0x49, 0xb2,
    0x40, 0xf, 0x9f, 0x71, 0xdf, 0xa0, 0x1, 0x8f,
    0xf5, 0x8d, 0x59, 0x8f, 0xfc, 0x6f, 0xff, 0x30,
    0xca, 0xaf, 0xa9, 0x40, 0x11, 0x1c, 0x6c, 0x1,
    0x22, 0x70, 0x80, 0x7f, 0xf0, 0x0,

    /* U+C8FC "주" */
    0x3, 0xff, 0xf5, 0x0, 0xf, 0xf4, 0x82, 0x3e,
    0x80, 0xd, 0x98, 0xbd, 0xce, 0xa1, 0x4, 0x8e,
    0x62, 0xbc, 0xe1, 0x2d, 0xbf, 0xfd, 0xb7, 0x25,
    0xdd, 0x41, 0x77, 0x52, 0x2, 0x38, 0x4, 0x60,
    0xf, 0xfe, 0x48,

    /* U+C900 "준" */
    0x2, 0xff, 0xf4, 0x80, 0xb, 0xf0, 0x82, 0x3e,
    0x40, 0xd, 0x9b, 0x59, 0x7d, 0x40, 0x7, 0x8e,
    0x73, 0xcc, 0x70, 0x17, 0x5f, 0xfe, 0xdb, 0x92,
    0xee, 0xa0, 0xbb, 0xa9, 0x1, 0xd4, 0x26, 0x11,
    0x80, 0x21, 0x35, 0xb0, 0xf, 0xa7, 0xff, 0x38,
    0x0,

    /* U+C911 "중" */
    0x2, 0xff, 0xf4, 0x80, 0xb, 0xec, 0x41, 0xfa,
    0x40, 0xd, 0xb1, 0x5c, 0x5f, 0x60, 0x2, 0x8f,
    0x72, 0x9a, 0xd2, 0x18, 0x9f, 0xdc, 0xf8, 0xa5,
    0x1c, 0xc4, 0x20, 0xd6, 0xe3, 0x80, 0x2e, 0x49,
    0xb3, 0x88, 0x2, 0x55, 0x44, 0x42, 0xe0, 0x15,
    0x27, 0xfc, 0xca, 0x0,

    /* U+C989 "즉" */
    0x2, 0xff, 0xf4, 0x80, 0xb, 0x64, 0x49, 0xb2,
    0x40, 0xf, 0xfe, 0xcd, 0xef, 0xd0, 0x10, 0xae,
    0x57, 0xb, 0xa4, 0xf, 0xff, 0xc0, 0x30, 0x89,
    0xeb, 0x40, 0x4, 0x47, 0x1b, 0x0, 0x48, 0x9c,
    0x20, 0x1f, 0xfc, 0x0,

    /* U+C99D "증" */
    0x2, 0xff, 0xf4, 0x80, 0xb, 0x64, 0x49, 0xb2,
    0x40, 0xf, 0x9f, 0x9b, 0xdf, 0xa0, 0x21, 0x3c,
    0xae, 0x17, 0x48, 0x1d, 0xdf, 0x84, 0x53, 0x0,
    0xa8, 0x59, 0x2a, 0x0, 0xd3, 0xff, 0x75, 0x18,
    0x4, 0x24, 0x53, 0x3, 0x80, 0x5c, 0x7f, 0xee,
    0x84, 0x0,

    /* U+C9C0 "지" */
    0x1f, 0xfe, 0x2e, 0x41, 0xed, 0xc, 0xe2, 0x0,
    0x84, 0x2, 0x10, 0xe, 0x40, 0xb0, 0xe, 0x18,
    0x77, 0x10, 0x4, 0x3a, 0x91, 0xc, 0x20, 0x9,
    0x28, 0x1e, 0x88, 0x0, 0x30, 0x1, 0x20, 0x7,
    0xff, 0x0,

    /* U+C9C1 "직" */
    0xf, 0xfe, 0xd, 0x50, 0xfb, 0xe, 0xf0, 0xe,
    0x30, 0x40, 0xe, 0x19, 0x4b, 0x30, 0x8, 0x72,
    0x6e, 0x70, 0x80, 0x3, 0xf5, 0xd2, 0x18, 0x44,
    0x2, 0xfc, 0xc6, 0xe0, 0x90, 0x0, 0x8b, 0x80,
    0x3f, 0xe0,

    /* U+C9C4 "진" */
    0xf, 0xfe, 0x1e, 0x50, 0xff, 0x6, 0x78, 0x80,
    0x63, 0x5, 0x0, 0xf4, 0x1c, 0x10, 0x4, 0x36,
    0xdb, 0x3a, 0x40, 0x1, 0x3e, 0x7, 0xe2, 0x0,
    0xa2, 0xac, 0x4, 0x11, 0x80, 0x3e, 0xa3, 0x0,
    0x97, 0xff, 0x38,

    /* U+C9D0 "짐" */
    0xf, 0xfe, 0x1e, 0x50, 0xfd, 0xc, 0xf1, 0x0,
    0xc8, 0x16, 0x1, 0xc5, 0xe, 0xf0, 0x4, 0x38,
    0xd1, 0x96, 0x20, 0x1, 0xf0, 0xfc, 0x3e, 0x13,
    0x1, 0x4, 0xee, 0x88, 0xc0, 0x21, 0x1c, 0x1,
    0xcb, 0xff, 0x10, 0x0,

    /* U+C9D1 "집" */
    0xf, 0xfe, 0xe, 0x50, 0xfd, 0xc, 0xf0, 0xe,
    0x50, 0xb0, 0xe, 0x38, 0x83, 0x40, 0x4, 0x59,
    0x2f, 0x84, 0x20, 0x2, 0xf0, 0x83, 0xb0, 0x51,
    0x0, 0x73, 0xf7, 0x48, 0x20, 0x12, 0xff, 0xc2,
    0x1, 0x97, 0xfe, 0x10,

    /* U+CC28 "차" */
    0x1, 0x17, 0x28, 0x87, 0x20, 0xf, 0x70, 0x6b,
    0x98, 0x2, 0x1f, 0xf0, 0x57, 0xb0, 0x7, 0x10,
    0x68, 0x5, 0x74, 0x0, 0x95, 0x63, 0x0, 0x55,
    0x2, 0x9a, 0xaf, 0x54, 0x4, 0x0, 0x78, 0xb,
    0x48, 0x1, 0xa4, 0x40, 0x8, 0x20, 0x1f, 0xfc,
    0x10,

    /* U+CC38 "참" */
    0x0, 0xc, 0x0, 0x4c, 0x20, 0x2f, 0x2f, 0xe,
    0x32, 0x40, 0xf, 0x20, 0x1f, 0x0, 0x38, 0xc,
    0x10, 0xc, 0x8, 0x5d, 0x4, 0x35, 0x35, 0x10,
    0x65, 0x8, 0x7a, 0xf6, 0x92, 0x8, 0xc, 0x5f,
    0xfa, 0x3d, 0x4, 0x2, 0x17, 0xee, 0x80, 0x3e,
    0x11, 0x80, 0x3c, 0xff, 0xf0, 0x4,

    /* U+CCAB "첫" */
    0x0, 0xb1, 0x80, 0x7, 0x60, 0xe, 0xe1, 0xcf,
    0x2b, 0xa8, 0x3, 0x30, 0x2d, 0x81, 0x80, 0x11,
    0x8, 0x90, 0xf9, 0x0, 0x25, 0xd9, 0x7c, 0xf8,
    0x0, 0xb3, 0x5a, 0x95, 0x80, 0x34, 0x98, 0x1b,
    0x82, 0xe8, 0x6, 0x1f, 0x19, 0x13, 0x0, 0x14,
    0x7b, 0x78, 0xf4, 0x8, 0x10, 0x6d, 0xd, 0x50,
    0x4,

    /* U+CCAD "청" */
    0x0, 0xa1, 0x0, 0x4, 0xe0, 0x9, 0x93, 0x44,
    0x9b, 0x48, 0x3, 0xfc, 0xd, 0xe0, 0x20, 0x13,
    0x20, 0xb3, 0x32, 0x80, 0x22, 0xf6, 0xb, 0xdb,
    0x0, 0xbe, 0xa7, 0x30, 0x20, 0x60, 0xd, 0x75,
    0xc9, 0xde, 0xf0, 0x8, 0xaa, 0x9f, 0xe2, 0xc0,
    0xe, 0x31, 0x10, 0x7, 0x14, 0xc7, 0xf8, 0xf4,
    0x0,

    /* U+CCB4 "체" */
    0x1, 0x88, 0x9, 0xfa, 0xf1, 0xf3, 0xbb, 0x98,
    0x2, 0x3f, 0x56, 0xf1, 0x0, 0xe6, 0x28, 0xb0,
    0xc, 0x26, 0x95, 0x80, 0x1a, 0x99, 0x9c, 0xc0,
    0x11, 0xb4, 0x4a, 0x8, 0x4, 0x7a, 0x21, 0xe,
    0x1, 0xff, 0xc0,

    /* U+CD08 "초" */
    0x0, 0x11, 0x1f, 0x48, 0x82, 0x0, 0x3f, 0xf4,
    0x97, 0xfa, 0x0, 0x7, 0xba, 0x50, 0xfd, 0x90,
    0x8, 0x65, 0x55, 0xe6, 0x1, 0x47, 0x17, 0xd5,
    0xee, 0x84, 0x27, 0x6d, 0xf5, 0xbb, 0xc4, 0xc,
    0x8, 0x40, 0x88, 0x2, 0x59, 0x94, 0x9e, 0x65,
    0x20,

    /* U+CD5C "최" */
    0x1, 0x17, 0x30, 0x82, 0xf0, 0x77, 0x6, 0x79,
    0x80, 0x2f, 0xc0, 0x5f, 0x60, 0x0, 0xc6, 0xd0,
    0x62, 0x80, 0x6f, 0xfc, 0xc0, 0x1, 0x81, 0x73,
    0x38, 0x0, 0xfb, 0xa2, 0x9e, 0xf2, 0x6, 0xff,
    0x6e, 0xbf, 0xc4, 0x2, 0x45, 0x84, 0x2,

    /* U+CD94 "추" */
    0x0, 0xc4, 0xc0, 0x1c, 0x7f, 0xed, 0x9f, 0xf5,
    0x0, 0xf, 0xb8, 0x41, 0x5d, 0x40, 0x1, 0x4c,
    0x18, 0xa8, 0x30, 0x5, 0xc5, 0xe3, 0xe8, 0x78,
    0x87, 0x49, 0x22, 0x1b, 0x60, 0xc7, 0xfe, 0x9b,
    0xff, 0x90, 0x6e, 0xf1, 0x5d, 0xcc, 0x1, 0xff,
    0xc8,

    /* U+CDA9 "충" */
    0x0, 0xcb, 0x60, 0x1c, 0x5f, 0xea, 0x4f, 0xf4,
    0x80, 0xb, 0xe8, 0x41, 0xb6, 0x40, 0x11, 0xd3,
    0x7c, 0x19, 0xa2, 0x2f, 0x9a, 0x37, 0xf8, 0x55,
    0x7, 0x73, 0xf6, 0x3f, 0xc2, 0x34, 0xd8, 0x28,
    0x97, 0xca, 0x80, 0x3c, 0xf7, 0x5d, 0x28, 0x1,
    0x88, 0xa6, 0x0, 0xee, 0x3f, 0xf7, 0x42, 0x0,

    /* U+CDE8 "취" */
    0xb, 0xdf, 0xed, 0x59, 0x80, 0x98, 0x2, 0xf4,
    0x31, 0x15, 0xda, 0x1f, 0xd0, 0x0, 0x3f, 0x8f,
    0x72, 0xe0, 0x6, 0xbc, 0xef, 0xbd, 0x0, 0x3f,
    0xe1, 0x47, 0xf8, 0x0, 0x24, 0x40, 0xf, 0xfe,
    0x60,

    /* U+CE21 "측" */
    0x0, 0xc9, 0x0, 0x1c, 0x5f, 0xeb, 0x7f, 0xf4,
    0x80, 0xb, 0xe8, 0x41, 0xb6, 0x40, 0x13, 0xf3,
    0x7c, 0x19, 0xa2, 0x1b, 0x7e, 0xc5, 0x5b, 0x20,
    0x57, 0x6c, 0xce, 0xb8, 0x2f, 0xdd, 0xf7, 0xc8,
    0x3, 0xf3, 0x36, 0xa8, 0x5, 0xbd, 0xd8, 0x40,
    0x3f, 0xf8, 0x0,

    /* U+CE58 "치" */
    0x1, 0x17, 0x30, 0x85, 0x40, 0x77, 0x6, 0x79,
    0xc0, 0x2f, 0xf0, 0xd7, 0xb8, 0x6, 0x11, 0x68,
    0x7, 0xa0, 0x98, 0x80, 0x33, 0xbb, 0xe7, 0x10,
    0x0, 0x39, 0xa4, 0xf0, 0xe0, 0x1, 0xb3, 0x0,
    0x31, 0x80, 0x7f, 0xc0,

    /* U+CE74 "카" */
    0xc, 0xff, 0xa8, 0x3c, 0xc0, 0x1b, 0xdc, 0x42,
    0x0, 0xc3, 0x17, 0x49, 0x60, 0x18, 0x45, 0x8c,
    0x66, 0x0, 0x65, 0x4, 0x9, 0x70, 0x5, 0x74,
    0x37, 0x16, 0x40, 0x13, 0x80, 0x96, 0xa0, 0x7,
    0xd2, 0x40, 0x1f, 0xfc, 0x50,

    /* U+CEE8 "컨" */
    0x8, 0xff, 0xb8, 0x13, 0x80, 0x11, 0xfe, 0x44,
    0x0, 0x73, 0x3d, 0x20, 0x7d, 0x80, 0x4c, 0x4a,
    0xf5, 0xd4, 0x1, 0x4d, 0x34, 0x0, 0x88, 0x2,
    0xfa, 0xb0, 0xf, 0x98, 0x30, 0x2, 0x75, 0x0,
    0xfc, 0x76, 0x1, 0x87, 0xff, 0x84,

    /* U+CF1C "켜" */
    0x4, 0x55, 0x8c, 0x13, 0x80, 0xf7, 0x5d, 0x2,
    0x20, 0x13, 0xdd, 0x3b, 0xba, 0x80, 0xe6, 0x50,
    0x7b, 0xf6, 0x5, 0xbc, 0x72, 0x8, 0x60, 0x4,
    0xc6, 0x62, 0xc5, 0x1, 0x4d, 0xc0, 0x26, 0x48,
    0x16, 0xa8, 0x7, 0xff, 0xc,

    /* U+CF5C "콜" */
    0x0, 0x6f, 0xff, 0x0, 0x46, 0x2, 0x38, 0x3,
    0x1e, 0x71, 0xef, 0x98, 0x0, 0xbf, 0xbc, 0xb3,
    0x8f, 0xe4, 0xb9, 0xdf, 0xdd, 0x20, 0x3e, 0x1,
    0xb, 0x80, 0x6a, 0x66, 0x9c, 0x3, 0x8e, 0xbb,
    0xaf, 0x10, 0xd, 0x7f, 0xf9, 0x40,

    /* U+D06C "크" */
    0x4, 0xee, 0xf1, 0x80, 0x13, 0xff, 0x85, 0xc0,
    0x21, 0x1e, 0x7, 0x0, 0x47, 0x7f, 0xe0, 0xd,
    0x39, 0xdf, 0xf0, 0x8, 0x0, 0x48, 0x40, 0x2,
    0x6, 0x3, 0x99, 0xda, 0x1a, 0xe3, 0x11, 0xeb,
    0x85,

    /* U+D0A4 "키" */
    0x9, 0xee, 0xb4, 0x1b, 0x42, 0x7f, 0xcc, 0x20,
    0x19, 0xe6, 0x16, 0xc0, 0x37, 0x1, 0x1b, 0x0,
    0x69, 0xb4, 0xb1, 0x0, 0xcf, 0x90, 0xa0, 0x1d,
    0xd6, 0xe0, 0x1e, 0x94, 0x0, 0xff, 0xe1, 0x80,

    /* U+D0DC "태" */
    0xf, 0xfa, 0x93, 0x8f, 0xc0, 0x17, 0xd4, 0x1,
    0xe7, 0x0, 0xfd, 0x9c, 0xc0, 0x30, 0x1, 0x67,
    0xb0, 0x3, 0x0, 0x2d, 0xee, 0x0, 0xa0, 0x3,
    0x73, 0xf8, 0x3, 0x88, 0x82, 0x1, 0xff, 0xc2,

    /* U+D130 "터" */
    0xdf, 0xfa, 0xc1, 0x38, 0xeb, 0xb9, 0x40, 0x1b,
    0x19, 0x82, 0x30, 0x0, 0xbb, 0x81, 0xd4, 0x0,
    0xf9, 0x90, 0x7d, 0x80, 0x2b, 0x7b, 0x86, 0x0,
    0xcc, 0x7e, 0x79, 0x80, 0x8, 0xb0, 0x80, 0x7f,
    0xc0,

    /* U+D134 "턴" */
    0xef, 0xfa, 0xc3, 0x54, 0x2b, 0xbe, 0xc0, 0x35,
    0x77, 0x13, 0xc8, 0x1, 0x5f, 0xe5, 0xf2, 0x0,
    0x57, 0xfb, 0x0, 0x2e, 0xff, 0x76, 0x80, 0x67,
    0xc0, 0x9, 0x4, 0x3, 0xd2, 0x80, 0x3, 0xff,
    0xdc,

    /* U+D154 "텔" */
    0xf, 0xfa, 0x8e, 0xdb, 0x0, 0x27, 0x99, 0x52,
    0x80, 0x70, 0x89, 0xcc, 0x3, 0xcd, 0x15, 0xc0,
    0x1d, 0xdf, 0xee, 0x75, 0x36, 0x0, 0x9, 0x55,
    0x24, 0x64, 0x40, 0x21, 0x44, 0xc6, 0xe0, 0x18,
    0x7b, 0xaf, 0xc0, 0xe, 0xff, 0xe0,

    /* U+D1A0 "토" */
    0x0, 0x6f, 0x77, 0x8, 0x4, 0x77, 0xff, 0x84,
    0x3, 0x57, 0x75, 0x80, 0x1d, 0x5d, 0xd6, 0x0,
    0x75, 0x77, 0x64, 0x0, 0xbb, 0x8e, 0x9d, 0xc4,
    0x0, 0x19, 0x88, 0x40, 0x88, 0x62, 0x5d, 0xd2,
    0x37, 0x75, 0x20,

    /* U+D2B8 "트" */
    0x0, 0x6f, 0x77, 0x8, 0x4, 0x77, 0xff, 0x84,
    0x3, 0x57, 0x75, 0x80, 0x1d, 0x5d, 0xd6, 0x0,
    0x75, 0x77, 0x64, 0x0, 0xbb, 0xff, 0x90, 0x0,
    0x67, 0xf8, 0x4b, 0xbb, 0xf4, 0x80,

    /* U+D2BC "튼" */
    0x0, 0x77, 0xff, 0x8, 0x7, 0x8, 0xc4, 0x20,
    0x19, 0xa2, 0x2b, 0x10, 0x9, 0x83, 0xff, 0x0,
    0x7, 0x11, 0x57, 0xb5, 0xc6, 0x23, 0xf2, 0x82,
    0x63, 0x22, 0x71, 0x0, 0x19, 0x80, 0x1f, 0xd7,
    0xff, 0x8c, 0x0,

    /* U+D305 "팅" */
    0xef, 0xfa, 0xc3, 0x58, 0x2b, 0xb9, 0x60, 0x1a,
    0xbf, 0xca, 0x1, 0xab, 0xfc, 0xe0, 0x1a, 0xbb,
    0x9a, 0x1, 0x7e, 0xa0, 0x3, 0xc1, 0x6, 0x9f,
    0xbf, 0x8d, 0x0, 0x23, 0x2, 0x0, 0xa1, 0x73,
    0xfa, 0x58,

    /* U+D30C "파" */
    0x1f, 0xfe, 0x6e, 0x40, 0x1d, 0xae, 0xcc, 0x30,
    0x6, 0x1a, 0x19, 0xb0, 0xe, 0x10, 0xf, 0x5d,
    0x80, 0xc0, 0x2f, 0x0, 0x55, 0xb6, 0x86, 0x24,
    0xd0, 0x8, 0x3c, 0x5c, 0x56, 0xc0, 0x4, 0x28,
    0x98, 0xc8, 0x3, 0xff, 0x82,

    /* U+D310 "판" */
    0x2f, 0xfe, 0x3f, 0x30, 0x2e, 0xbf, 0xbd, 0x30,
    0xc, 0xb4, 0x12, 0xe0, 0x8, 0x60, 0x0, 0x88,
    0x0, 0x20, 0x64, 0xb6, 0x1c, 0x57, 0x21, 0x68,
    0xbf, 0xdf, 0xee, 0x80, 0xe, 0xa8, 0x0, 0x8c,
    0x40, 0x3f, 0x61, 0x0, 0x67, 0xff, 0xce, 0x0,

    /* U+D328 "패" */
    0xe, 0xff, 0xa7, 0xdb, 0xc0, 0x1b, 0x1a, 0xf2,
    0x1, 0xcf, 0x2c, 0xc0, 0xf, 0x38, 0x0, 0xc0,
    0x12, 0x1, 0xe1, 0x0, 0x40, 0x0, 0xb4, 0x68,
    0xec, 0x4, 0x0, 0x5f, 0xdf, 0xd6, 0x1, 0xc2,
    0x38, 0x3, 0xff, 0x86,

    /* U+D32C "팬" */
    0x7f, 0xfc, 0xde, 0xbc, 0xf7, 0xb7, 0xa6, 0x1,
    0xbd, 0xfd, 0x0, 0x10, 0x1, 0x13, 0x89, 0x82,
    0x84, 0x24, 0x1c, 0xf8, 0x68, 0x47, 0xf6, 0xf6,
    0x0, 0x73, 0x70, 0x26, 0x32, 0x0, 0x70, 0x99,
    0xa8, 0x2, 0x3f, 0xfe,

    /* U+D38C "펌" */
    0xf, 0xfe, 0x35, 0xe0, 0xd5, 0xf8, 0xa3, 0x0,
    0xca, 0x39, 0xba, 0xa0, 0xc, 0x60, 0xc, 0xa0,
    0x6, 0x86, 0xa3, 0xd0, 0x5, 0xb0, 0x1, 0x25,
    0x8, 0x11, 0x7, 0xba, 0xa1, 0x0, 0xc2, 0x30,
    0x7, 0xf, 0xfd, 0x40,

    /* U+D3D0 "폐" */
    0x37, 0x79, 0x53, 0xa2, 0xc3, 0x83, 0x8c, 0x40,
    0x23, 0x43, 0x6e, 0xa0, 0xc, 0x22, 0xb, 0x70,
    0xf, 0x9c, 0x80, 0x29, 0x3a, 0xa, 0xe0, 0xa,
    0x3b, 0xb0, 0x6, 0x11, 0xc0, 0x1f, 0xfc, 0x20,

    /* U+D45C "표" */
    0x4, 0xff, 0xf5, 0x0, 0x13, 0xab, 0xb9, 0x79,
    0x40, 0x1a, 0x80, 0x7e, 0xc0, 0x3c, 0x42, 0x1e,
    0x1, 0x2f, 0x6, 0x72, 0x45, 0x80, 0x17, 0xc2,
    0xfc, 0xa6, 0xc0, 0x6, 0x60, 0x23, 0xe, 0x31,
    0x2e, 0xe1, 0x5f, 0x2, 0xf3, 0x0,

    /* U+D504 "프" */
    0x4, 0xff, 0xf5, 0x0, 0x13, 0xa7, 0xb9, 0x79,
    0x40, 0x1a, 0x40, 0x7e, 0xc0, 0x30, 0x81, 0x80,
    0x3c, 0x2, 0x5f, 0xd, 0xf4, 0x8c, 0x0, 0x2f,
    0xff, 0xb0, 0x0, 0x67, 0xf8, 0x4b, 0xbb, 0xf3,
    0x0,

    /* U+D53C "피" */
    0xf, 0xfe, 0x8b, 0x80, 0xea, 0xec, 0xb8, 0x0,
    0x8e, 0x86, 0xf8, 0x3, 0x18, 0x8, 0x8c, 0x3,
    0x8, 0x7, 0xc9, 0x81, 0xae, 0xeb, 0x0, 0x2c,
    0x5c, 0x56, 0xc8, 0x0, 0x51, 0x31, 0x90, 0x7,
    0xfc,

    /* U+D558 "하" */
    0x1, 0x16, 0xb8, 0x86, 0xa0, 0xf, 0x70, 0xa3,
    0xa8, 0x2, 0x1f, 0xc7, 0x8e, 0xa0, 0xc, 0xb8,
    0x39, 0x80, 0x1, 0x90, 0x7b, 0x4d, 0x91, 0x85,
    0x50, 0x35, 0xd, 0x80, 0x82, 0x60, 0x1d, 0x7f,
    0x6c, 0x40, 0x3a, 0x32, 0xd0, 0x3, 0xff, 0x84,

    /* U+D568 "함" */
    0x0, 0xa5, 0x0, 0xe, 0x40, 0xb, 0xb3, 0x4d,
    0xc5, 0x38, 0x2, 0x35, 0x93, 0xe8, 0x3, 0x3c,
    0x81, 0x51, 0x5, 0x50, 0x35, 0x26, 0x84, 0xc2,
    0xa8, 0x16, 0xbd, 0xc5, 0x30, 0xc, 0x5b, 0x13,
    0xc8, 0xae, 0x1, 0x45, 0xef, 0xf9, 0xdc, 0x1,
    0x96, 0xee, 0x20, 0xe, 0x7f, 0xf8, 0x80, 0x0,

    /* U+D569 "합" */
    0x0, 0x94, 0xc0, 0x8, 0x20, 0x7, 0x75, 0xc3,
    0xac, 0xa0, 0x5, 0xee, 0x40, 0x1e, 0x46, 0x47,
    0xc5, 0x8, 0x80, 0x5a, 0xef, 0xa1, 0x85, 0x50,
    0x29, 0xff, 0xcc, 0x62, 0x64, 0x5, 0xf7, 0xd2,
    0x12, 0xc0, 0x15, 0x5f, 0x75, 0x4e, 0x1, 0x97,
    0xba, 0x30, 0xe, 0x5f, 0xf8, 0xc0, 0x0,

    /* U+D574 "해" */
    0x1, 0xd6, 0x17, 0x9d, 0x69, 0xe2, 0x9e, 0xf0,
    0xa, 0x6d, 0x5f, 0xfc, 0x1, 0xd, 0xf1, 0x48,
    0x39, 0x2, 0xa, 0x62, 0x2, 0x10, 0x38, 0xae,
    0xb8, 0x18, 0x0, 0xa6, 0x41, 0x60, 0x1c, 0xd9,
    0x62, 0x1, 0xff, 0xc1,

    /* U+D588 "했" */
    0x15, 0x9e, 0x53, 0xf6, 0xf0, 0x6, 0x2, 0x63,
    0x0, 0x61, 0xe6, 0x44, 0x82, 0x80, 0x29, 0xae,
    0x7, 0x5, 0x0, 0xa2, 0xfc, 0x5c, 0x3c, 0x2,
    0x6e, 0x6e, 0x11, 0x6a, 0x80, 0x42, 0xd0, 0x8,
    0xb4, 0x0, 0x1d, 0x51, 0x95, 0x2b, 0x10, 0x44,
    0x55, 0xb, 0x30, 0x44,

    /* U+D589 "행" */
    0x16, 0xae, 0x64, 0xf6, 0xf0, 0x8, 0xd4, 0x40,
    0x38, 0x79, 0x6, 0x54, 0x24, 0x2, 0x68, 0xa3,
    0x70, 0x80, 0x9, 0x2b, 0x89, 0x40, 0x40, 0x2a,
    0x92, 0x1e, 0xa, 0x10, 0x9, 0xe, 0x3f, 0x14,
    0xc0, 0x21, 0x2, 0x21, 0xf1, 0x80, 0x47, 0x32,
    0xff, 0x66, 0x80,

    /* U+D5A5 "향" */
    0x0, 0x94, 0xc0, 0x8, 0x20, 0x7, 0x75, 0xc3,
    0xac, 0xa0, 0x5, 0xee, 0x40, 0x14, 0x38, 0x23,
    0x23, 0xe2, 0x85, 0x28, 0x5a, 0xef, 0xa1, 0x85,
    0xa0, 0x48, 0xee, 0x39, 0x85, 0xb8, 0xd, 0x50,
    0x56, 0xe9, 0xc4, 0x1, 0x15, 0x1f, 0xe9, 0x40,
    0x8, 0x44, 0xa4, 0xc0, 0x20, 0x14, 0x37, 0xfb,
    0x19, 0x40,

    /* U+D5D8 "험" */
    0x0, 0xb0, 0xc0, 0x9, 0x43, 0xdc, 0x3c, 0xea,
    0x14, 0x1e, 0x86, 0x7f, 0xa0, 0x9, 0xeb, 0xca,
    0xbe, 0x80, 0x1e, 0xea, 0x4f, 0xd4, 0x0, 0x82,
    0xf2, 0xe1, 0x12, 0x80, 0x34, 0x1b, 0xb2, 0x4,
    0x0, 0x43, 0x11, 0x5a, 0x0, 0x42, 0x89, 0x10,
    0x6, 0x3f, 0xfa, 0x80,

    /* U+D604 "현" */
    0x0, 0xb1, 0x0, 0xb, 0x1, 0x76, 0x38, 0xb8,
    0x22, 0x7, 0x72, 0x2b, 0xb0, 0x2, 0x48, 0x84,
    0x9c, 0xc0, 0x1, 0x99, 0xf7, 0x1b, 0x0, 0x2,
    0x56, 0xe2, 0xc8, 0x0, 0x2c, 0x61, 0x6e, 0x9c,
    0x2, 0x32, 0x81, 0x14, 0x50, 0x0, 0x8c, 0x3,
    0xf2, 0x7f, 0xee,

    /* U+D615 "형" */
    0x0, 0xa0, 0x80, 0x4, 0xc1, 0x32, 0x79, 0x93,
    0x3c, 0x7, 0xf3, 0x1f, 0x81, 0x80, 0xa, 0x49,
    0xba, 0xa0, 0x1, 0xaf, 0x76, 0x4b, 0x40, 0x5,
    0xaf, 0x44, 0x4, 0x2, 0x2c, 0xb6, 0x9a, 0xa,
    0x0, 0x25, 0xf7, 0xf8, 0x20, 0x0, 0x20, 0xc4,
    0x50, 0x80, 0x16, 0x7b, 0xfc, 0x7e,

    /* U+D638 "호" */
    0x0, 0x11, 0x1f, 0x48, 0x82, 0x0, 0x48, 0x86,
    0xbc, 0x42, 0x40, 0x9, 0x2, 0xaa, 0x4c, 0x80,
    0xb, 0x8b, 0xfd, 0xb2, 0x60, 0x18, 0xc4, 0x4c,
    0x1, 0xda, 0x7f, 0xd3, 0x46, 0x0, 0x10, 0x89,
    0x2d, 0x41, 0x2, 0xee, 0xa0, 0xbb, 0xa8,

    /* U+D654 "화" */
    0x0, 0x98, 0xc0, 0x8, 0x60, 0x4, 0x44, 0x52,
    0x1f, 0x58, 0xc, 0x40, 0x96, 0x2c, 0x2, 0x1d,
    0x62, 0x1b, 0x80, 0xd, 0x3, 0x93, 0x4, 0x4,
    0x61, 0x89, 0x30, 0x44, 0x7, 0xa0, 0x5e, 0x54,
    0xd0, 0x2, 0xca, 0xdd, 0xa, 0xe6, 0x80, 0x4f,
    0xfe, 0xb9, 0xff, 0x0, 0x44, 0x89, 0x8c, 0x80,
    0x20,

    /* U+D655 "확" */
    0x0, 0xa9, 0x40, 0x12, 0x60, 0x3f, 0xe5, 0xaf,
    0x97, 0x60, 0x1f, 0x75, 0x55, 0xc8, 0x6, 0x94,
    0xcd, 0xb2, 0x3, 0x0, 0x79, 0xed, 0x89, 0x84,
    0xd0, 0xa5, 0x2b, 0xd1, 0x5, 0x50, 0xa3, 0xdc,
    0xb1, 0x51, 0x80, 0xe9, 0xd9, 0x8f, 0x2a, 0xc0,
    0x16, 0xf7, 0x61, 0x0, 0xe1, 0x1c, 0x1, 0x0,

    /* U+D68C "회" */
    0x0, 0x94, 0xc0, 0x4, 0xa0, 0xee, 0x88, 0x3a,
    0xa4, 0x7, 0xf9, 0xcb, 0xcc, 0x2, 0xa5, 0x53,
    0x1b, 0x0, 0x54, 0x3f, 0xc8, 0x60, 0x15, 0x9e,
    0x60, 0x8c, 0x2, 0x3e, 0x14, 0xd0, 0x9, 0xae,
    0x8d, 0xf3, 0x7c, 0x13, 0xfd, 0x54, 0xfe, 0xf0,
    0x24, 0x4c, 0x66, 0x0, 0x0,

    /* U+D69F "횟" */
    0x0, 0xad, 0x80, 0xe, 0xe0, 0x7, 0xf9, 0x27,
    0xeb, 0xb4, 0x1, 0xcc, 0x88, 0x9a, 0x0, 0xd0,
    0xb1, 0xf2, 0x60, 0x1b, 0x4a, 0x20, 0x66, 0x0,
    0x88, 0x61, 0x5e, 0xdc, 0xc0, 0x3, 0xa3, 0x39,
    0xc2, 0x1, 0x1c, 0x3b, 0x85, 0x8e, 0xe0, 0x0,
    0x2d, 0x76, 0x9b, 0xb3, 0x88, 0x3, 0xfb, 0x5b,
    0xb3, 0x2,

    /* U+D6A8 "효" */
    0x0, 0x11, 0x1f, 0x48, 0x82, 0x0, 0x48, 0x86,
    0xbc, 0x42, 0x40, 0x9, 0x2, 0xaa, 0x4d, 0x80,
    0xb, 0x8f, 0xfd, 0xb0, 0x60, 0x13, 0x99, 0x89,
    0x40, 0x40, 0x2a, 0x4e, 0xe4, 0xc1, 0x0, 0x4,
    0x1, 0x1a, 0x42, 0x20, 0x2e, 0xe0, 0x57, 0x14,
    0xf4, 0x80,

    /* U+D6C4 "후" */
    0x0, 0xc9, 0x0, 0x1c, 0x73, 0x28, 0x69, 0x94,
    0x0, 0x5c, 0x2a, 0x83, 0xdc, 0x0, 0x18, 0xb2,
    0x33, 0x31, 0x80, 0x2a, 0x4c, 0xda, 0x42, 0x0,
    0xb4, 0xae, 0xb6, 0xc8, 0xb, 0xbd, 0x91, 0x5e,
    0xba, 0xb, 0x32, 0x93, 0xcc, 0xa4, 0x8, 0xa1,
    0x2, 0x28, 0x40, 0x3f, 0xc0,

    /* U+D788 "히" */
    0x0, 0xb5, 0x80, 0xf, 0x61, 0x98, 0x1a, 0xc8,
    0x0, 0xb1, 0x1, 0xfe, 0x0, 0x26, 0x64, 0x66,
    0x88, 0x5, 0x8e, 0x8e, 0x24, 0x1, 0x62, 0x1b,
    0x81, 0x0, 0x4c, 0xbf, 0x98, 0x10, 0xd, 0x19,
    0x66, 0x1, 0xff, 0xc0
};


/*---------------------
 *  GLYPH DESCRIPTION
 *--------------------*/

static const lv_font_fmt_txt_glyph_dsc_t glyph_dsc[] = {
    {.bitmap_index = 0, .adv_w = 0, .box_w = 0, .box_h = 0, .ofs_x = 0, .ofs_y = 0} /* id = 0 reserved */,
    {.bitmap_index = 0, .adv_w = 56, .box_w = 0, .box_h = 0, .ofs_x = 0, .ofs_y = 0},
    {.bitmap_index = 0, .adv_w = 52, .box_w = 3, .box_h = 7, .ofs_x = 0, .ofs_y = 0},
    {.bitmap_index = 10, .adv_w = 76, .box_w = 4, .box_h = 3, .ofs_x = 0, .ofs_y = 4},
    {.bitmap_index = 17, .adv_w = 97, .box_w = 6, .box_h = 7, .ofs_x = 0, .ofs_y = 0},
    {.bitmap_index = 39, .adv_w = 93, .box_w = 6, .box_h = 9, .ofs_x = 0, .ofs_y = -1},
    {.bitmap_index = 67, .adv_w = 140, .box_w = 9, .box_h = 7, .ofs_x = 0, .ofs_y = 0},
    {.bitmap_index = 99, .adv_w = 137, .box_w = 9, .box_h = 7, .ofs_x = 0, .ofs_y = 0},
    {.bitmap_index = 131, .adv_w = 45, .box_w = 2, .box_h = 3, .ofs_x = 0, .ofs_y = 4},
    {.bitmap_index = 135, .adv_w = 57, .box_w = 4, .box_h = 9, .ofs_x = 0, .ofs_y = -2},
    {.bitmap_index = 153, .adv_w = 57, .box_w = 3, .box_h = 9, .ofs_x = 0, .ofs_y = -2},
    {.bitmap_index = 166, .adv_w = 73, .box_w = 5, .box_h = 4, .ofs_x = 0, .ofs_y = 3},
    {.bitmap_index = 177, .adv_w = 115, .box_w = 6, .box_h = 5, .ofs_x = 1, .ofs_y = 1},
    {.bitmap_index = 190, .adv_w = 42, .box_w = 2, .box_h = 3, .ofs_x = 0, .ofs_y = -1},
    {.bitmap_index = 193, .adv_w = 66, .box_w = 4, .box_h = 1, .ofs_x = 0, .ofs_y = 2},
    {.bitmap_index = 196, .adv_w = 42, .box_w = 3, .box_h = 2, .ofs_x = 0, .ofs_y = 0},
    {.bitmap_index = 199, .adv_w = 70, .box_w = 6, .box_h = 8, .ofs_x = -1, .ofs_y = -1},
    {.bitmap_index = 221, .adv_w = 93, .box_w = 6, .box_h = 7, .ofs_x = 0, .ofs_y = 0},
    {.bitmap_index = 242, .adv_w = 93, .box_w = 3, .box_h = 7, .ofs_x = 1, .ofs_y = 0},
    {.bitmap_index = 250, .adv_w = 93, .box_w = 6, .box_h = 7, .ofs_x = 0, .ofs_y = 0},
    {.bitmap_index = 271, .adv_w = 93, .box_w = 6, .box_h = 7, .ofs_x = 0, .ofs_y = 0},
    {.bitmap_index = 293, .adv_w = 93, .box_w = 6, .box_h = 7, .ofs_x = 0, .ofs_y = 0},
    {.bitmap_index = 314, .adv_w = 93, .box_w = 6, .box_h = 7, .ofs_x = 0, .ofs_y = 0},
    {.bitmap_index = 336, .adv_w = 93, .box_w = 6, .box_h = 7, .ofs_x = 0, .ofs_y = 0},
    {.bitmap_index = 357, .adv_w = 93, .box_w = 6, .box_h = 7, .ofs_x = 0, .ofs_y = 0},
    {.bitmap_index = 377, .adv_w = 93, .box_w = 6, .box_h = 7, .ofs_x = 0, .ofs_y = 0},
    {.bitmap_index = 398, .adv_w = 93, .box_w = 6, .box_h = 7, .ofs_x = 0, .ofs_y = 0},
    {.bitmap_index = 420, .adv_w = 42, .box_w = 3, .box_h = 5, .ofs_x = 0, .ofs_y = 0},
    {.bitmap_index = 428, .adv_w = 42, .box_w = 3, .box_h = 6, .ofs_x = 0, .ofs_y = -1},
    {.bitmap_index = 437, .adv_w = 115, .box_w = 5, .box_h = 6, .ofs_x = 1, .ofs_y = 0},
    {.bitmap_index = 452, .adv_w = 115, .box_w = 6, .box_h = 3, .ofs_x = 1, .ofs_y = 1},
    {.bitmap_index = 460, .adv_w = 115, .box_w = 5, .box_h = 6, .ofs_x = 1, .ofs_y = 0},
    {.bitmap_index = 475, .adv_w = 72, .box_w = 5, .box_h = 7, .ofs_x = 0, .ofs_y = 0},
    {.bitmap_index = 493, .adv_w = 157, .box_w = 10, .box_h = 8, .ofs_x = 0, .ofs_y = -1},
    {.bitmap_index = 533, .adv_w = 113, .box_w = 7, .box_h = 7, .ofs_x = 0, .ofs_y = 0},
    {.bitmap_index = 557, .adv_w = 102, .box_w = 6, .box_h = 7, .ofs_x = 0, .ofs_y = 0},
    {.bitmap_index = 579, .adv_w = 102, .box_w = 6, .box_h = 7, .ofs_x = 0, .ofs_y = 0},
    {.bitmap_index = 600, .adv_w = 119, .box_w = 8, .box_h = 7, .ofs_x = 0, .ofs_y = 0},
    {.bitmap_index = 624, .adv_w = 86, .box_w = 6, .box_h = 7, .ofs_x = 0, .ofs_y = 0},
    {.bitmap_index = 643, .adv_w = 84, .box_w = 5, .box_h = 7, .ofs_x = 0, .ofs_y = 0},
    {.bitmap_index = 660, .adv_w = 116, .box_w = 7, .box_h = 7, .ofs_x = 0, .ofs_y = 0},
    {.bitmap_index = 685, .adv_w = 123, .box_w = 7, .box_h = 7, .ofs_x = 0, .ofs_y = 0},
    {.bitmap_index = 703, .adv_w = 50, .box_w = 3, .box_h = 7, .ofs_x = 0, .ofs_y = 0},
    {.bitmap_index = 708, .adv_w = 69, .box_w = 4, .box_h = 7, .ofs_x = 0, .ofs_y = 0},
    {.bitmap_index = 718, .adv_w = 103, .box_w = 7, .box_h = 7, .ofs_x = 0, .ofs_y = 0},
    {.bitmap_index = 741, .adv_w = 82, .box_w = 5, .box_h = 7, .ofs_x = 0, .ofs_y = 0},
    {.bitmap_index = 750, .adv_w = 154, .box_w = 9, .box_h = 7, .ofs_x = 0, .ofs_y = 0},
    {.bitmap_index = 780, .adv_w = 128, .box_w = 8, .box_h = 7, .ofs_x = 0, .ofs_y = 0},
    {.bitmap_index = 803, .adv_w = 124, .box_w = 8, .box_h = 7, .ofs_x = 0, .ofs_y = 0},
    {.bitmap_index = 832, .adv_w = 98, .box_w = 6, .box_h = 7, .ofs_x = 0, .ofs_y = 0},
    {.bitmap_index = 851, .adv_w = 124, .box_w = 9, .box_h = 8, .ofs_x = 0, .ofs_y = -1},
    {.bitmap_index = 888, .adv_w = 105, .box_w = 7, .box_h = 7, .ofs_x = 0, .ofs_y = 0},
    {.bitmap_index = 910, .adv_w = 91, .box_w = 6, .box_h = 7, .ofs_x = 0, .ofs_y = 0},
    {.bitmap_index = 932, .adv_w = 93, .box_w = 6, .box_h = 7, .ofs_x = 0, .ofs_y = 0},
    {.bitmap_index = 944, .adv_w = 117, .box_w = 7, .box_h = 7, .ofs_x = 0, .ofs_y = 0},
    {.bitmap_index = 962, .adv_w = 107, .box_w = 7, .box_h = 7, .ofs_x = 0, .ofs_y = 0},
    {.bitmap_index = 987, .adv_w = 162, .box_w = 10, .box_h = 7, .ofs_x = 0, .ofs_y = 0},
    {.bitmap_index = 1023, .adv_w = 105, .box_w = 7, .box_h = 7, .ofs_x = 0, .ofs_y = 0},
    {.bitmap_index = 1048, .adv_w = 97, .box_w = 7, .box_h = 7, .ofs_x = 0, .ofs_y = 0},
    {.bitmap_index = 1069, .adv_w = 98, .box_w = 6, .box_h = 7, .ofs_x = 0, .ofs_y = 0},
    {.bitmap_index = 1091, .adv_w = 57, .box_w = 3, .box_h = 8, .ofs_x = 1, .ofs_y = -1},
    {.bitmap_index = 1099, .adv_w = 122, .box_w = 9, .box_h = 7, .ofs_x = -1, .ofs_y = 0},
    {.bitmap_index = 1131, .adv_w = 57, .box_w = 3, .box_h = 8, .ofs_x = 0, .ofs_y = -1},
    {.bitmap_index = 1139, .adv_w = 115, .box_w = 6, .box_h = 4, .ofs_x = 1, .ofs_y = 3},
    {.bitmap_index = 1151, .adv_w = 68, .box_w = 5, .box_h = 1, .ofs_x = 0, .ofs_y = -2},
    {.bitmap_index = 1153, .adv_w = 49, .box_w = 3, .box_h = 2, .ofs_x = 0, .ofs_y = 6},
    {.bitmap_index = 1156, .adv_w = 87, .box_w = 5, .box_h = 5, .ofs_x = 0, .ofs_y = 0},
    {.bitmap_index = 1169, .adv_w = 100, .box_w = 6, .box_h = 7, .ofs_x = 0, .ofs_y = 0},
    {.bitmap_index = 1188, .adv_w = 78, .box_w = 5, .box_h = 5, .ofs_x = 0, .ofs_y = 0},
    {.bitmap_index = 1201, .adv_w = 100, .box_w = 6, .box_h = 7, .ofs_x = 0, .ofs_y = 0},
    {.bitmap_index = 1220, .adv_w = 88, .box_w = 6, .box_h = 5, .ofs_x = 0, .ofs_y = 0},
    {.bitmap_index = 1236, .adv_w = 60, .box_w = 4, .box_h = 7, .ofs_x = 0, .ofs_y = 0},
    {.bitmap_index = 1248, .adv_w = 100, .box_w = 6, .box_h = 7, .ofs_x = 0, .ofs_y = -2},
    {.bitmap_index = 1270, .adv_w = 97, .box_w = 6, .box_h = 7, .ofs_x = 0, .ofs_y = 0},
    {.bitmap_index = 1286, .adv_w = 44, .box_w = 3, .box_h = 7, .ofs_x = 0, .ofs_y = 0},
    {.bitmap_index = 1294, .adv_w = 45, .box_w = 4, .box_h = 9, .ofs_x = -1, .ofs_y = -2},
    {.bitmap_index = 1308, .adv_w = 89, .box_w = 6, .box_h = 7, .ofs_x = 0, .ofs_y = 0},
    {.bitmap_index = 1326, .adv_w = 44, .box_w = 3, .box_h = 7, .ofs_x = 0, .ofs_y = 0},
    {.bitmap_index = 1331, .adv_w = 148, .box_w = 9, .box_h = 5, .ofs_x = 0, .ofs_y = 0},
    {.bitmap_index = 1349, .adv_w = 97, .box_w = 6, .box_h = 5, .ofs_x = 0, .ofs_y = 0},
    {.bitmap_index = 1362, .adv_w = 99, .box_w = 6, .box_h = 5, .ofs_x = 0, .ofs_y = 0},
    {.bitmap_index = 1378, .adv_w = 100, .box_w = 6, .box_h = 7, .ofs_x = 0, .ofs_y = -2},
    {.bitmap_index = 1399, .adv_w = 100, .box_w = 6, .box_h = 7, .ofs_x = 0, .ofs_y = -2},
    {.bitmap_index = 1419, .adv_w = 63, .box_w = 4, .box_h = 6, .ofs_x = 0, .ofs_y = 0},
    {.bitmap_index = 1429, .adv_w = 74, .box_w = 5, .box_h = 5, .ofs_x = 0, .ofs_y = 0},
    {.bitmap_index = 1442, .adv_w = 61, .box_w = 4, .box_h = 7, .ofs_x = 0, .ofs_y = 0},
    {.bitmap_index = 1456, .adv_w = 97, .box_w = 6, .box_h = 5, .ofs_x = 0, .ofs_y = 0},
    {.bitmap_index = 1470, .adv_w = 86, .box_w = 6, .box_h = 5, .ofs_x = 0, .ofs_y = 0},
    {.bitmap_index = 1486, .adv_w = 127, .box_w = 8, .box_h = 5, .ofs_x = 0, .ofs_y = 0},
    {.bitmap_index = 1507, .adv_w = 86, .box_w = 6, .box_h = 5, .ofs_x = 0, .ofs_y = 0},
    {.bitmap_index = 1523, .adv_w = 86, .box_w = 6, .box_h = 7, .ofs_x = 0, .ofs_y = -2},
    {.bitmap_index = 1545, .adv_w = 77, .box_w = 5, .box_h = 5, .ofs_x = 0, .ofs_y = 0},
    {.bitmap_index = 1558, .adv_w = 57, .box_w = 4, .box_h = 8, .ofs_x = 0, .ofs_y = -1},
    {.bitmap_index = 1575, .adv_w = 49, .box_w = 3, .box_h = 10, .ofs_x = 0, .ofs_y = -2},
    {.bitmap_index = 1581, .adv_w = 57, .box_w = 4, .box_h = 8, .ofs_x = 0, .ofs_y = -1},
    {.bitmap_index = 1598, .adv_w = 115, .box_w = 6, .box_h = 2, .ofs_x = 1, .ofs_y = 2},
    {.bitmap_index = 1604, .adv_w = 62, .box_w = 4, .box_h = 3, .ofs_x = 0, .ofs_y = 4},
    {.bitmap_index = 1611, .adv_w = 115, .box_w = 6, .box_h = 6, .ofs_x = 1, .ofs_y = 0},
    {.bitmap_index = 1627, .adv_w = 42, .box_w = 3, .box_h = 3, .ofs_x = 0, .ofs_y = 2},
    {.bitmap_index = 1632, .adv_w = 115, .box_w = 5, .box_h = 6, .ofs_x = 1, .ofs_y = 0},
    {.bitmap_index = 1647, .adv_w = 82, .box_w = 6, .box_h = 1, .ofs_x = 0, .ofs_y = 2},
    {.bitmap_index = 1649, .adv_w = 164, .box_w = 11, .box_h = 1, .ofs_x = 0, .ofs_y = 2},
    {.bitmap_index = 1652, .adv_w = 45, .box_w = 3, .box_h = 3, .ofs_x = 0, .ofs_y = 4},
    {.bitmap_index = 1657, .adv_w = 45, .box_w = 3, .box_h = 3, .ofs_x = 0, .ofs_y = 4},
    {.bitmap_index = 1662, .adv_w = 75, .box_w = 5, .box_h = 3, .ofs_x = 0, .ofs_y = 4},
    {.bitmap_index = 1670, .adv_w = 75, .box_w = 5, .box_h = 3, .ofs_x = 0, .ofs_y = 4},
    {.bitmap_index = 1678, .adv_w = 67, .box_w = 4, .box_h = 3, .ofs_x = 0, .ofs_y = 2},
    {.bitmap_index = 1684, .adv_w = 141, .box_w = 9, .box_h = 2, .ofs_x = 0, .ofs_y = 0},
    {.bitmap_index = 1694, .adv_w = 152, .box_w = 9, .box_h = 9, .ofs_x = 0, .ofs_y = -1},
    {.bitmap_index = 1731, .adv_w = 160, .box_w = 10, .box_h = 5, .ofs_x = 0, .ofs_y = 1},
    {.bitmap_index = 1748, .adv_w = 160, .box_w = 10, .box_h = 9, .ofs_x = 0, .ofs_y = -1},
    {.bitmap_index = 1783, .adv_w = 160, .box_w = 10, .box_h = 9, .ofs_x = 0, .ofs_y = -1},
    {.bitmap_index = 1821, .adv_w = 160, .box_w = 10, .box_h = 9, .ofs_x = 0, .ofs_y = -1},
    {.bitmap_index = 1858, .adv_w = 160, .box_w = 10, .box_h = 9, .ofs_x = 0, .ofs_y = -1},
    {.bitmap_index = 1897, .adv_w = 160, .box_w = 10, .box_h = 10, .ofs_x = 0, .ofs_y = -2},
    {.bitmap_index = 1944, .adv_w = 160, .box_w = 9, .box_h = 9, .ofs_x = 0, .ofs_y = -1},
    {.bitmap_index = 1976, .adv_w = 160, .box_w = 10, .box_h = 9, .ofs_x = 0, .ofs_y = -1},
    {.bitmap_index = 2013, .adv_w = 160, .box_w = 9, .box_h = 9, .ofs_x = 0, .ofs_y = -1},
    {.bitmap_index = 2049, .adv_w = 160, .box_w = 10, .box_h = 10, .ofs_x = 0, .ofs_y = -2},
    {.bitmap_index = 2095, .adv_w = 160, .box_w = 9, .box_h = 9, .ofs_x = 0, .ofs_y = -1},
    {.bitmap_index = 2126, .adv_w = 160, .box_w = 10, .box_h = 9, .ofs_x = 0, .ofs_y = -1},
    {.bitmap_index = 2165, .adv_w = 160, .box_w = 10, .box_h = 9, .ofs_x = 0, .ofs_y = -1},
    {.bitmap_index = 2207, .adv_w = 160, .box_w = 9, .box_h = 9, .ofs_x = 0, .ofs_y = -1},
    {.bitmap_index = 2240, .adv_w = 160, .box_w = 10, .box_h = 8, .ofs_x = 0, .ofs_y = 0},
    {.bitmap_index = 2272, .adv_w = 160, .box_w = 10, .box_h = 9, .ofs_x = 0, .ofs_y = -1},
    {.bitmap_index = 2313, .adv_w = 160, .box_w = 10, .box_h = 9, .ofs_x = 0, .ofs_y = -1},
    {.bitmap_index = 2353, .adv_w = 160, .box_w = 10, .box_h = 9, .ofs_x = 0, .ofs_y = -1},
    {.bitmap_index = 2392, .adv_w = 160, .box_w = 10, .box_h = 8, .ofs_x = 0, .ofs_y = 0},
    {.bitmap_index = 2426, .adv_w = 160, .box_w = 10, .box_h = 9, .ofs_x = 0, .ofs_y = -1},
    {.bitmap_index = 2452, .adv_w = 160, .box_w = 10, .box_h = 8, .ofs_x = 0, .ofs_y = 0},
    {.bitmap_index = 2480, .adv_w = 160, .box_w = 10, .box_h = 9, .ofs_x = 0, .ofs_y = -1},
    {.bitmap_index = 2513, .adv_w = 160, .box_w = 10, .box_h = 9, .ofs_x = 0, .ofs_y = -1},
    {.bitmap_index = 2548, .adv_w = 160, .box_w = 9, .box_h = 9, .ofs_x = 0, .ofs_y = -1},
    {.bitmap_index = 2578, .adv_w = 160, .box_w = 8, .box_h = 9, .ofs_x = 1, .ofs_y = -1},
    {.bitmap_index = 2610, .adv_w = 160, .box_w = 9, .box_h = 9, .ofs_x = 0, .ofs_y = -1},
    {.bitmap_index = 2648, .adv_w = 160, .box_w = 10, .box_h = 8, .ofs_x = 0, .ofs_y = 0},
    {.bitmap_index = 2683, .adv_w = 160, .box_w = 10, .box_h = 9, .ofs_x = 0, .ofs_y = -1},
    {.bitmap_index = 2727, .adv_w = 160, .box_w = 10, .box_h = 9, .ofs_x = 0, .ofs_y = -1},
    {.bitmap_index = 2767, .adv_w = 160, .box_w = 9, .box_h = 9, .ofs_x = 1, .ofs_y = -1},
    {.bitmap_index = 2792, .adv_w = 160, .box_w = 9, .box_h = 9, .ofs_x = 1, .ofs_y = -1},
    {.bitmap_index = 2826, .adv_w = 160, .box_w = 8, .box_h = 9, .ofs_x = 1, .ofs_y = -1},
    {.bitmap_index = 2851, .adv_w = 160, .box_w = 8, .box_h = 9, .ofs_x = 1, .ofs_y = -1},
    {.bitmap_index = 2885, .adv_w = 160, .box_w = 8, .box_h = 9, .ofs_x = 1, .ofs_y = -1},
    {.bitmap_index = 2920, .adv_w = 160, .box_w = 8, .box_h = 9, .ofs_x = 1, .ofs_y = -1},
    {.bitmap_index = 2948, .adv_w = 160, .box_w = 9, .box_h = 10, .ofs_x = 1, .ofs_y = -2},
    {.bitmap_index = 2989, .adv_w = 160, .box_w = 10, .box_h = 8, .ofs_x = 0, .ofs_y = 0},
    {.bitmap_index = 3016, .adv_w = 160, .box_w = 10, .box_h = 9, .ofs_x = 0, .ofs_y = -1},
    {.bitmap_index = 3056, .adv_w = 160, .box_w = 10, .box_h = 9, .ofs_x = 0, .ofs_y = -1},
    {.bitmap_index = 3083, .adv_w = 160, .box_w = 10, .box_h = 9, .ofs_x = 0, .ofs_y = -1},
    {.bitmap_index = 3120, .adv_w = 160, .box_w = 10, .box_h = 9, .ofs_x = 0, .ofs_y = -1},
    {.bitmap_index = 3148, .adv_w = 160, .box_w = 10, .box_h = 9, .ofs_x = 0, .ofs_y = -1},
    {.bitmap_index = 3185, .adv_w = 160, .box_w = 8, .box_h = 9, .ofs_x = 1, .ofs_y = -1},
    {.bitmap_index = 3205, .adv_w = 160, .box_w = 9, .box_h = 9, .ofs_x = 1, .ofs_y = -1},
    {.bitmap_index = 3235, .adv_w = 160, .box_w = 9, .box_h = 9, .ofs_x = 1, .ofs_y = -1},
    {.bitmap_index = 3269, .adv_w = 160, .box_w = 9, .box_h = 9, .ofs_x = 1, .ofs_y = -1},
    {.bitmap_index = 3307, .adv_w = 160, .box_w = 9, .box_h = 9, .ofs_x = 0, .ofs_y = -1},
    {.bitmap_index = 3337, .adv_w = 160, .box_w = 8, .box_h = 9, .ofs_x = 1, .ofs_y = -1},
    {.bitmap_index = 3366, .adv_w = 160, .box_w = 10, .box_h = 9, .ofs_x = 0, .ofs_y = -1},
    {.bitmap_index = 3404, .adv_w = 160, .box_w = 10, .box_h = 8, .ofs_x = 0, .ofs_y = 0},
    {.bitmap_index = 3437, .adv_w = 160, .box_w = 10, .box_h = 9, .ofs_x = 0, .ofs_y = -1},
    {.bitmap_index = 3477, .adv_w = 160, .box_w = 10, .box_h = 9, .ofs_x = 0, .ofs_y = -1},
    {.bitmap_index = 3519, .adv_w = 160, .box_w = 9, .box_h = 9, .ofs_x = 0, .ofs_y = -1},
    {.bitmap_index = 3556, .adv_w = 160, .box_w = 10, .box_h = 9, .ofs_x = 0, .ofs_y = -1},
    {.bitmap_index = 3595, .adv_w = 160, .box_w = 9, .box_h = 9, .ofs_x = 0, .ofs_y = -1},
    {.bitmap_index = 3633, .adv_w = 160, .box_w = 10, .box_h = 8, .ofs_x = 0, .ofs_y = 0},
    {.bitmap_index = 3661, .adv_w = 160, .box_w = 10, .box_h = 9, .ofs_x = 0, .ofs_y = -1},
    {.bitmap_index = 3700, .adv_w = 160, .box_w = 9, .box_h = 9, .ofs_x = 1, .ofs_y = -1},
    {.bitmap_index = 3737, .adv_w = 160, .box_w = 9, .box_h = 9, .ofs_x = 0, .ofs_y = -1},
    {.bitmap_index = 3771, .adv_w = 160, .box_w = 9, .box_h = 10, .ofs_x = 0, .ofs_y = -1},
    {.bitmap_index = 3812, .adv_w = 160, .box_w = 9, .box_h = 9, .ofs_x = 1, .ofs_y = -1},
    {.bitmap_index = 3852, .adv_w = 160, .box_w = 8, .box_h = 9, .ofs_x = 1, .ofs_y = -1},
    {.bitmap_index = 3885, .adv_w = 160, .box_w = 8, .box_h = 9, .ofs_x = 1, .ofs_y = -1},
    {.bitmap_index = 3922, .adv_w = 160, .box_w = 8, .box_h = 9, .ofs_x = 1, .ofs_y = -1},
    {.bitmap_index = 3950, .adv_w = 160, .box_w = 8, .box_h = 9, .ofs_x = 1, .ofs_y = -1},
    {.bitmap_index = 3983, .adv_w = 160, .box_w = 8, .box_h = 9, .ofs_x = 1, .ofs_y = -1},
    {.bitmap_index = 4016, .adv_w = 160, .box_w = 10, .box_h = 8, .ofs_x = 0, .ofs_y = 0},
    {.bitmap_index = 4050, .adv_w = 160, .box_w = 10, .box_h = 9, .ofs_x = 0, .ofs_y = -1},
    {.bitmap_index = 4086, .adv_w = 160, .box_w = 10, .box_h = 9, .ofs_x = 0, .ofs_y = -1},
    {.bitmap_index = 4126, .adv_w = 160, .box_w = 10, .box_h = 9, .ofs_x = 0, .ofs_y = -1},
    {.bitmap_index = 4167, .adv_w = 160, .box_w = 10, .box_h = 8, .ofs_x = 0, .ofs_y = 0},
    {.bitmap_index = 4202, .adv_w = 160, .box_w = 10, .box_h = 9, .ofs_x = 0, .ofs_y = -1},
    {.bitmap_index = 4235, .adv_w = 160, .box_w = 10, .box_h = 8, .ofs_x = 0, .ofs_y = 0},
    {.bitmap_index = 4264, .adv_w = 160, .box_w = 10, .box_h = 9, .ofs_x = 0, .ofs_y = -1},
    {.bitmap_index = 4298, .adv_w = 160, .box_w = 10, .box_h = 9, .ofs_x = 0, .ofs_y = -1},
    {.bitmap_index = 4335, .adv_w = 160, .box_w = 8, .box_h = 9, .ofs_x = 1, .ofs_y = -1},
    {.bitmap_index = 4364, .adv_w = 160, .box_w = 8, .box_h = 9, .ofs_x = 1, .ofs_y = -1},
    {.bitmap_index = 4396, .adv_w = 160, .box_w = 8, .box_h = 9, .ofs_x = 1, .ofs_y = -1},
    {.bitmap_index = 4428, .adv_w = 160, .box_w = 8, .box_h = 9, .ofs_x = 1, .ofs_y = -1},
    {.bitmap_index = 4462, .adv_w = 160, .box_w = 8, .box_h = 9, .ofs_x = 1, .ofs_y = -1},
    {.bitmap_index = 4495, .adv_w = 160, .box_w = 9, .box_h = 9, .ofs_x = 1, .ofs_y = -1},
    {.bitmap_index = 4525, .adv_w = 160, .box_w = 9, .box_h = 9, .ofs_x = 1, .ofs_y = -1},
    {.bitmap_index = 4558, .adv_w = 160, .box_w = 9, .box_h = 9, .ofs_x = 1, .ofs_y = -1},
    {.bitmap_index = 4591, .adv_w = 160, .box_w = 9, .box_h = 9, .ofs_x = 1, .ofs_y = -1},
    {.bitmap_index = 4628, .adv_w = 160, .box_w = 9, .box_h = 9, .ofs_x = 0, .ofs_y = -1},
    {.bitmap_index = 4656, .adv_w = 160, .box_w = 8, .box_h = 9, .ofs_x = 1, .ofs_y = -1},
    {.bitmap_index = 4690, .adv_w = 160, .box_w = 10, .box_h = 8, .ofs_x = 0, .ofs_y = 0},
    {.bitmap_index = 4723, .adv_w = 160, .box_w = 10, .box_h = 9, .ofs_x = 0, .ofs_y = -1},
    {.bitmap_index = 4758, .adv_w = 160, .box_w = 10, .box_h = 9, .ofs_x = 0, .ofs_y = -1},
    {.bitmap_index = 4790, .adv_w = 160, .box_w = 10, .box_h = 9, .ofs_x = 0, .ofs_y = -1},
    {.bitmap_index = 4826, .adv_w = 160, .box_w = 10, .box_h = 9, .ofs_x = 0, .ofs_y = -1},
    {.bitmap_index = 4864, .adv_w = 160, .box_w = 8, .box_h = 9, .ofs_x = 1, .ofs_y = -1},
    {.bitmap_index = 4887, .adv_w = 160, .box_w = 8, .box_h = 9, .ofs_x = 1, .ofs_y = -1},
    {.bitmap_index = 4917, .adv_w = 160, .box_w = 9, .box_h = 9, .ofs_x = 1, .ofs_y = -1},
    {.bitmap_index = 4954, .adv_w = 160, .box_w = 9, .box_h = 9, .ofs_x = 1, .ofs_y = -1},
    {.bitmap_index = 4994, .adv_w = 160, .box_w = 8, .box_h = 9, .ofs_x = 1, .ofs_y = -1},
    {.bitmap_index = 5023, .adv_w = 160, .box_w = 9, .box_h = 9, .ofs_x = 1, .ofs_y = -1},
    {.bitmap_index = 5059, .adv_w = 160, .box_w = 9, .box_h = 9, .ofs_x = 1, .ofs_y = -1},
    {.bitmap_index = 5094, .adv_w = 160, .box_w = 8, .box_h = 9, .ofs_x = 1, .ofs_y = -1},
    {.bitmap_index = 5126, .adv_w = 160, .box_w = 10, .box_h = 8, .ofs_x = 0, .ofs_y = 0},
    {.bitmap_index = 5160, .adv_w = 160, .box_w = 10, .box_h = 9, .ofs_x = 0, .ofs_y = -1},
    {.bitmap_index = 5192, .adv_w = 160, .box_w = 10, .box_h = 9, .ofs_x = 0, .ofs_y = -1},
    {.bitmap_index = 5229, .adv_w = 160, .box_w = 10, .box_h = 9, .ofs_x = 0, .ofs_y = -1},
    {.bitmap_index = 5268, .adv_w = 160, .box_w = 8, .box_h = 9, .ofs_x = 1, .ofs_y = -1},
    {.bitmap_index = 5294, .adv_w = 160, .box_w = 10, .box_h = 9, .ofs_x = 0, .ofs_y = -1},
    {.bitmap_index = 5330, .adv_w = 160, .box_w = 10, .box_h = 9, .ofs_x = 0, .ofs_y = -1},
    {.bitmap_index = 5368, .adv_w = 160, .box_w = 10, .box_h = 9, .ofs_x = 0, .ofs_y = -1},
    {.bitmap_index = 5412, .adv_w = 160, .box_w = 10, .box_h = 10, .ofs_x = 0, .ofs_y = -1},
    {.bitmap_index = 5452, .adv_w = 160, .box_w = 9, .box_h = 9, .ofs_x = 0, .ofs_y = -1},
    {.bitmap_index = 5494, .adv_w = 160, .box_w = 9, .box_h = 9, .ofs_x = 0, .ofs_y = -1},
    {.bitmap_index = 5529, .adv_w = 160, .box_w = 10, .box_h = 9, .ofs_x = 0, .ofs_y = -1},
    {.bitmap_index = 5570, .adv_w = 160, .box_w = 10, .box_h = 9, .ofs_x = 0, .ofs_y = -1},
    {.bitmap_index = 5612, .adv_w = 160, .box_w = 9, .box_h = 9, .ofs_x = 0, .ofs_y = -1},
    {.bitmap_index = 5645, .adv_w = 160, .box_w = 10, .box_h = 9, .ofs_x = 0, .ofs_y = -1},
    {.bitmap_index = 5683, .adv_w = 160, .box_w = 10, .box_h = 8, .ofs_x = 0, .ofs_y = 0},
    {.bitmap_index = 5718, .adv_w = 160, .box_w = 10, .box_h = 9, .ofs_x = 0, .ofs_y = -1},
    {.bitmap_index = 5754, .adv_w = 160, .box_w = 10, .box_h = 9, .ofs_x = 0, .ofs_y = -1},
    {.bitmap_index = 5797, .adv_w = 160, .box_w = 9, .box_h = 11, .ofs_x = 0, .ofs_y = -2},
    {.bitmap_index = 5837, .adv_w = 160, .box_w = 10, .box_h = 9, .ofs_x = 0, .ofs_y = -1},
    {.bitmap_index = 5871, .adv_w = 160, .box_w = 10, .box_h = 8, .ofs_x = 0, .ofs_y = 0},
    {.bitmap_index = 5902, .adv_w = 160, .box_w = 10, .box_h = 9, .ofs_x = 0, .ofs_y = -1},
    {.bitmap_index = 5940, .adv_w = 160, .box_w = 10, .box_h = 9, .ofs_x = 0, .ofs_y = -1},
    {.bitmap_index = 5980, .adv_w = 160, .box_w = 10, .box_h = 9, .ofs_x = 0, .ofs_y = -1},
    {.bitmap_index = 6021, .adv_w = 160, .box_w = 9, .box_h = 9, .ofs_x = 0, .ofs_y = -1},
    {.bitmap_index = 6053, .adv_w = 160, .box_w = 9, .box_h = 9, .ofs_x = 0, .ofs_y = -1},
    {.bitmap_index = 6085, .adv_w = 160, .box_w = 10, .box_h = 9, .ofs_x = 0, .ofs_y = -1},
    {.bitmap_index = 6120, .adv_w = 160, .box_w = 10, .box_h = 9, .ofs_x = 0, .ofs_y = -1},
    {.bitmap_index = 6158, .adv_w = 160, .box_w = 9, .box_h = 9, .ofs_x = 0, .ofs_y = -1},
    {.bitmap_index = 6193, .adv_w = 160, .box_w = 10, .box_h = 9, .ofs_x = 0, .ofs_y = -1},
    {.bitmap_index = 6232, .adv_w = 160, .box_w = 10, .box_h = 9, .ofs_x = 0, .ofs_y = -1},
    {.bitmap_index = 6272, .adv_w = 160, .box_w = 10, .box_h = 9, .ofs_x = 0, .ofs_y = -1},
    {.bitmap_index = 6316, .adv_w = 160, .box_w = 10, .box_h = 9, .ofs_x = 0, .ofs_y = -1},
    {.bitmap_index = 6355, .adv_w = 160, .box_w = 10, .box_h = 10, .ofs_x = 0, .ofs_y = -2},
    {.bitmap_index = 6404, .adv_w = 160, .box_w = 10, .box_h = 9, .ofs_x = 0, .ofs_y = -1},
    {.bitmap_index = 6445, .adv_w = 160, .box_w = 10, .box_h = 9, .ofs_x = 0, .ofs_y = -1},
    {.bitmap_index = 6490, .adv_w = 160, .box_w = 9, .box_h = 9, .ofs_x = 0, .ofs_y = -1},
    {.bitmap_index = 6525, .adv_w = 160, .box_w = 10, .box_h = 9, .ofs_x = 0, .ofs_y = -1},
    {.bitmap_index = 6563, .adv_w = 160, .box_w = 9, .box_h = 9, .ofs_x = 0, .ofs_y = -1},
    {.bitmap_index = 6601, .adv_w = 160, .box_w = 10, .box_h = 10, .ofs_x = 0, .ofs_y = -2},
    {.bitmap_index = 6651, .adv_w = 160, .box_w = 10, .box_h = 10, .ofs_x = 0, .ofs_y = -2},
    {.bitmap_index = 6699, .adv_w = 160, .box_w = 9, .box_h = 9, .ofs_x = 0, .ofs_y = -1},
    {.bitmap_index = 6733, .adv_w = 160, .box_w = 9, .box_h = 9, .ofs_x = 0, .ofs_y = -1},
    {.bitmap_index = 6770, .adv_w = 160, .box_w = 10, .box_h = 9, .ofs_x = 0, .ofs_y = -1},
    {.bitmap_index = 6809, .adv_w = 160, .box_w = 9, .box_h = 9, .ofs_x = 0, .ofs_y = -1},
    {.bitmap_index = 6847, .adv_w = 160, .box_w = 9, .box_h = 9, .ofs_x = 0, .ofs_y = -1},
    {.bitmap_index = 6887, .adv_w = 160, .box_w = 10, .box_h = 9, .ofs_x = 0, .ofs_y = -1},
    {.bitmap_index = 6930, .adv_w = 160, .box_w = 9, .box_h = 9, .ofs_x = 0, .ofs_y = -1},
    {.bitmap_index = 6966, .adv_w = 160, .box_w = 10, .box_h = 8, .ofs_x = 0, .ofs_y = 0},
    {.bitmap_index = 7004, .adv_w = 160, .box_w = 10, .box_h = 9, .ofs_x = 0, .ofs_y = -1},
    {.bitmap_index = 7042, .adv_w = 160, .box_w = 10, .box_h = 9, .ofs_x = 0, .ofs_y = -1},
    {.bitmap_index = 7086, .adv_w = 160, .box_w = 9, .box_h = 9, .ofs_x = 0, .ofs_y = -1},
    {.bitmap_index = 7124, .adv_w = 160, .box_w = 9, .box_h = 9, .ofs_x = 0, .ofs_y = -1},
    {.bitmap_index = 7163, .adv_w = 160, .box_w = 10, .box_h = 8, .ofs_x = 0, .ofs_y = 0},
    {.bitmap_index = 7202, .adv_w = 160, .box_w = 10, .box_h = 9, .ofs_x = 0, .ofs_y = -1},
    {.bitmap_index = 7247, .adv_w = 160, .box_w = 10, .box_h = 9, .ofs_x = 0, .ofs_y = -1},
    {.bitmap_index = 7288, .adv_w = 160, .box_w = 9, .box_h = 9, .ofs_x = 0, .ofs_y = -1},
    {.bitmap_index = 7323, .adv_w = 160, .box_w = 9, .box_h = 9, .ofs_x = 0, .ofs_y = -1},
    {.bitmap_index = 7363, .adv_w = 160, .box_w = 9, .box_h = 9, .ofs_x = 0, .ofs_y = -1},
    {.bitmap_index = 7398, .adv_w = 160, .box_w = 9, .box_h = 9, .ofs_x = 0, .ofs_y = -1},
    {.bitmap_index = 7432, .adv_w = 160, .box_w = 10, .box_h = 9, .ofs_x = 0, .ofs_y = -1},
    {.bitmap_index = 7467, .adv_w = 160, .box_w = 10, .box_h = 9, .ofs_x = 0, .ofs_y = -1},
    {.bitmap_index = 7508, .adv_w = 160, .box_w = 10, .box_h = 8, .ofs_x = 0, .ofs_y = 0},
    {.bitmap_index = 7543, .adv_w = 160, .box_w = 10, .box_h = 9, .ofs_x = 0, .ofs_y = -1},
    {.bitmap_index = 7582, .adv_w = 160, .box_w = 10, .box_h = 9, .ofs_x = 0, .ofs_y = -1},
    {.bitmap_index = 7621, .adv_w = 160, .box_w = 10, .box_h = 9, .ofs_x = 0, .ofs_y = -1},
    {.bitmap_index = 7662, .adv_w = 160, .box_w = 10, .box_h = 9, .ofs_x = 0, .ofs_y = -1},
    {.bitmap_index = 7706, .adv_w = 160, .box_w = 9, .box_h = 9, .ofs_x = 0, .ofs_y = -1},
    {.bitmap_index = 7744, .adv_w = 160, .box_w = 9, .box_h = 9, .ofs_x = 0, .ofs_y = -1},
    {.bitmap_index = 7778, .adv_w = 160, .box_w = 9, .box_h = 9, .ofs_x = 0, .ofs_y = -1},
    {.bitmap_index = 7813, .adv_w = 160, .box_w = 9, .box_h = 9, .ofs_x = 0, .ofs_y = -1},
    {.bitmap_index = 7849, .adv_w = 160, .box_w = 9, .box_h = 9, .ofs_x = 0, .ofs_y = -1},
    {.bitmap_index = 7885, .adv_w = 160, .box_w = 9, .box_h = 9, .ofs_x = 0, .ofs_y = -1},
    {.bitmap_index = 7921, .adv_w = 160, .box_w = 10, .box_h = 10, .ofs_x = 0, .ofs_y = -2},
    {.bitmap_index = 7967, .adv_w = 160, .box_w = 9, .box_h = 9, .ofs_x = 0, .ofs_y = -1},
    {.bitmap_index = 8004, .adv_w = 160, .box_w = 10, .box_h = 9, .ofs_x = 0, .ofs_y = -1},
    {.bitmap_index = 8042, .adv_w = 160, .box_w = 10, .box_h = 9, .ofs_x = 0, .ofs_y = -1},
    {.bitmap_index = 8081, .adv_w = 160, .box_w = 10, .box_h = 9, .ofs_x = 0, .ofs_y = -1},
    {.bitmap_index = 8121, .adv_w = 160, .box_w = 10, .box_h = 9, .ofs_x = 0, .ofs_y = -1},
    {.bitmap_index = 8164, .adv_w = 160, .box_w = 9, .box_h = 9, .ofs_x = 0, .ofs_y = -1},
    {.bitmap_index = 8199, .adv_w = 160, .box_w = 9, .box_h = 9, .ofs_x = 0, .ofs_y = -1},
    {.bitmap_index = 8236, .adv_w = 160, .box_w = 10, .box_h = 9, .ofs_x = 0, .ofs_y = -1},
    {.bitmap_index = 8275, .adv_w = 160, .box_w = 9, .box_h = 9, .ofs_x = 0, .ofs_y = -1},
    {.bitmap_index = 8312, .adv_w = 160, .box_w = 10, .box_h = 9, .ofs_x = 0, .ofs_y = -1},
    {.bitmap_index = 8354, .adv_w = 160, .box_w = 9, .box_h = 9, .ofs_x = 0, .ofs_y = -1},
    {.bitmap_index = 8388, .adv_w = 160, .box_w = 9, .box_h = 9, .ofs_x = 0, .ofs_y = -1},
    {.bitmap_index = 8425, .adv_w = 160, .box_w = 10, .box_h = 8, .ofs_x = 0, .ofs_y = 0},
    {.bitmap_index = 8463, .adv_w = 160, .box_w = 10, .box_h = 9, .ofs_x = 0, .ofs_y = -1},
    {.bitmap_index = 8501, .adv_w = 160, .box_w = 10, .box_h = 9, .ofs_x = 0, .ofs_y = -1},
    {.bitmap_index = 8536, .adv_w = 160, .box_w = 10, .box_h = 9, .ofs_x = 0, .ofs_y = -1},
    {.bitmap_index = 8577, .adv_w = 160, .box_w = 10, .box_h = 9, .ofs_x = 0, .ofs_y = -1},
    {.bitmap_index = 8621, .adv_w = 160, .box_w = 10, .box_h = 9, .ofs_x = 0, .ofs_y = -1},
    {.bitmap_index = 8657, .adv_w = 160, .box_w = 10, .box_h = 9, .ofs_x = 0, .ofs_y = -1},
    {.bitmap_index = 8699, .adv_w = 160, .box_w = 9, .box_h = 9, .ofs_x = 0, .ofs_y = -1},
    {.bitmap_index = 8733, .adv_w = 160, .box_w = 9, .box_h = 9, .ofs_x = 0, .ofs_y = -1},
    {.bitmap_index = 8767, .adv_w = 160, .box_w = 9, .box_h = 9, .ofs_x = 0, .ofs_y = -1},
    {.bitmap_index = 8802, .adv_w = 160, .box_w = 9, .box_h = 9, .ofs_x = 0, .ofs_y = -1},
    {.bitmap_index = 8838, .adv_w = 160, .box_w = 9, .box_h = 9, .ofs_x = 0, .ofs_y = -1},
    {.bitmap_index = 8874, .adv_w = 160, .box_w = 10, .box_h = 9, .ofs_x = 0, .ofs_y = -1},
    {.bitmap_index = 8915, .adv_w = 160, .box_w = 10, .box_h = 10, .ofs_x = 0, .ofs_y = -1},
    {.bitmap_index = 8961, .adv_w = 160, .box_w = 10, .box_h = 10, .ofs_x = 0, .ofs_y = -1},
    {.bitmap_index = 9010, .adv_w = 160, .box_w = 10, .box_h = 10, .ofs_x = 0, .ofs_y = -1},
    {.bitmap_index = 9059, .adv_w = 160, .box_w = 9, .box_h = 9, .ofs_x = 0, .ofs_y = -1},
    {.bitmap_index = 9094, .adv_w = 160, .box_w = 10, .box_h = 8, .ofs_x = 0, .ofs_y = 0},
    {.bitmap_index = 9135, .adv_w = 160, .box_w = 9, .box_h = 9, .ofs_x = 0, .ofs_y = -1},
    {.bitmap_index = 9174, .adv_w = 160, .box_w = 10, .box_h = 10, .ofs_x = 0, .ofs_y = -1},
    {.bitmap_index = 9215, .adv_w = 160, .box_w = 10, .box_h = 10, .ofs_x = 0, .ofs_y = -1},
    {.bitmap_index = 9263, .adv_w = 160, .box_w = 9, .box_h = 9, .ofs_x = 0, .ofs_y = -1},
    {.bitmap_index = 9296, .adv_w = 160, .box_w = 10, .box_h = 10, .ofs_x = 0, .ofs_y = -1},
    {.bitmap_index = 9339, .adv_w = 160, .box_w = 9, .box_h = 9, .ofs_x = 0, .ofs_y = -1},
    {.bitmap_index = 9375, .adv_w = 160, .box_w = 10, .box_h = 9, .ofs_x = 0, .ofs_y = -1},
    {.bitmap_index = 9412, .adv_w = 160, .box_w = 10, .box_h = 9, .ofs_x = 0, .ofs_y = -1},
    {.bitmap_index = 9450, .adv_w = 160, .box_w = 9, .box_h = 9, .ofs_x = 0, .ofs_y = -1},
    {.bitmap_index = 9487, .adv_w = 160, .box_w = 10, .box_h = 9, .ofs_x = 0, .ofs_y = -1},
    {.bitmap_index = 9525, .adv_w = 160, .box_w = 10, .box_h = 8, .ofs_x = 0, .ofs_y = 0},
    {.bitmap_index = 9558, .adv_w = 160, .box_w = 9, .box_h = 9, .ofs_x = 0, .ofs_y = -1},
    {.bitmap_index = 9590, .adv_w = 160, .box_w = 9, .box_h = 9, .ofs_x = 0, .ofs_y = -1},
    {.bitmap_index = 9622, .adv_w = 160, .box_w = 8, .box_h = 9, .ofs_x = 1, .ofs_y = -1},
    {.bitmap_index = 9655, .adv_w = 160, .box_w = 8, .box_h = 9, .ofs_x = 1, .ofs_y = -1},
    {.bitmap_index = 9688, .adv_w = 160, .box_w = 10, .box_h = 9, .ofs_x = 0, .ofs_y = -1},
    {.bitmap_index = 9726, .adv_w = 160, .box_w = 10, .box_h = 8, .ofs_x = 0, .ofs_y = 0},
    {.bitmap_index = 9761, .adv_w = 160, .box_w = 10, .box_h = 8, .ofs_x = 0, .ofs_y = 0},
    {.bitmap_index = 9791, .adv_w = 160, .box_w = 10, .box_h = 9, .ofs_x = 0, .ofs_y = -1},
    {.bitmap_index = 9826, .adv_w = 160, .box_w = 8, .box_h = 9, .ofs_x = 1, .ofs_y = -1},
    {.bitmap_index = 9860, .adv_w = 160, .box_w = 10, .box_h = 9, .ofs_x = 0, .ofs_y = -1},
    {.bitmap_index = 9897, .adv_w = 160, .box_w = 10, .box_h = 9, .ofs_x = 0, .ofs_y = -1},
    {.bitmap_index = 9937, .adv_w = 160, .box_w = 10, .box_h = 9, .ofs_x = 0, .ofs_y = -1},
    {.bitmap_index = 9973, .adv_w = 160, .box_w = 9, .box_h = 9, .ofs_x = 0, .ofs_y = -1},
    {.bitmap_index = 10009, .adv_w = 160, .box_w = 9, .box_h = 9, .ofs_x = 0, .ofs_y = -1},
    {.bitmap_index = 10045, .adv_w = 160, .box_w = 9, .box_h = 9, .ofs_x = 0, .ofs_y = -1},
    {.bitmap_index = 10077, .adv_w = 160, .box_w = 10, .box_h = 8, .ofs_x = 0, .ofs_y = 0},
    {.bitmap_index = 10115, .adv_w = 160, .box_w = 10, .box_h = 8, .ofs_x = 0, .ofs_y = 0},
    {.bitmap_index = 10148, .adv_w = 160, .box_w = 9, .box_h = 9, .ofs_x = 0, .ofs_y = -1},
    {.bitmap_index = 10181, .adv_w = 160, .box_w = 10, .box_h = 9, .ofs_x = 0, .ofs_y = -1},
    {.bitmap_index = 10221, .adv_w = 160, .box_w = 10, .box_h = 10, .ofs_x = 0, .ofs_y = -1},
    {.bitmap_index = 10269, .adv_w = 160, .box_w = 10, .box_h = 10, .ofs_x = 0, .ofs_y = -1},
    {.bitmap_index = 10316, .adv_w = 160, .box_w = 9, .box_h = 9, .ofs_x = 0, .ofs_y = -1},
    {.bitmap_index = 10352, .adv_w = 160, .box_w = 10, .box_h = 9, .ofs_x = 0, .ofs_y = -1},
    {.bitmap_index = 10396, .adv_w = 160, .box_w = 10, .box_h = 9, .ofs_x = 0, .ofs_y = -1},
    {.bitmap_index = 10439, .adv_w = 160, .box_w = 10, .box_h = 10, .ofs_x = 0, .ofs_y = -1},
    {.bitmap_index = 10489, .adv_w = 160, .box_w = 9, .box_h = 10, .ofs_x = 0, .ofs_y = -1},
    {.bitmap_index = 10533, .adv_w = 160, .box_w = 9, .box_h = 10, .ofs_x = 0, .ofs_y = -1},
    {.bitmap_index = 10576, .adv_w = 160, .box_w = 9, .box_h = 10, .ofs_x = 0, .ofs_y = -1},
    {.bitmap_index = 10622, .adv_w = 160, .box_w = 10, .box_h = 8, .ofs_x = 0, .ofs_y = 0},
    {.bitmap_index = 10661, .adv_w = 160, .box_w = 10, .box_h = 10, .ofs_x = 0, .ofs_y = -1},
    {.bitmap_index = 10710, .adv_w = 160, .box_w = 10, .box_h = 10, .ofs_x = 0, .ofs_y = -1},
    {.bitmap_index = 10758, .adv_w = 160, .box_w = 9, .box_h = 10, .ofs_x = 0, .ofs_y = -1},
    {.bitmap_index = 10803, .adv_w = 160, .box_w = 10, .box_h = 10, .ofs_x = 0, .ofs_y = -1},
    {.bitmap_index = 10853, .adv_w = 160, .box_w = 10, .box_h = 8, .ofs_x = 0, .ofs_y = 0},
    {.bitmap_index = 10895, .adv_w = 160, .box_w = 10, .box_h = 10, .ofs_x = 0, .ofs_y = -1},
    {.bitmap_index = 10940, .adv_w = 160, .box_w = 9, .box_h = 9, .ofs_x = 0, .ofs_y = -1}
};

/*---------------------
 *  CHARACTER MAPPING
 *--------------------*/

static const uint16_t unicode_list_1[] = {
    0x0, 0x1, 0x7, 0x27, 0x1f63, 0x1f64, 0x1f68, 0x1f69,
    0x1f6c, 0x1f6d, 0x1f72, 0x1f76, 0x2053, 0x20e2, 0xab50, 0xab51,
    0xab54, 0xab60, 0xab62, 0xab6c, 0xabc4, 0xabd0, 0xabd3, 0xabdc,
    0xac00, 0xac0d, 0xac14, 0xac30, 0xac45, 0xac4c, 0xac50, 0xaca0,
    0xacbc, 0xad48, 0xad4c, 0xad58, 0xad80, 0xad90, 0xae0c, 0xaf94,
    0xaf9a, 0xafad, 0xafe8, 0xaff8, 0xb004, 0xb019, 0xb060, 0xb074,
    0xb087, 0xb0c8, 0xb0e2, 0xb154, 0xb15c, 0xb1e4, 0xb1f5, 0xb218,
    0xb234, 0xb238, 0xb245, 0xb250, 0xb2c0, 0xb2c8, 0xb314, 0xb31c,
    0xb329, 0xb368, 0xb36c, 0xb378, 0xb42c, 0xb441, 0xb6cc, 0xb6e8,
    0xb6f8, 0xb719, 0xb73c, 0xb757, 0xb758, 0xb774, 0xb775, 0xb7ac,
    0xb7ad, 0xb7b4, 0xb7bf, 0xb81c, 0xb8a8, 0xb8c4, 0xb8c8, 0xb8d4,
    0xb8fc, 0xb900, 0xb904, 0xb90c, 0xb911, 0xb918, 0xb919, 0xb91c,
    0xb920, 0xb9a4, 0xb9c4, 0xb9f8, 0xb9f9, 0xba84, 0xba88, 0xba8c,
    0xbb48, 0xbb50, 0xbb6b, 0xbb79, 0xbbd4, 0xbbd8, 0xbc10, 0xbc14,
    0xbc44, 0xbcd0, 0xbcd4, 0xbcd8, 0xbd94, 0xbffc, 0xc000, 0xc011,
    0xc019, 0xc02d, 0xc06c, 0xc074, 0xc081, 0xc088, 0xc08c, 0xc0dc,
    0xc0dd, 0xc0f1, 0xc114, 0xc168, 0xc1f4, 0xc1fc, 0xc205, 0xc209,
    0xc22c, 0xc22d, 0xc230, 0xc234, 0xc23c, 0xc494, 0xc498, 0xc49a,
    0xc49c, 0xc4a8, 0xc4cd, 0xc4e1, 0xc504, 0xc508, 0xc515, 0xc516,
    0xc518, 0xc520, 0xc53d, 0xc540, 0xc544, 0xc54d, 0xc551, 0xc558,
    0xc574, 0xc578, 0xc594, 0xc5ac, 0xc5c8, 0xc5e4, 0xc5f9, 0xc604,
    0xc61c, 0xc620, 0xc638, 0xc654, 0xc670, 0xc671, 0xc68c, 0xc690,
    0xc694, 0xc69c, 0xc6a1, 0xc6a8, 0xc6c4, 0xc6c8, 0xc6cc, 0xc6d4,
    0xc6d5, 0xc6d8, 0xc6de, 0xc6e0, 0xc6e1, 0xc6e8, 0xc6f5, 0xc6fc,
    0xc750, 0xc754, 0xc758, 0xc765, 0xc76c, 0xc788, 0xc7c0, 0xc7c1,
    0xc84c, 0xc850, 0xc861, 0xc8d9, 0xc8ed, 0xc910, 0xc911, 0xc914,
    0xc920, 0xc921, 0xcb78, 0xcb88, 0xcbfb, 0xcbfd, 0xcc04, 0xcc58,
    0xccac, 0xcce4, 0xccf9, 0xcd38, 0xcd71, 0xcda8, 0xcdc4, 0xce38,
    0xce6c, 0xceac, 0xcfbc, 0xcff4, 0xd02c, 0xd080, 0xd084, 0xd0a4,
    0xd0f0, 0xd208, 0xd20c, 0xd255, 0xd25c, 0xd260, 0xd278, 0xd27c,
    0xd2dc, 0xd320, 0xd3ac, 0xd454, 0xd48c, 0xd4a8, 0xd4b8, 0xd4b9,
    0xd4c4, 0xd4d8, 0xd4d9, 0xd4f5, 0xd528, 0xd554, 0xd565, 0xd588,
    0xd5a4, 0xd5a5, 0xd5dc, 0xd5ef, 0xd5f8, 0xd614, 0xd6d8
};

/*Collect the unicode lists and glyph_id offsets*/
static const lv_font_fmt_txt_cmap_t cmaps[] =
{
    {
        .range_start = 32, .range_length = 95, .glyph_id_start = 1,
        .unicode_list = NULL, .glyph_id_ofs_list = NULL, .list_length = 0, .type = LV_FONT_FMT_TXT_CMAP_FORMAT0_TINY
    },
    {
        .range_start = 176, .range_length = 55001, .glyph_id_start = 96,
        .unicode_list = unicode_list_1, .glyph_id_ofs_list = NULL, .list_length = 263, .type = LV_FONT_FMT_TXT_CMAP_SPARSE_TINY
    }
};



/*--------------------
 *  ALL CUSTOM DATA
 *--------------------*/

#if LVGL_VERSION_MAJOR == 8
/*Store all the custom data of the font*/
static  lv_font_fmt_txt_glyph_cache_t cache;
#endif

#if LVGL_VERSION_MAJOR >= 8
static const lv_font_fmt_txt_dsc_t font_dsc = {
#else
static lv_font_fmt_txt_dsc_t font_dsc = {
#endif
    .glyph_bitmap = glyph_bitmap,
    .glyph_dsc = glyph_dsc,
    .cmaps = cmaps,
    .kern_dsc = NULL,
    .kern_scale = 0,
    .cmap_num = 2,
    .bpp = 4,
    .kern_classes = 0,
    .bitmap_format = 1,
#if LVGL_VERSION_MAJOR == 8
    .cache = &cache
#endif
};

extern const lv_font_t font_kr_full_12;


/*-----------------
 *  PUBLIC FONT
 *----------------*/

/*Initialize a public general font descriptor*/
#if LVGL_VERSION_MAJOR >= 8
const lv_font_t font_bold_10 = {
#else
lv_font_t font_bold_10 = {
#endif
    .get_glyph_dsc = lv_font_get_glyph_dsc_fmt_txt,    /*Function pointer to get glyph's data*/
    .get_glyph_bitmap = lv_font_get_bitmap_fmt_txt,    /*Function pointer to get glyph's bitmap*/
    .line_height = 11,          /*The maximum line height required by the font*/
    .base_line = 2,             /*Baseline measured from the bottom of the line*/
#if !(LVGL_VERSION_MAJOR == 6 && LVGL_VERSION_MINOR == 0)
    .subpx = LV_FONT_SUBPX_NONE,
#endif
#if LV_VERSION_CHECK(7, 4, 0) || LVGL_VERSION_MAJOR >= 8
    .underline_position = -2,
    .underline_thickness = 1,
#endif
    .dsc = &font_dsc,          /*The custom font data. Will be accessed by `get_glyph_bitmap/dsc` */
#if LV_VERSION_CHECK(8, 2, 0) || LVGL_VERSION_MAJOR >= 9
    .fallback = &font_kr_full_12,
#endif
    .user_data = NULL,
};



#endif /*#if FONT_BOLD_10*/

