/*******************************************************************************
 * Size: 14 px
 * Bpp: 4
 * Opts: --font C:\Windows/Fonts/malgunbd.ttf -r 0x20-0x7E -r 0xB0 -r 0xB1 -r 0xB7 -r 0xD7 -r 0x2013 -r 0x2014 -r 0x2018 -r 0x2019 -r 0x201C -r 0x201D -r 0x2022 -r 0x2026 -r 0x2103 -r 0x2192 --symbols 가각간감값개건검것게결경계고공과관교구그근금기김꺼끄끊끝나남내냉널네넷노높누눌는능니다단답대데델도돌동되된됨드등라래램량러렇레력로록롤롯료류르른름리린릴림링마막만말메면모목무문물미밀받방버번변별보부분불비사산상색생서설성세센소속송쇄수스슬습승시식신실심아안않알았약양어언업없었에역연열엽영예오온완왜외요용운워원웨위유육으은을음응의이인일임입있잎자작잘장재저전절정제져조족주준중즉증지직진짐집차참첫청체초최추충취측치카컨켜콜크키태터턴텔토트튼팅파판패팬펌폐표프피하함합해했행향험현형호화확회횟효후히 --size 14 --bpp 4 --format lvgl --lv-font-name font_bold_14 --lv-fallback font_kr_full_14 -o D:\Users\G433m\Documents\smartfarm\src\fonts\font_bold_14.c
 ******************************************************************************/

#ifdef LV_LVGL_H_INCLUDE_SIMPLE
#include "lvgl.h"
#else
#include "lvgl/lvgl.h"
#endif

#ifndef FONT_BOLD_14
#define FONT_BOLD_14 1
#endif

#if FONT_BOLD_14

/*-----------------
 *    BITMAPS
 *----------------*/

/*Store the image of the glyphs*/
static LV_ATTRIBUTE_LARGE_CONST const uint8_t glyph_bitmap[] = {
    /* U+0020 " " */

    /* U+0021 "!" */
    0xbf, 0x30, 0x8, 0x40, 0x40, 0x23, 0x3, 0x0,
    0xe, 0x28, 0x2d, 0x4, 0xf1, 0x98, 0x40,

    /* U+0022 "\"" */
    0xcc, 0x17, 0xbb, 0xc6, 0x4, 0x23, 0x0, 0x80,

    /* U+0023 "#" */
    0x0, 0xbd, 0x3, 0xcc, 0x2, 0x20, 0x53, 0x3,
    0x0, 0x9c, 0x44, 0xa4, 0x0, 0x1f, 0xa1, 0xf9,
    0x2f, 0x11, 0x71, 0xbf, 0x14, 0x78, 0x80, 0x96,
    0x89, 0x18, 0x2, 0x7c, 0x6b, 0xc2, 0xe4, 0x22,
    0x3, 0xae, 0x7b, 0x20, 0x3a, 0xe4, 0x88, 0x20,
    0xa, 0xa4, 0x32, 0x0, 0x20,

    /* U+0024 "$" */
    0x0, 0x96, 0x40, 0x30, 0xd5, 0x1b, 0xa0, 0x1,
    0x4a, 0x86, 0xe4, 0x0, 0x45, 0xe5, 0x9a, 0x0,
    0xa, 0x10, 0x7, 0x58, 0xc2, 0x90, 0x4, 0xba,
    0x87, 0xae, 0x1, 0x17, 0x21, 0xc1, 0x80, 0x80,
    0xa, 0x41, 0x83, 0x27, 0x16, 0x1, 0x1, 0x51,
    0x8d, 0xb0, 0x42, 0x36, 0x9a, 0xcc, 0x3, 0x24,
    0x0, 0x40,

    /* U+0025 "%" */
    0x6, 0xee, 0x40, 0x5, 0x78, 0x0, 0x29, 0xad,
    0x74, 0x5, 0x4e, 0x0, 0x38, 0x21, 0x91, 0x6,
    0xe0, 0x80, 0xc, 0x4, 0x24, 0x4b, 0x37, 0x0,
    0x8d, 0xb7, 0x9c, 0x57, 0x80, 0x3a, 0x7f, 0xd3,
    0x6e, 0x19, 0xd4, 0x1, 0xd6, 0x71, 0xa9, 0xa8,
    0xe0, 0x12, 0x2f, 0x10, 0xd1, 0xaf, 0x0, 0x54,
    0xc6, 0x40, 0xe0, 0xde, 0x0, 0x93, 0x90, 0x5,
    0x5f, 0x23, 0x0,

    /* U+0026 "&" */
    0x0, 0x26, 0x7f, 0x40, 0x7, 0xd6, 0x34, 0x8e,
    0xa0, 0x1c, 0x40, 0xeb, 0xc0, 0x61, 0x34, 0x0,
    0x24, 0x59, 0xa3, 0x70, 0x24, 0x0, 0x8c, 0x18,
    0x7c, 0x41, 0x88, 0x1, 0x8f, 0x38, 0x78, 0xa6,
    0x56, 0x8, 0x6a, 0xc7, 0x89, 0x5c, 0x2e, 0x1,
    0xf4, 0x81, 0x50, 0x1, 0x5, 0x69, 0xe7, 0x44,
    0x26, 0x1c, 0x31, 0x52, 0x11, 0xbe, 0xc1, 0xf4,

    /* U+0027 "'" */
    0xdc, 0x66, 0x9, 0x80,

    /* U+0028 "(" */
    0x2, 0xe8, 0x9, 0x38, 0x34, 0xb0, 0xa0, 0x70,
    0x52, 0x10, 0x21, 0x0, 0xf1, 0x10, 0x0, 0x82,
    0x41, 0x41, 0x40, 0x4a, 0xc2, 0x14, 0xac,

    /* U+0029 ")" */
    0x8f, 0x20, 0x82, 0xe0, 0x5, 0x9a, 0x3, 0x86,
    0x80, 0x92, 0x0, 0x18, 0xc0, 0xe, 0x1, 0x9,
    0x80, 0x92, 0x3, 0x5, 0xc, 0xa9, 0xb2, 0xd0,
    0x0,

    /* U+002A "*" */
    0x0, 0x3e, 0x80, 0xa, 0x0, 0x55, 0x84, 0x52,
    0x7e, 0x7, 0xa0, 0x80, 0xc0, 0x71, 0x42, 0x20,

    /* U+002B "+" */
    0x0, 0xa6, 0x80, 0x3f, 0xf8, 0xeb, 0xfe, 0x65,
    0xff, 0x32, 0x66, 0x15, 0x33, 0xe, 0x26, 0x70,
    0x99, 0x84, 0x2, 0xde, 0x0, 0x80,

    /* U+002C "," */
    0x5, 0x32, 0xab, 0x40, 0xbf, 0x13,

    /* U+002D "-" */
    0x11, 0x83, 0xba, 0xdc, 0xcb, 0x80,

    /* U+002E "." */
    0x2e, 0xb0, 0x8,

    /* U+002F "/" */
    0x0, 0xea, 0xf1, 0x0, 0xc2, 0xaa, 0x10, 0xd,
    0x21, 0x20, 0x1c, 0xc8, 0x60, 0x19, 0x87, 0xc0,
    0x3a, 0xc9, 0x0, 0x32, 0x15, 0x80, 0x74, 0xb,
    0x0, 0x63, 0x33, 0x0, 0x74, 0x84, 0x80, 0x61,
    0x55, 0x8, 0x6,

    /* U+0030 "0" */
    0x0, 0x4f, 0x7d, 0x90, 0x2, 0x59, 0x19, 0x3c,
    0x5, 0x8a, 0xa5, 0x9, 0x10, 0x8, 0x0, 0xc0,
    0xc2, 0x1, 0x0, 0x8, 0x8, 0x3, 0xc0, 0x38,
    0x43, 0x80, 0x2, 0x1c, 0x80, 0x80, 0xc, 0x4,
    0x23, 0x2a, 0x94, 0x33, 0x6, 0xaa, 0x99, 0x74,
    0x0,

    /* U+0031 "1" */
    0x0, 0x3f, 0xc2, 0xf4, 0x0, 0x8, 0xd4, 0x0,
    0xfb, 0xe0, 0x1f, 0xfd, 0x40,

    /* U+0032 "2" */
    0x4, 0xbe, 0xe5, 0x90, 0x2, 0x1, 0x91, 0x1e,
    0x0, 0xeb, 0x8a, 0x32, 0x20, 0x10, 0x4, 0x20,
    0x60, 0x1a, 0x49, 0x4, 0x0, 0x38, 0xc7, 0x40,
    0x1, 0xf3, 0x6c, 0x10, 0x5, 0x8c, 0x48, 0x6,
    0x50, 0xf8, 0x88, 0x44, 0x0, 0x77, 0xc6,

    /* U+0033 "3" */
    0x5d, 0xfe, 0xa1, 0xd, 0x48, 0x55, 0x50, 0x44,
    0xbd, 0x3, 0x0, 0x4, 0xa4, 0x14, 0x1, 0xda,
    0xed, 0x0, 0xb, 0xa5, 0x6a, 0x0, 0x22, 0xd1,
    0x29, 0x0, 0x7d, 0xd0, 0xf6, 0x46, 0x48, 0xd0,
    0xcf, 0xa0,

    /* U+0034 "4" */
    0x0, 0xd1, 0xf0, 0x1, 0x85, 0xc0, 0x3d, 0x0,
    0x1e, 0x36, 0x60, 0x6, 0x1d, 0x4d, 0x0, 0xd6,
    0x14, 0x1, 0x99, 0x6c, 0x3, 0xb0, 0x2b, 0xac,
    0x1e, 0xe2, 0xee, 0x80, 0x59, 0x24, 0x48, 0xc0,
    0x88,

    /* U+0035 "5" */
    0x7f, 0xfd, 0x81, 0xe0, 0xce, 0xea, 0x1, 0x8,
    0x89, 0x80, 0xc0, 0x3c, 0xc1, 0xdf, 0x86, 0x13,
    0x54, 0x53, 0xd0, 0x55, 0xa8, 0xc4, 0x80, 0x30,
    0x80, 0x36, 0x1f, 0x9, 0x9, 0xda, 0x5, 0xec,
    0x0,

    /* U+0036 "6" */
    0x0, 0x15, 0x77, 0xe0, 0x0, 0x71, 0x5e, 0x18,
    0x1, 0x63, 0x52, 0xf4, 0x0, 0x52, 0x50, 0xc,
    0x60, 0xd7, 0xfe, 0x80, 0x70, 0x43, 0xa2, 0x74,
    0x60, 0x38, 0x58, 0xc, 0x20, 0x10, 0x1, 0x87,
    0x83, 0x95, 0x3c, 0x3, 0x4, 0x3a, 0x42, 0xe0,
    0x80,

    /* U+0037 "7" */
    0x5f, 0xff, 0x43, 0xbf, 0x10, 0x59, 0x44, 0x52,
    0x48, 0x60, 0x1a, 0x2, 0x0, 0x30, 0xb1, 0x98,
    0x3, 0x30, 0x48, 0x7, 0x50, 0x28, 0x6, 0x22,
    0x20, 0x7, 0x28, 0x60, 0x7, 0x68, 0x18, 0x4,

    /* U+0038 "8" */
    0x1, 0x9e, 0xfb, 0x30, 0x5, 0x33, 0x25, 0x70,
    0x41, 0xa, 0x19, 0x80, 0x40, 0xa4, 0xa6, 0xa4,
    0x61, 0x47, 0x58, 0x7e, 0x0, 0xb3, 0x89, 0xc,
    0x13, 0x46, 0x76, 0xb1, 0x60, 0xf, 0xc6, 0x4c,
    0xed, 0x60, 0xa1, 0xeb, 0x32, 0x2b, 0x20,

    /* U+0039 "9" */
    0x1, 0xae, 0xfa, 0x10, 0x6, 0x2b, 0x31, 0x68,
    0x10, 0x9a, 0x25, 0x10, 0x42, 0x2, 0x0, 0x30,
    0x77, 0x3, 0x19, 0x98, 0xc, 0xa0, 0x73, 0x4,
    0x1, 0x3f, 0x67, 0x28, 0x28, 0x0, 0x4c, 0x1c,
    0x4c, 0x25, 0xe3, 0xc6, 0xc0, 0x7, 0xe, 0x56,
    0xa0,

    /* U+003A ":" */
    0x2e, 0xb0, 0x8, 0xba, 0xc0, 0x3c, 0x5d, 0x60,
    0x10,

    /* U+003B ";" */
    0x1e, 0xc0, 0xe, 0x1e, 0xc0, 0xf, 0xe1, 0xfa,
    0x4, 0xf, 0xd, 0x5, 0xb, 0xb0, 0x0,

    /* U+003C "<" */
    0x0, 0xf8, 0x40, 0x30, 0xbf, 0x10, 0x0, 0x63,
    0xaa, 0xc, 0x27, 0x8e, 0xf5, 0x80, 0x50, 0x71,
    0x40, 0x21, 0xdb, 0xb7, 0x52, 0x0, 0x4b, 0x98,
    0xb, 0x30, 0xc, 0x75, 0xa4,

    /* U+003D "=" */
    0x0, 0xfc, 0xbf, 0xfe, 0x64, 0xcc, 0xf3, 0x89,
    0x9f, 0x85, 0x7f, 0xfc, 0xc9, 0x99, 0xe7,

    /* U+003E ">" */
    0x1, 0x0, 0xf1, 0x74, 0x90, 0x6, 0x2a, 0x5d,
    0xa2, 0x0, 0x97, 0x30, 0x1b, 0x62, 0x1, 0x16,
    0x8b, 0x18, 0x25, 0x75, 0xdb, 0x48, 0x96, 0x19,
    0x85, 0x0, 0x17, 0x51, 0x80, 0x60,

    /* U+003F "?" */
    0x3b, 0xee, 0x58, 0xab, 0x3a, 0xa5, 0x3e, 0xcd,
    0x82, 0x88, 0x1, 0x41, 0xc0, 0x9, 0x47, 0x20,
    0xb, 0x3c, 0x0, 0x8, 0x20, 0x4, 0x3d, 0x20,
    0x10, 0xe6, 0x80, 0x63, 0x0, 0x80,

    /* U+0040 "@" */
    0x0, 0x9f, 0x3f, 0xdb, 0x22, 0x1, 0x17, 0x54,
    0xf7, 0x24, 0xbc, 0xc0, 0x71, 0x75, 0x44, 0x49,
    0x6f, 0xa3, 0x23, 0x41, 0x3d, 0x9d, 0x10, 0x16,
    0x56, 0x18, 0x7d, 0x91, 0xe1, 0x3d, 0x2e, 0x7,
    0x63, 0x50, 0x30, 0x70, 0x10, 0xb, 0x80, 0x80,
    0x41, 0x75, 0x70, 0x7, 0xc2, 0xc0, 0x54, 0x5b,
    0xd1, 0x10, 0xdf, 0xe4, 0xab, 0xa1, 0x47, 0xbe,
    0xdf, 0x6b, 0xb7, 0x28, 0x2, 0x2c, 0xf7, 0xfe,
    0xe0, 0xe, 0x4b, 0xfe, 0xe7, 0xd0, 0x4,

    /* U+0041 "A" */
    0x0, 0x9b, 0xfc, 0x60, 0x1e, 0xd0, 0x5, 0x0,
    0x70, 0xa2, 0x93, 0x0, 0x73, 0x7, 0x28, 0x28,
    0x6, 0xa1, 0x4a, 0xe, 0x0, 0x8c, 0x90, 0x80,
    0x90, 0x40, 0x14, 0xb, 0xba, 0x20, 0x60, 0x3,
    0x5, 0x55, 0x21, 0x40, 0xa0, 0xab, 0x98, 0x8a,
    0xe0, 0xf0, 0xc, 0xa1, 0x40,

    /* U+0042 "B" */
    0xcf, 0xfb, 0xa8, 0x40, 0x27, 0x82, 0x5a, 0x0,
    0xa9, 0xf8, 0x18, 0x2, 0x12, 0xb0, 0xb0, 0xb,
    0x35, 0x95, 0xc0, 0x29, 0xa6, 0x5c, 0x0, 0x91,
    0x64, 0xc9, 0x0, 0x38, 0x41, 0xc0, 0x14, 0xf6,
    0x44, 0x30, 0x3, 0xc2, 0xab, 0x0,

    /* U+0043 "C" */
    0x0, 0x9f, 0x7f, 0xda, 0x60, 0x3b, 0x6, 0x88,
    0x37, 0xa, 0x25, 0xeb, 0xb7, 0x21, 0x20, 0xd0,
    0x7, 0x20, 0x28, 0x7, 0xe1, 0x0, 0xf1, 0x2,
    0x0, 0x79, 0x4, 0x52, 0x1, 0xea, 0x6, 0xea,
    0xbe, 0x40, 0x4d, 0x50, 0x55, 0x98,

    /* U+0044 "D" */
    0xcf, 0xfb, 0xb1, 0x80, 0x33, 0x31, 0x4e, 0x6c,
    0x2, 0xb9, 0xbc, 0x4, 0x60, 0xe, 0x38, 0xd,
    0x0, 0xf2, 0x3, 0x0, 0x79, 0xc0, 0x3f, 0x60,
    0x38, 0x7, 0x1b, 0x84, 0x80, 0x2e, 0x6f, 0x2,
    0x4c, 0x0, 0xcc, 0x55, 0x63, 0x0,

    /* U+0045 "E" */
    0xcf, 0xfd, 0x80, 0x13, 0x3b, 0xa8, 0x2, 0xb8,
    0x83, 0x0, 0x7f, 0xae, 0x20, 0x80, 0x13, 0x3b,
    0xb0, 0x2, 0xdf, 0xf4, 0x0, 0x7f, 0xae, 0x22,
    0x0, 0x99, 0xde, 0x0,

    /* U+0046 "F" */
    0xcf, 0xfd, 0x80, 0x6, 0x77, 0x50, 0x2, 0xe2,
    0xc, 0x1, 0xfa, 0xe2, 0x8, 0x0, 0x67, 0x76,
    0x0, 0x37, 0xfd, 0x0, 0x1f, 0xfc, 0x60,

    /* U+0047 "G" */
    0x0, 0x9f, 0x3f, 0xdd, 0x20, 0x1, 0xd8, 0x25,
    0x51, 0x20, 0x2, 0x89, 0x7a, 0xa9, 0x98, 0x2,
    0x41, 0xa0, 0xc, 0x20, 0x80, 0xa0, 0x6, 0x88,
    0x88, 0x0, 0x20, 0xa, 0x77, 0x98, 0x81, 0xc0,
    0x19, 0xe8, 0x0, 0x41, 0x28, 0x0, 0xfa, 0x81,
    0xf6, 0xa8, 0x80, 0x12, 0x6a, 0x9a, 0xa1, 0xc2,
    0x0,

    /* U+0048 "H" */
    0xcf, 0x20, 0x9, 0xbe, 0x40, 0x3f, 0xfa, 0x31,
    0x33, 0x50, 0x6, 0x56, 0x68, 0xc0, 0x36, 0xff,
    0xd2, 0x1, 0xff, 0xd1,

    /* U+0049 "I" */
    0xdf, 0x20, 0xf, 0xfe, 0x78,

    /* U+004A "J" */
    0x0, 0xbf, 0x80, 0x3f, 0xf9, 0xe2, 0x6, 0x0,
    0x50, 0x69, 0xab, 0xf, 0x35, 0x29, 0x40,

    /* U+004B "K" */
    0xcf, 0x20, 0x6, 0xfb, 0x80, 0x74, 0x92, 0xb8,
    0x6, 0x46, 0x2a, 0x0, 0xc3, 0x41, 0xe0, 0x1d,
    0xc3, 0x44, 0x1, 0xcc, 0x1e, 0x1, 0xe9, 0x25,
    0x70, 0xf, 0x70, 0x41, 0x80, 0x71, 0xc0, 0x68,
    0x80, 0x73, 0xa0, 0xe8, 0x0,

    /* U+004C "L" */
    0xcf, 0x20, 0xf, 0xff, 0x1d, 0xc4, 0x40, 0x6,
    0x77, 0x80,

    /* U+004D "M" */
    0xcf, 0xf1, 0x80, 0x69, 0xff, 0x28, 0x5, 0x40,
    0x19, 0x80, 0x30, 0x89, 0xc0, 0x25, 0x2, 0x0,
    0x85, 0xc5, 0x40, 0x12, 0x2e, 0x1, 0xac, 0x38,
    0x8, 0xd8, 0x3, 0x88, 0xd0, 0x68, 0x28, 0x3,
    0xd4, 0xe, 0xa6, 0x40, 0x1e, 0x60, 0xb2, 0xa0,
    0xf, 0xca, 0x40, 0xc0, 0x1f, 0xa4, 0x14, 0x3,
    0x80,

    /* U+004E "N" */
    0xcf, 0xb0, 0xd, 0xde, 0x0, 0x46, 0x0, 0xf8,
    0x64, 0x40, 0x3d, 0x1, 0x40, 0x1e, 0x75, 0x46,
    0x0, 0xf5, 0x8c, 0x90, 0x7, 0xd, 0x87, 0x0,
    0x79, 0x50, 0xc4, 0x3, 0xd4, 0x1, 0xf8, 0x64,
    0x0,

    /* U+004F "O" */
    0x0, 0xc, 0xf7, 0xf4, 0x88, 0x4, 0x5e, 0xc6,
    0xa6, 0xde, 0x40, 0xf, 0x17, 0xda, 0xd6, 0x1e,
    0x3, 0x21, 0x80, 0xa, 0x40, 0xc9, 0x41, 0x0,
    0x38, 0xc1, 0x80, 0x3f, 0xe2, 0x4, 0x0, 0xe3,
    0x5, 0x42, 0x18, 0x0, 0xa4, 0x10, 0x43, 0x81,
    0xf6, 0xb5, 0x86, 0x80, 0x7, 0xaa, 0x6a, 0x6d,
    0xe2, 0x0,

    /* U+0050 "P" */
    0xcf, 0xfb, 0xa4, 0x40, 0x27, 0x71, 0xb6, 0x80,
    0x55, 0x1a, 0x6, 0x20, 0x1c, 0x20, 0x60, 0x6,
    0x28, 0x12, 0x20, 0x2, 0xf5, 0xd3, 0xc0, 0x29,
    0xbd, 0xb2, 0x0, 0x91, 0x4, 0x1, 0xff, 0xc7,

    /* U+0051 "Q" */
    0x0, 0xc, 0xf7, 0xf4, 0x88, 0x6, 0x2f, 0x63,
    0x53, 0x6f, 0x20, 0xb, 0xc5, 0xf6, 0xb5, 0x87,
    0x80, 0x6, 0x43, 0x0, 0x14, 0x81, 0x90, 0x28,
    0x20, 0x7, 0x18, 0x30, 0x7, 0xff, 0x4, 0x81,
    0x0, 0x38, 0xc1, 0x41, 0x8, 0x60, 0x2, 0x90,
    0x41, 0x0, 0x70, 0x3e, 0xd6, 0xb0, 0x50, 0x4,
    0x7a, 0xa6, 0xa0, 0x14, 0x80, 0x62, 0xae, 0xfd,
    0xa0, 0x7a, 0x0,

    /* U+0052 "R" */
    0xcf, 0xfb, 0xa8, 0x40, 0x33, 0xc1, 0x2e, 0x80,
    0x6a, 0x7d, 0x3, 0x0, 0xf0, 0x80, 0x78, 0x4a,
    0x81, 0x80, 0x36, 0x6a, 0xc4, 0x80, 0x69, 0x60,
    0xc0, 0xe, 0x49, 0x64, 0x90, 0xf, 0x48, 0xb2,
    0x0, 0x7a, 0x82, 0x80,

    /* U+0053 "S" */
    0x1, 0x9d, 0xfe, 0xb0, 0x7, 0xb3, 0x1d, 0x18,
    0x10, 0x4a, 0xe2, 0xb4, 0x18, 0x9, 0x40, 0x31,
    0x30, 0x56, 0xa8, 0x5, 0x36, 0x65, 0x54, 0x0,
    0x93, 0x2c, 0x14, 0xc4, 0x40, 0x4, 0x30, 0x65,
    0xea, 0x8a, 0x31, 0x46, 0x44, 0x3a, 0x2e, 0x8,

    /* U+0054 "T" */
    0xcf, 0xff, 0xa9, 0xdc, 0x0, 0x67, 0x73, 0x44,
    0x4, 0x22, 0x20, 0xf, 0xff, 0x60,

    /* U+0055 "U" */
    0xef, 0x0, 0xd9, 0xe4, 0x1, 0xff, 0xe1, 0x30,
    0x20, 0x8, 0x40, 0xdc, 0x14, 0x0, 0x64, 0x22,
    0x90, 0x8b, 0xac, 0x8, 0x3, 0xb3, 0x45, 0x39,
    0x60,

    /* U+0056 "V" */
    0xcf, 0x50, 0xd, 0xde, 0x34, 0x1e, 0x1, 0x18,
    0x98, 0xb8, 0x28, 0x5, 0x61, 0x40, 0x28, 0x8,
    0x0, 0x50, 0x70, 0x7, 0x6, 0x81, 0x11, 0x4,
    0x0, 0xa0, 0xe1, 0x41, 0xc0, 0x19, 0x44, 0xd4,
    0x14, 0x3, 0x70, 0x49, 0x28, 0x7, 0x20, 0xa8,
    0x70, 0x7, 0x9c, 0x5, 0x0, 0x20,

    /* U+0057 "W" */
    0xbf, 0x60, 0xb, 0xbd, 0x80, 0x3, 0xfb, 0x81,
    0x80, 0x3, 0x10, 0xc0, 0x2, 0x2, 0x28, 0x38,
    0x1, 0x0, 0x50, 0x1, 0x81, 0xa4, 0x24, 0x21,
    0x62, 0x82, 0x40, 0xa0, 0x80, 0x80, 0x80, 0x69,
    0x80, 0x80, 0x66, 0x0, 0x78, 0x6a, 0x87, 0xb8,
    0x61, 0x85, 0x80, 0x10, 0x13, 0x1, 0x4, 0x91,
    0x0, 0x80, 0x1, 0x23, 0x43, 0x10, 0x41, 0xb0,
    0x30, 0x9, 0x40, 0x90, 0x1, 0xa0, 0x6a, 0x1,
    0xb0, 0x1, 0x80, 0x4, 0x0, 0x60, 0x0,

    /* U+0058 "X" */
    0x5f, 0xe0, 0xa, 0x3e, 0x81, 0x4c, 0x5c, 0x5,
    0xc2, 0xc0, 0x1c, 0x10, 0x36, 0x12, 0x20, 0x2,
    0x60, 0x85, 0x36, 0x0, 0xd2, 0x2c, 0x1e, 0x1,
    0xc2, 0x1, 0xfd, 0x62, 0xe1, 0xc0, 0x19, 0x14,
    0xa1, 0x49, 0xc0, 0x2a, 0x9, 0x8, 0x8, 0x20,
    0x91, 0x44, 0x1, 0x38, 0x48, 0x0,

    /* U+0059 "Y" */
    0xbf, 0x70, 0xb, 0x7c, 0xe0, 0x24, 0x0, 0x84,
    0x86, 0x64, 0x16, 0x8, 0x8, 0x0, 0x40, 0x59,
    0x99, 0x4c, 0x0, 0x68, 0x5c, 0x10, 0x1, 0xa0,
    0x9, 0x48, 0x3, 0x19, 0x4, 0x80, 0x78, 0x40,
    0x3f, 0xf9, 0x60,

    /* U+005A "Z" */
    0x5f, 0xff, 0x8d, 0xdf, 0x8c, 0x8, 0xca, 0x22,
    0x92, 0xf, 0x0, 0xed, 0x19, 0x20, 0xc, 0xe6,
    0x8c, 0x1, 0x8e, 0x6, 0x80, 0x3b, 0x82, 0xc4,
    0x3, 0x51, 0x32, 0x80, 0x65, 0x50, 0x2, 0x23,
    0xf, 0x0, 0x19, 0xdf, 0x10,

    /* U+005B "[" */
    0x8f, 0xf4, 0x80, 0x32, 0x0, 0x4, 0x20, 0x1f,
    0xfd, 0x6e, 0x89, 0xdd, 0x48,

    /* U+005C "\\" */
    0xa, 0xe0, 0x3, 0x7a, 0x81, 0x7a, 0x81, 0x8,
    0x3, 0xc0, 0x81, 0x81, 0xc3, 0x40, 0xc1, 0x43,
    0x40, 0xc0, 0x81, 0x81, 0x80, 0xcc, 0xc1, 0xc4,
    0x0, 0x30, 0x22, 0x5, 0x98, 0x13, 0x81, 0x78,
    0x46, 0x84, 0x7, 0xa2, 0xe9, 0x6a, 0x93, 0x26,
    0x83, 0x84, 0xf8, 0x16, 0x12, 0x99, 0x1a, 0x3,
    0x90, 0x1, 0x40, 0xf0, 0x10, 0xc8, 0x40, 0x23,
    0x0, 0x28, 0x68, 0x38, 0x0,

    /* U+005D "]" */
    0x8f, 0xf4, 0x4e, 0x0, 0x4, 0xc0, 0x3f, 0xfa,
    0xd1, 0xe0, 0x9, 0xdd, 0x48,

    /* U+005E "^" */
    0x0, 0x95, 0x0, 0x38, 0x6a, 0x82, 0x1, 0xa0,
    0xca, 0x0, 0x22, 0x6f, 0x86, 0x20, 0x4, 0xa1,
    0xa2, 0x24, 0xd, 0x20, 0x1, 0x28, 0xa0,

    /* U+005F "_" */
    0xcc, 0xf0,

    /* U+0060 "`" */
    0x2e, 0x90, 0x2c, 0x47,

    /* U+0061 "a" */
    0x7, 0xdf, 0xe9, 0x0, 0x65, 0x51, 0x19, 0xc2,
    0xd9, 0x98, 0x1a, 0x17, 0xdb, 0x40, 0x2c, 0x93,
    0xdc, 0x0, 0xde, 0x72, 0x0, 0x64, 0x6e, 0xd0,
    0x0,

    /* U+0062 "b" */
    0xfe, 0x0, 0xff, 0xe6, 0x2e, 0xfd, 0x88, 0x0,
    0x62, 0x91, 0x1a, 0x1, 0x63, 0xd8, 0x98, 0x80,
    0x88, 0x0, 0x40, 0x60, 0x20, 0x11, 0x1, 0x0,
    0x29, 0x28, 0x58, 0x0, 0x25, 0x4a, 0xd2, 0x0,

    /* U+0063 "c" */
    0x0, 0x46, 0xff, 0x18, 0x63, 0x8c, 0x38, 0x21,
    0x9b, 0x1e, 0x4c, 0x81, 0x0, 0x31, 0x1, 0x80,
    0x64, 0x24, 0xb7, 0x94, 0xc, 0x65, 0x84, 0x60,

    /* U+0064 "d" */
    0x0, 0xe2, 0xfc, 0x0, 0xff, 0xe2, 0x8d, 0x76,
    0xa8, 0x5, 0x8a, 0x95, 0x20, 0x4, 0x24, 0xa7,
    0xa0, 0x1, 0x1, 0x80, 0x14, 0x0, 0x60, 0x40,
    0x5, 0x0, 0x28, 0xab, 0xac, 0x80, 0x5a, 0x71,
    0xa, 0x0, 0x0,

    /* U+0065 "e" */
    0x1, 0x9e, 0xe5, 0x8, 0x3, 0x5a, 0x61, 0x74,
    0xc, 0xcc, 0xec, 0xc3, 0x15, 0x6, 0xff, 0x30,
    0x11, 0x1, 0x73, 0x31, 0xa1, 0x2d, 0xb2, 0x20,
    0x1, 0xea, 0xd5, 0x41, 0x0,

    /* U+0066 "f" */
    0x0, 0x3f, 0x7a, 0x82, 0x41, 0xc3, 0x81, 0x85,
    0x39, 0x54, 0x4, 0x78, 0xf2, 0x82, 0xc8, 0xa6,
    0x86, 0xb0, 0x7, 0xff, 0x34,

    /* U+0067 "g" */
    0x2, 0xbf, 0xe7, 0xfc, 0xf, 0x45, 0x99, 0x0,
    0x10, 0x92, 0x9f, 0x40, 0x4, 0x6, 0x0, 0x20,
    0x1, 0x81, 0x0, 0x14, 0x0, 0xa2, 0xb2, 0xf4,
    0x1, 0x69, 0xb5, 0x40, 0x38, 0x1e, 0x7e, 0x80,
    0xc, 0x2a, 0x1a, 0x64, 0x34, 0x6, 0xd2, 0x8b,
    0x84,

    /* U+0068 "h" */
    0xfe, 0x0, 0xff, 0xe4, 0xb7, 0x7d, 0x0, 0x6,
    0xa4, 0x95, 0x80, 0x1a, 0xf0, 0x1e, 0x2, 0x20,
    0x10, 0xf, 0xfe, 0x58,

    /* U+0069 "i" */
    0xd, 0xc0, 0xf, 0x6e, 0x0, 0x3f, 0x80, 0x3f,
    0xf9, 0xa0,

    /* U+006A "j" */
    0x0, 0xb7, 0x40, 0x1c, 0x20, 0x1b, 0x70, 0x3,
    0x7f, 0x0, 0x7f, 0xf6, 0xc4, 0x8, 0x1, 0x14,
    0x16, 0x0, 0x65, 0x67, 0x0,

    /* U+006B "k" */
    0xfe, 0x0, 0xff, 0xe5, 0xf, 0x79, 0x80, 0x5a,
    0x34, 0x60, 0x8, 0x37, 0x50, 0x0, 0xb8, 0x48,
    0x4, 0x32, 0x1a, 0x1, 0x99, 0x4e, 0x40, 0x35,
    0x13, 0x30,

    /* U+006C "l" */
    0xf, 0xe0, 0xf, 0xfe, 0x78,

    /* U+006D "m" */
    0xfe, 0x7e, 0xfa, 0x3c, 0xfd, 0x30, 0x0, 0xf5,
    0x92, 0xec, 0xc1, 0x70, 0x5, 0x2b, 0x40, 0xea,
    0xe2, 0x40, 0x1, 0x0, 0x8, 0x70, 0x0, 0xc0,
    0x3f, 0xfb, 0x40,

    /* U+006E "n" */
    0xfe, 0x7e, 0xfa, 0x0, 0xe, 0xd1, 0xab, 0x0,
    0x29, 0x24, 0x3c, 0x4, 0x0, 0x20, 0x60, 0x1f,
    0xfc, 0x90,

    /* U+006F "o" */
    0x1, 0x9d, 0xfd, 0x60, 0xb, 0x19, 0xe0, 0x66,
    0x1, 0x9, 0x29, 0xf0, 0x1c, 0x8, 0xc, 0x2,
    0x20, 0x12, 0x2, 0x0, 0x88, 0x5, 0xd, 0x69,
    0xf0, 0x1c, 0x1, 0xac, 0x90, 0x33, 0x0,

    /* U+0070 "p" */
    0xfe, 0x6e, 0xfb, 0x10, 0x0, 0xed, 0x3a, 0x68,
    0x5, 0x69, 0x4, 0x62, 0x2, 0x1, 0x8, 0x18,
    0x8, 0x4, 0x60, 0x40, 0xc, 0x7c, 0x6, 0x0,
    0xa, 0x41, 0xb4, 0x80, 0x51, 0xfe, 0x90, 0xf,
    0xfe, 0x30,

    /* U+0071 "q" */
    0x1, 0xae, 0xe3, 0xfe, 0x6, 0x2a, 0x4c, 0x80,
    0x8, 0x49, 0x4f, 0x40, 0x2, 0x3, 0x0, 0x28,
    0x0, 0xc0, 0x80, 0xa, 0x0, 0x41, 0x59, 0x7a,
    0x0, 0xe, 0x9b, 0x54, 0x0, 0x47, 0x9f, 0xa8,
    0x1, 0xff, 0xc6,

    /* U+0072 "r" */
    0x0, 0xef, 0xe7, 0xf6, 0x1, 0xa7, 0x20, 0x6,
    0x42, 0x0, 0x88, 0x3, 0xff, 0x8a,

    /* U+0073 "s" */
    0x4, 0xcf, 0xf4, 0x0, 0xd8, 0xd5, 0x38, 0xc,
    0xc, 0x55, 0x80, 0xa0, 0x2f, 0x90, 0x0, 0xfd,
    0x43, 0x60, 0x72, 0xa6, 0x2, 0x2, 0x95, 0x9,
    0x80,

    /* U+0074 "t" */
    0x0, 0xf9, 0x35, 0x40, 0x2c, 0x23, 0x0, 0x5b,
    0x84, 0xf8, 0x7a, 0x3, 0x48, 0x21, 0x87, 0xb0,
    0x7, 0xff, 0xb, 0x82, 0x9c, 0x0, 0xc8, 0x72,
    0x0,

    /* U+0075 "u" */
    0x2f, 0xc0, 0x2, 0xfc, 0x0, 0x7f, 0xf3, 0xc,
    0x4, 0x0, 0x40, 0x1, 0x11, 0x3a, 0xc8, 0x5,
    0xa5, 0x12, 0xc0, 0x0,

    /* U+0076 "v" */
    0xcf, 0x30, 0x5, 0x7a, 0x50, 0x50, 0x1, 0x45,
    0x18, 0x10, 0x10, 0x18, 0x0, 0xa4, 0x7a, 0x14,
    0x0, 0xe0, 0x47, 0x42, 0x0, 0x20, 0xd0, 0xf0,
    0x6, 0x62, 0x15, 0x0, 0x0,

    /* U+0077 "w" */
    0xbf, 0x30, 0x4f, 0xc0, 0x7, 0x6e, 0x81, 0x43,
    0x40, 0xc0, 0x85, 0x50, 0x30, 0x11, 0x0, 0x8e,
    0x18, 0x44, 0x42, 0x24, 0x6, 0x60, 0x50, 0x14,
    0x6c, 0x4c, 0xc8, 0x90, 0x3, 0x1, 0xdc, 0x16,
    0x65, 0xe0, 0x4, 0x1, 0xd0, 0x40, 0x2, 0x0,

    /* U+0078 "x" */
    0x7f, 0xb0, 0x7, 0x79, 0x39, 0xa1, 0xb8, 0xc9,
    0x7, 0x7, 0xc2, 0x30, 0x0, 0x94, 0xc2, 0x0,
    0x22, 0x53, 0xf, 0x0, 0xbc, 0x39, 0x4d, 0x82,
    0x9, 0x8a, 0xc2, 0x48,

    /* U+0079 "y" */
    0xcf, 0x40, 0x4, 0xfa, 0x48, 0x70, 0x1, 0xc5,
    0x14, 0x54, 0x10, 0x58, 0x1, 0x20, 0xba, 0x12,
    0x0, 0x60, 0xf6, 0x41, 0x0, 0xa, 0xa8, 0x3c,
    0x3, 0x48, 0xa, 0x0, 0x65, 0x9, 0x0, 0x96,
    0x24, 0x5c, 0x2, 0xc7, 0x3c, 0x0, 0xc0,

    /* U+007A "z" */
    0x7f, 0xfe, 0x75, 0x99, 0x38, 0xb, 0x13, 0x31,
    0x43, 0x44, 0x1, 0x45, 0x26, 0x0, 0x65, 0x53,
    0x0, 0xe, 0x43, 0x19, 0x85, 0xe0, 0x9, 0x99,
    0x40,

    /* U+007B "{" */
    0x0, 0x37, 0x38, 0xc, 0xa3, 0x1, 0x6, 0x8,
    0x4, 0x60, 0x5, 0x6, 0x4, 0x95, 0x30, 0x46,
    0x52, 0x0, 0x50, 0x38, 0x6, 0x30, 0xf, 0x88,
    0x3c, 0x0, 0x30, 0xce, 0x0, 0x7f, 0x70,

    /* U+007C "|" */
    0x6a, 0xf5, 0x0, 0xff, 0xe6, 0x0,

    /* U+007D "}" */
    0x7e, 0x70, 0x3, 0x24, 0x8, 0xf, 0x81, 0x0,
    0x7c, 0xc0, 0x80, 0x3, 0x58, 0x40, 0x15, 0x64,
    0x5, 0xd, 0x0, 0x8, 0x38, 0x7, 0xda, 0x4,
    0xe, 0xf0, 0x83, 0xfc, 0x0, 0x0,

    /* U+007E "~" */
    0x0, 0xfe, 0xbf, 0xc5, 0x1c, 0x97, 0x5b, 0x4b,
    0xe2, 0xb6, 0xc4, 0x8e, 0xde, 0x20,

    /* U+00B0 "°" */
    0x6, 0xec, 0x21, 0x8f, 0xb8, 0x0, 0xe1, 0x9f,
    0xb8,

    /* U+00B1 "±" */
    0x0, 0x91, 0x0, 0x1e, 0xde, 0x0, 0xff, 0x97,
    0xfc, 0xcb, 0xfe, 0x64, 0xcc, 0x2a, 0x66, 0x1c,
    0x4c, 0xe1, 0x33, 0x8, 0x7, 0xe1, 0x33, 0x54,
    0x99, 0x85, 0x33, 0x3c, 0xe0,

    /* U+00B7 "·" */
    0x2e, 0xb0, 0x8,

    /* U+00D7 "×" */
    0x0, 0xfe, 0xc4, 0x0, 0x1e, 0x8, 0x25, 0xaa,
    0x62, 0x88, 0x44, 0x2a, 0xde, 0x40, 0x22, 0x0,
    0x70, 0x4, 0xd5, 0x33, 0x38, 0x2, 0x25, 0x99,
    0x52, 0x21, 0xcc, 0x0, 0x5e, 0x10,

    /* U+2013 "–" */
    0x11, 0xf8, 0x3b, 0xbe, 0x3c, 0xcf, 0x8c,

    /* U+2014 "—" */
    0x11, 0xff, 0xe1, 0x7, 0x77, 0xff, 0x9, 0x73,
    0x3f, 0xf8, 0x48,

    /* U+2018 "‘" */
    0x4, 0xf0, 0x7, 0xa0, 0xa, 0x60, 0x0,

    /* U+2019 "’" */
    0x8, 0xf1, 0x4, 0x61, 0x11, 0xd0, 0x0,

    /* U+201C "“" */
    0x4, 0xf0, 0x9b, 0xf, 0x40, 0x6d, 0x14, 0xc6,
    0x4,

    /* U+201D "”" */
    0x8, 0xf1, 0xeb, 0x4, 0x63, 0x1f, 0x13, 0xa4,
    0x24,

    /* U+2022 "•" */
    0x6, 0x50, 0xa9, 0xa8, 0x70, 0x1, 0x48, 0x94,
    0x80,

    /* U+2026 "…" */
    0xc, 0xd1, 0xb, 0xe2, 0x9, 0xe3, 0x0, 0xff,
    0x8, 0x0,

    /* U+2103 "℃" */
    0x0, 0xfe, 0x11, 0x0, 0xf, 0xb9, 0x0, 0x2,
    0xaf, 0xee, 0x7a, 0xcd, 0xf3, 0x9, 0xea, 0x92,
    0xb1, 0x9d, 0xa6, 0x0, 0xd0, 0x8d, 0xa9, 0xc6,
    0x82, 0xfb, 0x41, 0x37, 0x0, 0xe1, 0xac, 0x5d,
    0xb, 0x0, 0xff, 0x8, 0x7, 0xff, 0x3, 0x83,
    0x0, 0x3f, 0xcc, 0x8, 0xc0, 0x1f, 0xc3, 0x1,
    0x39, 0x32, 0xc6, 0x0, 0xe7, 0xa3, 0x33, 0x30,
    0x48, 0x3, 0xcb, 0x9f, 0xdf, 0xa8,

    /* U+2192 "→" */
    0x0, 0xf8, 0xb0, 0x3, 0xfc, 0x41, 0x62, 0x1b,
    0xff, 0xf1, 0xa7, 0x2f, 0x5d, 0xfc, 0x83, 0x28,
    0x68, 0x9e, 0x64, 0xc6, 0x10, 0xf, 0x8b, 0x48,
    0x0,

    /* U+AC00 "가" */
    0x0, 0xfe, 0x1f, 0xa0, 0x9, 0x3f, 0xfc, 0x40,
    0x1e, 0x67, 0x7c, 0x20, 0x40, 0x1e, 0x28, 0x8a,
    0x44, 0xc0, 0x3f, 0xe6, 0xa, 0x0, 0xff, 0xc,
    0x13, 0x0, 0x4b, 0xf4, 0x1, 0xe, 0x84, 0x80,
    0x62, 0x7f, 0x0, 0xe, 0x9c, 0x20, 0x6, 0x78,
    0x50, 0x6e, 0x38, 0x70, 0xf, 0xf0, 0xdb, 0x80,
    0x7f, 0x9b, 0x90, 0x3, 0xff, 0xb4,

    /* U+AC01 "각" */
    0x0, 0xfc, 0x3f, 0x40, 0x2, 0xff, 0xf0, 0x80,
    0x71, 0xc4, 0x60, 0x21, 0x0, 0xe1, 0x77, 0x80,
    0x16, 0x1, 0x3c, 0x28, 0x4, 0xb0, 0x6c, 0x1,
    0x13, 0xe0, 0xc, 0xd2, 0x68, 0x6, 0x5f, 0x98,
    0xe6, 0x7b, 0x10, 0xf, 0xa9, 0xfa, 0x0, 0x30,
    0xc7, 0x0, 0xa, 0x3b, 0xff, 0xd1, 0xa0, 0x1a,
    0x23, 0xce, 0x6, 0x1, 0x9d, 0xfd, 0x20, 0x1f,
    0xfd, 0x20,

    /* U+AC04 "간" */
    0x0, 0xfe, 0x1f, 0x90, 0x9, 0x3f, 0xfb, 0x80,
    0x3e, 0x68, 0x89, 0x81, 0x40, 0x3e, 0x27, 0x78,
    0x1, 0xc0, 0x11, 0x80, 0x79, 0x58, 0xd4, 0x2,
    0x5f, 0xa0, 0x9, 0xe8, 0x78, 0x3, 0x1c, 0xf0,
    0x2e, 0x40, 0xe1, 0x0, 0x65, 0x64, 0xf, 0x36,
    0xf2, 0x0, 0xfe, 0xae, 0xd4, 0x0, 0xff, 0x86,
    0x28, 0x3, 0xc, 0x68, 0x7, 0xff, 0x1, 0xd0,
    0x3, 0xe7, 0x7f, 0x30, 0x7, 0xd1, 0x1e, 0xb0,
    0x0,

    /* U+AC10 "감" */
    0x0, 0xfc, 0x3f, 0x40, 0x2, 0xff, 0xf0, 0x7,
    0x8e, 0x22, 0x70, 0x30, 0xf, 0xb, 0xbc, 0x41,
    0x20, 0x13, 0xc2, 0x80, 0x50, 0xab, 0x0, 0x44,
    0xf8, 0x5, 0x6e, 0x94, 0x1, 0x97, 0xe6, 0x35,
    0x1e, 0xc0, 0x3f, 0x4b, 0xec, 0x0, 0x61, 0x8e,
    0x0, 0xc, 0x4f, 0xff, 0xa3, 0x40, 0x33, 0x84,
    0x46, 0x70, 0x30, 0xe, 0x17, 0x7d, 0x20, 0x1f,
    0xb, 0xbe, 0x60, 0xf, 0xd1, 0x1c, 0x1, 0x80,

    /* U+AC12 "값" */
    0x0, 0xfe, 0x7f, 0x40, 0x9, 0x3f, 0xfb, 0x40,
    0x3e, 0x68, 0x89, 0x41, 0x0, 0x3e, 0x27, 0x7c,
    0x16, 0x1, 0x5f, 0x90, 0x4, 0x58, 0x50, 0x40,
    0x12, 0xc1, 0x81, 0xce, 0x9b, 0xb8, 0x3, 0x73,
    0x88, 0x4b, 0x1d, 0xc0, 0x4, 0x20, 0x1d, 0x75,
    0x8, 0x48, 0x0, 0x5d, 0x40, 0x8, 0x4a, 0xc5,
    0x6c, 0x43, 0x60, 0x3, 0xee, 0x80, 0x8, 0x58,
    0x3, 0xe9, 0x50, 0x3, 0x1, 0x90, 0x7, 0x8c,
    0x0, 0x92, 0x83, 0xe2, 0x1, 0xd4, 0xa1, 0x65,
    0x5a, 0x4c, 0x1, 0x3f, 0xff, 0x68, 0x9f, 0x38,
    0x0,

    /* U+AC1C "개" */
    0x0, 0xfd, 0xf8, 0x3f, 0x20, 0xff, 0xfb, 0x80,
    0x3e, 0x48, 0x88, 0xc, 0x3, 0xe3, 0x77, 0x28,
    0x20, 0x7, 0xf9, 0x43, 0x0, 0x3f, 0xd2, 0x2a,
    0x0, 0x3e, 0x0, 0xe9, 0x18, 0x0, 0x85, 0xc0,
    0x33, 0x30, 0xd8, 0x2, 0x29, 0x0, 0x9e, 0x47,
    0x40, 0x3f, 0xb0, 0x70, 0x40, 0x3f, 0xaf, 0xc8,
    0x3, 0xfe, 0x10, 0xf, 0xfe, 0x58,

    /* U+AC74 "건" */
    0x0, 0xfe, 0x1f, 0x90, 0xcf, 0xfe, 0x70, 0xe,
    0x98, 0x88, 0x41, 0x0, 0x39, 0x5d, 0xca, 0x22,
    0x3, 0x50, 0xf, 0x70, 0x36, 0x62, 0xc0, 0x30,
    0xd9, 0xac, 0x66, 0x2c, 0x2, 0x4f, 0x45, 0xa0,
    0x33, 0x28, 0x0, 0xec, 0x66, 0x80, 0x3e, 0x3b,
    0xd0, 0x40, 0xf, 0xc8, 0x13, 0xa0, 0x18, 0x63,
    0x40, 0x3f, 0xce, 0x80, 0x19, 0x5d, 0xfc, 0x80,
    0x18, 0xe2, 0x3d, 0xc0,

    /* U+AC80 "검" */
    0x0, 0xff, 0x67, 0x3, 0x7f, 0xf6, 0x80, 0x72,
    0x44, 0x4c, 0x8, 0x1, 0xc4, 0xef, 0x28, 0xc,
    0x40, 0x80, 0x3a, 0x8e, 0xd, 0xdc, 0x20, 0x11,
    0xe2, 0xb3, 0xdf, 0xf8, 0xc0, 0x17, 0x85, 0x32,
    0x0, 0xfb, 0xdf, 0xd8, 0x3, 0xa6, 0x1, 0x22,
    0x1f, 0xfe, 0xa8, 0x0, 0xe7, 0x88, 0xc4, 0x1,
    0xe9, 0x77, 0xcc, 0x1, 0xe6, 0x77, 0xcc, 0x1,
    0xe8, 0x8e, 0x20,

    /* U+AC83 "것" */
    0x0, 0xff, 0x4f, 0x88, 0x2f, 0xff, 0x80, 0x3c,
    0xf1, 0x13, 0x82, 0x0, 0x78, 0x9d, 0xe1, 0x3,
    0x44, 0x10, 0x7, 0x99, 0x88, 0x8b, 0xb2, 0x0,
    0x74, 0x49, 0x57, 0x6e, 0x94, 0x2, 0x7e, 0x74,
    0xc1, 0x22, 0x8c, 0x3, 0xa6, 0xc4, 0x46, 0x1,
    0xe7, 0xe6, 0x0, 0x36, 0x20, 0x71, 0x88, 0x7,
    0xac, 0x34, 0x1f, 0x0, 0x38, 0x68, 0xcc, 0xd0,
    0x1, 0xc9, 0x1c, 0xb3, 0x8c, 0xfa, 0xe4, 0x0,
    0xc7, 0x5d, 0x60, 0x9b, 0x18, 0x70, 0x4, 0x7d,
    0x10, 0x4, 0x99, 0xca,

    /* U+AC8C "게" */
    0x0, 0xf8, 0x7e, 0x87, 0xe8, 0x1b, 0xff, 0x58,
    0x7, 0xcb, 0x10, 0x70, 0x20, 0xf, 0x8d, 0xdd,
    0x81, 0xe0, 0x1f, 0xed, 0xf, 0x60, 0xf, 0xc2,
    0xc0, 0xd0, 0x1, 0xfa, 0x2, 0xbf, 0x80, 0x3e,
    0x46, 0x45, 0x0, 0xfc, 0x96, 0x34, 0x1, 0xfd,
    0x1, 0xa2, 0x1, 0xfd, 0x9a, 0x60, 0x1f, 0xf1,
    0x0, 0x7f, 0xf2, 0xc0,

    /* U+ACB0 "결" */
    0x6, 0xff, 0xed, 0x0, 0x5f, 0x80, 0x12, 0x22,
    0x50, 0x1a, 0xa2, 0x80, 0x44, 0xef, 0x82, 0x99,
    0x82, 0x1, 0xc3, 0x84, 0xed, 0x98, 0x40, 0xc,
    0xde, 0x6d, 0x13, 0xdc, 0x40, 0xb, 0x64, 0x2a,
    0x43, 0x62, 0x4, 0x1, 0x75, 0x72, 0x80, 0x11,
    0x99, 0x4c, 0x0, 0x35, 0x8f, 0xff, 0x43, 0x80,
    0x6c, 0x88, 0xf1, 0x8, 0x6, 0x72, 0x2f, 0x0,
    0x7a, 0xab, 0xe2, 0x10, 0xf, 0x44, 0xcf, 0x40,
    0x80, 0x74, 0x4c, 0xf9, 0x40,

    /* U+ACBD "경" */
    0x0, 0xff, 0x4f, 0x88, 0x27, 0xff, 0x80, 0x3c,
    0xd1, 0x18, 0xb, 0xfc, 0xc0, 0x11, 0x3b, 0xde,
    0x11, 0x11, 0x80, 0x79, 0x5d, 0x10, 0xaa, 0x60,
    0xe, 0x8a, 0x2a, 0x9d, 0xd2, 0x80, 0x4f, 0xce,
    0x98, 0x35, 0x76, 0x40, 0x8, 0x42, 0x6c, 0x49,
    0x81, 0xb9, 0xc4, 0x1b, 0x99, 0x37, 0x57, 0x6d,
    0x8c, 0x0, 0xc3, 0x67, 0x5b, 0xaa, 0x3b, 0x10,
    0x8, 0x81, 0xd4, 0x88, 0xac, 0x4, 0x1, 0x19,
    0x35, 0x3b, 0xa5, 0xc8, 0xc0, 0x36, 0x3b, 0xa2,
    0x8, 0xf8, 0x0,

    /* U+ACC4 "계" */
    0x1, 0x22, 0xc2, 0x2f, 0xa2, 0xf9, 0x9, 0xdd,
    0xe0, 0xf, 0xae, 0x66, 0x5, 0x0, 0xf8, 0xd9,
    0x86, 0xd, 0xc0, 0x1f, 0xd8, 0x10, 0xe0, 0x1f,
    0x89, 0x91, 0xe4, 0x3, 0xf4, 0x7, 0x22, 0x80,
    0x7c, 0xca, 0xd9, 0x76, 0x0, 0xf2, 0xc9, 0x4c,
    0x6e, 0x0, 0x7a, 0x47, 0xc0, 0x48, 0x80, 0x1e,
    0xcf, 0x20, 0xf, 0xf8, 0x40, 0x3f, 0xf9, 0x60,

    /* U+ACE0 "고" */
    0x0, 0x47, 0xff, 0xe6, 0x0, 0xd9, 0x11, 0xe5,
    0x0, 0xf2, 0x3b, 0xfb, 0xc0, 0x3f, 0xf9, 0x68,
    0xc0, 0x18, 0xc0, 0x3e, 0x89, 0x0, 0x18, 0x8,
    0x7, 0xfd, 0xc0, 0xe0, 0x1f, 0xf6, 0x39, 0x0,
    0x7f, 0xc9, 0x2, 0x0, 0x2f, 0xfc, 0x61, 0xff,
    0xe2, 0x24, 0xcf, 0xff, 0x0, 0x80,

    /* U+ACF5 "공" */
    0x0, 0x27, 0xff, 0xe4, 0x0, 0xcd, 0x11, 0xe4,
    0x0, 0xf1, 0x3b, 0xfb, 0x1, 0xc0, 0x3e, 0x7d,
    0x20, 0x8, 0x40, 0x3e, 0xf2, 0x10, 0x25, 0x30,
    0x0, 0xc4, 0x64, 0x9, 0x8d, 0x29, 0x81, 0x37,
    0x7c, 0x60, 0xae, 0xfc, 0x65, 0xdd, 0xff, 0xc0,
    0x20, 0x11, 0x2d, 0xf7, 0x6a, 0x51, 0x10, 0x4,
    0x76, 0x91, 0x54, 0x86, 0xb4, 0x0, 0xc8, 0x16,
    0xea, 0xa7, 0x80, 0xc0, 0xc, 0x81, 0x70, 0xcc,
    0x8b, 0xb, 0x0, 0xc7, 0x8e, 0xb3, 0x25, 0x4c,
    0x30, 0x0,

    /* U+ACFC "과" */
    0x0, 0xff, 0x7e, 0x0, 0x45, 0x11, 0xe3, 0x0,
    0xf3, 0x3b, 0xf9, 0x0, 0x3c, 0x9f, 0xfb, 0x0,
    0x3f, 0xf8, 0x62, 0x1, 0xf9, 0xa8, 0x1c, 0xc,
    0x0, 0x2c, 0x80, 0x16, 0x28, 0x80, 0x4, 0x0,
    0x53, 0xe0, 0x1e, 0x10, 0x70, 0x1, 0xfd, 0x80,
    0x79, 0xe4, 0x80, 0x38, 0x95, 0x4c, 0xe, 0x80,
    0xc6, 0x1, 0x96, 0xa8, 0x61, 0x33, 0x42, 0x0,
    0x67, 0xee, 0xdf, 0xf9, 0xc0, 0x38, 0x47, 0x0,
    0x7f, 0x0,

    /* U+AD00 "관" */
    0x0, 0xff, 0x6f, 0x0, 0x6f, 0xff, 0x58, 0x7,
    0xd1, 0x1c, 0x1, 0xfc, 0xef, 0xc0, 0x20, 0x1f,
    0x97, 0xd8, 0x40, 0xc0, 0x2, 0xca, 0x1, 0xf3,
    0x60, 0x5, 0x30, 0x2a, 0xac, 0xc, 0x7e, 0x25,
    0x1, 0xfd, 0xa, 0xa3, 0x2, 0xcc, 0x4e, 0x0,
    0x61, 0xee, 0x5e, 0xff, 0xdd, 0x20, 0x1c, 0x21,
    0x70, 0x1, 0xca, 0xe0, 0x1f, 0xfc, 0x8, 0x90,
    0xf, 0x33, 0xbf, 0xc0, 0x1e, 0x38, 0x8f, 0x84,
    0x0,

    /* U+AD50 "교" */
    0x0, 0x4f, 0xff, 0xe8, 0x0, 0xdb, 0x11, 0xe7,
    0x0, 0xf2, 0x3b, 0xfa, 0x80, 0x3f, 0xf9, 0x24,
    0xe4, 0xe, 0x82, 0x1e, 0x1, 0xcf, 0xe, 0x31,
    0xa0, 0x1f, 0xfc, 0x26, 0x2, 0x0, 0xff, 0x9e,
    0x5c, 0x3, 0xfe, 0x26, 0x20, 0x1, 0x7f, 0xa8,
    0x2b, 0x81, 0xbf, 0xf1, 0x12, 0x67, 0xff, 0x80,
    0x40,

    /* U+AD6C "구" */
    0x0, 0x27, 0xff, 0xe5, 0x0, 0xcb, 0x11, 0xe5,
    0x1, 0x0, 0xc2, 0xef, 0xec, 0x0, 0xff, 0xe0,
    0x88, 0x38, 0x7, 0xfd, 0xe0, 0x20, 0x2, 0xff,
    0xfc, 0xe1, 0xbe, 0x44, 0x99, 0xe0, 0x29, 0x9e,
    0x20, 0x66, 0xe0, 0x16, 0x6e, 0x0, 0xff, 0xf6,
    0x80,

    /* U+ADF8 "그" */
    0x0, 0x1b, 0xbf, 0xe1, 0x0, 0xc9, 0x11, 0xf8,
    0x80, 0x33, 0xff, 0xf9, 0xc0, 0x3f, 0xfa, 0x22,
    0x1, 0xff, 0x8, 0x7, 0xff, 0xc, 0xc0, 0x3f,
    0xe2, 0x1, 0x0, 0x9d, 0xff, 0x28, 0x3b, 0x80,
    0x62, 0x3f, 0x8, 0x44, 0x4,

    /* U+ADFC "근" */
    0x0, 0x2f, 0xff, 0xe4, 0x0, 0xcf, 0x11, 0xe4,
    0x7, 0x0, 0xc4, 0xef, 0xec, 0x0, 0xff, 0xe0,
    0xf8, 0x8, 0x4, 0xab, 0xf8, 0xc1, 0x14, 0xa,
    0xab, 0xf2, 0x4, 0xd1, 0x13, 0xbb, 0xff, 0x80,
    0x40, 0x26, 0xc4, 0x23, 0xf8, 0x2, 0x78, 0x50,
    0xf, 0xfe, 0x7e, 0x3b, 0xf8, 0xc0, 0x3c, 0xb1,
    0x1e, 0xb0, 0x0,

    /* U+AE08 "금" */
    0x0, 0x2f, 0xff, 0xe4, 0x0, 0xcf, 0x11, 0xe5,
    0x0, 0xf1, 0x3b, 0xfb, 0x41, 0xc0, 0x3f, 0xf8,
    0x22, 0x1, 0x8, 0xfe, 0xe0, 0x11, 0x1, 0x77,
    0x7e, 0x60, 0xce, 0x22, 0x55, 0x7f, 0xf0, 0x8,
    0x15, 0x7f, 0xf8, 0x0, 0x12, 0xff, 0xfe, 0x50,
    0xf, 0x2c, 0xce, 0x50, 0xf, 0xd8, 0xcd, 0xb0,
    0x3, 0xf6, 0x3b, 0xec, 0x0, 0xfc, 0xb1, 0x19,
    0x40, 0x30,

    /* U+AE30 "기" */
    0x0, 0xff, 0x67, 0x1, 0xff, 0xf8, 0x80, 0x31,
    0x44, 0x62, 0x3, 0x0, 0xc2, 0xef, 0x80, 0x84,
    0x3, 0xf2, 0x12, 0x80, 0x7f, 0x48, 0x48, 0x7,
    0xea, 0x29, 0x10, 0xf, 0xad, 0x54, 0xc0, 0x1e,
    0x6e, 0x46, 0xa0, 0xf, 0xea, 0x90, 0xf, 0xcd,
    0xca, 0x1, 0xff, 0xd4,

    /* U+AE40 "김" */
    0x0, 0xfe, 0xce, 0x1f, 0xff, 0x8, 0x4, 0x31,
    0x18, 0x8, 0x40, 0x33, 0xbd, 0xe1, 0x0, 0x1f,
    0x33, 0xaa, 0x80, 0x38, 0x66, 0x4b, 0x40, 0x1d,
    0x1c, 0xd1, 0x40, 0x1e, 0xa6, 0xd7, 0x0, 0xe9,
    0x82, 0x9b, 0xff, 0xf5, 0x40, 0x6, 0x78, 0x8c,
    0x40, 0x1d, 0x2e, 0xf8, 0x40, 0x39, 0x9d, 0xf0,
    0x80, 0x74, 0x47, 0x10, 0x0,

    /* U+AEBC "꺼" */
    0x0, 0xff, 0x4f, 0x88, 0x47, 0xfb, 0x2f, 0xfd,
    0x40, 0x1d, 0x90, 0x21, 0xd0, 0x1, 0xf2, 0x38,
    0xba, 0xb0, 0x10, 0x7, 0x84, 0xc, 0x8, 0x9,
    0x48, 0x3, 0x20, 0x60, 0x28, 0x2d, 0x20, 0x6,
    0xe1, 0x40, 0xc0, 0xdd, 0x28, 0x4, 0x48, 0xe0,
    0x2a, 0x84, 0x43, 0x0, 0xbc, 0x2c, 0x18, 0x38,
    0x3, 0xd3, 0x44, 0x48, 0x25, 0x0, 0xf2, 0x28,
    0x1, 0x24, 0x3, 0xfc, 0x56, 0x80, 0x1f, 0xfc,
    0x70,

    /* U+B044 "끄" */
    0x6, 0xff, 0xcb, 0xff, 0x9c, 0x2, 0x58, 0x82,
    0x0, 0xc4, 0x18, 0x3, 0x8d, 0xdc, 0x60, 0xce,
    0xea, 0x0, 0xfc, 0x20, 0x1f, 0xfc, 0x13, 0x3,
    0x0, 0xff, 0x84, 0x4, 0x3, 0xfe, 0x62, 0x0,
    0xe1, 0x0, 0xf1, 0x30, 0x4, 0xe0, 0x60, 0x11,
    0x11, 0x0, 0x48, 0xa3, 0x3, 0x20, 0x2d, 0xd5,
    0x82, 0xee, 0xd0, 0x13, 0xa4, 0x4b, 0xbf, 0xfe,
    0x1, 0x0,

    /* U+B04A "끊" */
    0x0, 0x7f, 0xe9, 0xef, 0xfa, 0x40, 0x34, 0xc3,
    0x80, 0x22, 0xe, 0x2, 0x1, 0x99, 0xec, 0x5,
    0x9e, 0x83, 0xc0, 0x3c, 0xe1, 0xc0, 0x1, 0x0,
    0xe2, 0x2b, 0x0, 0xc8, 0x8a, 0x1e, 0x40, 0x5b,
    0xb3, 0x85, 0x6e, 0xa4, 0x1f, 0x48, 0x97, 0x7f,
    0x43, 0x5d, 0xc4, 0x8, 0xce, 0x89, 0xb9, 0x91,
    0x20, 0xa, 0xf0, 0x82, 0x3d, 0x83, 0xfc, 0x1,
    0xfa, 0xa8, 0xcb, 0x36, 0x1, 0xf8, 0xa1, 0x92,
    0x44, 0x3, 0xca, 0xec, 0x4d, 0x41, 0x80, 0x1e,
    0x89, 0x7, 0x75, 0x9d, 0x80, 0x0,

    /* U+B05D "끝" */
    0x0, 0x7f, 0xe9, 0xdf, 0xfa, 0x40, 0x34, 0xc3,
    0x80, 0x2e, 0x20, 0x1, 0xe6, 0x7b, 0x1, 0x67,
    0x50, 0x10, 0xf, 0x38, 0x70, 0x6, 0xf0, 0x8,
    0x46, 0xc0, 0x31, 0x13, 0x80, 0x4, 0xb, 0xba,
    0x70, 0xae, 0xe5, 0x4, 0x71, 0x12, 0xab, 0xff,
    0x80, 0x40, 0xaf, 0xdd, 0xf9, 0x94, 0x2, 0x14,
    0x67, 0x7f, 0x0, 0x7c, 0xd7, 0x7e, 0x30, 0xf,
    0x24, 0x47, 0x84, 0x3, 0xc9, 0x33, 0xe3, 0x0,
    0xf2, 0x4c, 0xf9, 0x0, 0x0,

    /* U+B098 "나" */
    0x0, 0xfd, 0x5e, 0x20, 0x8, 0xe1, 0x0, 0xff,
    0x8, 0x8c, 0x3, 0xff, 0xc5, 0xde, 0x60, 0x1f,
    0xe7, 0x71, 0x0, 0x70, 0x91, 0x0, 0x13, 0x2,
    0x0, 0xdf, 0xf7, 0x6c, 0x80, 0x75, 0x4c, 0xea,
    0xb9, 0x0, 0xe3, 0x66, 0xca, 0x84, 0x1, 0xff,
    0xd3,

    /* U+B0A8 "남" */
    0x0, 0xfc, 0x3f, 0x40, 0x1, 0xfa, 0x0, 0xff,
    0xea, 0xbc, 0xb0, 0x0, 0x48, 0xcc, 0x8c, 0x60,
    0x64, 0x20, 0x4, 0xdc, 0xc5, 0xcb, 0x82, 0x5b,
    0x8d, 0xde, 0xcd, 0xf4, 0x0, 0xe4, 0x42, 0xa8,
    0x8c, 0x42, 0x64, 0x1, 0xb3, 0xbb, 0xd3, 0x20,
    0xf, 0x4c, 0xf0, 0x7, 0xe6, 0x6c, 0xe0, 0x1f,
    0x9d, 0xf3, 0x0, 0x7e, 0x88, 0xe0, 0xc,

    /* U+B0B4 "내" */
    0x0, 0xf5, 0x78, 0xdf, 0xc7, 0x8, 0x7, 0xe1,
    0x10, 0x7, 0xff, 0x6f, 0x90, 0x3, 0xf9, 0xc8,
    0x2, 0x22, 0x19, 0x80, 0x12, 0xc0, 0x16, 0x6e,
    0x78, 0x7, 0x55, 0x6b, 0xd0, 0xe, 0x35, 0x59,
    0x4, 0x3, 0xff, 0x9e,

    /* U+B0C9 "냉" */
    0x0, 0xfb, 0xe8, 0xfe, 0x7, 0xe4, 0x3, 0xff,
    0xa2, 0xd4, 0x1, 0xf8, 0x40, 0xdc, 0x3, 0x37,
    0x7f, 0x94, 0x17, 0x40, 0x2, 0xee, 0x98, 0x96,
    0x0, 0xf4, 0x41, 0xdc, 0xc5, 0x90, 0x22, 0xf0,
    0x8, 0xa7, 0x7f, 0x31, 0x1a, 0xe0, 0x1, 0xc6,
    0x49, 0x93, 0x26, 0x18, 0x1, 0x6, 0x25, 0x99,
    0x14, 0x16, 0x0, 0x41, 0x89, 0x76, 0x8a, 0xb,
    0x0, 0xe, 0x3a, 0x44, 0xaa, 0x61, 0x80,

    /* U+B110 "널" */
    0x0, 0xfe, 0xaf, 0x1, 0xf9, 0x0, 0x8c, 0xe1,
    0x0, 0xf8, 0xb3, 0x24, 0x0, 0xf8, 0xb3, 0x24,
    0x0, 0xca, 0xee, 0x8a, 0x83, 0x10, 0xc, 0x73,
    0x26, 0x40, 0x10, 0x8, 0x7f, 0xdd, 0xd6, 0xd8,
    0xfb, 0x80, 0x4d, 0xff, 0xea, 0x71, 0x0, 0x2c,
    0x47, 0x8c, 0x3, 0x8, 0xfc, 0x1, 0xcb, 0x33,
    0xe3, 0x0, 0xf3, 0x44, 0x78, 0xc0, 0x33, 0x44,
    0x79, 0xc0,

    /* U+B124 "네" */
    0x0, 0xf4, 0xf8, 0xd7, 0x84, 0x70, 0x80, 0x7f,
    0x8, 0x80, 0x3f, 0xf8, 0x46, 0x62, 0x0, 0xfc,
    0x59, 0x84, 0x0, 0xfc, 0x59, 0x84, 0x0, 0xfe,
    0x33, 0x10, 0x7, 0xc4, 0x43, 0x20, 0xf, 0xd9,
    0xb9, 0x60, 0x1e, 0xaa, 0xd9, 0x0, 0x1e, 0x35,
    0x58, 0xc4, 0x3, 0xff, 0xa4,

    /* U+B137 "넷" */
    0x0, 0xfb, 0xb4, 0x7e, 0x40, 0x7e, 0x40, 0x3f,
    0xf8, 0x48, 0xee, 0x10, 0xf, 0xec, 0x88, 0x0,
    0x7f, 0xa3, 0xfc, 0x20, 0x1f, 0x24, 0xd5, 0x90,
    0x7, 0xc4, 0x8, 0xc0, 0x3, 0x60, 0xc, 0x3b,
    0xb6, 0x5a, 0xcd, 0x80, 0x7f, 0xc, 0x78, 0xb,
    0xe8, 0x7, 0xa0, 0x10, 0xc2, 0x10, 0x3, 0xc,
    0xb2, 0xe, 0xa8, 0x6, 0x39, 0xf6, 0x5b, 0xc3,
    0xac, 0x71, 0x2, 0x75, 0xba, 0x2, 0xd9, 0x1c,
    0x10, 0x1e, 0xb4, 0x0, 0xcd, 0xb6, 0x0,

    /* U+B178 "노" */
    0x0, 0x27, 0x28, 0x7, 0xfc, 0x22, 0x30, 0xf,
    0xfe, 0xee, 0x3b, 0xf9, 0x0, 0x30, 0x82, 0xc4,
    0x7b, 0x0, 0x32, 0x7f, 0xc2, 0x5f, 0xf4, 0x0,
    0x7f, 0xf4, 0x8b, 0xff, 0x84, 0xbf, 0xf8, 0x89,
    0x33, 0xff, 0xc0, 0x20,

    /* U+B192 "높" */
    0x0, 0x27, 0xb8, 0x7, 0xff, 0x3f, 0xc4, 0x7c,
    0x1, 0xf3, 0xf7, 0x79, 0xc0, 0x32, 0xcc, 0xc2,
    0x29, 0x99, 0x40, 0x26, 0x70, 0xf, 0xc8, 0xc0,
    0x53, 0x3c, 0x22, 0x99, 0xe2, 0x27, 0xff, 0xff,
    0x0, 0x80, 0x11, 0xff, 0xfa, 0x0, 0x36, 0x40,
    0xc, 0x40, 0x42, 0x30, 0x3, 0x23, 0x89, 0xbb,
    0x88, 0x5d, 0x0, 0x32, 0x38, 0x9b, 0xb8, 0x85,
    0xd0, 0x3, 0x7c, 0x0, 0xc4, 0x4, 0x23, 0xc0,
    0x0,

    /* U+B204 "누" */
    0x0, 0x17, 0xc0, 0x7, 0xff, 0x3c, 0xd5, 0x7c,
    0x40, 0x1e, 0x4a, 0xaf, 0x28, 0x6, 0x2e, 0xef,
    0xce, 0x1, 0x19, 0x88, 0xbf, 0x19, 0x80, 0xb3,
    0x3f, 0xf8, 0x4, 0x4b, 0xbe, 0x12, 0xbb, 0xe2,
    0x4, 0x4e, 0x0, 0x22, 0x70, 0x7, 0xff, 0x7c,

    /* U+B20C "눌" */
    0x0, 0x27, 0xb8, 0x7, 0xff, 0x3f, 0x59, 0xbc,
    0x40, 0x1e, 0x59, 0x9f, 0x28, 0x6, 0x4d, 0xdf,
    0xce, 0x0, 0x2f, 0xf6, 0xef, 0xef, 0xf1, 0x12,
    0x67, 0x84, 0x53, 0x3c, 0x40, 0xcb, 0xff, 0x8,
    0xbf, 0xe5, 0x60, 0x9, 0xd1, 0x22, 0x22, 0x3b,
    0x30, 0x3, 0x35, 0xdf, 0x90, 0x3, 0xcf, 0x33,
    0xe5, 0x1, 0x0, 0xf3, 0x4c, 0xf8, 0x3, 0xe6,
    0x99, 0xf7, 0x0, 0x0,

    /* U+B294 "는" */
    0x0, 0x27, 0xb8, 0x7, 0xff, 0x3f, 0x1d, 0xfc,
    0x60, 0x1e, 0x48, 0x8f, 0x20, 0x6, 0x4f, 0xff,
    0xce, 0x1, 0x3b, 0xff, 0xf0, 0x0, 0x62, 0x3f,
    0xf8, 0x2, 0x2f, 0xff, 0xfe, 0x0, 0x80, 0x13,
    0x94, 0x3, 0xfe, 0x11, 0x18, 0x7, 0xff, 0x7,
    0x1d, 0xfc, 0x60, 0x1e, 0x58, 0x8f, 0x20, 0x0,

    /* U+B2A5 "능" */
    0x0, 0x27, 0xb8, 0x7, 0xff, 0x76, 0x3f, 0xfc,
    0xc0, 0x19, 0x9d, 0xff, 0x28, 0x4, 0xaf, 0xbb,
    0xf9, 0x94, 0xa, 0xab, 0xff, 0x80, 0x44, 0xdd,
    0xff, 0xe0, 0x10, 0x11, 0xd, 0x67, 0xfd, 0xd4,
    0x4, 0x40, 0x8, 0xba, 0x5, 0x10, 0xcf, 0xa4,
    0x1, 0x94, 0x2a, 0x93, 0x2a, 0x90, 0x50, 0xc,
    0x81, 0x70, 0xcc, 0x88, 0x2, 0x0, 0x63, 0xc4,
    0x59, 0x92, 0xa6, 0x18, 0x0,

    /* U+B2C8 "니" */
    0x0, 0xfe, 0xce, 0x1f, 0xa0, 0xf, 0xff, 0xc8,
    0x98, 0x80, 0x65, 0xff, 0xbb, 0x10, 0x0, 0x31,
    0x1a, 0x65, 0x6a, 0x1, 0x3b, 0xe6, 0x62, 0x0,
    0x7f, 0xf3, 0x40,

    /* U+B2E4 "다" */
    0x0, 0xfd, 0x5e, 0x20, 0x9, 0xff, 0xea, 0x0,
    0xf1, 0x83, 0xc4, 0x5e, 0x1, 0xfa, 0x5d, 0xe5,
    0x0, 0xff, 0xe8, 0xf7, 0xa0, 0x7, 0xf9, 0xe1,
    0x80, 0x3c, 0x20, 0x14, 0xb9, 0x0, 0x3b, 0xfe,
    0xe5, 0x0, 0xee, 0x88, 0xd3, 0x48, 0x1, 0xc8,
    0xef, 0x99, 0x44, 0x3, 0xff, 0xa6,

    /* U+B2E8 "단" */
    0x0, 0xfc, 0x3f, 0x20, 0xa, 0xff, 0xed, 0x0,
    0xfd, 0x11, 0xc0, 0x1f, 0x99, 0xde, 0x50, 0xf,
    0xfe, 0x23, 0x7d, 0x0, 0x22, 0x29, 0xa4, 0x0,
    0x1c, 0xf1, 0x8b, 0xb2, 0xa3, 0x8, 0x1, 0x59,
    0x27, 0xba, 0xdd, 0x62, 0x80, 0x7c, 0xee, 0x0,
    0xff, 0xaa, 0x40, 0x30, 0xc6, 0x80, 0x7f, 0xce,
    0x80, 0x1e, 0x77, 0xf3, 0x0, 0x70, 0xc4, 0x7a,
    0xc0, 0x0,

    /* U+B2F5 "답" */
    0x0, 0xfc, 0x3f, 0x40, 0xa, 0xff, 0xed, 0x0,
    0xfd, 0x11, 0xc0, 0x1f, 0x99, 0xde, 0x50, 0x9,
    0xe5, 0x40, 0x6, 0x22, 0x22, 0x8, 0x0, 0xc8,
    0x80, 0xd, 0xee, 0x6e, 0x9c, 0x0, 0x96, 0xf3,
    0x55, 0x5d, 0xb1, 0xc0, 0x6, 0x0, 0x35, 0x0,
    0x22, 0xc, 0x45, 0x34, 0x1, 0xa2, 0x0, 0x18,
    0x66, 0x40, 0x1c, 0x5f, 0xfb, 0x80, 0x3e, 0x19,
    0x9d, 0x0, 0x1f, 0x84, 0x70, 0x7, 0xe1, 0x88,
    0xe0, 0xc,

    /* U+B300 "대" */
    0x0, 0xf0, 0xfd, 0x17, 0xcc, 0xbf, 0xf4, 0x0,
    0x7e, 0x78, 0x86, 0x0, 0x7e, 0x97, 0x72, 0x0,
    0x7f, 0xf3, 0x97, 0x40, 0x3f, 0xc6, 0xe0, 0x1f,
    0xe6, 0xa0, 0xd, 0xfd, 0xfe, 0x0, 0xf6, 0x3b,
    0x32, 0x24, 0x3, 0xcb, 0x11, 0x3b, 0x0, 0x7f,
    0xf4, 0x80,

    /* U+B370 "데" */
    0x0, 0xf0, 0xfc, 0xd7, 0x8c, 0xff, 0xe6, 0x0,
    0xfc, 0xf1, 0x5, 0x0, 0xfd, 0x2e, 0xe3, 0x0,
    0xff, 0x23, 0xc8, 0x7, 0xf6, 0xc3, 0x80, 0x7f,
    0x4f, 0xf0, 0x7, 0xff, 0x1f, 0x3b, 0x9e, 0x1,
    0xec, 0x75, 0x69, 0x90, 0x7, 0x96, 0x22, 0x76,
    0x0, 0xff, 0xe9, 0x0,

    /* U+B378 "델" */
    0x0, 0xfb, 0xed, 0xbd, 0x6b, 0xff, 0x40, 0x7,
    0xe8, 0x8a, 0xc0, 0x3f, 0x3b, 0xbb, 0x3c, 0x3,
    0xe2, 0x26, 0x4e, 0x0, 0x7d, 0xba, 0xab, 0x30,
    0xe, 0x9b, 0xbb, 0x3c, 0x23, 0xc9, 0x18, 0xd1,
    0x7a, 0x62, 0xb7, 0xb8, 0x20, 0x19, 0x13, 0xe5,
    0x60, 0x0, 0xdd, 0xf9, 0xc0, 0x31, 0x55, 0x79,
    0x80, 0x40, 0x31, 0xc4, 0x78, 0x3, 0x8e, 0x23,
    0xdc,

    /* U+B3C4 "도" */
    0x0, 0x17, 0xff, 0xe2, 0x0, 0xf1, 0xc4, 0x78,
    0xc0, 0x3c, 0x8e, 0xfe, 0x10, 0xf, 0xfe, 0x40,
    0x80, 0x7f, 0xf0, 0x5b, 0xff, 0xcc, 0x1, 0x8e,
    0x66, 0x11, 0x4c, 0xc8, 0x1, 0x85, 0x9a, 0x3,
    0x66, 0x88, 0x3, 0xff, 0x88, 0x5f, 0xfc, 0x25,
    0xff, 0xc4, 0x49, 0x9f, 0xfe, 0x1, 0x0,

    /* U+B3CC "돌" */
    0x0, 0x27, 0xff, 0xe5, 0x0, 0xf2, 0xd5, 0x79,
    0x0, 0x3d, 0xaa, 0xbe, 0x10, 0xf, 0x47, 0xff,
    0x98, 0x3, 0x2c, 0xcc, 0x22, 0x99, 0x90, 0x2,
    0x67, 0x0, 0xfc, 0x8c, 0x3, 0x33, 0xc2, 0x29,
    0x9e, 0x11, 0x7f, 0x55, 0x7e, 0xef, 0x10, 0x2,
    0x55, 0x7e, 0x40, 0xc, 0x97, 0x7e, 0x60, 0xf,
    0x25, 0xdf, 0x98, 0x3, 0xf3, 0x4c, 0xf9, 0x80,
    0x3c, 0xd3, 0x3f, 0x0, 0x0,

    /* U+B3D9 "동" */
    0x0, 0x27, 0xff, 0xe4, 0x0, 0xf2, 0x44, 0x79,
    0x80, 0x3d, 0x8e, 0xfe, 0x20, 0xf, 0x63, 0xbf,
    0x8c, 0x3, 0xc9, 0x11, 0xe5, 0x0, 0xc9, 0xff,
    0x11, 0x3f, 0xe6, 0x0, 0xf, 0x77, 0x11, 0x3b,
    0xb8, 0x41, 0x9b, 0x9d, 0xcc, 0xdc, 0x3, 0x10,
    0x9f, 0x35, 0x51, 0xfc, 0xc4, 0x4, 0x0, 0x3f,
    0x0, 0x88, 0x8, 0xf1, 0x0, 0xc8, 0x2f, 0x73,
    0x2b, 0x71, 0x50, 0xc, 0xe0, 0xd0, 0xcc, 0x86,
    0x5, 0x0, 0xc5, 0x8e, 0xb3, 0x25, 0x7d, 0x10,
    0x0,

    /* U+B418 "되" */
    0x0, 0xff, 0x57, 0x88, 0x2, 0x23, 0xca, 0x1,
    0xc2, 0xef, 0xef, 0x0, 0xf9, 0x7f, 0xf5, 0x0,
    0x7f, 0xf2, 0x19, 0xb9, 0x40, 0x3e, 0x39, 0x9d,
    0x60, 0x1c, 0x3f, 0xe7, 0xc, 0xfe, 0x0, 0xff,
    0xe2, 0x92, 0x24, 0x40, 0x8a, 0xcc, 0x0, 0x96,
    0xee, 0x50, 0x8a, 0x99, 0x0, 0x4d, 0xbb, 0xbb,
    0x9f, 0xf0, 0x4, 0x24, 0x58, 0x44, 0x1, 0xe0,

    /* U+B41C "된" */
    0x0, 0xff, 0x57, 0x88, 0x3, 0x3f, 0xfa, 0x80,
    0x3f, 0x44, 0x6e, 0x0, 0xfc, 0x67, 0x9c, 0x3,
    0xf5, 0xde, 0xf0, 0xf, 0x6e, 0xa0, 0x27, 0x74,
    0x1, 0xc8, 0xad, 0xc1, 0xe8, 0xcc, 0x0, 0xd7,
    0x73, 0x3, 0x4c, 0x50, 0x6, 0xdd, 0x66, 0x3b,
    0xfe, 0xc0, 0xc, 0x44, 0xac, 0x0, 0xed, 0x41,
    0x0, 0xff, 0x3d, 0x80, 0x79, 0x9d, 0xfc, 0x20,
    0x1d, 0x11, 0xf2, 0x80,

    /* U+B428 "됨" */
    0x0, 0x77, 0xff, 0x38, 0x5f, 0x80, 0x43, 0x11,
    0x90, 0x3, 0xc4, 0xef, 0x8c, 0x3, 0xc4, 0xef,
    0x90, 0x3, 0xc3, 0x11, 0xb4, 0x3, 0xbb, 0xdc,
    0x33, 0xa0, 0x40, 0x5, 0xdf, 0xe7, 0xc, 0xee,
    0x68, 0x0, 0x9a, 0x22, 0x99, 0x55, 0xf9, 0x98,
    0x21, 0xd0, 0x4, 0x44, 0x69, 0xf6, 0x1, 0x5c,
    0x47, 0xe0, 0xe, 0xdf, 0xfc, 0x80, 0x1e, 0xa7,
    0x7c, 0xc0, 0x1e, 0x78, 0x8c, 0x40,

    /* U+B4DC "드" */
    0x0, 0x17, 0xff, 0xe2, 0x0, 0xf1, 0xc4, 0x78,
    0xc0, 0x3c, 0x8e, 0xfe, 0x10, 0xf, 0xfe, 0x41,
    0x19, 0xf8, 0x40, 0x3c, 0xb9, 0x9e, 0x70, 0xc,
    0x59, 0x9f, 0x9c, 0x3, 0x8c, 0xff, 0x8, 0x4,
    0x45, 0xff, 0xc0, 0x2, 0xdd, 0xff, 0xe0, 0x11,
    0x2e, 0xff, 0xf8, 0x4,

    /* U+B4F1 "등" */
    0x0, 0x27, 0xff, 0xe4, 0x0, 0xf2, 0x44, 0x79,
    0x80, 0x3d, 0x8e, 0xfe, 0x20, 0xf, 0x63, 0xbf,
    0x8c, 0x3, 0xc9, 0x11, 0xe5, 0x0, 0xc9, 0xff,
    0xf9, 0x80, 0x5, 0xff, 0xff, 0xc0, 0x22, 0x55,
    0x7f, 0xf0, 0x8, 0x15, 0x49, 0xbd, 0x10, 0xed,
    0x45, 0x50, 0x4, 0x3e, 0xe0, 0x88, 0x7, 0xf1,
    0x0, 0xc8, 0x2f, 0x73, 0x2b, 0x71, 0x50, 0xc,
    0xe0, 0xd0, 0xcc, 0x86, 0x5, 0x0, 0xc5, 0x88,
    0xd3, 0x26, 0x4d, 0x10, 0x0,

    /* U+B77C "라" */
    0x0, 0xfd, 0x3e, 0x20, 0xa, 0xff, 0xea, 0x0,
    0xf7, 0x44, 0x4e, 0x1, 0xf9, 0x1d, 0xe9, 0x0,
    0xfc, 0x6a, 0xb3, 0x80, 0x7e, 0x9a, 0xaa, 0x40,
    0x3b, 0xbc, 0x80, 0x1d, 0xff, 0x50, 0x4, 0xf0,
    0x60, 0x1f, 0xe9, 0x71, 0x0, 0x29, 0xa2, 0x19,
    0x40, 0x3e, 0xbc, 0xbb, 0x4f, 0x0, 0x74, 0x66,
    0x37, 0x5d, 0xf6, 0x1, 0xc4, 0x66, 0x22, 0x8,
    0x7, 0xff, 0x20,

    /* U+B798 "래" */
    0x0, 0xf0, 0xfc, 0xcb, 0xc6, 0xbf, 0xf5, 0x0,
    0x7b, 0xa2, 0x20, 0xf, 0xc8, 0xee, 0x60, 0xf,
    0xc6, 0xcc, 0x70, 0xf, 0xd3, 0x38, 0x3, 0x2a,
    0x80, 0x37, 0x7f, 0xa8, 0x0, 0x66, 0x0, 0xff,
    0x33, 0x0, 0x33, 0xaa, 0x98, 0x80, 0x3e, 0x9a,
    0xa4, 0xb0, 0x7, 0x57, 0x75, 0xfe, 0x40, 0xf,
    0x8, 0xc0, 0x1f, 0xfc, 0x80,

    /* U+B7A8 "램" */
    0x0, 0xf0, 0xfc, 0xcb, 0xc6, 0xff, 0xf5, 0x0,
    0x7b, 0xe6, 0x60, 0xf, 0xc7, 0x99, 0x0, 0x65,
    0x50, 0x3, 0x14, 0x0, 0xba, 0x0, 0x33, 0x0,
    0x6b, 0xb9, 0x4c, 0x19, 0x80, 0x1b, 0xba, 0xd5,
    0x0, 0xe9, 0xcc, 0xb7, 0x9e, 0xa9, 0x8c, 0x24,
    0x65, 0x9b, 0xdf, 0x59, 0x4c, 0x20, 0x18, 0xe2,
    0x31, 0x80, 0x79, 0x5d, 0xf2, 0x80, 0x79, 0x5d,
    0xf2, 0x80, 0x78, 0xe2, 0x31, 0x80, 0x0,

    /* U+B7C9 "량" */
    0x0, 0xfc, 0x3f, 0x40, 0xa, 0xff, 0xeb, 0x0,
    0xf7, 0x44, 0x60, 0xe, 0x5f, 0xa3, 0xbb, 0xc0,
    0x1c, 0x75, 0x3a, 0x68, 0x93, 0xf0, 0x4, 0xee,
    0x20, 0x6, 0x5d, 0xc2, 0xc0, 0x4, 0xdb, 0x0,
    0x5e, 0x65, 0x72, 0x60, 0x97, 0x10, 0xcc, 0xdb,
    0xaf, 0x32, 0x34, 0x22, 0x19, 0x5f, 0x6e, 0xbf,
    0x6e, 0x0, 0x36, 0x3a, 0x4c, 0xa0, 0x26, 0x0,
    0x22, 0x22, 0x4b, 0x31, 0xf0, 0x10, 0x2, 0x22,
    0x25, 0x3b, 0x46, 0x5, 0x80, 0x6c, 0x86, 0x99,
    0x33, 0xd3, 0x80, 0x0,

    /* U+B7EC "러" */
    0x0, 0xfe, 0xaf, 0x19, 0xff, 0xe9, 0x0, 0xed,
    0x88, 0x9c, 0xc, 0x3, 0x91, 0xde, 0x90, 0xf,
    0x89, 0x13, 0x0, 0x11, 0x44, 0x1, 0x77, 0xa8,
    0x1, 0x54, 0x40, 0xd, 0x9b, 0xb5, 0xfe, 0xa8,
    0x6, 0x22, 0xc2, 0x22, 0x0, 0xe2, 0x28, 0xd0,
    0x80, 0x3d, 0x9b, 0xac, 0xba, 0x0, 0xd7, 0x7b,
    0x37, 0xa0, 0x3, 0x12, 0x24, 0x64, 0x20, 0x1f,
    0xfc, 0x50,

    /* U+B807 "렇" */
    0x9f, 0xfe, 0x90, 0x5, 0xf8, 0x54, 0xce, 0x0,
    0xf9, 0xfb, 0xb0, 0x2, 0x7d, 0x0, 0x1a, 0xe8,
    0x91, 0xf6, 0xc1, 0x0, 0x6e, 0xde, 0xe1, 0xbb,
    0x98, 0x3, 0x6f, 0x6e, 0xae, 0x40, 0x35, 0xdf,
    0x4b, 0x48, 0x9, 0x1, 0x2b, 0xbc, 0x2d, 0x67,
    0x3c, 0x0, 0x6c, 0xca, 0x1, 0xf3, 0x25, 0x5,
    0xba, 0x76, 0x56, 0x8b, 0xb2, 0x1, 0x5, 0x3b,
    0xe8, 0xa6, 0x10, 0x7, 0x3, 0xef, 0x6b, 0xa,
    0x80, 0x56, 0xcb, 0x99, 0x23, 0xb8, 0x0,

    /* U+B808 "레" */
    0x0, 0xfb, 0xb1, 0x7d, 0x67, 0xff, 0x8, 0x7,
    0xb6, 0x64, 0x60, 0x1f, 0x91, 0x9a, 0x0, 0xfc,
    0x48, 0x81, 0x5, 0x81, 0x0, 0xd7, 0x72, 0x6,
    0x38, 0x7, 0xdb, 0xdc, 0x8f, 0x10, 0xf, 0x18,
    0x88, 0x3, 0xf9, 0x4d, 0x14, 0x3, 0xf5, 0xe5,
    0xd1, 0x0, 0x75, 0xe6, 0x37, 0x5e, 0x40, 0x1c,
    0x46, 0x62, 0x20, 0x7, 0xff, 0x1c,

    /* U+B825 "력" */
    0x0, 0xfe, 0xce, 0x9f, 0xfe, 0x90, 0xd, 0x53,
    0x34, 0x0, 0x2b, 0xc, 0x2a, 0x66, 0x80, 0x5,
    0x61, 0x80, 0x51, 0x33, 0x55, 0x2c, 0x80, 0x26,
    0x6c, 0x22, 0x61, 0x0, 0xbb, 0xfe, 0xdb, 0xd3,
    0xd, 0x88, 0xa6, 0xb0, 0x0, 0xaa, 0x47, 0x10,
    0x12, 0x47, 0x77, 0x60, 0x2, 0xa2, 0x3f, 0x0,
    0x33, 0xff, 0xc8, 0x1, 0xff, 0xcb,

    /* U+B85C "로" */
    0x0, 0x2f, 0xff, 0xe5, 0x0, 0xcf, 0x11, 0xe5,
    0x0, 0xf1, 0x33, 0x7b, 0x40, 0x3c, 0xdd, 0xde,
    0x80, 0xf, 0xcf, 0x55, 0xe4, 0x0, 0xf7, 0xb3,
    0x78, 0xc0, 0x3d, 0x19, 0x9e, 0x80, 0xc, 0xfb,
    0xb0, 0x96, 0xed, 0x60, 0x18, 0x48, 0xa3, 0x2,
    0x28, 0x40, 0x3, 0xff, 0xc4, 0x4f, 0xfe, 0x11,
    0x44, 0x7f, 0xf0, 0x4,

    /* U+B85D "록" */
    0x0, 0x17, 0xff, 0xe3, 0x0, 0xc7, 0x33, 0xe4,
    0x0, 0xf1, 0xdd, 0xf9, 0x40, 0x3e, 0x20, 0x77,
    0xc8, 0xa4, 0x1, 0xe1, 0xdd, 0xf1, 0x0, 0x70,
    0x94, 0xc4, 0x26, 0x64, 0x0, 0x8c, 0x77, 0x61,
    0x16, 0xec, 0x86, 0x5, 0x99, 0xc2, 0x2c, 0xce,
    0x22, 0x76, 0xdd, 0xfe, 0xde, 0x20, 0x15, 0xbb,
    0xfc, 0xe2, 0x1, 0x35, 0xdf, 0x9c, 0x3, 0xc2,
    0x89, 0xed, 0x0, 0xff, 0xe3, 0x0,

    /* U+B864 "롤" */
    0x0, 0x27, 0xff, 0xe4, 0x0, 0xcb, 0x77, 0xe6,
    0x0, 0xf2, 0xdd, 0xf9, 0x80, 0x3f, 0x35, 0xdf,
    0x94, 0x3, 0xcd, 0x77, 0xe8, 0x0, 0xcb, 0x99,
    0x8, 0xb3, 0x2b, 0x0, 0x17, 0xf6, 0x64, 0x22,
    0xcc, 0xb7, 0xc8, 0x95, 0x49, 0x9f, 0xd5, 0x42,
    0x5, 0x9, 0x9f, 0xc0, 0xa0, 0x12, 0x55, 0x79,
    0x80, 0x3c, 0x95, 0x5e, 0x60, 0xf, 0xcd, 0x33,
    0xe6, 0x0, 0xf3, 0x4c, 0xfa, 0x80, 0x0,

    /* U+B86F "롯" */
    0x0, 0x1f, 0xff, 0xe3, 0x0, 0xc5, 0x33, 0xe4,
    0x0, 0xf1, 0xdd, 0xf9, 0x40, 0x3c, 0x24, 0xe,
    0xf9, 0x14, 0x80, 0x3c, 0xdb, 0xbe, 0x20, 0xc,
    0x20, 0x91, 0x1e, 0x40, 0x8, 0x83, 0x76, 0x11,
    0x6e, 0xca, 0x40, 0x5b, 0xbc, 0x22, 0xdd, 0xe2,
    0x25, 0xdf, 0x33, 0x2e, 0xf8, 0x81, 0x13, 0x99,
    0x88, 0x9c, 0x1, 0xc3, 0x60, 0xb, 0x10, 0xe,
    0x15, 0x9e, 0x49, 0x92, 0x75, 0x30, 0x80, 0x56,
    0xcc, 0xd6, 0x66, 0xb2, 0x40, 0x4, 0x3f, 0xe9,
    0x20, 0x1, 0x4f, 0x78, 0x80,

    /* U+B8CC "료" */
    0x0, 0x2f, 0xff, 0xe5, 0x0, 0xcf, 0x11, 0xe5,
    0x3, 0x0, 0xc4, 0xab, 0xec, 0x0, 0xf3, 0x6e,
    0xfa, 0x40, 0x3f, 0x46, 0x67, 0x9c, 0x3, 0xdc,
    0x89, 0xe5, 0x0, 0xf3, 0x44, 0x7b, 0x40, 0x33,
    0x79, 0x87, 0xf8, 0xc7, 0xe4, 0x3, 0xff, 0x88,
    0x3f, 0xf1, 0x87, 0xf8, 0xc7, 0xfe, 0x11, 0x44,
    0x7f, 0xf0, 0x4,

    /* U+B958 "류" */
    0x0, 0x1f, 0xff, 0xe3, 0x0, 0xc5, 0x11, 0xe4,
    0x0, 0xf1, 0xf7, 0x79, 0xc0, 0x3c, 0x2c, 0xde,
    0x30, 0xf, 0xd1, 0xff, 0xe3, 0x0, 0xf4, 0x7f,
    0xf9, 0xc0, 0x31, 0x44, 0x7e, 0x40, 0x0, 0xc4,
    0xff, 0xfe, 0xb8, 0x10, 0x77, 0xff, 0xe0, 0x0,
    0xff, 0xb0, 0x1f, 0xfc, 0xe1, 0x9f, 0xe1, 0x0,
    0xff, 0xef, 0x0,

    /* U+B974 "르" */
    0x0, 0x2f, 0xff, 0xe5, 0x0, 0xcf, 0x11, 0xe5,
    0x0, 0xf1, 0x33, 0x7b, 0x40, 0x3c, 0xdd, 0xde,
    0x80, 0xf, 0xcf, 0x55, 0xe4, 0x0, 0xf7, 0xb3,
    0x78, 0xc0, 0x3d, 0x19, 0x9e, 0x80, 0xc, 0xfb,
    0xbf, 0xac, 0x3, 0x9, 0x17, 0xe1, 0x0, 0x17,
    0xff, 0xff, 0x0, 0x89, 0x33, 0xff, 0xc0, 0x20,

    /* U+B978 "른" */
    0x0, 0x1f, 0xff, 0xe3, 0x0, 0xc5, 0x33, 0xe4,
    0x0, 0xf0, 0x99, 0xf8, 0x40, 0x3c, 0x75, 0x5e,
    0x50, 0x10, 0xf, 0x36, 0x67, 0x8c, 0x3, 0xcd,
    0x99, 0xe6, 0x0, 0xc7, 0xdd, 0xf9, 0xc0, 0x3,
    0xfe, 0xee, 0xfd, 0xfe, 0x11, 0x44, 0x7f, 0xf0,
    0x4, 0x1d, 0x30, 0xdd, 0xff, 0x0, 0x4c, 0x84,
    0x1, 0xff, 0xc1, 0xc7, 0x7f, 0x18, 0x7, 0x96,
    0x23, 0xc8, 0x0,

    /* U+B984 "름" */
    0x0, 0x1f, 0xff, 0xe3, 0x0, 0xc5, 0x33, 0xe4,
    0x0, 0xf1, 0xdd, 0xf9, 0x40, 0x3c, 0x24, 0xe,
    0xf9, 0x14, 0x80, 0x3c, 0x3b, 0xbe, 0x20, 0xc,
    0x22, 0x29, 0x9f, 0x20, 0x4, 0xaf, 0x77, 0xf8,
    0x94, 0x6, 0xab, 0xff, 0x80, 0x22, 0xfe, 0xbb,
    0xfd, 0xde, 0x20, 0x4, 0xbb, 0xfc, 0x80, 0x1e,
    0x8d, 0xdd, 0x0, 0x1f, 0xb5, 0x57, 0x68, 0x7,
    0xe5, 0x88, 0xca, 0x1, 0x80,

    /* U+B9AC "리" */
    0x0, 0xfe, 0xaf, 0x11, 0x7f, 0xf8, 0x40, 0x30,
    0xc4, 0x63, 0x0, 0xf9, 0xdf, 0x30, 0x7, 0xc8,
    0x98, 0x40, 0x3c, 0x57, 0x79, 0x0, 0x3f, 0x36,
    0xee, 0x10, 0xf, 0x88, 0xb0, 0x7, 0xe2, 0x28,
    0xd0, 0x3, 0xcd, 0xbb, 0x65, 0x90, 0x4, 0x57,
    0x7d, 0x9c, 0x40, 0x19, 0x13, 0x8c, 0x40, 0x3f,
    0xf8, 0x80,

    /* U+B9B0 "린" */
    0x0, 0xfe, 0x9f, 0x11, 0x7f, 0xf8, 0x40, 0x30,
    0xcc, 0xe3, 0x0, 0xff, 0xe3, 0xc, 0xce, 0x30,
    0xf, 0xcd, 0xff, 0x84, 0x3, 0xcf, 0xbb, 0x77,
    0x88, 0x4, 0x2c, 0xe8, 0x85, 0x9a, 0x10, 0xd,
    0x31, 0x91, 0x7, 0x50, 0xf, 0x25, 0x20, 0x6,
    0xd9, 0x10, 0xf, 0xe4, 0x60, 0xe, 0xc7, 0x7f,
    0x8, 0x6, 0x68, 0x8f, 0x28,

    /* U+B9B4 "릴" */
    0x1f, 0xff, 0x8, 0x4f, 0x88, 0xa6, 0x71, 0x80,
    0x7c, 0x67, 0x9c, 0x3, 0xc3, 0x55, 0x90, 0x3,
    0xf2, 0xf7, 0x37, 0x4a, 0x1, 0xe5, 0xee, 0x6e,
    0xac, 0x80, 0x21, 0xbb, 0xec, 0xe2, 0xc6, 0x10,
    0x41, 0xbb, 0xb3, 0xbe, 0x98, 0x40, 0xf, 0x11,
    0xe3, 0x0, 0xe2, 0x2f, 0x38, 0x6, 0x4a, 0xaf,
    0x20, 0x7, 0x9e, 0x67, 0xc0, 0x1c, 0xf3, 0x3e,
    0x40,

    /* U+B9BC "림" */
    0x0, 0xfe, 0x9f, 0x11, 0x7f, 0xf8, 0x40, 0x30,
    0xcc, 0xe3, 0x0, 0xf0, 0xcc, 0xe3, 0x0, 0xfc,
    0x73, 0x38, 0x40, 0x3c, 0xe4, 0x51, 0xb8, 0x7,
    0x92, 0xee, 0xa8, 0x10, 0x8, 0x77, 0x77, 0x7f,
    0x87, 0x60, 0x40, 0x9f, 0x75, 0xdf, 0xf5, 0xc0,
    0x80, 0x66, 0x88, 0xc6, 0x1, 0xea, 0x77, 0xca,
    0x1, 0xeb, 0x77, 0xca, 0x1, 0xe7, 0x88, 0xc6,
    0x0,

    /* U+B9C1 "링" */
    0x0, 0xfe, 0x8f, 0x21, 0xff, 0xf0, 0x80, 0x61,
    0x99, 0xc6, 0x1, 0xe1, 0x99, 0xc6, 0x1, 0xf8,
    0xe6, 0x70, 0x80, 0x79, 0xd5, 0x62, 0x60, 0xf,
    0x26, 0x65, 0x72, 0x40, 0x10, 0xe6, 0x75, 0xe9,
    0x6b, 0x18, 0x19, 0x9f, 0xf2, 0xf7, 0xe6, 0x84,
    0x0, 0x56, 0x33, 0x98, 0x92, 0xc1, 0x0, 0x38,
    0x43, 0x19, 0x9a, 0x41, 0x40, 0x8, 0x37, 0x2c,
    0xf3, 0x2, 0xa0, 0x1, 0xc7, 0x49, 0x84, 0x6f,
    0x10,

    /* U+B9C8 "마" */
    0x0, 0xfd, 0x3e, 0x20, 0x9, 0xff, 0xeb, 0x0,
    0xf1, 0x83, 0xc4, 0x1, 0xc0, 0x3f, 0x4b, 0xb8,
    0x3, 0xff, 0xa7, 0xde, 0x40, 0x1f, 0xe7, 0x83,
    0x0, 0xff, 0x4b, 0x88, 0x3, 0xbf, 0xc0, 0x1f,
    0xba, 0x23, 0xa4, 0x3, 0xc8, 0xef, 0xca, 0x1,
    0xff, 0xd4,

    /* U+B9C9 "막" */
    0x0, 0xfc, 0x3f, 0x40, 0xa, 0xff, 0xe9, 0x0,
    0xfd, 0x13, 0x0, 0x1f, 0xe6, 0x68, 0x3, 0x9d,
    0xc8, 0x1, 0xfe, 0x3b, 0x30, 0x7, 0x7f, 0x0,
    0x72, 0x63, 0xf4, 0x47, 0x68, 0x7, 0x91, 0xdf,
    0x90, 0x5, 0x70, 0x2, 0x3f, 0xff, 0x97, 0x0,
    0x22, 0x88, 0xf3, 0x80, 0x70, 0xbb, 0xfa, 0x40,
    0x3f, 0xfa, 0x40,

    /* U+B9CC "만" */
    0x0, 0xfc, 0x3f, 0x20, 0xa, 0xff, 0xe9, 0x0,
    0xfd, 0x11, 0x0, 0x7f, 0x99, 0xd8, 0x3, 0xff,
    0x8c, 0xdf, 0x20, 0x9, 0x79, 0x0, 0xe3, 0x8d,
    0x30, 0x78, 0x70, 0xe, 0x57, 0x49, 0xff, 0xe9,
    0x0, 0xfc, 0xce, 0x1, 0xff, 0x5c, 0x80, 0x61,
    0x8d, 0x0, 0xff, 0x9d, 0x0, 0x38, 0x5d, 0xfc,
    0xc0, 0x1e, 0x88, 0xf5, 0x80, 0x0,

    /* U+B9D0 "말" */
    0xaf, 0xfe, 0x90, 0x1f, 0xa0, 0xd, 0x11, 0x0,
    0x7f, 0x99, 0xd8, 0x3, 0x9e, 0x98, 0x3, 0xfc,
    0x4b, 0x80, 0x9, 0x79, 0x0, 0xe5, 0xeb, 0x30,
    0x78, 0x70, 0xf, 0x8, 0xa7, 0xfb, 0x76, 0xb2,
    0x38, 0xe0, 0xd, 0x9b, 0xbe, 0x8e, 0x0, 0xdd,
    0x99, 0xd6, 0x1, 0xee, 0xcc, 0xeb, 0x0, 0xf8,
    0x66, 0x7e, 0x0, 0xe1, 0x1f, 0x98, 0x3, 0xd1,
    0x1f, 0x0, 0x0,

    /* U+BA54 "메" */
    0x0, 0xfb, 0xb1, 0x7d, 0xa7, 0xff, 0x58, 0x7,
    0xe7, 0x80, 0xf, 0xf4, 0xb8, 0x7, 0xff, 0x5,
    0x98, 0x20, 0x1f, 0xc5, 0x20, 0x1f, 0xe4, 0xf1,
    0x0, 0xff, 0xe3, 0x77, 0x80, 0x7e, 0xd8, 0x8d,
    0xc0, 0x1e, 0x47, 0x7c, 0xa0, 0x1f, 0xfd, 0x20,

    /* U+BA74 "면" */
    0x0, 0xfe, 0xcf, 0x9, 0xff, 0xeb, 0x0, 0xfa,
    0x26, 0x40, 0x9f, 0xe3, 0x0, 0xcc, 0xd0, 0x14,
    0xc8, 0x80, 0x3f, 0xa, 0xa8, 0x40, 0x32, 0x99,
    0x80, 0xf3, 0x6, 0x1, 0xaf, 0x30, 0x7, 0x98,
    0x30, 0x5, 0xdf, 0xb8, 0xcc, 0x1, 0x12, 0x1,
    0xaa, 0x10, 0x7, 0xdb, 0x6, 0x1, 0xaa, 0x0,
    0x3f, 0xcc, 0xe0, 0x1d, 0x4e, 0xfe, 0x20, 0xc,
    0xf1, 0x1e, 0x40,

    /* U+BAA8 "모" */
    0x0, 0x1f, 0xff, 0xe3, 0x0, 0xf2, 0x44, 0x64,
    0x0, 0xfc, 0x6e, 0xf8, 0xc0, 0x3f, 0xfb, 0xf,
    0xff, 0x9c, 0x3, 0xc5, 0x55, 0x8, 0xaa, 0xa2,
    0x0, 0xc2, 0xab, 0x1, 0xaa, 0xc2, 0x1, 0xff,
    0xc4, 0x2f, 0xfe, 0x12, 0xff, 0xe2, 0x24, 0xcf,
    0xff, 0x0, 0x80,

    /* U+BAA9 "목" */
    0x0, 0x27, 0xff, 0xe4, 0x0, 0xf2, 0xc4, 0x65,
    0x0, 0xfd, 0xae, 0xfb, 0x40, 0x3f, 0x6b, 0x36,
    0xd0, 0xf, 0xcb, 0x33, 0x94, 0x3, 0xc9, 0xff,
    0x9, 0x7f, 0xc8, 0x0, 0x1d, 0xde, 0x12, 0xdd,
    0xe1, 0x7, 0x7e, 0x55, 0x3b, 0xf0, 0xd, 0x4e,
    0xef, 0xe8, 0xa1, 0x0, 0x24, 0x47, 0xe7, 0x0,
    0xcf, 0xff, 0xe9, 0x0, 0xff, 0xea, 0x0,

    /* U+BB34 "무" */
    0x0, 0x1f, 0xff, 0xe3, 0x0, 0xf2, 0x44, 0x64,
    0x0, 0xfd, 0x8e, 0xf8, 0xc0, 0x3f, 0x63, 0xbe,
    0x30, 0xf, 0xc9, 0x11, 0x90, 0x3, 0xc7, 0xff,
    0xf8, 0xc0, 0x3, 0xff, 0xff, 0xc0, 0x10, 0x77,
    0xe0, 0x17, 0x7e, 0x1, 0x88, 0xe1, 0x38, 0x8e,
    0x10, 0xf, 0xfe, 0xf0,

    /* U+BB38 "문" */
    0x0, 0x27, 0xff, 0xe4, 0x0, 0xf2, 0xcc, 0xe5,
    0x0, 0xfc, 0x48, 0x98, 0x80, 0x3f, 0x3e, 0xee,
    0x70, 0xf, 0x2d, 0xdf, 0xe5, 0x0, 0xc, 0x4e,
    0x67, 0xe9, 0x81, 0x7, 0x7f, 0xfe, 0x0, 0xf,
    0xff, 0x20, 0x7f, 0xf0, 0x80, 0x17, 0xd4, 0x3,
    0xff, 0x82, 0x61, 0xae, 0x1, 0xfe, 0xc7, 0x1f,
    0x77, 0x8c, 0x3, 0xcb, 0x11, 0xeb, 0x0, 0x0,

    /* U+BB3C "물" */
    0x0, 0x27, 0xff, 0xe4, 0x0, 0xf2, 0xcc, 0xe5,
    0x0, 0xfc, 0x4a, 0xb8, 0x80, 0x3f, 0x3e, 0x66,
    0x70, 0xf, 0x26, 0x67, 0xe4, 0x0, 0xf, 0xfb,
    0x33, 0xf7, 0xf8, 0x45, 0x11, 0xc2, 0x28, 0x8e,
    0x10, 0x74, 0xee, 0x84, 0x5d, 0xd2, 0x38, 0x4,
    0xef, 0x84, 0x4e, 0xcd, 0x0, 0x66, 0x88, 0xf2,
    0x80, 0x79, 0xe6, 0x7c, 0xa0, 0x1f, 0x9a, 0x67,
    0xc2, 0x1, 0xe6, 0x99, 0xf7, 0x0, 0x0,

    /* U+BBF8 "미" */
    0x0, 0xfe, 0xfb, 0x8f, 0xfe, 0xc0, 0xc, 0x20,
    0xef, 0x0, 0x7e, 0x98, 0x80, 0x80, 0x7f, 0xf9,
    0xfb, 0xfc, 0x20, 0x1d, 0xae, 0xfd, 0x40, 0x19,
    0x22, 0x39, 0x80, 0x3f, 0xf9, 0xc0,

    /* U+BC00 "밀" */
    0x1f, 0xff, 0x8, 0x4f, 0x88, 0x0, 0xe2, 0x6,
    0x1, 0xf9, 0x5d, 0xca, 0x1, 0xff, 0xc8, 0x58,
    0x82, 0x80, 0x7e, 0x37, 0x71, 0x80, 0x78, 0x7f,
    0xfc, 0x21, 0xea, 0x20, 0x4, 0xff, 0xf4, 0xa8,
    0x80, 0x1a, 0x23, 0xc6, 0x1, 0x8c, 0x8b, 0xce,
    0x1, 0x92, 0xab, 0xc8, 0x1, 0xe6, 0x88, 0xf1,
    0x80, 0x66, 0x88, 0xf3, 0x80,

    /* U+BC1B "받" */
    0x0, 0xfc, 0x3f, 0x40, 0xa, 0xf1, 0x0, 0x7d,
    0x0, 0x7e, 0xef, 0xf0, 0x7, 0xf9, 0xde, 0x0,
    0xe4, 0xc8, 0x0, 0x4c, 0x40, 0x3, 0xcf, 0xe0,
    0xe, 0xff, 0x0, 0x72, 0x5b, 0xf4, 0x47, 0x70,
    0x7, 0x91, 0xdf, 0x90, 0x6, 0x38, 0x3, 0x6f,
    0xff, 0xa3, 0x40, 0x38, 0x5d, 0xfd, 0x80, 0x1c,
    0x71, 0x1e, 0x50, 0xe, 0x37, 0x7f, 0x30, 0x7,
    0xc, 0x47, 0xac, 0x0,

    /* U+BC29 "방" */
    0x0, 0xfc, 0x3f, 0x40, 0xa, 0xf1, 0x0, 0x7d,
    0x0, 0x7e, 0x97, 0x80, 0xf, 0xf3, 0xc3, 0x80,
    0x73, 0xd3, 0x0, 0x3b, 0xfc, 0x1, 0xc4, 0xfc,
    0x0, 0x97, 0x80, 0xe, 0x5d, 0x83, 0x7, 0x87,
    0x0, 0xfd, 0x3f, 0xfd, 0x40, 0x29, 0x80, 0x18,
    0x63, 0x7f, 0xec, 0xd6, 0x0, 0xd8, 0xe9, 0x32,
    0x80, 0x98, 0x0, 0x84, 0x92, 0x59, 0x8f, 0x80,
    0x80, 0x10, 0x9a, 0x53, 0xb4, 0x60, 0x58, 0x6,
    0xc8, 0x69, 0x93, 0x3d, 0x38, 0x0,

    /* U+BC84 "버" */
    0x0, 0xfe, 0x9f, 0x19, 0xf1, 0x0, 0x67, 0x80,
    0x7f, 0xf4, 0xfb, 0xfc, 0x60, 0xaa, 0x20, 0xd,
    0x13, 0x22, 0xa, 0xa2, 0x0, 0x66, 0x68, 0x43,
    0x74, 0xa0, 0x1f, 0xc4, 0x43, 0x0, 0xdd, 0xfe,
    0x30, 0xf, 0x6c, 0x47, 0x80, 0x39, 0x1d, 0xfc,
    0x1, 0xff, 0xd1,

    /* U+BC88 "번" */
    0x0, 0xfe, 0xbf, 0x9, 0xf1, 0x0, 0x7d, 0x80,
    0x7c, 0xec, 0xc0, 0xf, 0xe9, 0x98, 0x13, 0xfc,
    0x80, 0x1b, 0xbf, 0xc0, 0x4e, 0xe2, 0x0, 0xc8,
    0x90, 0x34, 0x41, 0x80, 0x35, 0x5d, 0x80, 0x3e,
    0x8d, 0xde, 0xa0, 0xe, 0x12, 0x15, 0x32, 0x10,
    0xf, 0xae, 0x8, 0x3, 0x7c, 0x0, 0x7f, 0x91,
    0xc0, 0x3a, 0xdd, 0xfc, 0x40, 0x19, 0xe2, 0x3c,
    0x80,

    /* U+BCC0 "변" */
    0x0, 0xfe, 0xbf, 0x9, 0xf1, 0x0, 0x7d, 0x80,
    0x7c, 0x8a, 0xa0, 0x4f, 0xf2, 0x0, 0x6a, 0xa8,
    0xe, 0xec, 0x60, 0x1b, 0x37, 0x40, 0x7, 0x70,
    0x7, 0xf1, 0xe6, 0xc, 0x3, 0x66, 0xe8, 0xf,
    0x74, 0x80, 0xb, 0xbf, 0x79, 0x10, 0x2, 0x24,
    0x73, 0x54, 0x30, 0xf, 0xae, 0x8, 0x3, 0x7c,
    0x0, 0x7f, 0x91, 0xc0, 0x3a, 0xdd, 0xfc, 0x40,
    0x19, 0xe2, 0x3c, 0x80,

    /* U+BCC4 "별" */
    0x9f, 0x10, 0x7, 0xd8, 0x2, 0xfc, 0x3, 0xe6,
    0x55, 0x38, 0x6, 0xfe, 0xe0, 0x15, 0x50, 0xc0,
    0x34, 0xcc, 0x9, 0xfe, 0x40, 0xc, 0x8a, 0xa0,
    0x4f, 0xf2, 0x0, 0x6c, 0xdd, 0x1, 0x55, 0xc,
    0x1, 0x53, 0x3e, 0x55, 0x5b, 0x1, 0xb7, 0x4c,
    0xd7, 0xfe, 0x86, 0x0, 0xae, 0x23, 0xc4, 0x1,
    0xc4, 0x5e, 0x10, 0xd, 0x75, 0x5e, 0x30, 0xf,
    0x44, 0xcf, 0x8c, 0x3, 0x44, 0xcf, 0xac,

    /* U+BCF4 "보" */
    0x0, 0x84, 0x3, 0xc2, 0x1, 0xc9, 0xce, 0x1,
    0x9f, 0x90, 0x3, 0xff, 0x91, 0x1f, 0xfa, 0x0,
    0x3f, 0x24, 0x46, 0x40, 0xf, 0xd8, 0xef, 0xb0,
    0x3, 0xf4, 0x7f, 0xe8, 0x0, 0xf3, 0x44, 0x42,
    0x28, 0x89, 0x80, 0x31, 0x3b, 0xc0, 0x6e, 0xf1,
    0x0, 0x7f, 0xf1, 0xb, 0xff, 0x84, 0xbf, 0xf8,
    0x89, 0x33, 0xff, 0xc0, 0x20,

    /* U+BD80 "부" */
    0x0, 0x27, 0xb8, 0x6, 0x7f, 0x40, 0xf, 0x84,
    0x70, 0x7, 0xf4, 0x77, 0x68, 0x0, 0xfc, 0xb5,
    0x59, 0x40, 0x3f, 0xf9, 0x4b, 0x55, 0x94, 0x3,
    0xc9, 0xdd, 0xf9, 0x0, 0x27, 0x73, 0x37, 0xe7,
    0x70, 0xc, 0x47, 0xff, 0x0, 0x45, 0xff, 0xc2,
    0x5f, 0xfc, 0x20, 0x1f, 0xfd, 0xe0,

    /* U+BD84 "분" */
    0x0, 0x27, 0xb8, 0x6, 0x7f, 0x40, 0xf, 0x6b,
    0x36, 0xd0, 0xf, 0xcb, 0x33, 0x94, 0x3, 0xf4,
    0x7f, 0xe8, 0x0, 0xfd, 0x1f, 0xfa, 0x0, 0x3c,
    0xd1, 0x1f, 0x98, 0x2, 0x75, 0x0, 0xfc, 0xae,
    0x5, 0x11, 0xff, 0xc0, 0x22, 0x7f, 0xf0, 0x97,
    0xff, 0x10, 0x1, 0x3d, 0x80, 0x3f, 0xe1, 0x0,
    0xa6, 0x80, 0x3f, 0xd8, 0xe0, 0x7, 0x78, 0xc0,
    0x3c, 0xb1, 0x1e, 0xb0, 0x0,

    /* U+BD88 "불" */
    0x0, 0x27, 0xb8, 0x6, 0x7f, 0x40, 0xf, 0x47,
    0xfe, 0x80, 0xf, 0xcd, 0x55, 0x98, 0x3, 0xf2,
    0x77, 0x64, 0x0, 0xf3, 0x98, 0xbb, 0xe1, 0x37,
    0x0, 0x99, 0x6a, 0xbf, 0x2b, 0x0, 0xcc, 0xff,
    0xf0, 0x4, 0x5f, 0xed, 0xd8, 0x4b, 0x76, 0xff,
    0x8, 0x1, 0x37, 0x61, 0x2d, 0xd8, 0xc0, 0x32,
    0xd5, 0x79, 0x40, 0x3c, 0xb5, 0x5e, 0x50, 0xf,
    0xcb, 0x55, 0xe1, 0x0, 0xf2, 0xd5, 0x7c, 0x0,

    /* U+BE44 "비" */
    0x0, 0xfe, 0xfb, 0x9f, 0x10, 0x7, 0x60, 0x7,
    0xff, 0x43, 0xbf, 0xc2, 0x1, 0xf4, 0x4c, 0x80,
    0x3f, 0x33, 0x42, 0x1, 0xff, 0xc6, 0xef, 0xf0,
    0x80, 0x76, 0xc4, 0x75, 0x0, 0x64, 0x77, 0xe6,
    0x0, 0xff, 0xe7, 0x0,

    /* U+C0AC "사" */
    0x0, 0xfe, 0x1f, 0xa0, 0xf, 0x7d, 0x80, 0x7f,
    0xf6, 0xc8, 0x18, 0x3, 0xfe, 0x40, 0x23, 0x0,
    0xcb, 0xf4, 0x1, 0x40, 0x87, 0x80, 0x63, 0x8f,
    0x0, 0x58, 0xd3, 0x9d, 0x0, 0x4c, 0xea, 0x58,
    0x8e, 0x90, 0xaa, 0xd0, 0xe, 0x37, 0x88, 0x0,
    0x2a, 0x24, 0x3, 0x86, 0xdc, 0x3, 0x3a, 0x0,
    0x7f, 0xf5, 0x40,

    /* U+C0B0 "산" */
    0x0, 0xfe, 0x1f, 0x90, 0xf, 0x7d, 0x80, 0x7f,
    0xf3, 0x4c, 0x14, 0x3, 0xfe, 0x90, 0x16, 0x0,
    0xcd, 0xf4, 0x0, 0x65, 0x75, 0x97, 0x0, 0x8e,
    0x38, 0x66, 0x49, 0x14, 0x91, 0x80, 0x5, 0x74,
    0x12, 0x4b, 0x0, 0x5d, 0x70, 0x7, 0xae, 0xc8,
    0xa0, 0x5, 0x20, 0xf, 0xd1, 0x40, 0x18, 0x63,
    0x40, 0x3f, 0xf8, 0xe, 0x80, 0x1f, 0x3b, 0xf9,
    0x80, 0x3e, 0x88, 0xf5, 0x80, 0x0,

    /* U+C0C1 "상" */
    0x0, 0xdf, 0x60, 0x10, 0xfd, 0x0, 0x7f, 0xf1,
    0xc8, 0x18, 0x3, 0xfe, 0x50, 0x22, 0x0, 0x67,
    0x85, 0x0, 0x14, 0x80, 0x38, 0x40, 0x22, 0x7c,
    0x2, 0xf1, 0x95, 0x3c, 0x50, 0x2, 0xfc, 0x8e,
    0x14, 0xb5, 0x41, 0x60, 0x7, 0xe, 0xe9, 0x80,
    0xf, 0xb2, 0x29, 0x80, 0x11, 0x90, 0xc6, 0xfe,
    0xfe, 0x6b, 0x0, 0x76, 0xbb, 0xa6, 0x50, 0xf3,
    0x0, 0x1c, 0x66, 0xa6, 0x63, 0xd8, 0x20, 0x7,
    0x21, 0xdb, 0xb4, 0x60, 0x58, 0x7, 0x5c, 0x3c,
    0xc9, 0x9e, 0x9c, 0x0,

    /* U+C0C9 "색" */
    0x0, 0x9b, 0x0, 0x3, 0xf3, 0x2f, 0x10, 0xb,
    0xcc, 0x40, 0x3f, 0xc6, 0x6, 0x1, 0xfe, 0x70,
    0x40, 0x9, 0x54, 0x1, 0x94, 0x82, 0xc4, 0x0,
    0x66, 0x0, 0x8a, 0xc6, 0xb, 0x48, 0x19, 0x80,
    0x1, 0xd1, 0xd7, 0x93, 0xb0, 0xe, 0x1b, 0xc3,
    0x6, 0xd8, 0xaa, 0x63, 0x8, 0x21, 0xbf, 0xfb,
    0x7e, 0xb2, 0x98, 0x40, 0x24, 0x77, 0xf1, 0x0,
    0x71, 0xc4, 0x79, 0xc0, 0x3f, 0xfa, 0x0,

    /* U+C0DD "생" */
    0x0, 0xf8, 0x7e, 0x65, 0xe2, 0x1, 0x47, 0x90,
    0x7, 0xff, 0x2c, 0xc1, 0x0, 0x25, 0x50, 0x6,
    0x34, 0xb, 0x10, 0x1, 0x98, 0x2, 0x4d, 0x1a,
    0x2c, 0x40, 0x66, 0x0, 0x6, 0x4f, 0x17, 0xc,
    0xc0, 0x1c, 0x39, 0xa4, 0x7, 0xcd, 0x90, 0x22,
    0x0, 0x8, 0x0, 0xeb, 0xbf, 0x30, 0x1e, 0x20,
    0x11, 0xe2, 0x34, 0xc9, 0x1f, 0x0, 0x35, 0x85,
    0x43, 0x32, 0x54, 0x88, 0x1, 0x58, 0x54, 0x33,
    0xd2, 0x91, 0x0, 0x23, 0xc4, 0x69, 0x87, 0x76,
    0x0,

    /* U+C11C "서" */
    0x0, 0xff, 0x57, 0x88, 0x6, 0xfb, 0x0, 0xff,
    0xe6, 0xb8, 0x7, 0xf8, 0x80, 0x81, 0xff, 0xca,
    0x1, 0xc8, 0x2, 0x69, 0x10, 0x20, 0xe, 0x81,
    0x8, 0x37, 0x78, 0x3, 0x58, 0xd3, 0x24, 0x0,
    0x71, 0x62, 0x3a, 0x4a, 0x3d, 0x0, 0x63, 0x78,
    0x80, 0x2, 0xda, 0x0, 0x30, 0xdb, 0x80, 0x69,
    0x20, 0xf, 0xfe, 0x90,

    /* U+C124 "설" */
    0x0, 0x93, 0xd8, 0x3, 0x5f, 0x80, 0x7f, 0xf1,
    0x4c, 0x30, 0x23, 0xfc, 0x80, 0x1d, 0x20, 0xa9,
    0x73, 0x22, 0x0, 0xd8, 0x32, 0x36, 0xcd, 0x80,
    0x7, 0xc7, 0x2d, 0xe7, 0x48, 0x1, 0x8d, 0xed,
    0x80, 0x72, 0xd0, 0x31, 0x80, 0x12, 0x91, 0xff,
    0x5f, 0xfa, 0x1c, 0x3, 0x64, 0x47, 0x88, 0x40,
    0x33, 0x91, 0x78, 0x3, 0xd5, 0x5f, 0x10, 0x80,
    0x7a, 0x23, 0xd2, 0x20, 0x1d, 0x11, 0xf2, 0x80,

    /* U+C131 "성" */
    0x0, 0xdf, 0x60, 0x1a, 0x7c, 0x40, 0x3f, 0xf8,
    0x82, 0xc, 0x7, 0x10, 0x50, 0xe, 0x70, 0x23,
    0x57, 0x71, 0x80, 0x61, 0x80, 0x7, 0x3f, 0xf9,
    0x80, 0x22, 0xc1, 0xa9, 0x2c, 0x40, 0xe, 0xc2,
    0x95, 0x6a, 0x32, 0x0, 0xec, 0xc3, 0x0, 0x1e,
    0x88, 0x98, 0xe2, 0x4, 0x60, 0x9b, 0xab, 0xb6,
    0xc6, 0x0, 0x61, 0xb3, 0xad, 0xd5, 0x1d, 0x88,
    0x4, 0x40, 0xea, 0x44, 0x56, 0x2, 0x0, 0x8c,
    0x9a, 0x9d, 0xd2, 0xe4, 0x60, 0x1b, 0x1d, 0xd1,
    0x4, 0x7c, 0x0,

    /* U+C138 "세" */
    0x0, 0xfd, 0xf6, 0xbe, 0xa0, 0x15, 0x78, 0x7,
    0xff, 0x73, 0x7c, 0x3, 0xf3, 0x1, 0xd4, 0x0,
    0x7c, 0x26, 0x16, 0xee, 0x0, 0xfa, 0x0, 0xdc,
    0x80, 0x3e, 0x66, 0x3f, 0x6, 0x18, 0x7, 0x14,
    0x9c, 0x16, 0x11, 0x0, 0x38, 0xb3, 0x0, 0x3,
    0xc1, 0x0, 0xf1, 0x80, 0x7f, 0xf3, 0x0,

    /* U+C13C "센" */
    0x0, 0xfd, 0xd8, 0xde, 0x80, 0x14, 0xf8, 0x80,
    0x7f, 0xf0, 0x84, 0x3, 0xf1, 0x81, 0x5f, 0x8,
    0x7, 0xc8, 0x17, 0x14, 0x1, 0xf4, 0x89, 0xbb,
    0x94, 0x40, 0x3a, 0x59, 0x98, 0x76, 0xc0, 0x1e,
    0x54, 0x90, 0xc6, 0x70, 0xf, 0x65, 0x94, 0x1c,
    0x8a, 0xa8, 0x3, 0xce, 0xe5, 0x0, 0x5c, 0xac,
    0x28, 0x7, 0xf8, 0xdc, 0x40, 0x3b, 0x1d, 0xfc,
    0x60, 0x1c, 0xb1, 0x1e, 0x50,

    /* U+C18C "소" */
    0x0, 0xf7, 0x70, 0x3, 0xff, 0x80, 0x22, 0x0,
    0xff, 0x9c, 0x0, 0xe0, 0x1f, 0xcf, 0xa, 0x90,
    0xe0, 0x1c, 0x2d, 0xb0, 0xd5, 0x6d, 0x1a, 0xc2,
    0x0, 0x49, 0x1b, 0x90, 0x4, 0xd8, 0xca, 0x80,
    0x17, 0xb1, 0x3, 0xb4, 0x13, 0x39, 0x0, 0x21,
    0x0, 0xfc, 0x20, 0x1f, 0xfc, 0x42, 0xff, 0xe1,
    0x2f, 0xfe, 0x22, 0x4c, 0xff, 0xf0, 0x8,

    /* U+C18D "속" */
    0x0, 0xf6, 0xe8, 0x3, 0xfe, 0x22, 0xc0, 0x1f,
    0xcb, 0x82, 0x2c, 0x50, 0xe, 0x4a, 0xea, 0x5f,
    0xf2, 0xd7, 0x51, 0x80, 0x15, 0x9f, 0x2d, 0x99,
    0x78, 0xec, 0x40, 0x1, 0xc9, 0x30, 0xaa, 0x1,
    0xce, 0x8, 0xf, 0xff, 0x11, 0x3f, 0xf8, 0x41,
    0xdf, 0xff, 0x80, 0x3, 0x17, 0xff, 0xfa, 0xa0,
    0x40, 0x9, 0x11, 0xf9, 0xc0, 0x33, 0xff, 0xfa,
    0x40, 0x3f, 0xfa, 0x80,

    /* U+C1A1 "송" */
    0x0, 0xf6, 0xe8, 0x3, 0xfe, 0x32, 0x21, 0x80,
    0x7f, 0x36, 0x11, 0x31, 0xc0, 0x39, 0x2f, 0xe5,
    0x33, 0xb, 0x1d, 0x68, 0x0, 0x50, 0x7d, 0xb8,
    0x85, 0x6b, 0x2, 0x80, 0x6, 0xe0, 0x81, 0xd0,
    0xa, 0x2c, 0x40, 0xbf, 0xf8, 0x4b, 0xff, 0x88,
    0x93, 0x3f, 0xfc, 0x2, 0x6, 0x63, 0x8e, 0xdd,
    0xb4, 0x5d, 0x98, 0x1, 0x17, 0xc0, 0xa2, 0x6,
    0x3c, 0x80, 0x32, 0x8d, 0x52, 0x65, 0x52, 0x2a,
    0x1, 0x90, 0x2e, 0x19, 0x91, 0x0, 0x40, 0xc,
    0x78, 0x8b, 0x32, 0x54, 0xc3, 0x0, 0x0,

    /* U+C1C4 "쇄" */
    0x0, 0xfd, 0xf6, 0xbe, 0xa0, 0x13, 0xd0, 0x7,
    0xfd, 0x8a, 0x1, 0xfe, 0x14, 0x5, 0x0, 0xfe,
    0xa0, 0x2a, 0x40, 0xf, 0x17, 0x24, 0x61, 0x5b,
    0x3, 0x78, 0x0, 0x9e, 0x9c, 0x36, 0x58, 0x9,
    0x40, 0x29, 0x59, 0xe0, 0x60, 0x2, 0x50, 0x7,
    0xff, 0xc, 0x95, 0x94, 0x1e, 0x14, 0x3, 0x9e,
    0xa4, 0xc2, 0x5b, 0x0, 0x39, 0x7f, 0xf7, 0x72,
    0x40, 0x3f, 0xf8, 0xc0,

    /* U+C218 "수" */
    0x0, 0xf7, 0x68, 0x7, 0xfc, 0x22, 0x21, 0x0,
    0xff, 0x50, 0x2, 0x80, 0x3e, 0x16, 0xe4, 0x99,
    0x26, 0xa8, 0x6, 0x5e, 0x92, 0xc6, 0x66, 0x35,
    0x7a, 0x80, 0x16, 0x33, 0x6, 0x0, 0x3b, 0xd9,
    0x50, 0x0, 0xb1, 0x8, 0xf8, 0xdc, 0x40, 0xbb,
    0xbf, 0xf8, 0x4, 0x4a, 0xae, 0x11, 0x55, 0x71,
    0x2, 0xaf, 0x1, 0xaa, 0xf0, 0x7, 0xff, 0x7c,

    /* U+C2A4 "스" */
    0x0, 0xf7, 0x70, 0x3, 0xff, 0x80, 0x22, 0x0,
    0xff, 0x9c, 0x0, 0xe0, 0x1f, 0xcf, 0x8, 0x88,
    0x70, 0xe, 0x16, 0xd8, 0x5b, 0xb2, 0xc6, 0x30,
    0x80, 0x12, 0x42, 0xa8, 0x0, 0xab, 0x9, 0x40,
    0x2, 0xee, 0x94, 0x3, 0x26, 0x6a, 0x80, 0x44,
    0x1, 0xf8, 0x80, 0x22, 0x2f, 0xfe, 0x0, 0x16,
    0xef, 0xff, 0x0, 0x89, 0x77, 0xff, 0xc0, 0x20,

    /* U+C2AC "슬" */
    0x0, 0xf7, 0x68, 0x7, 0xfc, 0xa2, 0x4a, 0x1,
    0xf9, 0x2a, 0x8a, 0xd5, 0x68, 0x1, 0x97, 0xed,
    0xaa, 0x93, 0x6f, 0x7e, 0xa0, 0x5, 0xad, 0xc5,
    0x0, 0x26, 0x6d, 0x28, 0xf, 0xd6, 0xff, 0xfb,
    0x6b, 0xc4, 0x51, 0x1f, 0xfc, 0x1, 0x7, 0x4d,
    0xdf, 0xc8, 0xe0, 0x13, 0xa2, 0x7c, 0xac, 0x1,
    0x96, 0xef, 0xce, 0x1, 0xe4, 0xaa, 0xf3, 0x0,
    0x80, 0x79, 0xa6, 0x7c, 0x1, 0xf3, 0x4c, 0xfb,
    0x80, 0x0,

    /* U+C2B5 "습" */
    0x0, 0xf6, 0xe8, 0x3, 0xfe, 0x32, 0x21, 0x80,
    0x7f, 0x2e, 0x91, 0x35, 0x40, 0x38, 0xe7, 0x69,
    0x73, 0xb, 0x5b, 0x26, 0x0, 0x24, 0x7b, 0xb0,
    0x8a, 0xf1, 0x10, 0x40, 0x2, 0xe9, 0x73, 0x3c,
    0x15, 0xc4, 0x5, 0x99, 0xff, 0xc0, 0x22, 0x66,
    0x7f, 0xf0, 0x8, 0xd, 0xf5, 0x8c, 0xf3, 0x6b,
    0x98, 0x4, 0x22, 0xaf, 0xfd, 0x42, 0x20, 0xf,
    0x2c, 0x46, 0x50, 0xf, 0xfe, 0x52, 0xc4, 0x65,
    0x0, 0xc0,

    /* U+C2B9 "승" */
    0x0, 0xf6, 0xe8, 0x3, 0xfe, 0x32, 0x21, 0x80,
    0x7f, 0x36, 0x11, 0x31, 0x80, 0x39, 0x2b, 0xa5,
    0x33, 0xb, 0x3d, 0x48, 0x0, 0x56, 0x7c, 0xb1,
    0x15, 0x6b, 0x31, 0x40, 0x7, 0xd6, 0x24, 0x58,
    0x2b, 0x8c, 0xb, 0x77, 0xff, 0x80, 0x44, 0xbb,
    0xff, 0xe0, 0x10, 0x22, 0x14, 0xfe, 0x65, 0xe6,
    0xa8, 0x80, 0x8, 0xbe, 0x5, 0x10, 0x31, 0xe4,
    0x1, 0x94, 0x6a, 0x93, 0x2a, 0x91, 0x50, 0xc,
    0x81, 0x70, 0xcc, 0x88, 0x2, 0x0, 0x63, 0xc4,
    0x59, 0x92, 0xa6, 0x18, 0x0,

    /* U+C2DC "시" */
    0x0, 0xff, 0x67, 0x80, 0x6c, 0xe0, 0xf, 0xfe,
    0x50, 0x88, 0x3, 0xfc, 0x40, 0x20, 0x1f, 0x90,
    0x0, 0xe0, 0x1f, 0xa0, 0x6, 0x4, 0x3, 0xd2,
    0x71, 0x43, 0xa2, 0x1, 0xd, 0xb2, 0x3a, 0x41,
    0xf8, 0x80, 0x4, 0x9a, 0xc0, 0xf, 0x50, 0x20,
    0x14, 0xc8, 0x3, 0x2b, 0x0, 0x7f, 0xf3, 0xc0,

    /* U+C2DD "식" */
    0x0, 0xd9, 0xe0, 0x1a, 0xfc, 0x3, 0xff, 0x88,
    0x40, 0x20, 0x1f, 0x88, 0x41, 0xc0, 0x3f, 0x70,
    0xc, 0x98, 0x7, 0xd, 0x9b, 0xe8, 0x64, 0x0,
    0x6d, 0x46, 0x83, 0xd3, 0x20, 0xd, 0xb3, 0x20,
    0x1, 0x65, 0x6, 0x28, 0xb, 0x67, 0xff, 0xa1,
    0x0, 0x2a, 0x88, 0xf1, 0x8, 0x4, 0xce, 0xfe,
    0x10, 0xf, 0xfe, 0x68,

    /* U+C2E0 "신" */
    0x0, 0xff, 0x67, 0x0, 0x77, 0xe0, 0x7, 0xff,
    0x2c, 0x40, 0x80, 0x3f, 0xce, 0x2, 0xa0, 0x1f,
    0x8a, 0x8, 0x96, 0x60, 0x1e, 0x4c, 0x1e, 0xf0,
    0xc9, 0x0, 0xe8, 0xc, 0x32, 0xf4, 0xf0, 0xe,
    0xdf, 0x67, 0x1, 0xb6, 0x0, 0xe1, 0x17, 0xc0,
    0x80, 0x69, 0x80, 0xf, 0xf9, 0x58, 0x3, 0xcc,
    0xef, 0xe0, 0xf, 0x44, 0x7c, 0x20,

    /* U+C2E4 "실" */
    0x0, 0xdf, 0x60, 0x1b, 0x38, 0x3, 0xff, 0x8a,
    0x60, 0x80, 0x1f, 0xe8, 0x0, 0x48, 0x7, 0xe9,
    0x47, 0x56, 0xa1, 0x0, 0xed, 0x65, 0x8a, 0x75,
    0x80, 0xe, 0x89, 0xa0, 0x4, 0x64, 0x85, 0xb8,
    0x1, 0x5a, 0x7f, 0xec, 0xff, 0x43, 0x80, 0x6d,
    0x88, 0xf0, 0x80, 0x73, 0x91, 0x78, 0xc0, 0x3a,
    0xab, 0xe2, 0x0, 0xfa, 0x23, 0xd2, 0x20, 0x1d,
    0x11, 0xf2, 0x80,

    /* U+C2EC "심" */
    0x0, 0xdf, 0x80, 0x1b, 0x38, 0x3, 0xff, 0x86,
    0x20, 0x40, 0x1f, 0xcc, 0x2, 0x80, 0x1f, 0x14,
    0x90, 0xd1, 0x80, 0x72, 0x60, 0xf5, 0xe, 0x40,
    0x6, 0xa1, 0xb3, 0x4d, 0x3d, 0x0, 0xd9, 0x84,
    0x0, 0x16, 0x28, 0x4c, 0x1, 0x1c, 0xff, 0xfa,
    0xa0, 0x3, 0x9e, 0x23, 0x10, 0x7, 0xa5, 0xdf,
    0x8, 0x7, 0x99, 0xdf, 0x8, 0x7, 0xa2, 0x38,
    0x80,

    /* U+C544 "아" */
    0x0, 0xfc, 0x3f, 0x40, 0x11, 0xe7, 0xf3, 0x80,
    0x7e, 0xd3, 0x72, 0x86, 0x0, 0xf3, 0x8d, 0x46,
    0xc, 0x0, 0x7b, 0x41, 0x40, 0xe, 0x22, 0x0,
    0xe6, 0x0, 0xdc, 0x4, 0x0, 0x5f, 0xa6, 0x0,
    0xdc, 0x4, 0x0, 0x38, 0xfd, 0x5, 0x0, 0x38,
    0x88, 0x0, 0xce, 0xae, 0x35, 0x18, 0x30, 0x1,
    0xf6, 0x9b, 0x94, 0x30, 0x7, 0xc7, 0x9f, 0xce,
    0x1, 0xff, 0xd5,

    /* U+C548 "안" */
    0x0, 0xfc, 0x3f, 0x20, 0x12, 0xe7, 0xec, 0x0,
    0x7c, 0xd4, 0x10, 0x8f, 0x60, 0x1e, 0xb1, 0xc7,
    0x95, 0x42, 0x0, 0xe3, 0x30, 0x4, 0x40, 0x20,
    0x7, 0xd8, 0x42, 0x50, 0x26, 0x13, 0x0, 0x15,
    0x65, 0x9d, 0x7e, 0x85, 0x0, 0x4a, 0xe8, 0x39,
    0x73, 0x5c, 0x80, 0x1f, 0x84, 0x4a, 0x1, 0xfe,
    0x98, 0x0, 0xc3, 0x1a, 0x1, 0xff, 0x3a, 0x0,
    0x79, 0xdf, 0xcc, 0x1, 0xe8, 0x8f, 0x58, 0x0,

    /* U+C54A "않" */
    0x4, 0xcf, 0xd8, 0x0, 0xbe, 0xc0, 0xb, 0x61,
    0x8, 0xf8, 0x1, 0xe9, 0xc, 0x79, 0x63, 0x30,
    0x1, 0x90, 0xc8, 0x80, 0x17, 0x83, 0x80, 0xa,
    0xe1, 0x9, 0x0, 0x68, 0x14, 0x0, 0x79, 0x36,
    0x57, 0xdc, 0x39, 0x10, 0x3, 0x99, 0xe, 0xd3,
    0x46, 0xb2, 0xc5, 0xc8, 0x0, 0x60, 0x61, 0xd1,
    0xb9, 0xcd, 0x10, 0x4, 0xf8, 0x3, 0x32, 0x40,
    0x89, 0xe0, 0xe, 0x1e, 0xc8, 0x7a, 0xeb, 0x0,
    0xf2, 0xe4, 0x35, 0x68, 0x80, 0x46, 0xf1, 0x81,
    0x34, 0x66, 0x10, 0x9, 0x21, 0xad, 0x62, 0xc6,
    0x44, 0x0,

    /* U+C54C "알" */
    0x5, 0xdf, 0xd8, 0x0, 0xf, 0xd0, 0x1, 0x69,
    0xa5, 0x1e, 0x40, 0x3d, 0x23, 0x6d, 0x26, 0xc0,
    0x13, 0xc2, 0x89, 0x80, 0x4c, 0x1, 0x89, 0xfd,
    0x9, 0x81, 0x14, 0xc0, 0x25, 0xea, 0x94, 0x9f,
    0xb2, 0xe0, 0xc, 0x20, 0xb, 0xca, 0xcd, 0x20,
    0x18, 0xe0, 0xd, 0xf5, 0x9f, 0xfa, 0x38, 0x3,
    0x45, 0x57, 0x48, 0x7, 0xbe, 0xef, 0xa0, 0x3,
    0xce, 0x33, 0x3d, 0x1c, 0x1, 0xff, 0xc0, 0x10,
    0xf, 0x44, 0x7c, 0x0,

    /* U+C558 "았" */
    0x2, 0xbf, 0xd8, 0x0, 0xf, 0xc8, 0x0, 0x75,
    0x61, 0xdd, 0x20, 0x1e, 0x90, 0xa7, 0xa4, 0x60,
    0xf, 0x10, 0x28, 0x0, 0xc0, 0xc0, 0xd, 0xf4,
    0x40, 0x40, 0x3, 0x2, 0x0, 0x13, 0x64, 0x86,
    0xbc, 0xa3, 0x8, 0x1, 0x25, 0x87, 0xa, 0x1d,
    0xd2, 0x1, 0xf1, 0xe6, 0xfc, 0x0, 0xe, 0x6c,
    0x3, 0xb6, 0x0, 0x7, 0xba, 0x20, 0xc, 0x60,
    0x80, 0x6, 0x6, 0x0, 0xe8, 0x2, 0xb1, 0x90,
    0x26, 0x0, 0xa9, 0x26, 0xe, 0x8d, 0xce, 0x5c,
    0xd, 0x21, 0x9f, 0xd2, 0x21, 0xa9, 0x80, 0x7c,
    0xe0, 0x7, 0xe7, 0x1, 0xbb, 0x0,

    /* U+C57D "약" */
    0x4, 0xcf, 0xd6, 0x0, 0xf, 0xd0, 0x1, 0x2c,
    0x21, 0xa5, 0xc0, 0x31, 0xf, 0x86, 0xbd, 0x94,
    0x80, 0x4b, 0xb6, 0xa4, 0x20, 0x7, 0x11, 0x0,
    0x12, 0xa5, 0x48, 0x2, 0x71, 0x10, 0x4, 0x21,
    0xe1, 0x8d, 0x45, 0x20, 0x12, 0x5c, 0xa5, 0xc,
    0xa4, 0x38, 0x4, 0xbb, 0x60, 0xbb, 0xfc, 0xe0,
    0x1, 0x6c, 0x21, 0x2, 0xff, 0xf9, 0xbc, 0x2,
    0x38, 0x8f, 0x38, 0x18, 0x4, 0x2e, 0xfe, 0x90,
    0xf, 0xfe, 0x90,

    /* U+C591 "양" */
    0x4, 0xcf, 0xd6, 0x0, 0xf, 0xd0, 0x1, 0x2c,
    0x21, 0xa5, 0xc0, 0x26, 0x62, 0x78, 0x6b, 0xd9,
    0x48, 0x4, 0x73, 0xca, 0x42, 0x0, 0x71, 0x10,
    0x1, 0x7e, 0x94, 0x80, 0x27, 0x11, 0x0, 0x5,
    0xf, 0xc3, 0x1a, 0x8a, 0x40, 0x24, 0xb9, 0x4b,
    0x9, 0x79, 0x70, 0x9, 0x76, 0xc1, 0x33, 0xf5,
    0x80, 0x2, 0x98, 0x42, 0x0, 0x18, 0xdf, 0xfb,
    0x35, 0x80, 0x36, 0xbb, 0xa6, 0x50, 0xf3, 0x0,
    0x18, 0xcd, 0x4c, 0xc7, 0xb0, 0x40, 0xc, 0x87,
    0x6e, 0xd1, 0x81, 0x60, 0x1a, 0xe1, 0xe6, 0x4c,
    0xf4, 0xe0, 0x0,

    /* U+C5B4 "어" */
    0x0, 0xfe, 0xaf, 0x10, 0x2b, 0xfd, 0x60, 0xf,
    0xb1, 0x1c, 0x65, 0x40, 0x39, 0x86, 0x63, 0x6,
    0x40, 0x3b, 0xc1, 0xc0, 0x8, 0x68, 0x81, 0x0,
    0x18, 0x8, 0x0, 0xc2, 0xec, 0x80, 0x3, 0x1,
    0x0, 0x18, 0x6e, 0x94, 0x1, 0xe0, 0xe0, 0x4,
    0x32, 0x20, 0x4, 0xc3, 0x31, 0x83, 0x0, 0x1e,
    0xc3, 0x72, 0x94, 0x0, 0xf1, 0x67, 0xf3, 0x0,
    0x7f, 0xf4, 0x80,

    /* U+C5B8 "언" */
    0x0, 0xfe, 0x9f, 0x10, 0x3b, 0xfe, 0x90, 0xf,
    0x16, 0x2b, 0xb9, 0xb0, 0x3, 0xa8, 0x36, 0x25,
    0x8e, 0x61, 0x40, 0x4, 0x6, 0x0, 0xf0, 0x67,
    0x30, 0x6, 0x3, 0x80, 0xd0, 0x77, 0xb0, 0x1,
    0x92, 0x3f, 0x8e, 0x44, 0x3, 0xae, 0xd1, 0xd,
    0x60, 0xf, 0x94, 0x98, 0x80, 0x3f, 0x25, 0x20,
    0x6, 0xa9, 0x10, 0xf, 0xe3, 0x60, 0xe, 0xc7,
    0x7f, 0x10, 0x6, 0x68, 0x8f, 0x20,

    /* U+C5C5 "업" */
    0x3, 0xbf, 0xd7, 0x0, 0xa7, 0xc4, 0xb1, 0xa1,
    0xe1, 0xc0, 0x3a, 0x83, 0xde, 0x8e, 0x4c, 0xc4,
    0x0, 0x20, 0x20, 0x2, 0x8e, 0x61, 0x0, 0x4,
    0x6, 0x0, 0x51, 0xbb, 0x20, 0x2, 0x47, 0x67,
    0xe, 0x11, 0x4, 0x0, 0x1f, 0x75, 0x7a, 0x60,
    0xf, 0xc, 0x42, 0x94, 0x2, 0xaa, 0x8, 0x1,
    0xed, 0x40, 0x35, 0x50, 0x40, 0x35, 0xff, 0xe6,
    0x0, 0xf3, 0x44, 0x63, 0x0, 0xf8, 0x47, 0x0,
    0x7c, 0xd3, 0x38, 0xc0, 0x0,

    /* U+C5C6 "없" */
    0x3, 0xbf, 0xd7, 0x0, 0xaf, 0xc0, 0x5, 0x8b,
    0xf, 0x10, 0x0, 0xf5, 0x6, 0xbd, 0x2b, 0x99,
    0x9c, 0x2, 0x30, 0x30, 0x6, 0x86, 0x60, 0xc0,
    0x23, 0x4, 0x0, 0x60, 0x66, 0xc, 0x2, 0x91,
    0xb9, 0xb4, 0x83, 0x33, 0x80, 0x43, 0xec, 0xa1,
    0x4e, 0x0, 0x21, 0x0, 0x9b, 0x72, 0x34, 0x0,
    0x83, 0xc0, 0x14, 0x68, 0x23, 0x88, 0x63, 0x88,
    0x6, 0x6f, 0x80, 0x8, 0x80, 0x80, 0x32, 0x5a,
    0x80, 0x5, 0x42, 0x40, 0x3c, 0x60, 0x58, 0x2e,
    0xb0, 0x1, 0x25, 0xb0, 0x59, 0xec, 0x32, 0x88,
    0x7f, 0xf4, 0x71, 0x84, 0xe8, 0x80,

    /* U+C5C8 "었" */
    0x2, 0xbe, 0xe4, 0x0, 0x53, 0xe2, 0x3, 0xaa,
    0xc8, 0xf6, 0x1, 0xe9, 0xa, 0x8a, 0x64, 0x20,
    0xe, 0x30, 0x40, 0x6, 0x6, 0xfb, 0x0, 0x44,
    0x4, 0x0, 0xd0, 0x68, 0x30, 0xa, 0x83, 0x91,
    0x9c, 0xa5, 0xd4, 0x2, 0x3a, 0x2b, 0x93, 0xf0,
    0xf, 0x97, 0xb7, 0xb0, 0x80, 0x1b, 0x2, 0x1,
    0xb6, 0x80, 0x5, 0xfa, 0xe0, 0x18, 0x81, 0x44,
    0x1c, 0x8, 0x3, 0xa0, 0x7, 0x46, 0x41, 0x10,
    0x0, 0x1a, 0x58, 0x94, 0xa3, 0x72, 0xb7, 0x2,
    0x47, 0x73, 0x72, 0x44, 0x3c, 0xf8, 0xf, 0xa0,
    0x0, 0xdc, 0xe0, 0x59, 0x20,

    /* U+C5D0 "에" */
    0x0, 0xfd, 0x7c, 0x7e, 0xe0, 0x8, 0xee, 0x38,
    0x7, 0xe6, 0x75, 0x54, 0x28, 0x7, 0xd4, 0x37,
    0x60, 0xe0, 0xf, 0x8d, 0x40, 0x6, 0xaa, 0x70,
    0xf, 0x8, 0x1, 0xc6, 0x8c, 0x3, 0xf9, 0xc7,
    0x50, 0x3, 0x8d, 0x0, 0x6, 0xa4, 0x1, 0xea,
    0x1a, 0xb0, 0xe0, 0xf, 0x99, 0x8a, 0xa7, 0x50,
    0xf, 0xd3, 0xfd, 0x0, 0x1f, 0xfd, 0x50,

    /* U+C5ED "역" */
    0x2, 0xbf, 0xe8, 0x0, 0xab, 0xc4, 0x58, 0xae,
    0xf5, 0x2a, 0x84, 0x1, 0x23, 0x51, 0x2e, 0xb5,
    0x44, 0x0, 0x10, 0x20, 0x3, 0x2, 0x3d, 0x40,
    0x6, 0x4, 0x0, 0x20, 0xe5, 0x10, 0x5, 0x4,
    0x9a, 0x40, 0x35, 0x20, 0x0, 0xe5, 0x32, 0xc2,
    0xff, 0xca, 0x1, 0x37, 0xde, 0x72, 0x0, 0x3d,
    0x84, 0x1, 0x57, 0x9f, 0xfa, 0x98, 0x40, 0x1e,
    0xef, 0xe2, 0x0, 0xcb, 0x11, 0xe7, 0x0, 0xff,
    0xe7, 0x0,

    /* U+C5F0 "연" */
    0x0, 0xfe, 0xaf, 0x10, 0x3b, 0xee, 0x5a, 0x11,
    0x0, 0x22, 0xc5, 0x67, 0x4b, 0xdd, 0x28, 0x2,
    0xc3, 0x22, 0x60, 0x1e, 0xd0, 0x0, 0x40, 0x40,
    0x3, 0xe, 0x41, 0x0, 0x10, 0x18, 0x3, 0x2,
    0x35, 0x0, 0x10, 0x39, 0x56, 0xe6, 0xe8, 0x60,
    0x1, 0xf6, 0x63, 0xc6, 0x4c, 0x9c, 0x2, 0x18,
    0x9e, 0x70, 0xf, 0xc9, 0x48, 0x1, 0xbd, 0xc4,
    0x3, 0xf9, 0x60, 0x3, 0xb1, 0xdf, 0xc4, 0x1,
    0x96, 0x23, 0xc8,

    /* U+C5F4 "열" */
    0x3, 0xbf, 0xe6, 0x0, 0xab, 0xc4, 0xb1, 0xa1,
    0x26, 0x15, 0x4c, 0x0, 0xa0, 0xf7, 0xa4, 0x7a,
    0xa1, 0x80, 0xc, 0x8, 0x0, 0x61, 0x9e, 0xa0,
    0x3, 0x3, 0x0, 0x20, 0x7d, 0xa0, 0x2, 0x47,
    0x67, 0xd, 0x10, 0x66, 0x0, 0xf, 0xba, 0x84,
    0xdc, 0x42, 0x90, 0x40, 0x69, 0x99, 0x95, 0x56,
    0x88, 0x4, 0xce, 0xfe, 0x55, 0x8, 0x1, 0xee,
    0xfc, 0x60, 0x19, 0x26, 0x7c, 0x60, 0x1e, 0x68,
    0x8f, 0x10, 0x6, 0x68, 0x8f, 0x58,

    /* U+C5FD "엽" */
    0x2, 0xbf, 0xe7, 0x0, 0xab, 0xc4, 0x5a, 0xb0,
    0xf1, 0x2c, 0xd0, 0x2, 0x43, 0x5e, 0x55, 0xa6,
    0x46, 0x0, 0x20, 0x30, 0x6, 0x86, 0x7a, 0x80,
    0x34, 0x10, 0x1, 0x81, 0x32, 0x70, 0x3, 0x8d,
    0xcd, 0xa1, 0x89, 0x18, 0x5, 0xec, 0xaf, 0x39,
    0x76, 0x40, 0x8, 0x67, 0xb1, 0x80, 0x29, 0xa1,
    0x0, 0x36, 0xa0, 0x6, 0xaa, 0x8, 0x6, 0xbf,
    0xfc, 0xc0, 0x1e, 0x69, 0x9c, 0x60, 0x1f, 0xfc,
    0x66, 0x99, 0xc6, 0x0,

    /* U+C601 "영" */
    0x2, 0xbe, 0xe4, 0x0, 0x53, 0xe2, 0x5a, 0xac,
    0xee, 0xb6, 0x62, 0x80, 0x2c, 0x36, 0x26, 0x12,
    0x64, 0x60, 0x2, 0x3, 0x0, 0x18, 0x4f, 0xb0,
    0x0, 0x80, 0x80, 0x6, 0x1c, 0x84, 0x0, 0xa0,
    0xf5, 0x78, 0x7, 0xb4, 0x0, 0x1d, 0x85, 0x41,
    0xe7, 0x71, 0x40, 0x24, 0xdf, 0xee, 0x3a, 0x9f,
    0xb0, 0x80, 0x49, 0x9b, 0x76, 0xd8, 0xd0, 0x8,
    0x6c, 0xeb, 0x75, 0x61, 0x62, 0x0, 0x50, 0x75,
    0x22, 0x22, 0x82, 0x80, 0x10, 0x5a, 0x9d, 0xd2,
    0xe2, 0x80, 0x17, 0xbb, 0xa2, 0x8, 0xfe, 0x0,

    /* U+C608 "예" */
    0x0, 0xfb, 0x39, 0x3d, 0x81, 0xfb, 0xe4, 0x3,
    0xe4, 0x85, 0x53, 0x53, 0x8, 0x6, 0xe0, 0xba,
    0x25, 0x92, 0x0, 0xce, 0x60, 0x7, 0xe, 0x30,
    0xc, 0x6e, 0x0, 0x30, 0xf, 0x8d, 0xc0, 0x6,
    0x6, 0x1, 0xcc, 0x60, 0x7, 0xd, 0x30, 0xd,
    0xc1, 0x50, 0x4d, 0x64, 0x1, 0x95, 0x95, 0xd6,
    0x50, 0x40, 0x3a, 0x7f, 0xd4, 0x1, 0xff, 0xd3,

    /* U+C624 "오" */
    0x0, 0xcf, 0x9d, 0xcc, 0x70, 0xf, 0xb6, 0x1e,
    0x64, 0xf1, 0xa0, 0x1c, 0xc5, 0x16, 0xee, 0xb7,
    0x26, 0x0, 0xdc, 0x8, 0x1, 0xb0, 0x4, 0x3,
    0x60, 0x48, 0x6, 0xf0, 0x30, 0xc, 0x8e, 0xbd,
    0x76, 0xe4, 0x74, 0x0, 0xe8, 0xc6, 0x44, 0x36,
    0x40, 0x7, 0xc7, 0x2, 0x50, 0x60, 0x1f, 0xfc,
    0x62, 0xff, 0xe1, 0x2f, 0xfe, 0x22, 0x4c, 0xff,
    0xf0, 0x8,

    /* U+C628 "온" */
    0x0, 0x86, 0x37, 0xfd, 0xb0, 0x20, 0x1c, 0x38,
    0xee, 0x88, 0x3b, 0xb0, 0x40, 0x33, 0x94, 0x53,
    0xba, 0xa0, 0x9c, 0x3, 0x18, 0x78, 0x6, 0xf0,
    0x30, 0xc, 0xa6, 0xfb, 0x54, 0xd7, 0x45, 0x0,
    0xec, 0xa4, 0x55, 0x25, 0x58, 0x6, 0x33, 0x9a,
    0x84, 0x54, 0xc6, 0x70, 0x16, 0x67, 0x8, 0xb3,
    0x38, 0x89, 0x99, 0xff, 0xc0, 0x20, 0x30, 0x87,
    0x33, 0xfc, 0x1, 0x32, 0x10, 0x7, 0xff, 0x7,
    0x1d, 0xfc, 0x60, 0x1e, 0x58, 0x8f, 0x20, 0x0,

    /* U+C644 "완" */
    0x0, 0x15, 0xf7, 0x2c, 0xc0, 0x7e, 0x80, 0x21,
    0xc5, 0x69, 0x5c, 0x20, 0xf, 0x38, 0xdc, 0x3d,
    0x2, 0x80, 0x78, 0xc0, 0x3f, 0xf8, 0x2a, 0x36,
    0xee, 0xa1, 0x60, 0x2, 0xfc, 0x0, 0x3d, 0xe2,
    0xf, 0x82, 0x0, 0x27, 0xc0, 0x0, 0xc9, 0x8c,
    0x99, 0x18, 0x3c, 0x23, 0x7f, 0xc6, 0x3f, 0xdb,
    0x40, 0x19, 0x22, 0x13, 0x35, 0x5d, 0xc0, 0x18,
    0x9d, 0xab, 0x99, 0x51, 0x7, 0x1e, 0x1, 0xc6,
    0x60, 0xe, 0x75, 0x0, 0xf3, 0x3b, 0xf9, 0x40,
    0x3c, 0x51, 0x1f, 0x0, 0x0,

    /* U+C65C "왜" */
    0x0, 0xfd, 0xf1, 0x5e, 0x20, 0x8, 0xee, 0x50,
    0x80, 0x7d, 0xe, 0xe6, 0x5a, 0x0, 0xf9, 0x8e,
    0x61, 0x90, 0x80, 0x3c, 0x2c, 0x0, 0xe0, 0x10,
    0xf, 0x1a, 0x10, 0xd0, 0x90, 0x23, 0x80, 0x5e,
    0x3b, 0xc5, 0x62, 0x6, 0x40, 0x11, 0xf1, 0x86,
    0xa8, 0x1, 0xd4, 0x3, 0xb, 0x81, 0x0, 0x7c,
    0x4c, 0xd0, 0x3c, 0x28, 0x7, 0x24, 0xc8, 0x82,
    0x1b, 0x40, 0x39, 0xbf, 0xfb, 0xa0, 0x3, 0xff,
    0x8c,

    /* U+C678 "외" */
    0x0, 0xff, 0x57, 0x88, 0x0, 0x67, 0xbf, 0xc,
    0x3, 0xef, 0x67, 0x71, 0x62, 0x0, 0x73, 0xc,
    0x4c, 0x60, 0x78, 0x7, 0x8, 0x18, 0x0, 0x81,
    0xc0, 0x39, 0x3, 0xc4, 0x1c, 0x10, 0x3, 0x8d,
    0xd3, 0xbe, 0xe, 0x0, 0x3d, 0x1a, 0x41, 0x78,
    0x1, 0xf8, 0x98, 0x10, 0x3, 0xc4, 0x89, 0x38,
    0x33, 0x60, 0x9, 0x2e, 0xe3, 0x9, 0x9a, 0x0,
    0x26, 0xdd, 0xbb, 0xaf, 0xf7, 0x0, 0x62, 0x28,
    0x46, 0x0, 0xf0,

    /* U+C694 "요" */
    0x0, 0xcf, 0x9d, 0xcc, 0x60, 0xf, 0xb6, 0x1e,
    0x64, 0xf3, 0x80, 0x1c, 0xc4, 0xf6, 0xee, 0xb7,
    0x36, 0x0, 0xdc, 0x16, 0x1, 0xb0, 0x38, 0x3,
    0x68, 0x50, 0x6, 0xe0, 0xd0, 0xc, 0xa8, 0xdb,
    0x32, 0xd5, 0x45, 0x0, 0xeb, 0x3, 0x44, 0x18,
    0x58, 0x7, 0xe4, 0xdd, 0x20, 0x7, 0xff, 0x1c,
    0xbf, 0xe0, 0x5f, 0xf2, 0x87, 0xfc, 0x44, 0x99,
    0xff, 0xe0, 0x10,

    /* U+C6A9 "용" */
    0x0, 0x8a, 0x77, 0xfd, 0xb2, 0x40, 0x1c, 0x5a,
    0xeb, 0x54, 0x57, 0xd2, 0x0, 0xc8, 0x11, 0x5,
    0x54, 0x40, 0x10, 0x3, 0x10, 0x51, 0x88, 0x8e,
    0x80, 0x80, 0x32, 0x49, 0xe7, 0x73, 0xe, 0x50,
    0x3, 0x98, 0x12, 0xec, 0x80, 0xc0, 0x10, 0xe6,
    0x40, 0xb1, 0x5, 0xc, 0xc8, 0x41, 0xde, 0x45,
    0x77, 0x2a, 0x3b, 0xc0, 0x37, 0x6a, 0xc0, 0x66,
    0x39, 0xcd, 0xd8, 0x40, 0x5, 0xd0, 0x28, 0x86,
    0x7d, 0x20, 0xc, 0xa1, 0x54, 0x99, 0x54, 0x82,
    0x80, 0x64, 0xb, 0x86, 0x64, 0x40, 0x10, 0x3,
    0x1e, 0x22, 0xcc, 0x95, 0x30, 0xc0, 0x0,

    /* U+C6B4 "운" */
    0x0, 0x86, 0x37, 0xfd, 0xb0, 0x20, 0x1c, 0x3e,
    0xe9, 0x10, 0x77, 0x78, 0x80, 0x67, 0x19, 0x93,
    0xba, 0xa4, 0x5c, 0x3, 0x18, 0x60, 0x6, 0xc0,
    0x30, 0xc, 0xa8, 0xbf, 0xba, 0xf5, 0x45, 0x0,
    0xeb, 0xb3, 0x3b, 0xd7, 0x60, 0xc, 0x89, 0x6,
    0xf7, 0x30, 0x11, 0x20, 0x2b, 0xbf, 0xfe, 0x1,
    0x13, 0x77, 0x84, 0x5b, 0xbc, 0x40, 0x43, 0x2c,
    0x40, 0x64, 0x5c, 0x1, 0x32, 0x10, 0x54, 0x80,
    0x7f, 0xb1, 0xcc, 0xce, 0xf1, 0x80, 0x79, 0x62,
    0x3c, 0x80, 0x0,

    /* U+C6CC "워" */
    0x0, 0xc, 0xf7, 0xd9, 0x80, 0x2b, 0xc4, 0x1,
    0x4c, 0xc8, 0x5d, 0x10, 0xe, 0x14, 0x68, 0x7a,
    0x17, 0x0, 0xff, 0x8, 0x7, 0xc2, 0x8d, 0x2f,
    0x62, 0xe0, 0x1e, 0xa6, 0x49, 0x5c, 0x10, 0xc,
    0x28, 0xb9, 0x17, 0xc8, 0xe8, 0x1, 0x2d, 0xda,
    0xab, 0x4c, 0x68, 0x4, 0x9b, 0xb2, 0x7, 0x75,
    0x0, 0x18, 0x8a, 0x0, 0xb, 0x77, 0x14, 0x3,
    0xf9, 0x66, 0x46, 0x1, 0xfc, 0x4c, 0xd0, 0x7,
    0xff, 0xc,

    /* U+C6D0 "원" */
    0x0, 0xd, 0x77, 0xeb, 0x0, 0x33, 0xc0, 0x2c,
    0x59, 0xa6, 0x95, 0x0, 0xe1, 0x26, 0x75, 0xa0,
    0xc0, 0xe, 0x11, 0x3a, 0x9c, 0x7, 0x80, 0x7b,
    0xa, 0xb1, 0x9d, 0x80, 0x38, 0xc7, 0xee, 0xa9,
    0xac, 0x60, 0x1b, 0x32, 0xba, 0xaa, 0x6c, 0x3,
    0x65, 0xe5, 0x83, 0x6e, 0x58, 0x80, 0x46, 0x84,
    0xa0, 0x7, 0xcc, 0x10, 0x6, 0x2e, 0xb2, 0xe5,
    0xee, 0x18, 0x7, 0x8f, 0x5c, 0x4, 0x59, 0xe0,
    0x1c, 0xae, 0xff, 0x8, 0x6, 0x38, 0x8f, 0x94,

    /* U+C6E8 "웨" */
    0x0, 0xfd, 0xf5, 0x4f, 0x10, 0x4, 0xf7, 0xd9,
    0x0, 0x7d, 0x2c, 0xc9, 0x5f, 0x0, 0xf9, 0x4a,
    0x19, 0xc8, 0x3, 0xe4, 0x2a, 0x96, 0x40, 0xf,
    0xa2, 0xc, 0xaf, 0x60, 0x1e, 0x25, 0x29, 0xaf,
    0x74, 0x0, 0xe7, 0xaa, 0xa6, 0x24, 0xc0, 0x39,
    0x7b, 0x8a, 0x1f, 0x8a, 0x1, 0xe1, 0x10, 0x5,
    0xba, 0x0, 0xff, 0xb3, 0x0, 0x1f, 0xf1, 0x98,
    0x3, 0xf7, 0xb8, 0x7, 0xe0,

    /* U+C704 "위" */
    0x0, 0xc, 0xf7, 0xe2, 0x80, 0x2b, 0xc4, 0x1,
    0xac, 0xc9, 0x7a, 0x50, 0xe, 0x23, 0x78, 0x6b,
    0x1e, 0x0, 0xf8, 0x40, 0x3f, 0xc4, 0x8d, 0x2f,
    0x83, 0xe0, 0x1e, 0xb7, 0x59, 0x7b, 0x40, 0xf,
    0xa3, 0x3a, 0xd0, 0x44, 0x1, 0x17, 0xff, 0xdd,
    0xa0, 0x11, 0x3b, 0xa0, 0xc2, 0x26, 0xa0, 0x3,
    0x44, 0x1d, 0x81, 0x98, 0xa8, 0x1, 0xff, 0xde,

    /* U+C720 "유" */
    0x0, 0xcf, 0xbf, 0xd8, 0xe0, 0x1f, 0x64, 0x3c,
    0x4b, 0xc6, 0x0, 0x72, 0x9b, 0xd3, 0xba, 0xd8,
    0xd0, 0x3, 0xde, 0x1, 0x84, 0x4, 0x3, 0x20,
    0xc3, 0x99, 0xa1, 0xc5, 0x40, 0x30, 0xe2, 0x46,
    0x61, 0xd3, 0x0, 0x3c, 0x57, 0xd9, 0x8e, 0xb2,
    0x0, 0xce, 0xf9, 0x91, 0xc, 0xef, 0x80, 0x62,
    0x3f, 0xf8, 0x2, 0x2f, 0xf8, 0x17, 0xfc, 0xa1,
    0xff, 0x8, 0x7, 0xff, 0x78,

    /* U+C721 "육" */
    0x0, 0x8a, 0x77, 0xfd, 0xb2, 0x40, 0x1c, 0x38,
    0xc9, 0x32, 0x46, 0xc1, 0x0, 0xce, 0x33, 0x26,
    0x64, 0xc8, 0x5c, 0x3, 0x10, 0x51, 0x80, 0xe,
    0x81, 0x40, 0x32, 0x49, 0x67, 0xfb, 0xa, 0x4c,
    0x3, 0x9b, 0xb2, 0xaf, 0x39, 0x80, 0x21, 0xff,
    0xd9, 0x57, 0x9f, 0xf8, 0x45, 0x11, 0x1, 0x44,
    0x8, 0x22, 0x21, 0x7, 0x41, 0x0, 0x8, 0x80,
    0x2, 0xae, 0x1, 0x24, 0x81, 0x4c, 0x88, 0x25,
    0xc0, 0x33, 0xff, 0xfa, 0x40, 0x3f, 0xfa, 0x80,

    /* U+C73C "으" */
    0x0, 0xcf, 0x9d, 0xcc, 0x60, 0xf, 0xb6, 0x1e,
    0x64, 0xf3, 0x80, 0x1c, 0xc4, 0xf6, 0xee, 0xb7,
    0x36, 0x0, 0xdc, 0x16, 0x1, 0xb0, 0x38, 0x3,
    0x68, 0x50, 0x6, 0xe0, 0xd0, 0xc, 0xa8, 0xdb,
    0x32, 0xd5, 0x45, 0x0, 0xeb, 0xb3, 0xaa, 0x9e,
    0xec, 0x1, 0xf2, 0x56, 0x62, 0x90, 0x3, 0x84,
    0x7f, 0xf8, 0x0, 0x5d, 0xdf, 0xfc, 0x2, 0x25,
    0x57, 0xff, 0x0, 0x80,

    /* U+C740 "은" */
    0x0, 0x86, 0x37, 0xfd, 0xb0, 0x20, 0x1c, 0x3e,
    0xee, 0x88, 0x3b, 0xbc, 0x40, 0x33, 0x8c, 0xd3,
    0xba, 0xa0, 0x5c, 0x3, 0x18, 0x78, 0x6, 0xe0,
    0x30, 0xc, 0xa6, 0xdf, 0x98, 0xf6, 0x45, 0x0,
    0xec, 0xb6, 0x6d, 0x76, 0x0, 0xc6, 0x73, 0xd4,
    0xca, 0x9c, 0xce, 0x2, 0xcc, 0xff, 0xe0, 0x11,
    0x2e, 0xff, 0xf8, 0x4, 0x8, 0xfe, 0x8, 0x9f,
    0x80, 0x26, 0x42, 0x0, 0xff, 0xe0, 0xe3, 0xbf,
    0x8c, 0x3, 0xcb, 0x11, 0xe4, 0x0, 0x0,

    /* U+C744 "을" */
    0x0, 0x8e, 0x77, 0xfd, 0xb2, 0x60, 0x1c, 0x58,
    0xf5, 0x59, 0xf0, 0xc0, 0x32, 0x4, 0x3a, 0xa9,
    0xe0, 0x14, 0x3, 0x38, 0xcd, 0xc4, 0xdc, 0x8b,
    0x80, 0x61, 0xf8, 0x4, 0x50, 0x8f, 0x10, 0x9,
    0x98, 0xe3, 0xb5, 0x4d, 0x17, 0x66, 0x0, 0xcc,
    0xff, 0xf0, 0x4, 0x5f, 0xd7, 0x7f, 0xbb, 0xc4,
    0x0, 0x97, 0x7f, 0x90, 0x3, 0x26, 0x67, 0x9c,
    0x3, 0xc9, 0x99, 0xe7, 0x1, 0x0, 0xf3, 0x55,
    0x79, 0xc0, 0x3c, 0xd5, 0x5e, 0x90, 0x0,

    /* U+C74C "음" */
    0x0, 0x8a, 0x77, 0xfd, 0xb2, 0x40, 0x1c, 0x5a,
    0xeb, 0x54, 0x57, 0xd2, 0x0, 0xc8, 0x11, 0x5,
    0x54, 0x40, 0x10, 0x3, 0x28, 0x5a, 0x99, 0x96,
    0xc1, 0x40, 0x31, 0xd0, 0x56, 0x62, 0x82, 0x8c,
    0x3, 0x97, 0x7b, 0x31, 0xda, 0xa0, 0x10, 0xff,
    0xee, 0xcc, 0x77, 0xfe, 0x10, 0x77, 0xff, 0xe0,
    0x0, 0xc5, 0x7f, 0xfe, 0xa8, 0x10, 0x3, 0xc4,
    0x7e, 0x70, 0xf, 0x4f, 0xfe, 0x90, 0xf, 0xd8,
    0xef, 0xb0, 0x3, 0xf2, 0xc4, 0x65, 0x0, 0xc0,

    /* U+C751 "응" */
    0x0, 0x8a, 0x77, 0xfd, 0xb2, 0x40, 0x1c, 0x5a,
    0xeb, 0x54, 0x57, 0xd2, 0x0, 0xc8, 0x11, 0x5,
    0x54, 0x40, 0x10, 0x3, 0x28, 0x51, 0x88, 0x8e,
    0x81, 0x40, 0x31, 0xc8, 0xe7, 0x73, 0x6, 0x4c,
    0x3, 0x9b, 0x75, 0x98, 0xdd, 0x30, 0x4, 0x3f,
    0xfb, 0x73, 0x1b, 0xff, 0x84, 0x51, 0x1f, 0xfc,
    0x1, 0x7, 0x73, 0x6, 0x55, 0x2f, 0xd5, 0xdc,
    0x1, 0x17, 0x40, 0xa2, 0x19, 0xf4, 0x80, 0x32,
    0x85, 0x52, 0x65, 0x52, 0xa, 0x1, 0x90, 0x2e,
    0x19, 0x91, 0x0, 0x40, 0xc, 0x78, 0x8b, 0x32,
    0x54, 0xc3, 0x0, 0x0,

    /* U+C758 "의" */
    0x0, 0xff, 0x57, 0x88, 0x0, 0x6b, 0xbf, 0xc,
    0x3, 0xc3, 0xea, 0xee, 0x2c, 0x30, 0xe, 0x61,
    0x99, 0x46, 0x84, 0x80, 0x77, 0x82, 0x80, 0xc,
    0x18, 0x3, 0xb0, 0x20, 0x42, 0x1, 0x0, 0x39,
    0x1d, 0x3b, 0xdd, 0x20, 0x3, 0xd1, 0xb3, 0x2c,
    0xb0, 0xf, 0xc4, 0xcc, 0x30, 0xf, 0x13, 0x37,
    0x3b, 0xa1, 0xc0, 0x27, 0x99, 0xe8, 0x96, 0xb0,
    0x9, 0x7f, 0xfd, 0xdc, 0xc0, 0xf, 0xfe, 0x20,

    /* U+C774 "이" */
    0x0, 0xfe, 0xbf, 0x2, 0xbf, 0xe7, 0x0, 0xf7,
    0xa3, 0xac, 0x30, 0x6, 0x52, 0x88, 0x59, 0x40,
    0x6, 0xd0, 0x60, 0x2, 0x88, 0x80, 0x22, 0x1,
    0x0, 0x78, 0x10, 0x4, 0x40, 0x20, 0xf, 0x2,
    0x0, 0xb4, 0x18, 0x0, 0xa2, 0x20, 0x9, 0x4a,
    0x21, 0x65, 0x20, 0x1d, 0xe8, 0xea, 0xee, 0x0,
    0xe2, 0xbf, 0xe8, 0x0, 0xff, 0xe7, 0x80,

    /* U+C778 "인" */
    0x0, 0xfe, 0xbf, 0x0, 0x1d, 0xf7, 0x24, 0x40,
    0x38, 0xb1, 0x59, 0xdb, 0x0, 0x3a, 0xc3, 0x62,
    0x60, 0x94, 0x3, 0x18, 0x18, 0x0, 0xc0, 0xc0,
    0x36, 0x84, 0x0, 0x3c, 0x14, 0x3, 0x3a, 0x3f,
    0xf9, 0x1c, 0xc0, 0x3a, 0xed, 0x10, 0xd8, 0x0,
    0xf9, 0xc9, 0x88, 0x3, 0xf5, 0xd1, 0x0, 0x6f,
    0xa0, 0xf, 0xf2, 0x28, 0x7, 0x5b, 0xbf, 0x84,
    0x3, 0x3c, 0x47, 0x88,

    /* U+C77C "일" */
    0x3, 0xcf, 0xd8, 0x0, 0xaf, 0xc0, 0xb0, 0x61,
    0xdd, 0x40, 0x1d, 0x61, 0xef, 0x48, 0xa0, 0x1c,
    0x60, 0x40, 0x3, 0x2, 0x0, 0xda, 0xc, 0x2,
    0xa2, 0x40, 0x19, 0xce, 0x7b, 0x85, 0x40, 0x1e,
    0xcb, 0x99, 0x72, 0x0, 0x31, 0x40, 0x22, 0xba,
    0xdc, 0xca, 0xc4, 0x2, 0x11, 0xf8, 0xd0, 0x2,
    0x58, 0x8f, 0x18, 0x6, 0xba, 0xaf, 0x18, 0x80,
    0x73, 0xc4, 0x74, 0x90, 0x6, 0x78, 0x8f, 0x30,

    /* U+C784 "임" */
    0x2, 0xae, 0xe4, 0x88, 0x2, 0xfc, 0x71, 0x19,
    0xdb, 0x40, 0x33, 0x8d, 0xc4, 0xc1, 0xa0, 0x5,
    0xe0, 0x80, 0x3, 0x2, 0x0, 0xbc, 0x10, 0x0,
    0x60, 0x40, 0x13, 0x8d, 0x44, 0xc1, 0xa0, 0x4,
    0x38, 0xac, 0xed, 0xa0, 0x1c, 0x55, 0xdc, 0x91,
    0x0, 0x74, 0x0, 0x23, 0xff, 0xd5, 0x20, 0x19,
    0xe2, 0x31, 0x8, 0x6, 0xa7, 0x7c, 0xc0, 0x1d,
    0x4e, 0xf9, 0x80, 0x39, 0xe2, 0x31, 0x0,

    /* U+C785 "입" */
    0x2, 0xbe, 0xd8, 0x0, 0xaf, 0xc7, 0x16, 0x5d,
    0xd2, 0x1, 0x98, 0x69, 0xe9, 0x58, 0x40, 0x2e,
    0x5, 0x0, 0x68, 0x18, 0x5, 0xe0, 0x80, 0xc,
    0x2, 0x0, 0x98, 0xaa, 0x6d, 0x20, 0x3, 0xb1,
    0x94, 0x25, 0xc0, 0x38, 0x6e, 0x2d, 0x80, 0x28,
    0xa0, 0x5, 0xd8, 0x40, 0x34, 0x50, 0x6, 0xef,
    0xfc, 0x80, 0x1c, 0xf1, 0x18, 0x80, 0x3b, 0xc4,
    0x70, 0x7, 0xa2, 0x67, 0x10, 0x0,

    /* U+C788 "있" */
    0x2, 0xae, 0xe4, 0x88, 0x3, 0x3c, 0x2, 0xc5,
    0x67, 0x6c, 0x0, 0xf3, 0xd, 0x44, 0xc1, 0x28,
    0x7, 0x78, 0x20, 0x0, 0xc0, 0x80, 0x3b, 0x81,
    0x40, 0x4, 0x2, 0x1, 0xca, 0x12, 0xaa, 0x81,
    0x70, 0xe, 0x2b, 0x3a, 0xa1, 0xe8, 0x80, 0x79,
    0x3b, 0x7b, 0x4c, 0x1, 0x30, 0x1, 0x8b, 0x64,
    0x0, 0x9e, 0x6e, 0x1, 0x9c, 0x14, 0x0, 0x61,
    0xe0, 0x1d, 0x20, 0x56, 0x32, 0xc, 0x40, 0x1,
    0xb3, 0xa7, 0xcd, 0x18, 0x1c, 0x60, 0x44, 0x4a,
    0xc7, 0x9d, 0x3e, 0x98, 0x82, 0xfb, 0x0, 0x23,
    0x94, 0xf, 0x5c, 0x0,

    /* U+C78E "잎" */
    0x2, 0xbe, 0xe4, 0x88, 0x2, 0xfc, 0xb, 0x55,
    0x9d, 0xb4, 0x3, 0xa8, 0x2a, 0x26, 0xd, 0x0,
    0x31, 0x2, 0x0, 0x10, 0x8, 0x3, 0x10, 0x20,
    0x2, 0xc0, 0x80, 0x34, 0x8d, 0xcd, 0x39, 0xa0,
    0x6, 0x1c, 0x57, 0x7b, 0x0, 0x3c, 0x57, 0x9f,
    0x44, 0x57, 0xc8, 0x5, 0x9b, 0xbe, 0xb9, 0x30,
    0x7, 0x50, 0x25, 0xd0, 0x25, 0x90, 0x0, 0xd0,
    0x9, 0x10, 0x4, 0x82, 0x0, 0x76, 0x5, 0x76,
    0x5, 0x73, 0x0, 0x44, 0x0, 0xe2, 0x0, 0x70,
    0x80,

    /* U+C790 "자" */
    0x0, 0xfe, 0x1f, 0xa0, 0xb, 0xbf, 0xfc, 0xc0,
    0x1e, 0x98, 0x70, 0x28, 0x82, 0x80, 0x79, 0xdd,
    0x20, 0xef, 0x18, 0x7, 0xf8, 0x40, 0x3f, 0xe7,
    0x4, 0x10, 0xc, 0xbf, 0x40, 0x15, 0x80, 0x20,
    0x3, 0x1c, 0x78, 0x2, 0x4a, 0x95, 0x9c, 0x2,
    0x67, 0x50, 0xa6, 0x75, 0xa4, 0x8a, 0x0, 0xe1,
    0x13, 0xc0, 0x2, 0xde, 0x40, 0x38, 0x6e, 0x0,
    0x34, 0x18, 0x7, 0xff, 0x54,

    /* U+C791 "작" */
    0x0, 0xfe, 0x2f, 0x90, 0xb, 0xbf, 0xfc, 0x40,
    0x1e, 0x88, 0x38, 0x24, 0x40, 0xc0, 0x3c, 0xcf,
    0xa0, 0x2e, 0xe1, 0x0, 0x2b, 0xa0, 0x5, 0x20,
    0xa6, 0x1, 0x8e, 0x30, 0x1, 0x47, 0x7, 0x8e,
    0x20, 0x6, 0xf8, 0x2d, 0x57, 0x76, 0xac, 0x30,
    0x7, 0x15, 0x5c, 0x0, 0xd6, 0x39, 0xa7, 0x80,
    0x4e, 0xce, 0xf9, 0x1d, 0xb0, 0x80, 0x33, 0x44,
    0x7e, 0xd0, 0xc, 0x9f, 0xfe, 0xd0, 0xf, 0xfe,
    0xa0,

    /* U+C798 "잘" */
    0xe, 0xff, 0xf1, 0x4f, 0x90, 0x5, 0x10, 0x60,
    0x48, 0x81, 0x80, 0x79, 0x9f, 0x0, 0xe, 0xe1,
    0x0, 0x2a, 0x80, 0x34, 0x82, 0x18, 0x6, 0x8a,
    0x20, 0x4, 0x9b, 0x16, 0x30, 0x5, 0x9c, 0x44,
    0xc6, 0x79, 0xc4, 0x94, 0x0, 0x8, 0x80, 0x92,
    0xa4, 0x8e, 0x6d, 0xb2, 0x8, 0x2, 0x85, 0xfd,
    0xda, 0xf6, 0xa0, 0x80, 0x3b, 0x73, 0x39, 0x40,
    0x3e, 0xdc, 0xce, 0x50, 0xf, 0xc5, 0x33, 0xe2,
    0x0, 0xf1, 0x88, 0xf9, 0x40, 0x3c, 0x31, 0x1f,
    0x0, 0x0,

    /* U+C7A5 "장" */
    0x0, 0xfe, 0x9f, 0x20, 0xb, 0xbf, 0xfc, 0x40,
    0x1e, 0x88, 0x38, 0x24, 0x40, 0xc0, 0x3c, 0xcf,
    0xa0, 0x2e, 0xe1, 0x0, 0x5c, 0x8, 0x5, 0xc0,
    0xa4, 0x1, 0x99, 0xcc, 0x1, 0x28, 0xe5, 0x8a,
    0x1, 0x6f, 0x91, 0x35, 0x99, 0x18, 0x54, 0xa0,
    0x1c, 0x4b, 0x52, 0x3, 0x96, 0xbe, 0x86, 0x1,
    0x42, 0x94, 0xf7, 0xdf, 0x64, 0x88, 0x7, 0x63,
    0x3c, 0xc9, 0x93, 0x44, 0x3, 0x18, 0xac, 0xb3,
    0x21, 0x81, 0x40, 0x31, 0x8a, 0xcb, 0xba, 0x5c,
    0x54, 0x3, 0xbd, 0xd2, 0x20, 0x8d, 0x82, 0x0,

    /* U+C7AC "재" */
    0x0, 0xf8, 0x7e, 0xcb, 0xe4, 0x3b, 0xff, 0x8c,
    0x3, 0xd3, 0x6, 0xf, 0x0, 0x1f, 0x3b, 0x98,
    0x21, 0xcc, 0x3, 0xf0, 0x80, 0x80, 0x7f, 0x98,
    0x8, 0x2, 0x6a, 0x0, 0xc4, 0x40, 0xa0, 0x8,
    0x9c, 0x3, 0x48, 0x23, 0x20, 0x1, 0x34, 0x2,
    0x84, 0x8a, 0x1b, 0x40, 0xe, 0x27, 0x47, 0x1d,
    0x47, 0x0, 0xe2, 0xdb, 0x0, 0x1d, 0x98, 0x7,
    0x88, 0x3, 0xff, 0x98,

    /* U+C800 "저" */
    0x0, 0xff, 0x4f, 0x88, 0x77, 0xff, 0x98, 0x3,
    0xa6, 0x1c, 0xe, 0x20, 0xa0, 0x1c, 0xee, 0x90,
    0x57, 0x71, 0x80, 0x7c, 0x60, 0x60, 0x4e, 0xe5,
    0x0, 0xe4, 0x4, 0x7, 0x88, 0x18, 0x7, 0x58,
    0xb, 0xaf, 0xf9, 0x80, 0x35, 0x15, 0x24, 0x28,
    0x7, 0xa5, 0x59, 0x68, 0xea, 0x0, 0x30, 0xab,
    0x48, 0xe, 0x35, 0x0, 0x61, 0xc9, 0x0, 0xd2,
    0x40, 0x1f, 0xfd, 0x20,

    /* U+C804 "전" */
    0x0, 0xff, 0x5f, 0x80, 0x3b, 0xff, 0xc6, 0x1,
    0xd1, 0x2e, 0x9, 0x32, 0x20, 0xe, 0x66, 0x60,
    0x13, 0x3b, 0x99, 0x80, 0x1d, 0x80, 0xe0, 0xb3,
    0x22, 0x0, 0xc4, 0xe4, 0x36, 0x9f, 0xe4, 0x0,
    0x93, 0x7, 0xe5, 0x35, 0x40, 0x31, 0x58, 0x69,
    0x35, 0x8b, 0x80, 0x62, 0xcf, 0x76, 0x4, 0xc2,
    0x0, 0xe3, 0x1f, 0x90, 0xe, 0xe9, 0x0, 0xff,
    0x95, 0x80, 0x3c, 0xef, 0xf0, 0x7, 0xa2, 0x3e,
    0x10,

    /* U+C808 "절" */
    0xe, 0xff, 0xf1, 0x85, 0xf8, 0x2, 0x20, 0xe0,
    0x71, 0x2, 0x0, 0xe6, 0x7d, 0x7, 0x73, 0x3b,
    0x30, 0x3, 0xb8, 0x10, 0xca, 0x64, 0x40, 0x19,
    0xd1, 0x47, 0x5b, 0xfc, 0x80, 0x2, 0xb8, 0x5a,
    0xc2, 0xa6, 0x0, 0xc4, 0x49, 0xa0, 0x2c, 0xc3,
    0x6, 0x30, 0x2, 0x5a, 0x3f, 0xec, 0xff, 0x43,
    0x80, 0x6c, 0x88, 0xf1, 0x8, 0x6, 0x72, 0x2f,
    0x0, 0x7a, 0xab, 0xe2, 0x10, 0xf, 0x44, 0x7a,
    0x4c, 0x3, 0xa2, 0x3e, 0xb0,

    /* U+C815 "정" */
    0x0, 0xff, 0x5f, 0x80, 0x3b, 0xff, 0xc4, 0x1,
    0xd1, 0x7, 0x4, 0x88, 0x18, 0x7, 0x33, 0xe8,
    0xb, 0xaf, 0x7a, 0x0, 0x74, 0x82, 0x99, 0xa6,
    0x46, 0x1, 0xa8, 0xe4, 0xf1, 0x9d, 0x9c, 0x0,
    0x5a, 0xb0, 0xd8, 0xb0, 0x80, 0x18, 0x96, 0x9c,
    0x1, 0x12, 0xc3, 0xae, 0x0, 0x85, 0x6, 0xed,
    0x9c, 0xea, 0xb0, 0xc, 0x92, 0x57, 0xdb, 0x45,
    0xa0, 0x18, 0xc2, 0x50, 0x49, 0x50, 0x48, 0x2,
    0x50, 0xb9, 0x67, 0xa5, 0x32, 0x0, 0x8b, 0x5d,
    0x26, 0x4f, 0x18, 0x0,

    /* U+C81C "제" */
    0x0, 0xfd, 0xfa, 0x3f, 0x21, 0xbf, 0xfc, 0x1,
    0xf5, 0xc1, 0x84, 0x40, 0x3, 0xe6, 0x76, 0x7,
    0x70, 0x7, 0xfc, 0x2a, 0xc0, 0x1f, 0x9c, 0xa,
    0x64, 0x1, 0xf1, 0x10, 0x2b, 0x3c, 0x3, 0xe8,
    0x2, 0x63, 0x0, 0xf9, 0x95, 0xbc, 0x34, 0xc0,
    0x38, 0xa4, 0xe4, 0xac, 0xc4, 0x3, 0x8b, 0x30,
    0x0, 0x4d, 0x20, 0xf, 0x18, 0x7, 0xff, 0x30,

    /* U+C838 "져" */
    0x0, 0xff, 0x57, 0x88, 0x77, 0xff, 0x98, 0x3,
    0xa2, 0x60, 0xe, 0x64, 0xa0, 0x1c, 0xcd, 0x2,
    0xb2, 0x6f, 0x28, 0x7, 0x18, 0x10, 0x1c, 0xc8,
    0xc0, 0x39, 0x1, 0x40, 0x59, 0xa0, 0xe, 0xb0,
    0x18, 0x2e, 0xe2, 0x80, 0x69, 0x2a, 0x47, 0x4b,
    0xb2, 0x0, 0x52, 0xce, 0xb4, 0x53, 0x88, 0x20,
    0x1, 0x56, 0x80, 0x1d, 0x5b, 0x0, 0xc3, 0x92,
    0x1, 0xa8, 0xc0, 0x3f, 0xfa, 0x40,

    /* U+C870 "조" */
    0x0, 0x67, 0xff, 0xec, 0x0, 0xd3, 0x11, 0x0,
    0x22, 0x29, 0x0, 0xca, 0xee, 0x40, 0x2, 0x3b,
    0x94, 0x3, 0xc5, 0xa4, 0x3a, 0x40, 0x1e, 0x18,
    0xd0, 0xfc, 0x3d, 0x81, 0x0, 0x9b, 0x9d, 0x7c,
    0x89, 0x8c, 0xfc, 0xa0, 0x6, 0x8d, 0xa1, 0xdc,
    0x19, 0xd8, 0x50, 0x9, 0xc8, 0x0, 0x62, 0x0,
    0x27, 0x0, 0xff, 0xe2, 0x17, 0xff, 0x9, 0x7f,
    0xf1, 0x12, 0x67, 0xff, 0x80, 0x40,

    /* U+C871 "족" */
    0x0, 0x5f, 0xff, 0xeb, 0x0, 0xdd, 0x10, 0x60,
    0x3, 0x44, 0x38, 0x3, 0x2b, 0xaa, 0x0, 0x11,
    0xe, 0xa0, 0x11, 0x35, 0xe9, 0xdd, 0x8f, 0x2d,
    0x88, 0x2, 0x97, 0x9e, 0x33, 0x74, 0x3c, 0x80,
    0x45, 0xf8, 0xc1, 0x34, 0xf, 0x9e, 0x40, 0x5f,
    0xfc, 0x25, 0xff, 0xc4, 0x48, 0x8f, 0xfe, 0x1,
    0x3, 0xa7, 0xff, 0xe5, 0x70, 0x9, 0x1d, 0xff,
    0x80, 0x33, 0xff, 0xfa, 0x40, 0x3f, 0xfa, 0x80,

    /* U+C8FC "주" */
    0x0, 0x67, 0xff, 0xec, 0x0, 0xd3, 0x10, 0x60,
    0x3, 0xc4, 0x24, 0x3, 0x2b, 0x93, 0x88, 0x94,
    0x9d, 0x40, 0x25, 0xae, 0xa4, 0xff, 0x3d, 0x75,
    0xa0, 0x1, 0x5, 0xb6, 0x84, 0x55, 0xac, 0xa,
    0x0, 0x4e, 0xd7, 0x55, 0xcf, 0xbc, 0x80, 0x55,
    0x5f, 0xfc, 0x2, 0x26, 0xef, 0x8, 0xb7, 0x78,
    0x80, 0x8b, 0x80, 0xc8, 0xb8, 0x3, 0xff, 0xbe,

    /* U+C900 "준" */
    0x0, 0x5f, 0xff, 0xeb, 0x0, 0xdd, 0x10, 0x70,
    0x3, 0x44, 0x38, 0x3, 0x2b, 0xb, 0x8, 0x9c,
    0x19, 0x40, 0x25, 0xde, 0x97, 0xff, 0x3c, 0x76,
    0xa0, 0x1, 0x55, 0x5f, 0x22, 0x29, 0xea, 0x54,
    0x1, 0x80, 0xd8, 0x8e, 0x9d, 0x8, 0x10, 0x77,
    0xff, 0xe0, 0x0, 0xff, 0xf0, 0x97, 0xff, 0x8,
    0x1, 0x3d, 0x80, 0x3f, 0xf8, 0x71, 0x60, 0x1f,
    0xec, 0x71, 0x13, 0xbc, 0x60, 0x1e, 0x58, 0x8f,
    0x58, 0x0,

    /* U+C911 "중" */
    0x0, 0x5f, 0xff, 0xeb, 0x0, 0xdd, 0x10, 0x60,
    0x3, 0x44, 0x38, 0x3, 0x2b, 0xaa, 0x0, 0x11,
    0xe, 0xa0, 0x11, 0x35, 0xe9, 0xdd, 0x8f, 0x2d,
    0x88, 0x2, 0x97, 0x9e, 0x44, 0x74, 0x3c, 0x80,
    0x43, 0x9e, 0xa6, 0x79, 0x3e, 0xc4, 0xb, 0x33,
    0xfd, 0x78, 0x44, 0xcc, 0xe1, 0x16, 0x67, 0x10,
    0x19, 0x8a, 0xe0, 0x45, 0x8, 0x46, 0x60, 0x8,
    0xbd, 0xc1, 0x98, 0x11, 0xe4, 0x1, 0x90, 0x66,
    0xe6, 0x57, 0x22, 0x80, 0x19, 0x42, 0x20, 0xcc,
    0x88, 0x2, 0x80, 0x63, 0xc4, 0x59, 0x92, 0xa6,
    0x18, 0x0,

    /* U+C989 "즉" */
    0x0, 0x5f, 0xff, 0xeb, 0x0, 0xdd, 0x10, 0x60,
    0x3, 0x44, 0x38, 0x3, 0x2b, 0xaa, 0x0, 0x11,
    0xe, 0xa0, 0x11, 0x35, 0xe9, 0xdd, 0x8f, 0x2d,
    0x88, 0x2, 0x97, 0x9e, 0x44, 0x74, 0x3c, 0x80,
    0x47, 0xda, 0xe2, 0x39, 0xb7, 0x46, 0x5, 0xdd,
    0xfe, 0xde, 0x22, 0x55, 0x7f, 0xf0, 0x8, 0x15,
    0xb7, 0x7f, 0x3a, 0x80, 0x48, 0xef, 0xfc, 0x1,
    0x9f, 0xff, 0xd2, 0x1, 0xff, 0xd4,

    /* U+C99D "증" */
    0x0, 0x5f, 0xff, 0xeb, 0x0, 0xdd, 0x10, 0x60,
    0x3, 0x44, 0x38, 0x3, 0x2b, 0xaa, 0x0, 0x11,
    0xe, 0xa0, 0x11, 0x35, 0xe9, 0xdd, 0x8f, 0x2d,
    0x88, 0x2, 0x97, 0x9e, 0x44, 0x74, 0x3c, 0x80,
    0x6d, 0xe4, 0x22, 0xcb, 0xda, 0x0, 0x2d, 0xdf,
    0xfe, 0x1, 0x12, 0xef, 0xff, 0x80, 0x40, 0x88,
    0x53, 0xf9, 0x94, 0x63, 0x22, 0x0, 0x22, 0xe8,
    0x14, 0x43, 0x3e, 0x90, 0x6, 0x50, 0xaa, 0x4c,
    0xaa, 0x41, 0x40, 0x32, 0x5, 0xc3, 0x32, 0x20,
    0x8, 0x1, 0x8f, 0x11, 0x66, 0x4a, 0x98, 0x60,
    0x0,

    /* U+C9C0 "지" */
    0x0, 0xff, 0x7e, 0x7, 0x7f, 0xf9, 0x80, 0x34,
    0xc3, 0x81, 0x44, 0x14, 0x3, 0x3b, 0xa4, 0x1d,
    0xe3, 0x0, 0xf1, 0x83, 0x0, 0x7f, 0x20, 0x18,
    0x80, 0x7e, 0xb1, 0xb, 0x0, 0xfa, 0x8b, 0x5d,
    0x60, 0x3, 0xd, 0xac, 0x1c, 0x2b, 0xc8, 0x4,
    0x20, 0xee, 0x0, 0x54, 0x58, 0x6, 0xb8, 0x0,
    0xce, 0x40, 0x1f, 0xfc, 0xf0,

    /* U+C9C1 "직" */
    0x0, 0xff, 0x76, 0x6, 0xff, 0xf9, 0x0, 0x34,
    0x4c, 0x1, 0xcc, 0x94, 0x3, 0x2b, 0x20, 0x3b,
    0x30, 0x40, 0x3d, 0x40, 0x86, 0x1, 0xf3, 0x31,
    0x47, 0x54, 0x3, 0xd, 0x4a, 0xd6, 0x15, 0x40,
    0x4, 0x25, 0x34, 0x5, 0x93, 0x0, 0xe8, 0x10,
    0xdf, 0xfa, 0x7f, 0xcc, 0x60, 0x14, 0x47, 0xc0,
    0xe0, 0x13, 0xbf, 0xc0, 0x1f, 0xfc, 0xe0,

    /* U+C9C4 "진" */
    0x0, 0xff, 0x7e, 0x6, 0x7f, 0xf9, 0x40, 0x34,
    0xca, 0x0, 0xe6, 0x4e, 0x1, 0x95, 0x98, 0xe,
    0xcc, 0x20, 0xf, 0x38, 0x20, 0x80, 0x7c, 0x30,
    0x21, 0xa2, 0x1, 0xc5, 0x83, 0xb6, 0x7e, 0xc0,
    0x10, 0xe1, 0x59, 0xa6, 0x11, 0x0, 0x21, 0xcd,
    0x15, 0x3, 0xc4, 0x0, 0xc4, 0x4b, 0x80, 0xe,
    0x99, 0x0, 0x7f, 0x99, 0x40, 0x31, 0xbb, 0xf9,
    0x80, 0x30, 0xc4, 0x7c,

    /* U+C9D0 "짐" */
    0x0, 0xff, 0x7e, 0x6, 0xff, 0xf9, 0x0, 0x34,
    0x4c, 0x1, 0xcc, 0x94, 0x3, 0x2b, 0x18, 0xb,
    0x30, 0x40, 0x3d, 0x0, 0x4e, 0x1, 0xf5, 0x1c,
    0xac, 0x51, 0x0, 0x43, 0xcb, 0x2d, 0x50, 0xa8,
    0x1, 0xd, 0x63, 0x0, 0x1f, 0x98, 0x22, 0x41,
    0xe, 0xff, 0xee, 0xff, 0x47, 0x0, 0x4e, 0x11,
    0x1c, 0xe, 0x1, 0x85, 0xdf, 0x84, 0x3, 0x85,
    0xdf, 0x84, 0x3, 0xd1, 0x1c, 0x0,

    /* U+C9D1 "집" */
    0x0, 0xff, 0x7e, 0x7, 0x7f, 0xf8, 0xc0, 0x35,
    0xcb, 0x81, 0xcc, 0x88, 0x3, 0x2b, 0x68, 0x1,
    0x98, 0x20, 0x1e, 0x80, 0x38, 0x0, 0xf1, 0x69,
    0x5b, 0xbb, 0x10, 0x2, 0x2d, 0x2b, 0x48, 0xa2,
    0x70, 0x8, 0xb3, 0x9c, 0xc1, 0x78, 0xc2, 0xa0,
    0xc, 0x7f, 0x40, 0x3a, 0xbc, 0x3, 0xf, 0xff,
    0x0, 0x7d, 0x11, 0xc0, 0x1f, 0x8, 0xf0, 0x7,
    0xd3, 0x3c, 0x0,

    /* U+CC28 "차" */
    0x0, 0xdf, 0x80, 0x11, 0xfc, 0x0, 0x46, 0x70,
    0x9, 0x9c, 0x1, 0xec, 0xc8, 0xb, 0x31, 0xc0,
    0x1e, 0xcc, 0x80, 0xb3, 0x1e, 0x1, 0xe3, 0x38,
    0x0, 0x66, 0x20, 0xf, 0xc6, 0x4, 0x20, 0x19,
    0xfe, 0x0, 0x28, 0x0, 0x58, 0x6, 0x38, 0xc0,
    0x3, 0xa4, 0x3a, 0xc0, 0x4, 0x8e, 0x81, 0x30,
    0xaf, 0xc, 0xf8, 0x1, 0xe2, 0x5a, 0x0, 0x4c,
    0x50, 0x7, 0xae, 0x80, 0x33, 0xb0, 0x7, 0xff,
    0x54,

    /* U+CC38 "참" */
    0x0, 0xdd, 0x40, 0x1a, 0xdc, 0x2, 0x67, 0x70,
    0xbb, 0xc8, 0x29, 0xa0, 0x14, 0x44, 0x5, 0x10,
    0xd0, 0xf, 0x77, 0xe8, 0x17, 0xfa, 0x40, 0xf,
    0xa, 0x1, 0x58, 0x13, 0x80, 0x62, 0x7c, 0x0,
    0x4b, 0x31, 0x22, 0x48, 0x0, 0xbf, 0x21, 0xac,
    0xf3, 0x6e, 0xd2, 0x1, 0xee, 0xc8, 0x0, 0x46,
    0xd8, 0xbf, 0x80, 0x46, 0x6c, 0xff, 0xb7, 0xfc,
    0xf8, 0x1, 0xf4, 0x46, 0x70, 0x30, 0xf, 0xb,
    0xbe, 0x90, 0xf, 0xc2, 0xef, 0x98, 0x3, 0xfa,
    0x23, 0x80, 0x30,

    /* U+CCAB "첫" */
    0x0, 0xff, 0xe1, 0xdf, 0x80, 0x68, 0xd1, 0x6a,
    0xa2, 0x85, 0x52, 0x40, 0x48, 0x5, 0x98, 0x20,
    0xcc, 0x20, 0xc, 0xf9, 0x82, 0xc, 0xc6, 0xb2,
    0x80, 0x62, 0x20, 0x38, 0x4c, 0x8c, 0x2, 0x1f,
    0x14, 0x87, 0xff, 0x30, 0x1, 0xbc, 0xb6, 0xd6,
    0x34, 0x3, 0x19, 0x69, 0x85, 0x52, 0x0, 0x32,
    0xe1, 0x0, 0x1e, 0x98, 0x31, 0xc4, 0x3, 0xac,
    0x2c, 0x16, 0x0, 0x3a, 0xc, 0x5d, 0x40, 0x30,
    0xb6, 0xbb, 0xb8, 0xea, 0xd4, 0x42, 0x24, 0x2e,
    0x3, 0x21, 0x69, 0xc2, 0x73, 0x50, 0x2, 0x7e,
    0xc6,

    /* U+CCAD "청" */
    0x0, 0x84, 0x40, 0x1f, 0xea, 0xe0, 0xd, 0x1c,
    0x2d, 0x54, 0x50, 0xaa, 0x48, 0x8, 0x80, 0x59,
    0x82, 0xc, 0xc2, 0x0, 0xcf, 0x98, 0x20, 0xdc,
    0xc3, 0xa8, 0x6, 0x32, 0x9, 0x8, 0x81, 0x80,
    0x45, 0xc2, 0xcf, 0x1d, 0xec, 0x0, 0x6c, 0x3c,
    0x98, 0x7f, 0x10, 0x8, 0x97, 0xc8, 0x1f, 0x68,
    0x79, 0x5, 0x2c, 0x4e, 0xff, 0x6f, 0xf6, 0x40,
    0x22, 0xc5, 0x8a, 0xa4, 0x26, 0x8, 0x1, 0xc2,
    0x5d, 0x54, 0xec, 0x24, 0x0, 0x41, 0x89, 0x67,
    0x97, 0x13, 0x0, 0xe, 0x32, 0x4c, 0x23, 0xf8,
    0x0,

    /* U+CCB4 "체" */
    0x0, 0xa3, 0x0, 0x2f, 0x99, 0x78, 0x80, 0x4,
    0xcc, 0x22, 0x0, 0xfb, 0xb8, 0x81, 0xdc, 0x30,
    0xf, 0x5c, 0x98, 0x4c, 0x88, 0x3, 0xca, 0xce,
    0xc, 0x84, 0x1, 0xf9, 0x80, 0xbb, 0x0, 0x3e,
    0x22, 0x5, 0x76, 0x0, 0x7d, 0x0, 0x6e, 0x6,
    0x1, 0xe6, 0x57, 0xe0, 0xf3, 0x0, 0xe2, 0x93,
    0x82, 0xb0, 0x10, 0xe, 0x2d, 0xd0, 0x1, 0x34,
    0x80, 0x3c, 0x42, 0x1, 0xff, 0xcb,

    /* U+CD08 "초" */
    0x0, 0xf6, 0xf0, 0x7, 0xe4, 0x55, 0x8c, 0x15,
    0x64, 0x0, 0xd3, 0x55, 0x8, 0xaa, 0xa9, 0x0,
    0xdb, 0xdd, 0x0, 0x3b, 0xad, 0x0, 0xe1, 0x14,
    0x0, 0x24, 0x44, 0x1, 0xe2, 0xa6, 0x69, 0xe8,
    0x80, 0x32, 0xde, 0xac, 0x4c, 0xcb, 0xb8, 0xa0,
    0x4, 0x8, 0xe7, 0x88, 0x37, 0x40, 0x20, 0x0,
    0x6d, 0xc4, 0x19, 0x40, 0x5f, 0x4, 0x3, 0xff,
    0x86, 0x3f, 0xfc, 0x25, 0xff, 0xc2, 0x28, 0x8f,
    0xfe, 0x0, 0x80,

    /* U+CD5C "최" */
    0x0, 0xd5, 0xe2, 0x1, 0x57, 0x88, 0x11, 0x98,
    0x41, 0x4c, 0x80, 0x3a, 0x33, 0x8, 0x17, 0x9a,
    0x1, 0xd1, 0x98, 0x20, 0x9c, 0xc0, 0x7, 0x11,
    0xb9, 0x6, 0x99, 0x80, 0x3c, 0xd6, 0x72, 0x98,
    0x80, 0x18, 0x76, 0x53, 0x1b, 0x2, 0xd4, 0x2,
    0x18, 0xcb, 0x9f, 0x1c, 0xd5, 0x0, 0xca, 0x60,
    0x1c, 0x40, 0x18, 0x91, 0x22, 0x5, 0x66, 0x38,
    0x4, 0x97, 0x72, 0x4, 0x4c, 0xa0, 0x2, 0x6d,
    0xdb, 0xba, 0xff, 0x80, 0x31, 0x14, 0x23, 0x0,
    0x78,

    /* U+CD94 "추" */
    0x0, 0xf1, 0x10, 0x3, 0xff, 0x81, 0xf8, 0x1,
    0xfb, 0x7f, 0xe2, 0x1f, 0xfb, 0x40, 0x35, 0xc4,
    0x18, 0x0, 0xd1, 0xb, 0x0, 0xcc, 0xea, 0xa0,
    0x2, 0x2b, 0xb0, 0x4, 0x4b, 0x5a, 0x57, 0x63,
    0xdb, 0x52, 0x0, 0x2d, 0x3c, 0x72, 0x23, 0xa1,
    0xa9, 0x0, 0xf, 0xda, 0xe0, 0x19, 0xf7, 0x98,
    0x7, 0xfb, 0xff, 0xf7, 0x78, 0x83, 0xbf, 0x0,
    0xbb, 0xf0, 0xc, 0x47, 0x9, 0xc4, 0x70, 0x80,
    0x7f, 0xf7, 0x80,

    /* U+CDA9 "충" */
    0x0, 0xf6, 0xe8, 0x3, 0xf5, 0xff, 0xc4, 0x4f,
    0xfa, 0xc0, 0x37, 0x44, 0x14, 0x0, 0x91, 0xe,
    0x0, 0xca, 0x9c, 0xa4, 0x44, 0xe3, 0x50, 0xa,
    0x3f, 0x12, 0x37, 0x50, 0x97, 0xec, 0x0, 0x8a,
    0xdd, 0x38, 0x1, 0xf7, 0x54, 0xc0, 0x5f, 0x5b,
    0xff, 0xed, 0xaf, 0x22, 0x44, 0x70, 0x8a, 0x23,
    0x88, 0x1d, 0xe4, 0x1, 0x0, 0x23, 0xbc, 0x1,
    0xe, 0x62, 0x4, 0x23, 0x30, 0x20, 0x19, 0xce,
    0x3f, 0xb9, 0xf0, 0x6e, 0x1, 0x88, 0x2a, 0x1d,
    0xd1, 0x40, 0x40, 0x19, 0x2d, 0x99, 0x10, 0x66,
    0x5a, 0x0, 0x0,

    /* U+CDE8 "취" */
    0x0, 0xd1, 0xe6, 0x1, 0x4f, 0x8, 0x13, 0x30,
    0xc2, 0xd9, 0x80, 0x62, 0x0, 0x49, 0x92, 0x3,
    0xcc, 0x84, 0x3, 0x37, 0xf1, 0x2, 0x7f, 0x84,
    0x3, 0xb, 0x79, 0x32, 0x62, 0x88, 0x6, 0x89,
    0x2c, 0x9b, 0xa, 0x20, 0xd, 0x3b, 0x86, 0x9,
    0xb8, 0x20, 0x11, 0xf6, 0xff, 0xee, 0xcc, 0x0,
    0x45, 0x31, 0x5, 0x7, 0xab, 0xd0, 0x8, 0x5d,
    0xec, 0xc, 0x54, 0x30, 0xf, 0xfe, 0xf0,

    /* U+CE21 "측" */
    0x0, 0xf1, 0x98, 0x3, 0xff, 0x81, 0xda, 0x1,
    0xfa, 0xff, 0xe2, 0x1f, 0xfa, 0xc0, 0x37, 0x44,
    0x14, 0x0, 0x91, 0xe, 0x0, 0xc8, 0x7c, 0xa4,
    0x69, 0xa6, 0x80, 0x13, 0xf5, 0xac, 0xee, 0x4b,
    0x5f, 0x30, 0x1, 0xf3, 0xb1, 0x80, 0xd, 0x9d,
    0x8c, 0x3, 0xf9, 0xdf, 0xfe, 0xec, 0xf1, 0x7,
    0x7f, 0xfe, 0x0, 0xc, 0x56, 0xef, 0xe9, 0x81,
    0x0, 0x2d, 0x57, 0xe4, 0x0, 0xcf, 0xbb, 0xe8,
    0x0, 0xf8, 0x8b, 0xc2, 0x1, 0xff, 0xc6,

    /* U+CE58 "치" */
    0x0, 0xd5, 0xe0, 0x1a, 0xfc, 0x8, 0xcc, 0x20,
    0x86, 0x60, 0xd, 0x19, 0x84, 0xb, 0xcc, 0x8,
    0x5, 0x19, 0x84, 0xc, 0xc8, 0x40, 0x22, 0x33,
    0x0, 0x8, 0xcc, 0x1, 0xf2, 0x82, 0x0, 0x7e,
    0x71, 0x8, 0x0, 0xf8, 0xe1, 0x2c, 0xac, 0x3,
    0x97, 0x6, 0x92, 0x53, 0x88, 0x2, 0xd2, 0xc1,
    0x6, 0xb7, 0x20, 0xa, 0x34, 0x80, 0x24, 0x90,
    0xf, 0xfe, 0x78,

    /* U+CE74 "카" */
    0x0, 0xfe, 0x1f, 0xa0, 0x9, 0x3f, 0xfc, 0x60,
    0x1e, 0x67, 0x7c, 0x40, 0x60, 0x1e, 0x28, 0x8c,
    0x66, 0x0, 0xfa, 0x33, 0x7b, 0xc6, 0x80, 0x3e,
    0xd7, 0x47, 0x1, 0x60, 0x9, 0x7e, 0x81, 0x6e,
    0x48, 0x2c, 0x3, 0x13, 0xf8, 0x0, 0x6d, 0x1d,
    0x40, 0x33, 0xc2, 0x83, 0x7a, 0x3c, 0x0, 0x7f,
    0xd5, 0x0, 0x1f, 0xe6, 0xe5, 0x0, 0xff, 0xed,
    0x0,

    /* U+CEE8 "컨" */
    0x0, 0xfe, 0x1f, 0x90, 0xcf, 0xfe, 0x70, 0xe,
    0x98, 0x88, 0x41, 0x0, 0x30, 0x88, 0x84, 0x4,
    0x40, 0x6a, 0x0, 0x5b, 0x8a, 0x80, 0x6c, 0xc5,
    0x80, 0x13, 0xf0, 0x41, 0xe3, 0x31, 0x60, 0x12,
    0xf9, 0x3c, 0x1, 0x99, 0x40, 0x7, 0x41, 0x50,
    0x1, 0xf1, 0xdf, 0x9a, 0x0, 0x7e, 0x43, 0x9d,
    0x0, 0xc3, 0x1a, 0x1, 0xfe, 0x74, 0x0, 0xca,
    0xef, 0xe4, 0x0, 0xc7, 0x11, 0xee,

    /* U+CF1C "켜" */
    0x0, 0xff, 0x4f, 0x88, 0x36, 0x67, 0x80, 0x3f,
    0xe3, 0x20, 0xf, 0x36, 0x65, 0xa0, 0xb1, 0x5,
    0x0, 0x91, 0x59, 0xec, 0x31, 0xdc, 0x60, 0x15,
    0x52, 0x29, 0x49, 0xff, 0xcc, 0x1, 0x77, 0xf3,
    0x4, 0x80, 0x7f, 0x52, 0x42, 0x47, 0xf9, 0x80,
    0x24, 0xd5, 0x77, 0x6, 0x3b, 0x8c, 0x2, 0x83,
    0xa8, 0x0, 0x24, 0x41, 0x40, 0x2c, 0xf5, 0x0,
    0xff, 0x84, 0x3, 0xff, 0x96,

    /* U+CF5C "콜" */
    0x0, 0x27, 0xff, 0xe4, 0x0, 0xcb, 0x33, 0xe5,
    0x0, 0xf2, 0x98, 0x0, 0x45, 0xc2, 0x1, 0xe8,
    0xa9, 0x94, 0x52, 0x30, 0x38, 0x6, 0xcf, 0xf3,
    0x87, 0x65, 0x0, 0x80, 0x7, 0xff, 0x38, 0x67,
    0xc0, 0x6f, 0x88, 0xa2, 0x3f, 0xf8, 0x2, 0xe,
    0x77, 0x7f, 0x8d, 0xc0, 0x3f, 0xc2, 0x62, 0x1,
    0x96, 0x67, 0xc8, 0x1, 0xe4, 0xaa, 0xf3, 0x0,
    0x7e, 0x59, 0x9f, 0x8, 0x7, 0x96, 0x67, 0xdc,
    0x0,

    /* U+D06C "크" */
    0x0, 0x4f, 0xff, 0xe4, 0x0, 0xdb, 0x11, 0xe5,
    0x1, 0x0, 0xc8, 0xef, 0xec, 0x0, 0xff, 0xe0,
    0x88, 0x7, 0x16, 0xf7, 0x3f, 0xf4, 0x0, 0x80,
    0x44, 0x8e, 0xd1, 0x35, 0x46, 0x0, 0xf4, 0xca,
    0x1d, 0x95, 0x5c, 0xe, 0x1, 0xff, 0x78, 0x8,
    0x4, 0x45, 0xfc, 0x2, 0x40, 0x5b, 0xbf, 0x94,
    0x33, 0x48, 0x97, 0x7f, 0xfc, 0x2,

    /* U+D0A4 "키" */
    0x0, 0xff, 0x67, 0x1, 0xff, 0xf8, 0x80, 0x31,
    0x44, 0x62, 0x2, 0x0, 0xc2, 0xef, 0x8c, 0xc0,
    0x1d, 0x15, 0x79, 0xa3, 0x40, 0x1c, 0x2e, 0xc,
    0x42, 0xc0, 0x1d, 0x3b, 0x60, 0xa, 0x0, 0xfd,
    0x4a, 0xe8, 0x1, 0xe5, 0xd5, 0x78, 0x0, 0xf8,
    0x8e, 0xa0, 0x3, 0xf3, 0xf2, 0x80, 0x7f, 0xf5,
    0x0,

    /* U+D0DC "태" */
    0x0, 0xf0, 0xfd, 0x17, 0xcc, 0xbf, 0xf4, 0x0,
    0x7e, 0x78, 0x86, 0x0, 0x7e, 0x97, 0x72, 0x0,
    0x7e, 0x98, 0x80, 0x80, 0x7e, 0x66, 0x8c, 0x0,
    0xba, 0x1, 0xbf, 0xb8, 0x40, 0x3, 0x70, 0xf,
    0xf3, 0x50, 0x6, 0xce, 0xe8, 0x3, 0xd8, 0xca,
    0xd3, 0x0, 0x1e, 0x59, 0x88, 0x3b, 0x0, 0x7f,
    0xf4, 0x80,

    /* U+D130 "터" */
    0x0, 0xfe, 0xaf, 0x19, 0xff, 0xf0, 0x7, 0xce,
    0xfc, 0x1, 0xf4, 0xc4, 0x60, 0xf, 0xae, 0xa9,
    0x20, 0x44, 0x10, 0xc, 0xec, 0xc2, 0xd, 0xd2,
    0x0, 0x6c, 0xca, 0xc2, 0xec, 0x80, 0x1f, 0xc8,
    0x81, 0x0, 0xdf, 0xdd, 0x7d, 0x0, 0x6c, 0x76,
    0x6d, 0x3c, 0x1, 0x96, 0x23, 0x99, 0x0, 0x3f,
    0xfa, 0x0,

    /* U+D134 "턴" */
    0x0, 0xfe, 0xce, 0x9, 0xff, 0xee, 0x0, 0xfa,
    0x26, 0x68, 0x0, 0xff, 0x1b, 0x2b, 0x88, 0x6,
    0x89, 0x98, 0x26, 0x8, 0x3, 0x77, 0xfb, 0x3,
    0x3c, 0xc0, 0x37, 0x7f, 0xe4, 0x0, 0xdb, 0x11,
    0x4c, 0xa9, 0x40, 0x32, 0x3b, 0x23, 0x31, 0x44,
    0x3, 0xd1, 0x84, 0x1, 0xa6, 0x0, 0x3f, 0xca,
    0xc0, 0x1d, 0x4e, 0xfe, 0x20, 0xc, 0xf1, 0x1e,
    0x40,

    /* U+D154 "텔" */
    0x0, 0xfb, 0xed, 0xbd, 0x6b, 0xff, 0x40, 0x7,
    0xe8, 0x8a, 0xc0, 0x3f, 0x55, 0x6, 0xb0, 0x3,
    0xe8, 0x82, 0xec, 0x80, 0x7d, 0x54, 0xc9, 0x50,
    0xe, 0xf8, 0x8a, 0x64, 0x11, 0xe4, 0x8c, 0xae,
    0xdb, 0x9d, 0x5b, 0xdc, 0x10, 0xc, 0x89, 0xf2,
    0xb0, 0x0, 0x6e, 0xfc, 0xe0, 0x18, 0xaa, 0xbc,
    0xc0, 0x20, 0x18, 0xe2, 0x3c, 0x1, 0xc7, 0x11,
    0xee,

    /* U+D1A0 "토" */
    0x0, 0x27, 0xff, 0xe5, 0x0, 0xc2, 0xb, 0x11,
    0xe7, 0x0, 0xf1, 0x22, 0x78, 0x80, 0x3c, 0xf9,
    0x9e, 0x0, 0xf9, 0xf3, 0x3c, 0x1, 0xf1, 0x22,
    0x7c, 0x1, 0x84, 0x16, 0x23, 0xd8, 0x1, 0x93,
    0xfe, 0x12, 0xff, 0xa0, 0x3, 0xff, 0x88, 0x3f,
    0xfc, 0x25, 0xff, 0xc2, 0x28, 0x8f, 0xfe, 0x0,
    0x80,

    /* U+D2B8 "트" */
    0x0, 0x27, 0xff, 0xe5, 0x0, 0xc2, 0xb, 0x11,
    0xe7, 0x0, 0xf1, 0x2a, 0xf8, 0x80, 0x3c, 0xfb,
    0xbe, 0x0, 0xf9, 0xf3, 0x3c, 0x1, 0xf1, 0x22,
    0x7c, 0x1, 0x84, 0x16, 0x23, 0xd8, 0x1, 0x93,
    0xff, 0xf4, 0x0, 0x7f, 0xf1, 0x7, 0xff, 0xff,
    0x80, 0x22, 0x88, 0xff, 0xe0, 0x8,

    /* U+D2BC "튼" */
    0x0, 0x27, 0xff, 0xe4, 0x0, 0xf2, 0xcc, 0xf9,
    0x40, 0x3e, 0x33, 0xf0, 0x80, 0x79, 0x6a, 0xbc,
    0x1, 0xf3, 0x5d, 0xf8, 0x40, 0x3c, 0xd7, 0x7e,
    0x60, 0xc, 0x9b, 0xbf, 0x9c, 0x0, 0x3f, 0xed,
    0xdf, 0xdf, 0xe1, 0x14, 0x47, 0xff, 0x0, 0x41,
    0xd3, 0x91, 0xdf, 0xf0, 0x4, 0xcc, 0x50, 0xf,
    0xfe, 0xe, 0x3b, 0xf8, 0xc0, 0x3c, 0xb1, 0x1e,
    0x40, 0x0,

    /* U+D305 "팅" */
    0x0, 0xfe, 0x8f, 0x21, 0xff, 0xf3, 0x80, 0x78,
    0xe2, 0x32, 0x0, 0x78, 0xe2, 0x2a, 0x30, 0xf,
    0x1c, 0xcd, 0x60, 0x1f, 0x39, 0x9c, 0xa, 0x1,
    0xe4, 0xaa, 0xa6, 0x40, 0x18, 0x77, 0x75, 0xd4,
    0x16, 0x41, 0x81, 0x11, 0xbe, 0xea, 0xf6, 0x4c,
    0x40, 0x5, 0x61, 0x7b, 0xab, 0xb, 0x20, 0x3,
    0x5, 0x21, 0x11, 0x28, 0x1c, 0x0, 0x83, 0x12,
    0xee, 0x98, 0x14, 0x0, 0xbd, 0xd2, 0x20, 0x8f,
    0xe2,

    /* U+D30C "파" */
    0x0, 0xfe, 0x2f, 0x90, 0xa, 0xff, 0xfd, 0xc0,
    0x1e, 0xe8, 0x8f, 0x48, 0x7, 0x95, 0x5, 0xdc,
    0x26, 0xe0, 0x1f, 0x5c, 0x90, 0x4f, 0x80, 0x7e,
    0xf0, 0xc, 0x20, 0x13, 0x7c, 0x80, 0x7f, 0xc7,
    0x1a, 0x0, 0x10, 0x10, 0x1, 0x80, 0x4a, 0xe8,
    0x4f, 0x81, 0x4e, 0xb, 0x8, 0x1, 0x9a, 0x14,
    0x1a, 0x0, 0xdb, 0x80, 0x32, 0x7f, 0xfd, 0xd4,
    0x1, 0xff, 0xd4,

    /* U+D310 "판" */
    0x0, 0xfe, 0x2f, 0x90, 0xb, 0xbf, 0xfd, 0x0,
    0x1e, 0xb7, 0x74, 0xc9, 0xe2, 0xc0, 0x3c, 0xa8,
    0xcc, 0x27, 0x23, 0x0, 0x88, 0x40, 0xe, 0x0,
    0x10, 0xe, 0x6d, 0x80, 0x0, 0x88, 0x2, 0x11,
    0x0, 0x12, 0xec, 0x1e, 0xa1, 0xf4, 0x17, 0xce,
    0x4, 0x84, 0x11, 0x1f, 0x53, 0x0, 0x73, 0xb8,
    0x8d, 0xde, 0x51, 0x0, 0xfa, 0xa0, 0x3, 0x14,
    0x68, 0x7, 0xff, 0x1, 0xd0, 0x3, 0xc4, 0xef,
    0xe6, 0x0, 0xf0, 0xc4, 0x7a, 0xc0, 0x0,

    /* U+D328 "패" */
    0x0, 0xfd, 0xd8, 0xfe, 0x81, 0xbf, 0xfc, 0xe0,
    0x1e, 0xb8, 0x8e, 0x40, 0xf, 0x34, 0x6b, 0xc7,
    0x18, 0x7, 0xfc, 0x20, 0x1f, 0x84, 0x60, 0xc,
    0x38, 0x1, 0xfb, 0xc0, 0x4, 0x80, 0x18, 0xc0,
    0x21, 0x0, 0x1c, 0x0, 0x13, 0xc9, 0x38, 0x26,
    0x80, 0x39, 0xa2, 0x3a, 0x64, 0x1, 0xc4, 0xef,
    0xcc, 0x60, 0x1f, 0xfd, 0x30,

    /* U+D32C "팬" */
    0x0, 0xfd, 0xf3, 0x2f, 0x11, 0x7f, 0xf9, 0x40,
    0x38, 0x61, 0x9e, 0x1a, 0x1c, 0x3, 0xce, 0xde,
    0x8c, 0x44, 0x2, 0x20, 0x7, 0x78, 0x7, 0x22,
    0x0, 0x3f, 0xe5, 0x50, 0x1, 0x7c, 0x1f, 0x2,
    0xa0, 0xc, 0xc0, 0x7, 0x88, 0xe9, 0xb0, 0xe,
    0x27, 0x72, 0xfa, 0x31, 0xa7, 0x80, 0x79, 0x9d,
    0x0, 0x16, 0xdb, 0x22, 0x1, 0xfe, 0x46, 0x0,
    0xf6, 0x3b, 0xf8, 0x40, 0x39, 0x22, 0x3c, 0xa0,

    /* U+D38C "펌" */
    0x0, 0xfe, 0x9f, 0x16, 0xff, 0xf7, 0x0, 0x64,
    0x74, 0x89, 0x46, 0xb0, 0xc, 0x58, 0x84, 0xe8,
    0x3d, 0xec, 0x1, 0xfb, 0xfa, 0xc, 0x0, 0x64,
    0x1a, 0x81, 0xc0, 0xaa, 0x0, 0x64, 0x83, 0xd0,
    0x35, 0x28, 0x5, 0x99, 0xf6, 0xbe, 0xc0, 0x99,
    0x83, 0x33, 0x6f, 0xdc, 0x8, 0x1, 0xc1, 0x62,
    0x31, 0x80, 0x7b, 0x1d, 0xf2, 0x0, 0x7b, 0x1d,
    0xf1, 0x80, 0x79, 0x62, 0x32, 0x0, 0x0,

    /* U+D3D0 "폐" */
    0x0, 0xfd, 0x9c, 0x9e, 0xc1, 0xff, 0xe0, 0xf,
    0x95, 0x7c, 0x1, 0xf5, 0x1f, 0x70, 0xe1, 0xc4,
    0x3, 0xcd, 0x86, 0xcf, 0x4, 0x1, 0xfb, 0xc1,
    0x7c, 0xc0, 0x3f, 0xc9, 0xe6, 0x1, 0xf0, 0x8c,
    0xb8, 0x60, 0x19, 0x7c, 0x19, 0x83, 0xc0, 0x1e,
    0x78, 0x8e, 0x92, 0x0, 0xe2, 0x77, 0xe6, 0x10,
    0xf, 0xfe, 0x98,

    /* U+D45C "표" */
    0x0, 0x6f, 0xff, 0xed, 0x0, 0xd7, 0xf, 0x11,
    0x9e, 0x2c, 0x3, 0x31, 0xb8, 0x3b, 0x81, 0xcd,
    0x80, 0x39, 0xc0, 0x37, 0x83, 0x80, 0x78, 0x43,
    0xc0, 0x30, 0x80, 0x77, 0xe8, 0x3f, 0xf9, 0xc3,
    0x7c, 0x3, 0x44, 0x0, 0xa2, 0x4, 0x11, 0x0,
    0xc, 0xee, 0x7, 0x7c, 0xe, 0xe0, 0xf, 0xfe,
    0x20, 0xff, 0xc0, 0xbf, 0xe5, 0xf, 0xf8, 0x45,
    0x11, 0xff, 0xc0, 0x10,

    /* U+D504 "프" */
    0x0, 0x6f, 0xff, 0xed, 0x0, 0xd7, 0x11, 0xfa,
    0xc0, 0x33, 0x2e, 0x1b, 0xb8, 0xf1, 0x18, 0x3,
    0x85, 0xc, 0x0, 0x68, 0x1, 0xf0, 0x87, 0x80,
    0x3c, 0x4, 0x3, 0x9e, 0x80, 0xdd, 0xc8, 0x14,
    0xe0, 0x1a, 0x1c, 0x12, 0x20, 0x60, 0xf0, 0x1,
    0xbf, 0xff, 0xc0, 0x1f, 0xfc, 0x41, 0xff, 0xff,
    0xe0, 0x8, 0xa2, 0x3f, 0xf8, 0x2,

    /* U+D53C "피" */
    0x0, 0xff, 0x76, 0x5, 0x7f, 0xfc, 0x20, 0x17,
    0xc4, 0x7c, 0x20, 0x12, 0xa0, 0xb3, 0x91, 0x1c,
    0x3, 0x92, 0x48, 0x22, 0x0, 0x1e, 0x10, 0xc,
    0x20, 0x1f, 0xfc, 0x63, 0x7, 0x0, 0x38, 0x6,
    0x27, 0xf0, 0xe7, 0x26, 0x84, 0x0, 0x34, 0x28,
    0x2c, 0x1, 0x31, 0x80, 0x13, 0xff, 0xee, 0x70,
    0xf, 0xfe, 0x70,

    /* U+D558 "하" */
    0x0, 0xb3, 0xc0, 0x23, 0xf8, 0x0, 0x11, 0x42,
    0x4, 0x50, 0x7, 0x6e, 0xc4, 0x1b, 0xb3, 0x0,
    0x6b, 0xbf, 0xc2, 0x1, 0x91, 0xbe, 0xed, 0xee,
    0x8e, 0x1, 0xde, 0x8f, 0xb, 0xa2, 0x0, 0x13,
    0x24, 0x29, 0x87, 0xa1, 0x70, 0x3, 0x65, 0x88,
    0x7, 0x84, 0x0, 0xd9, 0x8, 0x30, 0xcb, 0x20,
    0xa0, 0x1, 0x31, 0x16, 0x9c, 0xd1, 0xd1, 0x0,
    0x78, 0xf7, 0xba, 0x50, 0xf, 0xe1, 0x10, 0x7,
    0xff, 0x24,

    /* U+D568 "함" */
    0x0, 0xc8, 0x80, 0xc, 0x20, 0x1f, 0x4d, 0x0,
    0x47, 0xd0, 0x1, 0x7f, 0xc4, 0x3f, 0xf3, 0x80,
    0x74, 0xcf, 0xe7, 0x0, 0xe6, 0x2a, 0x99, 0x59,
    0xb0, 0x0, 0x90, 0x80, 0xac, 0x62, 0x3, 0x46,
    0x0, 0x5b, 0xa0, 0x70, 0xb7, 0x74, 0x2, 0x80,
    0x1b, 0x64, 0x10, 0x62, 0x65, 0x40, 0x80, 0x1,
    0x21, 0x1, 0xc7, 0x55, 0x3e, 0x90, 0x3, 0xc0,
    0x31, 0x75, 0xdb, 0x95, 0xd2, 0x10, 0x3, 0xc,
    0x47, 0xeb, 0x0, 0xf2, 0xff, 0xec, 0x0, 0xfc,
    0xcd, 0xd6, 0x1, 0xf8, 0xe6, 0x73, 0x80, 0x60,

    /* U+D569 "합" */
    0x0, 0xc8, 0x80, 0xc, 0x20, 0x1f, 0x4d, 0x0,
    0x47, 0xd0, 0x1, 0x7f, 0xc4, 0x3f, 0xf0, 0x7,
    0xa6, 0x7f, 0x0, 0x79, 0x8a, 0xa6, 0x54, 0x6c,
    0x0, 0x36, 0x30, 0x2b, 0x28, 0x80, 0xd1, 0x80,
    0x12, 0x6c, 0x1c, 0x21, 0xdd, 0x20, 0x80, 0x7,
    0xe8, 0x4, 0x18, 0x8a, 0x41, 0x40, 0x21, 0x0,
    0xe, 0x3a, 0x21, 0xf0, 0x84, 0xf8, 0x3, 0x11,
    0x17, 0x28, 0xc0, 0x3f, 0x95, 0x19, 0xb5, 0x1f,
    0x0, 0x78, 0xa6, 0x73, 0x80, 0x7e, 0x29, 0x9d,
    0x0, 0x1f, 0x8a, 0x67, 0x40, 0x6,

    /* U+D574 "해" */
    0x0, 0xa7, 0xc4, 0x1, 0x9c, 0x3f, 0x20, 0x1f,
    0xfc, 0x11, 0xff, 0x30, 0x77, 0xc0, 0x7, 0xc,
    0xcf, 0xac, 0x3, 0xcc, 0x17, 0x1a, 0xe6, 0x1,
    0xe4, 0x91, 0x74, 0xd0, 0x0, 0xb0, 0x5, 0xa1,
    0xb2, 0xe6, 0x20, 0x8, 0x0, 0x8c, 0x4, 0x3c,
    0xc, 0x7, 0x80, 0x2c, 0x9, 0x59, 0x12, 0x0,
    0xf3, 0x2b, 0x50, 0x50, 0x7, 0xea, 0xed, 0xe4,
    0x0, 0xfe, 0x12, 0x0, 0xff, 0xe4, 0x80,

    /* U+D588 "했" */
    0x0, 0xa3, 0xcc, 0x1, 0x7e, 0x7c, 0xc0, 0x7,
    0x71, 0x85, 0xba, 0x80, 0x1c, 0x44, 0x3, 0x10,
    0x40, 0x78, 0xf0, 0xf, 0xf, 0xdb, 0x2b, 0xed,
    0x0, 0x4, 0x3, 0x2d, 0x91, 0x17, 0x4, 0x1,
    0x40, 0x1b, 0xc2, 0xe2, 0x45, 0x0, 0x10, 0x1,
    0xb4, 0x2e, 0x28, 0x1c, 0x0, 0x60, 0x19, 0xe5,
    0xd5, 0x56, 0x5a, 0xee, 0x11, 0x0, 0x4d, 0x8a,
    0x68, 0xc, 0x4b, 0xcc, 0x1, 0xce, 0xe0, 0x1,
    0x2d, 0x80, 0x79, 0xc0, 0x16, 0x36, 0x4, 0x80,
    0x19, 0xe1, 0x20, 0x61, 0x94, 0xad, 0x80, 0x5,
    0x2b, 0x6f, 0xec, 0xca, 0xc4, 0xa0, 0x1, 0x7d,
    0x0, 0x17, 0xa4, 0x6, 0xf0, 0x0,

    /* U+D589 "행" */
    0x0, 0xa3, 0xcc, 0x1, 0x7e, 0x5d, 0x0, 0xee,
    0x30, 0xb7, 0x50, 0x8, 0x46, 0x88, 0x20, 0x3c,
    0x78, 0x7, 0xf, 0xdb, 0x2b, 0xed, 0x0, 0x18,
    0x2, 0x5b, 0x22, 0x2e, 0x90, 0x2, 0xc0, 0x2f,
    0xb, 0x88, 0x3, 0x80, 0x24, 0x2, 0xc0, 0xdb,
    0xa0, 0x70, 0x2, 0x0, 0x4d, 0x4e, 0xd, 0xa5,
    0x16, 0x60, 0x19, 0x6a, 0x9d, 0xcd, 0xd4, 0x42,
    0xe4, 0x2, 0x1f, 0x86, 0x56, 0x57, 0xb4, 0x0,
    0x9c, 0x62, 0xa2, 0x13, 0x81, 0xc0, 0x12, 0x4,
    0xc9, 0xda, 0x3c, 0x3c, 0x2, 0x2d, 0x74, 0x89,
    0x67, 0xb5,

    /* U+D5A5 "향" */
    0x0, 0xc8, 0x80, 0xc, 0x42, 0x1, 0xe9, 0xa0,
    0x8, 0xf6, 0x40, 0x2f, 0xf8, 0x87, 0xfe, 0x70,
    0xe, 0x99, 0xa2, 0x13, 0x33, 0x83, 0xfb, 0x3,
    0x1c, 0x46, 0x6, 0x0, 0x24, 0xa0, 0x15, 0x15,
    0xd9, 0x25, 0x0, 0x6, 0xc4, 0xc, 0x16, 0x88,
    0xf0, 0x20, 0x3, 0xfb, 0x2, 0x14, 0x6e, 0x50,
    0xb8, 0x1, 0x21, 0x0, 0x19, 0xe, 0xd1, 0xe2,
    0x0, 0x37, 0x20, 0x0, 0xbf, 0x85, 0xe6, 0x2a,
    0x92, 0x1, 0xd5, 0x46, 0x55, 0x9e, 0x90, 0x3,
    0x94, 0xf2, 0x62, 0x70, 0x3c, 0x3, 0x8c, 0xd4,
    0xec, 0xfc, 0x18, 0x1, 0xd9, 0xd, 0x33, 0x3d,
    0x30, 0x0,

    /* U+D5D8 "험" */
    0x0, 0xc8, 0x80, 0xc, 0x22, 0x0, 0xe9, 0x90,
    0x6, 0x8e, 0x10, 0xff, 0x88, 0x9f, 0xf0, 0x7,
    0x4c, 0xd1, 0x33, 0x80, 0x39, 0x8e, 0xe2, 0x69,
    0x58, 0x3, 0x8a, 0x82, 0x20, 0x5b, 0x5e, 0xc0,
    0x13, 0x84, 0xbb, 0xa4, 0x72, 0x4c, 0x2, 0x40,
    0x98, 0x99, 0x13, 0x31, 0x40, 0x21, 0xc7, 0x54,
    0x7c, 0x0, 0xf8, 0xfa, 0xa9, 0xcc, 0xee, 0xe8,
    0x10, 0xb, 0x62, 0x3f, 0x8, 0x7, 0x77, 0xfe,
    0x60, 0xf, 0x99, 0xb9, 0x40, 0x3e, 0x89, 0x9c,
    0x60, 0x0,

    /* U+D604 "현" */
    0x0, 0xff, 0xe2, 0xee, 0x80, 0x34, 0x68, 0x84,
    0xcc, 0x44, 0x99, 0x80, 0x88, 0x0, 0x44, 0x88,
    0x88, 0x90, 0x7, 0x6e, 0xa5, 0x55, 0x1b, 0xea,
    0xc0, 0x1a, 0xad, 0x99, 0x56, 0xb4, 0x60, 0x11,
    0x2b, 0x77, 0x1d, 0x11, 0xea, 0x1, 0x18, 0x18,
    0x0, 0x41, 0x29, 0x0, 0x21, 0x75, 0xff, 0x33,
    0x8, 0x40, 0x3a, 0x36, 0xa7, 0x65, 0x6d, 0x0,
    0x3a, 0xec, 0xc4, 0x1, 0x62, 0x88, 0x4, 0x62,
    0x1, 0xcd, 0x40, 0x1e, 0x77, 0xf8, 0xc0, 0x3a,
    0x23, 0xe4,

    /* U+D615 "형" */
    0x0, 0xc6, 0x60, 0xe, 0x10, 0xe, 0xee, 0x0,
    0x6a, 0xe1, 0xe, 0xe8, 0x89, 0xdd, 0x0, 0x74,
    0xcd, 0x10, 0x99, 0x80, 0x39, 0xca, 0xa2, 0x16,
    0x81, 0xaa, 0x1, 0x15, 0xd, 0x48, 0xe9, 0xa9,
    0x0, 0x4e, 0x12, 0xac, 0xa2, 0x2d, 0x10, 0x9,
    0x6, 0xe6, 0x4e, 0x5b, 0x46, 0x1, 0xe, 0x3a,
    0x93, 0xe4, 0x7a, 0x80, 0x62, 0x9f, 0x24, 0xfd,
    0xb2, 0xc1, 0x0, 0x93, 0x1d, 0x59, 0x41, 0xf8,
    0x3, 0x68, 0x6c, 0xc4, 0x2d, 0x88, 0xc0, 0x2c,
    0xe, 0x86, 0x79, 0x61, 0x30, 0x9, 0x6d, 0x99,
    0x30, 0x8f, 0xe0,

    /* U+D638 "호" */
    0x0, 0xf6, 0xe8, 0x3, 0xf3, 0x36, 0x33, 0x33,
    0x60, 0x8, 0x66, 0x70, 0x8a, 0x67, 0x8, 0x0,
    0x7f, 0xeb, 0x99, 0x5f, 0xfc, 0x20, 0x1a, 0x3e,
    0xe6, 0x57, 0xf0, 0x1, 0xc8, 0xeb, 0xdf, 0xee,
    0x47, 0x40, 0xf, 0x10, 0x80, 0x4, 0x80, 0x3c,
    0x88, 0x7d, 0xbb, 0x73, 0x2a, 0x0, 0x75, 0xe5,
    0x22, 0xce, 0x50, 0x7, 0xc6, 0xe4, 0x6e, 0x60,
    0x18, 0x7f, 0xf8, 0x89, 0xff, 0xc2, 0x28, 0x8f,
    0xfe, 0x0, 0x80,

    /* U+D654 "화" */
    0x0, 0xc6, 0x60, 0xc, 0x44, 0x0, 0xf6, 0xf0,
    0x6, 0xde, 0x0, 0x9d, 0xe0, 0x37, 0x78, 0x3,
    0x86, 0x22, 0x11, 0x44, 0x42, 0x1, 0x87, 0xfd,
    0x4e, 0xea, 0xff, 0x8, 0x7, 0xb2, 0x99, 0x95,
    0x80, 0x1f, 0x29, 0xbf, 0x71, 0xcd, 0x0, 0x2,
    0xa6, 0x1, 0x78, 0x7, 0xc5, 0x50, 0xa, 0x71,
    0xba, 0x74, 0x40, 0x0, 0xfa, 0x80, 0x19, 0x44,
    0x75, 0x60, 0x18, 0x44, 0x2, 0x24, 0x10, 0x73,
    0x42, 0x0, 0xd3, 0xdd, 0x8, 0xb7, 0x2e, 0x80,
    0x35, 0xd5, 0x2e, 0xf6, 0x6c, 0x80, 0x62, 0x55,
    0x22, 0x63, 0x21, 0x0, 0xc0,

    /* U+D655 "확" */
    0x0, 0xc2, 0x40, 0x1f, 0xfc, 0xd, 0xd0, 0x4,
    0x7f, 0x0, 0x17, 0x7f, 0x8c, 0x3f, 0xe6, 0x1,
    0x0, 0xae, 0xa1, 0x95, 0xea, 0x82, 0x1, 0xcb,
    0xf0, 0xca, 0xf2, 0x8e, 0x1, 0xc8, 0xaf, 0xfe,
    0xa3, 0x60, 0x1, 0x31, 0x82, 0x83, 0x4c, 0xa0,
    0xc, 0x0, 0x93, 0x60, 0x3d, 0x2e, 0xcb, 0x88,
    0x0, 0x6f, 0x82, 0x89, 0xf0, 0x0, 0xd5, 0x14,
    0x3, 0xb, 0x31, 0x4c, 0x94, 0x80, 0x3c, 0x7d,
    0x95, 0x55, 0xe6, 0x8b, 0xe8, 0x6, 0x68, 0x8f,
    0x9f, 0x40, 0x32, 0x7f, 0xfb, 0x0, 0x3f, 0xf8,
    0xc0,

    /* U+D68C "회" */
    0x0, 0xc6, 0x80, 0x18, 0x4c, 0x3, 0xa6, 0xc0,
    0x35, 0xe0, 0x84, 0xd5, 0x10, 0x2a, 0xa3, 0x0,
    0xc8, 0xaa, 0x10, 0x55, 0x9c, 0x3, 0x6f, 0xe4,
    0x3d, 0x7f, 0x90, 0x3, 0xa7, 0x21, 0xab, 0x84,
    0x3, 0x85, 0x93, 0xfa, 0x85, 0x80, 0x38, 0xc0,
    0x3f, 0xf8, 0x4, 0xc9, 0xfd, 0x44, 0xc0, 0x1e,
    0x9c, 0x21, 0xad, 0x10, 0xe, 0x11, 0x13, 0x3,
    0x19, 0xc0, 0x14, 0x77, 0x48, 0x19, 0x96, 0x80,
    0x55, 0x5a, 0xee, 0xcc, 0x80, 0x22, 0x55, 0x91,
    0x23, 0x31, 0x0, 0x40,

    /* U+D69F "횟" */
    0x0, 0xff, 0xe2, 0xdf, 0x80, 0x6c, 0xa0, 0x5,
    0xf7, 0x10, 0x3b, 0xa2, 0x23, 0x0, 0x3e, 0x25,
    0x99, 0x31, 0x2, 0x0, 0xc9, 0xf0, 0xcc, 0x8a,
    0x70, 0xe, 0x36, 0x67, 0xfa, 0xce, 0x40, 0x38,
    0x85, 0xea, 0x64, 0x1a, 0x1, 0xc3, 0xf2, 0x8c,
    0x98, 0xa0, 0x18, 0xe2, 0x7c, 0xc0, 0x13, 0x52,
    0x1, 0x33, 0x4a, 0x4, 0xa2, 0x20, 0xc, 0xbd,
    0xcd, 0xda, 0x42, 0x24, 0xdc, 0x3, 0xc3, 0x9,
    0x1, 0xb6, 0x1, 0x8a, 0x3c, 0xdd, 0x35, 0x88,
    0x2, 0xcd, 0x77, 0x7c, 0x6b, 0xce, 0xc0, 0x3,
    0x73, 0xe4, 0x40, 0xab, 0xae, 0x0,

    /* U+D6A8 "효" */
    0x0, 0xf6, 0xe8, 0x3, 0xf3, 0x36, 0x33, 0x33,
    0x60, 0x8, 0x66, 0x70, 0x8a, 0x67, 0x8, 0x0,
    0x7f, 0xeb, 0x99, 0x5f, 0xfc, 0x20, 0x19, 0xfe,
    0xe6, 0x57, 0xee, 0x1, 0xc7, 0x9, 0xdf, 0xed,
    0x48, 0x30, 0xc, 0xc1, 0x82, 0x0, 0x23, 0x6,
    0x0, 0xca, 0x51, 0x51, 0xb, 0x72, 0x50, 0xe,
    0xc0, 0x55, 0x90, 0x34, 0x3, 0xc2, 0x9, 0xba,
    0x40, 0xe, 0x1f, 0xf8, 0x13, 0xfc, 0x81, 0xff,
    0x8, 0xa2, 0x3f, 0xf8, 0x2,

    /* U+D6C4 "후" */
    0x0, 0xf0, 0x88, 0x3, 0xff, 0x81, 0xf8, 0x1,
    0xfb, 0x33, 0x9, 0x66, 0x60, 0xc, 0xab, 0x99,
    0x8a, 0xb8, 0x3, 0x4d, 0x82, 0x3b, 0x90, 0x2e,
    0x40, 0x30, 0xeb, 0xac, 0x41, 0x5f, 0x44, 0x3,
    0x10, 0x24, 0x33, 0x21, 0x0, 0x80, 0x31, 0xaa,
    0xbf, 0x75, 0xea, 0xa3, 0x0, 0xea, 0xea, 0xbb,
    0x57, 0x50, 0x4, 0x3f, 0xf7, 0x54, 0xca, 0xbb,
    0xfe, 0x11, 0x44, 0x70, 0x8a, 0x23, 0x84, 0x1d,
    0xf8, 0xd, 0xdf, 0x80, 0x3f, 0xfa, 0x20,

    /* U+D788 "히" */
    0x0, 0xdb, 0xc0, 0x1b, 0x38, 0x8, 0xa3, 0x2,
    0x28, 0x3, 0x6e, 0xc2, 0x2d, 0xd8, 0x3, 0x5d,
    0xfe, 0x0, 0xc8, 0xdf, 0x76, 0xf6, 0x40, 0xc,
    0x38, 0xae, 0xe5, 0xc1, 0x0, 0xc8, 0x37, 0x10,
    0xb1, 0x40, 0xc, 0x60, 0x1e, 0x30, 0xc, 0xe1,
    0xa, 0xa8, 0x4, 0x0, 0xc3, 0x61, 0x54, 0xb,
    0x20, 0xe, 0x4d, 0xee, 0x6a, 0x0, 0x7e, 0x11,
    0x0, 0x7f, 0xf1, 0x80
};


/*---------------------
 *  GLYPH DESCRIPTION
 *--------------------*/

static const lv_font_fmt_txt_glyph_dsc_t glyph_dsc[] = {
    {.bitmap_index = 0, .adv_w = 0, .box_w = 0, .box_h = 0, .ofs_x = 0, .ofs_y = 0} /* id = 0 reserved */,
    {.bitmap_index = 0, .adv_w = 79, .box_w = 0, .box_h = 0, .ofs_x = 0, .ofs_y = 0},
    {.bitmap_index = 0, .adv_w = 72, .box_w = 3, .box_h = 10, .ofs_x = 1, .ofs_y = 0},
    {.bitmap_index = 15, .adv_w = 107, .box_w = 5, .box_h = 3, .ofs_x = 1, .ofs_y = 7},
    {.bitmap_index = 23, .adv_w = 136, .box_w = 9, .box_h = 10, .ofs_x = 0, .ofs_y = 0},
    {.bitmap_index = 68, .adv_w = 130, .box_w = 8, .box_h = 13, .ofs_x = 0, .ofs_y = -2},
    {.bitmap_index = 118, .adv_w = 196, .box_w = 12, .box_h = 10, .ofs_x = 0, .ofs_y = 0},
    {.bitmap_index = 177, .adv_w = 192, .box_w = 12, .box_h = 10, .ofs_x = 0, .ofs_y = 0},
    {.bitmap_index = 233, .adv_w = 63, .box_w = 2, .box_h = 3, .ofs_x = 1, .ofs_y = 7},
    {.bitmap_index = 237, .adv_w = 80, .box_w = 4, .box_h = 12, .ofs_x = 1, .ofs_y = -2},
    {.bitmap_index = 260, .adv_w = 80, .box_w = 4, .box_h = 12, .ofs_x = 0, .ofs_y = -2},
    {.bitmap_index = 285, .adv_w = 102, .box_w = 6, .box_h = 5, .ofs_x = 0, .ofs_y = 5},
    {.bitmap_index = 301, .adv_w = 161, .box_w = 8, .box_h = 7, .ofs_x = 1, .ofs_y = 0},
    {.bitmap_index = 323, .adv_w = 59, .box_w = 3, .box_h = 4, .ofs_x = 0, .ofs_y = -2},
    {.bitmap_index = 329, .adv_w = 93, .box_w = 4, .box_h = 3, .ofs_x = 1, .ofs_y = 2},
    {.bitmap_index = 335, .adv_w = 59, .box_w = 3, .box_h = 2, .ofs_x = 0, .ofs_y = 0},
    {.bitmap_index = 338, .adv_w = 98, .box_w = 8, .box_h = 11, .ofs_x = -1, .ofs_y = -1},
    {.bitmap_index = 373, .adv_w = 130, .box_w = 8, .box_h = 10, .ofs_x = 0, .ofs_y = 0},
    {.bitmap_index = 414, .adv_w = 130, .box_w = 5, .box_h = 10, .ofs_x = 1, .ofs_y = 0},
    {.bitmap_index = 427, .adv_w = 130, .box_w = 8, .box_h = 10, .ofs_x = 0, .ofs_y = 0},
    {.bitmap_index = 466, .adv_w = 130, .box_w = 7, .box_h = 10, .ofs_x = 1, .ofs_y = 0},
    {.bitmap_index = 500, .adv_w = 130, .box_w = 8, .box_h = 10, .ofs_x = 0, .ofs_y = 0},
    {.bitmap_index = 533, .adv_w = 130, .box_w = 7, .box_h = 10, .ofs_x = 1, .ofs_y = 0},
    {.bitmap_index = 566, .adv_w = 130, .box_w = 8, .box_h = 10, .ofs_x = 0, .ofs_y = 0},
    {.bitmap_index = 607, .adv_w = 130, .box_w = 8, .box_h = 10, .ofs_x = 0, .ofs_y = 0},
    {.bitmap_index = 639, .adv_w = 130, .box_w = 8, .box_h = 10, .ofs_x = 0, .ofs_y = 0},
    {.bitmap_index = 678, .adv_w = 130, .box_w = 8, .box_h = 10, .ofs_x = 0, .ofs_y = 0},
    {.bitmap_index = 719, .adv_w = 59, .box_w = 3, .box_h = 7, .ofs_x = 0, .ofs_y = 0},
    {.bitmap_index = 728, .adv_w = 59, .box_w = 4, .box_h = 9, .ofs_x = 0, .ofs_y = -2},
    {.bitmap_index = 743, .adv_w = 161, .box_w = 8, .box_h = 8, .ofs_x = 1, .ofs_y = 0},
    {.bitmap_index = 772, .adv_w = 161, .box_w = 8, .box_h = 6, .ofs_x = 1, .ofs_y = 1},
    {.bitmap_index = 787, .adv_w = 161, .box_w = 8, .box_h = 8, .ofs_x = 1, .ofs_y = 0},
    {.bitmap_index = 817, .adv_w = 101, .box_w = 6, .box_h = 10, .ofs_x = 0, .ofs_y = 0},
    {.bitmap_index = 847, .adv_w = 219, .box_w = 12, .box_h = 12, .ofs_x = 1, .ofs_y = -2},
    {.bitmap_index = 918, .adv_w = 158, .box_w = 10, .box_h = 10, .ofs_x = 0, .ofs_y = 0},
    {.bitmap_index = 963, .adv_w = 143, .box_w = 8, .box_h = 10, .ofs_x = 1, .ofs_y = 0},
    {.bitmap_index = 1001, .adv_w = 143, .box_w = 9, .box_h = 10, .ofs_x = 0, .ofs_y = 0},
    {.bitmap_index = 1039, .adv_w = 167, .box_w = 9, .box_h = 10, .ofs_x = 1, .ofs_y = 0},
    {.bitmap_index = 1077, .adv_w = 121, .box_w = 7, .box_h = 10, .ofs_x = 1, .ofs_y = 0},
    {.bitmap_index = 1105, .adv_w = 117, .box_w = 6, .box_h = 10, .ofs_x = 1, .ofs_y = 0},
    {.bitmap_index = 1128, .adv_w = 162, .box_w = 10, .box_h = 10, .ofs_x = 0, .ofs_y = 0},
    {.bitmap_index = 1177, .adv_w = 172, .box_w = 9, .box_h = 10, .ofs_x = 1, .ofs_y = 0},
    {.bitmap_index = 1197, .adv_w = 69, .box_w = 3, .box_h = 10, .ofs_x = 1, .ofs_y = 0},
    {.bitmap_index = 1202, .adv_w = 96, .box_w = 5, .box_h = 10, .ofs_x = 0, .ofs_y = 0},
    {.bitmap_index = 1217, .adv_w = 144, .box_w = 9, .box_h = 10, .ofs_x = 1, .ofs_y = 0},
    {.bitmap_index = 1254, .adv_w = 115, .box_w = 6, .box_h = 10, .ofs_x = 1, .ofs_y = 0},
    {.bitmap_index = 1264, .adv_w = 216, .box_w = 12, .box_h = 10, .ofs_x = 1, .ofs_y = 0},
    {.bitmap_index = 1313, .adv_w = 179, .box_w = 9, .box_h = 10, .ofs_x = 1, .ofs_y = 0},
    {.bitmap_index = 1346, .adv_w = 174, .box_w = 11, .box_h = 10, .ofs_x = 0, .ofs_y = 0},
    {.bitmap_index = 1396, .adv_w = 138, .box_w = 8, .box_h = 10, .ofs_x = 1, .ofs_y = 0},
    {.bitmap_index = 1428, .adv_w = 174, .box_w = 12, .box_h = 11, .ofs_x = 0, .ofs_y = -1},
    {.bitmap_index = 1487, .adv_w = 146, .box_w = 9, .box_h = 10, .ofs_x = 1, .ofs_y = 0},
    {.bitmap_index = 1523, .adv_w = 127, .box_w = 8, .box_h = 10, .ofs_x = 0, .ofs_y = 0},
    {.bitmap_index = 1563, .adv_w = 130, .box_w = 8, .box_h = 10, .ofs_x = 0, .ofs_y = 0},
    {.bitmap_index = 1577, .adv_w = 164, .box_w = 9, .box_h = 10, .ofs_x = 1, .ofs_y = 0},
    {.bitmap_index = 1602, .adv_w = 150, .box_w = 10, .box_h = 10, .ofs_x = 0, .ofs_y = 0},
    {.bitmap_index = 1648, .adv_w = 226, .box_w = 14, .box_h = 10, .ofs_x = 0, .ofs_y = 0},
    {.bitmap_index = 1719, .adv_w = 146, .box_w = 10, .box_h = 10, .ofs_x = 0, .ofs_y = 0},
    {.bitmap_index = 1765, .adv_w = 136, .box_w = 9, .box_h = 10, .ofs_x = 0, .ofs_y = 0},
    {.bitmap_index = 1800, .adv_w = 137, .box_w = 9, .box_h = 10, .ofs_x = 0, .ofs_y = 0},
    {.bitmap_index = 1837, .adv_w = 80, .box_w = 4, .box_h = 13, .ofs_x = 1, .ofs_y = -3},
    {.bitmap_index = 1850, .adv_w = 171, .box_w = 12, .box_h = 10, .ofs_x = -1, .ofs_y = 0},
    {.bitmap_index = 1911, .adv_w = 80, .box_w = 4, .box_h = 13, .ofs_x = 0, .ofs_y = -3},
    {.bitmap_index = 1924, .adv_w = 161, .box_w = 8, .box_h = 6, .ofs_x = 1, .ofs_y = 4},
    {.bitmap_index = 1947, .adv_w = 95, .box_w = 6, .box_h = 1, .ofs_x = 0, .ofs_y = -2},
    {.bitmap_index = 1949, .adv_w = 69, .box_w = 4, .box_h = 2, .ofs_x = 0, .ofs_y = 8},
    {.bitmap_index = 1953, .adv_w = 122, .box_w = 7, .box_h = 7, .ofs_x = 0, .ofs_y = 0},
    {.bitmap_index = 1978, .adv_w = 140, .box_w = 8, .box_h = 10, .ofs_x = 1, .ofs_y = 0},
    {.bitmap_index = 2010, .adv_w = 109, .box_w = 7, .box_h = 7, .ofs_x = 0, .ofs_y = 0},
    {.bitmap_index = 2034, .adv_w = 140, .box_w = 8, .box_h = 10, .ofs_x = 0, .ofs_y = 0},
    {.bitmap_index = 2069, .adv_w = 123, .box_w = 8, .box_h = 7, .ofs_x = 0, .ofs_y = 0},
    {.bitmap_index = 2098, .adv_w = 83, .box_w = 6, .box_h = 10, .ofs_x = 0, .ofs_y = 0},
    {.bitmap_index = 2119, .adv_w = 140, .box_w = 8, .box_h = 10, .ofs_x = 0, .ofs_y = -3},
    {.bitmap_index = 2160, .adv_w = 136, .box_w = 7, .box_h = 10, .ofs_x = 1, .ofs_y = 0},
    {.bitmap_index = 2180, .adv_w = 61, .box_w = 4, .box_h = 10, .ofs_x = 0, .ofs_y = 0},
    {.bitmap_index = 2190, .adv_w = 63, .box_w = 6, .box_h = 13, .ofs_x = -2, .ofs_y = -3},
    {.bitmap_index = 2211, .adv_w = 124, .box_w = 7, .box_h = 10, .ofs_x = 1, .ofs_y = 0},
    {.bitmap_index = 2237, .adv_w = 61, .box_w = 3, .box_h = 10, .ofs_x = 0, .ofs_y = 0},
    {.bitmap_index = 2242, .adv_w = 207, .box_w = 12, .box_h = 7, .ofs_x = 1, .ofs_y = 0},
    {.bitmap_index = 2269, .adv_w = 136, .box_w = 7, .box_h = 7, .ofs_x = 1, .ofs_y = 0},
    {.bitmap_index = 2287, .adv_w = 139, .box_w = 9, .box_h = 7, .ofs_x = 0, .ofs_y = 0},
    {.bitmap_index = 2318, .adv_w = 140, .box_w = 8, .box_h = 10, .ofs_x = 1, .ofs_y = -3},
    {.bitmap_index = 2352, .adv_w = 140, .box_w = 8, .box_h = 10, .ofs_x = 0, .ofs_y = -3},
    {.bitmap_index = 2387, .adv_w = 88, .box_w = 5, .box_h = 8, .ofs_x = 1, .ofs_y = 0},
    {.bitmap_index = 2401, .adv_w = 103, .box_w = 7, .box_h = 7, .ofs_x = 0, .ofs_y = 0},
    {.bitmap_index = 2426, .adv_w = 86, .box_w = 6, .box_h = 10, .ofs_x = 0, .ofs_y = 0},
    {.bitmap_index = 2451, .adv_w = 136, .box_w = 8, .box_h = 7, .ofs_x = 0, .ofs_y = 0},
    {.bitmap_index = 2471, .adv_w = 120, .box_w = 8, .box_h = 7, .ofs_x = 0, .ofs_y = 0},
    {.bitmap_index = 2500, .adv_w = 178, .box_w = 11, .box_h = 7, .ofs_x = 0, .ofs_y = 0},
    {.bitmap_index = 2540, .adv_w = 121, .box_w = 8, .box_h = 7, .ofs_x = 0, .ofs_y = 0},
    {.bitmap_index = 2568, .adv_w = 120, .box_w = 8, .box_h = 10, .ofs_x = 0, .ofs_y = -3},
    {.bitmap_index = 2607, .adv_w = 108, .box_w = 7, .box_h = 7, .ofs_x = 0, .ofs_y = 0},
    {.bitmap_index = 2632, .adv_w = 80, .box_w = 5, .box_h = 13, .ofs_x = 0, .ofs_y = -3},
    {.bitmap_index = 2663, .adv_w = 69, .box_w = 2, .box_h = 14, .ofs_x = 1, .ofs_y = -3},
    {.bitmap_index = 2669, .adv_w = 80, .box_w = 5, .box_h = 13, .ofs_x = 0, .ofs_y = -3},
    {.bitmap_index = 2699, .adv_w = 161, .box_w = 8, .box_h = 4, .ofs_x = 1, .ofs_y = 2},
    {.bitmap_index = 2713, .adv_w = 87, .box_w = 5, .box_h = 4, .ofs_x = 0, .ofs_y = 6},
    {.bitmap_index = 2722, .adv_w = 161, .box_w = 8, .box_h = 9, .ofs_x = 1, .ofs_y = 0},
    {.bitmap_index = 2751, .adv_w = 59, .box_w = 3, .box_h = 2, .ofs_x = 0, .ofs_y = 3},
    {.bitmap_index = 2754, .adv_w = 161, .box_w = 8, .box_h = 8, .ofs_x = 1, .ofs_y = 0},
    {.bitmap_index = 2784, .adv_w = 115, .box_w = 8, .box_h = 3, .ofs_x = 0, .ofs_y = 2},
    {.bitmap_index = 2791, .adv_w = 230, .box_w = 15, .box_h = 3, .ofs_x = 0, .ofs_y = 2},
    {.bitmap_index = 2802, .adv_w = 63, .box_w = 4, .box_h = 3, .ofs_x = 0, .ofs_y = 7},
    {.bitmap_index = 2809, .adv_w = 63, .box_w = 4, .box_h = 3, .ofs_x = 0, .ofs_y = 7},
    {.bitmap_index = 2816, .adv_w = 106, .box_w = 6, .box_h = 3, .ofs_x = 0, .ofs_y = 7},
    {.bitmap_index = 2825, .adv_w = 106, .box_w = 6, .box_h = 3, .ofs_x = 0, .ofs_y = 7},
    {.bitmap_index = 2834, .adv_w = 94, .box_w = 4, .box_h = 4, .ofs_x = 1, .ofs_y = 2},
    {.bitmap_index = 2843, .adv_w = 198, .box_w = 12, .box_h = 2, .ofs_x = 0, .ofs_y = 0},
    {.bitmap_index = 2853, .adv_w = 213, .box_w = 13, .box_h = 12, .ofs_x = 0, .ofs_y = -1},
    {.bitmap_index = 2915, .adv_w = 224, .box_w = 12, .box_h = 6, .ofs_x = 1, .ofs_y = 1},
    {.bitmap_index = 2940, .adv_w = 224, .box_w = 14, .box_h = 13, .ofs_x = 0, .ofs_y = -1},
    {.bitmap_index = 2994, .adv_w = 224, .box_w = 13, .box_h = 13, .ofs_x = 1, .ofs_y = -1},
    {.bitmap_index = 3052, .adv_w = 224, .box_w = 14, .box_h = 13, .ofs_x = 0, .ofs_y = -1},
    {.bitmap_index = 3117, .adv_w = 224, .box_w = 13, .box_h = 13, .ofs_x = 1, .ofs_y = -1},
    {.bitmap_index = 3181, .adv_w = 224, .box_w = 14, .box_h = 14, .ofs_x = 0, .ofs_y = -2},
    {.bitmap_index = 3262, .adv_w = 224, .box_w = 13, .box_h = 13, .ofs_x = 0, .ofs_y = -1},
    {.bitmap_index = 3316, .adv_w = 224, .box_w = 12, .box_h = 13, .ofs_x = 1, .ofs_y = -1},
    {.bitmap_index = 3376, .adv_w = 224, .box_w = 12, .box_h = 13, .ofs_x = 0, .ofs_y = -1},
    {.bitmap_index = 3435, .adv_w = 224, .box_w = 13, .box_h = 14, .ofs_x = 0, .ofs_y = -2},
    {.bitmap_index = 3511, .adv_w = 224, .box_w = 13, .box_h = 13, .ofs_x = 0, .ofs_y = -1},
    {.bitmap_index = 3563, .adv_w = 224, .box_w = 13, .box_h = 13, .ofs_x = 0, .ofs_y = -1},
    {.bitmap_index = 3632, .adv_w = 224, .box_w = 13, .box_h = 13, .ofs_x = 0, .ofs_y = -1},
    {.bitmap_index = 3707, .adv_w = 224, .box_w = 13, .box_h = 13, .ofs_x = 0, .ofs_y = -1},
    {.bitmap_index = 3763, .adv_w = 224, .box_w = 14, .box_h = 11, .ofs_x = 0, .ofs_y = 0},
    {.bitmap_index = 3809, .adv_w = 224, .box_w = 14, .box_h = 13, .ofs_x = 0, .ofs_y = -1},
    {.bitmap_index = 3883, .adv_w = 224, .box_w = 14, .box_h = 13, .ofs_x = 0, .ofs_y = -1},
    {.bitmap_index = 3949, .adv_w = 224, .box_w = 14, .box_h = 13, .ofs_x = 0, .ofs_y = -1},
    {.bitmap_index = 4014, .adv_w = 224, .box_w = 14, .box_h = 11, .ofs_x = 0, .ofs_y = 0},
    {.bitmap_index = 4063, .adv_w = 224, .box_w = 14, .box_h = 12, .ofs_x = 0, .ofs_y = -1},
    {.bitmap_index = 4104, .adv_w = 224, .box_w = 14, .box_h = 10, .ofs_x = 0, .ofs_y = 1},
    {.bitmap_index = 4141, .adv_w = 224, .box_w = 14, .box_h = 12, .ofs_x = 0, .ofs_y = -1},
    {.bitmap_index = 4192, .adv_w = 224, .box_w = 14, .box_h = 13, .ofs_x = 0, .ofs_y = -1},
    {.bitmap_index = 4250, .adv_w = 224, .box_w = 12, .box_h = 13, .ofs_x = 0, .ofs_y = -1},
    {.bitmap_index = 4294, .adv_w = 224, .box_w = 11, .box_h = 13, .ofs_x = 1, .ofs_y = -1},
    {.bitmap_index = 4347, .adv_w = 224, .box_w = 13, .box_h = 13, .ofs_x = 0, .ofs_y = -1},
    {.bitmap_index = 4412, .adv_w = 224, .box_w = 14, .box_h = 11, .ofs_x = 0, .ofs_y = 0},
    {.bitmap_index = 4470, .adv_w = 224, .box_w = 14, .box_h = 13, .ofs_x = 0, .ofs_y = -1},
    {.bitmap_index = 4548, .adv_w = 224, .box_w = 14, .box_h = 13, .ofs_x = 0, .ofs_y = -1},
    {.bitmap_index = 4617, .adv_w = 224, .box_w = 13, .box_h = 13, .ofs_x = 1, .ofs_y = -1},
    {.bitmap_index = 4658, .adv_w = 224, .box_w = 13, .box_h = 13, .ofs_x = 1, .ofs_y = -1},
    {.bitmap_index = 4713, .adv_w = 224, .box_w = 11, .box_h = 13, .ofs_x = 1, .ofs_y = -1},
    {.bitmap_index = 4749, .adv_w = 224, .box_w = 12, .box_h = 13, .ofs_x = 1, .ofs_y = -1},
    {.bitmap_index = 4812, .adv_w = 224, .box_w = 12, .box_h = 13, .ofs_x = 1, .ofs_y = -1},
    {.bitmap_index = 4870, .adv_w = 224, .box_w = 12, .box_h = 13, .ofs_x = 1, .ofs_y = -1},
    {.bitmap_index = 4915, .adv_w = 224, .box_w = 13, .box_h = 14, .ofs_x = 1, .ofs_y = -2},
    {.bitmap_index = 4986, .adv_w = 224, .box_w = 14, .box_h = 11, .ofs_x = 0, .ofs_y = 0},
    {.bitmap_index = 5022, .adv_w = 224, .box_w = 14, .box_h = 13, .ofs_x = 0, .ofs_y = -1},
    {.bitmap_index = 5087, .adv_w = 224, .box_w = 14, .box_h = 12, .ofs_x = 0, .ofs_y = -1},
    {.bitmap_index = 5127, .adv_w = 224, .box_w = 14, .box_h = 13, .ofs_x = 0, .ofs_y = -1},
    {.bitmap_index = 5187, .adv_w = 224, .box_w = 14, .box_h = 12, .ofs_x = 0, .ofs_y = -1},
    {.bitmap_index = 5235, .adv_w = 224, .box_w = 14, .box_h = 13, .ofs_x = 0, .ofs_y = -1},
    {.bitmap_index = 5296, .adv_w = 224, .box_w = 11, .box_h = 13, .ofs_x = 1, .ofs_y = -1},
    {.bitmap_index = 5323, .adv_w = 224, .box_w = 13, .box_h = 13, .ofs_x = 1, .ofs_y = -1},
    {.bitmap_index = 5369, .adv_w = 224, .box_w = 13, .box_h = 13, .ofs_x = 1, .ofs_y = -1},
    {.bitmap_index = 5427, .adv_w = 224, .box_w = 13, .box_h = 13, .ofs_x = 1, .ofs_y = -1},
    {.bitmap_index = 5493, .adv_w = 224, .box_w = 12, .box_h = 13, .ofs_x = 1, .ofs_y = -1},
    {.bitmap_index = 5535, .adv_w = 224, .box_w = 12, .box_h = 13, .ofs_x = 1, .ofs_y = -1},
    {.bitmap_index = 5579, .adv_w = 224, .box_w = 12, .box_h = 13, .ofs_x = 1, .ofs_y = -1},
    {.bitmap_index = 5636, .adv_w = 224, .box_w = 14, .box_h = 11, .ofs_x = 0, .ofs_y = 0},
    {.bitmap_index = 5683, .adv_w = 224, .box_w = 14, .box_h = 13, .ofs_x = 0, .ofs_y = -1},
    {.bitmap_index = 5744, .adv_w = 224, .box_w = 14, .box_h = 13, .ofs_x = 0, .ofs_y = -1},
    {.bitmap_index = 5817, .adv_w = 224, .box_w = 13, .box_h = 13, .ofs_x = 0, .ofs_y = -1},
    {.bitmap_index = 5873, .adv_w = 224, .box_w = 13, .box_h = 13, .ofs_x = 0, .ofs_y = -1},
    {.bitmap_index = 5933, .adv_w = 224, .box_w = 12, .box_h = 13, .ofs_x = 0, .ofs_y = -1},
    {.bitmap_index = 5995, .adv_w = 224, .box_w = 14, .box_h = 11, .ofs_x = 0, .ofs_y = 0},
    {.bitmap_index = 6039, .adv_w = 224, .box_w = 14, .box_h = 13, .ofs_x = 0, .ofs_y = -1},
    {.bitmap_index = 6108, .adv_w = 224, .box_w = 13, .box_h = 13, .ofs_x = 1, .ofs_y = -1},
    {.bitmap_index = 6167, .adv_w = 224, .box_w = 12, .box_h = 13, .ofs_x = 1, .ofs_y = -1},
    {.bitmap_index = 6220, .adv_w = 224, .box_w = 12, .box_h = 13, .ofs_x = 1, .ofs_y = -1},
    {.bitmap_index = 6283, .adv_w = 224, .box_w = 13, .box_h = 13, .ofs_x = 1, .ofs_y = -1},
    {.bitmap_index = 6359, .adv_w = 224, .box_w = 12, .box_h = 13, .ofs_x = 1, .ofs_y = -1},
    {.bitmap_index = 6417, .adv_w = 224, .box_w = 12, .box_h = 13, .ofs_x = 1, .ofs_y = -1},
    {.bitmap_index = 6488, .adv_w = 224, .box_w = 12, .box_h = 13, .ofs_x = 1, .ofs_y = -1},
    {.bitmap_index = 6542, .adv_w = 224, .box_w = 11, .box_h = 13, .ofs_x = 1, .ofs_y = -1},
    {.bitmap_index = 6596, .adv_w = 224, .box_w = 14, .box_h = 11, .ofs_x = 0, .ofs_y = 0},
    {.bitmap_index = 6648, .adv_w = 224, .box_w = 14, .box_h = 13, .ofs_x = 0, .ofs_y = -1},
    {.bitmap_index = 6710, .adv_w = 224, .box_w = 14, .box_h = 13, .ofs_x = 0, .ofs_y = -1},
    {.bitmap_index = 6773, .adv_w = 224, .box_w = 14, .box_h = 14, .ofs_x = 0, .ofs_y = -2},
    {.bitmap_index = 6850, .adv_w = 224, .box_w = 14, .box_h = 11, .ofs_x = 0, .ofs_y = 0},
    {.bitmap_index = 6901, .adv_w = 224, .box_w = 14, .box_h = 13, .ofs_x = 0, .ofs_y = -1},
    {.bitmap_index = 6952, .adv_w = 224, .box_w = 14, .box_h = 11, .ofs_x = 0, .ofs_y = 0},
    {.bitmap_index = 7000, .adv_w = 224, .box_w = 14, .box_h = 13, .ofs_x = 0, .ofs_y = -1},
    {.bitmap_index = 7059, .adv_w = 224, .box_w = 14, .box_h = 13, .ofs_x = 0, .ofs_y = -1},
    {.bitmap_index = 7120, .adv_w = 224, .box_w = 12, .box_h = 13, .ofs_x = 1, .ofs_y = -1},
    {.bitmap_index = 7170, .adv_w = 224, .box_w = 12, .box_h = 13, .ofs_x = 1, .ofs_y = -1},
    {.bitmap_index = 7223, .adv_w = 224, .box_w = 12, .box_h = 13, .ofs_x = 1, .ofs_y = -1},
    {.bitmap_index = 7280, .adv_w = 224, .box_w = 12, .box_h = 13, .ofs_x = 1, .ofs_y = -1},
    {.bitmap_index = 7337, .adv_w = 224, .box_w = 12, .box_h = 13, .ofs_x = 1, .ofs_y = -1},
    {.bitmap_index = 7402, .adv_w = 224, .box_w = 13, .box_h = 13, .ofs_x = 1, .ofs_y = -1},
    {.bitmap_index = 7444, .adv_w = 224, .box_w = 13, .box_h = 13, .ofs_x = 1, .ofs_y = -1},
    {.bitmap_index = 7495, .adv_w = 224, .box_w = 13, .box_h = 13, .ofs_x = 1, .ofs_y = -1},
    {.bitmap_index = 7549, .adv_w = 224, .box_w = 13, .box_h = 13, .ofs_x = 1, .ofs_y = -1},
    {.bitmap_index = 7608, .adv_w = 224, .box_w = 12, .box_h = 13, .ofs_x = 1, .ofs_y = -1},
    {.bitmap_index = 7648, .adv_w = 224, .box_w = 12, .box_h = 13, .ofs_x = 1, .ofs_y = -1},
    {.bitmap_index = 7707, .adv_w = 224, .box_w = 14, .box_h = 11, .ofs_x = 0, .ofs_y = 0},
    {.bitmap_index = 7750, .adv_w = 224, .box_w = 14, .box_h = 13, .ofs_x = 0, .ofs_y = -1},
    {.bitmap_index = 7805, .adv_w = 224, .box_w = 14, .box_h = 12, .ofs_x = 0, .ofs_y = -1},
    {.bitmap_index = 7849, .adv_w = 224, .box_w = 14, .box_h = 12, .ofs_x = 0, .ofs_y = -1},
    {.bitmap_index = 7905, .adv_w = 224, .box_w = 14, .box_h = 13, .ofs_x = 0, .ofs_y = -1},
    {.bitmap_index = 7968, .adv_w = 224, .box_w = 11, .box_h = 13, .ofs_x = 1, .ofs_y = -1},
    {.bitmap_index = 7998, .adv_w = 224, .box_w = 12, .box_h = 13, .ofs_x = 1, .ofs_y = -1},
    {.bitmap_index = 8051, .adv_w = 224, .box_w = 13, .box_h = 13, .ofs_x = 1, .ofs_y = -1},
    {.bitmap_index = 8111, .adv_w = 224, .box_w = 13, .box_h = 13, .ofs_x = 1, .ofs_y = -1},
    {.bitmap_index = 8181, .adv_w = 224, .box_w = 12, .box_h = 13, .ofs_x = 1, .ofs_y = -1},
    {.bitmap_index = 8224, .adv_w = 224, .box_w = 12, .box_h = 13, .ofs_x = 1, .ofs_y = -1},
    {.bitmap_index = 8281, .adv_w = 224, .box_w = 12, .box_h = 13, .ofs_x = 1, .ofs_y = -1},
    {.bitmap_index = 8341, .adv_w = 224, .box_w = 12, .box_h = 13, .ofs_x = 1, .ofs_y = -1},
    {.bitmap_index = 8404, .adv_w = 224, .box_w = 14, .box_h = 12, .ofs_x = 0, .ofs_y = 0},
    {.bitmap_index = 8457, .adv_w = 224, .box_w = 14, .box_h = 13, .ofs_x = 0, .ofs_y = -1},
    {.bitmap_index = 8503, .adv_w = 224, .box_w = 14, .box_h = 13, .ofs_x = 0, .ofs_y = -1},
    {.bitmap_index = 8564, .adv_w = 224, .box_w = 14, .box_h = 13, .ofs_x = 0, .ofs_y = -1},
    {.bitmap_index = 8628, .adv_w = 224, .box_w = 11, .box_h = 13, .ofs_x = 1, .ofs_y = -1},
    {.bitmap_index = 8664, .adv_w = 224, .box_w = 14, .box_h = 13, .ofs_x = 0, .ofs_y = -1},
    {.bitmap_index = 8715, .adv_w = 224, .box_w = 14, .box_h = 13, .ofs_x = 0, .ofs_y = -1},
    {.bitmap_index = 8777, .adv_w = 224, .box_w = 14, .box_h = 13, .ofs_x = 0, .ofs_y = -1},
    {.bitmap_index = 8853, .adv_w = 224, .box_w = 13, .box_h = 13, .ofs_x = 0, .ofs_y = -1},
    {.bitmap_index = 8916, .adv_w = 224, .box_w = 13, .box_h = 13, .ofs_x = 0, .ofs_y = -1},
    {.bitmap_index = 8989, .adv_w = 224, .box_w = 13, .box_h = 13, .ofs_x = 0, .ofs_y = -1},
    {.bitmap_index = 9041, .adv_w = 224, .box_w = 13, .box_h = 13, .ofs_x = 0, .ofs_y = -1},
    {.bitmap_index = 9105, .adv_w = 224, .box_w = 13, .box_h = 13, .ofs_x = 0, .ofs_y = -1},
    {.bitmap_index = 9180, .adv_w = 224, .box_w = 13, .box_h = 13, .ofs_x = 0, .ofs_y = -1},
    {.bitmap_index = 9227, .adv_w = 224, .box_w = 13, .box_h = 13, .ofs_x = 0, .ofs_y = -1},
    {.bitmap_index = 9288, .adv_w = 224, .box_w = 14, .box_h = 11, .ofs_x = 0, .ofs_y = 0},
    {.bitmap_index = 9343, .adv_w = 224, .box_w = 14, .box_h = 13, .ofs_x = 0, .ofs_y = -1},
    {.bitmap_index = 9403, .adv_w = 224, .box_w = 14, .box_h = 13, .ofs_x = 0, .ofs_y = -1},
    {.bitmap_index = 9482, .adv_w = 224, .box_w = 13, .box_h = 13, .ofs_x = 0, .ofs_y = -1},
    {.bitmap_index = 9542, .adv_w = 224, .box_w = 14, .box_h = 13, .ofs_x = 0, .ofs_y = -1},
    {.bitmap_index = 9598, .adv_w = 224, .box_w = 14, .box_h = 11, .ofs_x = 0, .ofs_y = 0},
    {.bitmap_index = 9654, .adv_w = 224, .box_w = 14, .box_h = 13, .ofs_x = 0, .ofs_y = -1},
    {.bitmap_index = 9720, .adv_w = 224, .box_w = 14, .box_h = 13, .ofs_x = 0, .ofs_y = -1},
    {.bitmap_index = 9786, .adv_w = 224, .box_w = 14, .box_h = 13, .ofs_x = 0, .ofs_y = -1},
    {.bitmap_index = 9863, .adv_w = 224, .box_w = 12, .box_h = 13, .ofs_x = 0, .ofs_y = -1},
    {.bitmap_index = 9911, .adv_w = 224, .box_w = 12, .box_h = 13, .ofs_x = 0, .ofs_y = -1},
    {.bitmap_index = 9963, .adv_w = 224, .box_w = 13, .box_h = 13, .ofs_x = 0, .ofs_y = -1},
    {.bitmap_index = 10017, .adv_w = 224, .box_w = 13, .box_h = 13, .ofs_x = 0, .ofs_y = -1},
    {.bitmap_index = 10076, .adv_w = 224, .box_w = 12, .box_h = 13, .ofs_x = 0, .ofs_y = -1},
    {.bitmap_index = 10133, .adv_w = 224, .box_w = 13, .box_h = 13, .ofs_x = 1, .ofs_y = -1},
    {.bitmap_index = 10192, .adv_w = 224, .box_w = 13, .box_h = 13, .ofs_x = 1, .ofs_y = -1},
    {.bitmap_index = 10256, .adv_w = 224, .box_w = 13, .box_h = 13, .ofs_x = 1, .ofs_y = -1},
    {.bitmap_index = 10338, .adv_w = 224, .box_w = 13, .box_h = 13, .ofs_x = 1, .ofs_y = -1},
    {.bitmap_index = 10406, .adv_w = 224, .box_w = 13, .box_h = 14, .ofs_x = 1, .ofs_y = -2},
    {.bitmap_index = 10492, .adv_w = 224, .box_w = 13, .box_h = 13, .ofs_x = 1, .ofs_y = -1},
    {.bitmap_index = 10559, .adv_w = 224, .box_w = 13, .box_h = 13, .ofs_x = 1, .ofs_y = -1},
    {.bitmap_index = 10642, .adv_w = 224, .box_w = 12, .box_h = 13, .ofs_x = 1, .ofs_y = -1},
    {.bitmap_index = 10701, .adv_w = 224, .box_w = 12, .box_h = 13, .ofs_x = 1, .ofs_y = -1},
    {.bitmap_index = 10763, .adv_w = 224, .box_w = 12, .box_h = 13, .ofs_x = 1, .ofs_y = -1},
    {.bitmap_index = 10832, .adv_w = 224, .box_w = 13, .box_h = 14, .ofs_x = 1, .ofs_y = -2},
    {.bitmap_index = 10918, .adv_w = 224, .box_w = 13, .box_h = 14, .ofs_x = 1, .ofs_y = -2},
    {.bitmap_index = 11003, .adv_w = 224, .box_w = 13, .box_h = 13, .ofs_x = 0, .ofs_y = -1},
    {.bitmap_index = 11058, .adv_w = 224, .box_w = 12, .box_h = 13, .ofs_x = 1, .ofs_y = -1},
    {.bitmap_index = 11124, .adv_w = 224, .box_w = 12, .box_h = 13, .ofs_x = 1, .ofs_y = -1},
    {.bitmap_index = 11191, .adv_w = 224, .box_w = 12, .box_h = 13, .ofs_x = 1, .ofs_y = -1},
    {.bitmap_index = 11261, .adv_w = 224, .box_w = 12, .box_h = 13, .ofs_x = 1, .ofs_y = -1},
    {.bitmap_index = 11329, .adv_w = 224, .box_w = 12, .box_h = 13, .ofs_x = 1, .ofs_y = -1},
    {.bitmap_index = 11409, .adv_w = 224, .box_w = 12, .box_h = 13, .ofs_x = 1, .ofs_y = -1},
    {.bitmap_index = 11465, .adv_w = 224, .box_w = 14, .box_h = 11, .ofs_x = 0, .ofs_y = 0},
    {.bitmap_index = 11523, .adv_w = 224, .box_w = 14, .box_h = 13, .ofs_x = 0, .ofs_y = -1},
    {.bitmap_index = 11595, .adv_w = 224, .box_w = 14, .box_h = 13, .ofs_x = 0, .ofs_y = -1},
    {.bitmap_index = 11672, .adv_w = 224, .box_w = 13, .box_h = 13, .ofs_x = 0, .ofs_y = -1},
    {.bitmap_index = 11737, .adv_w = 224, .box_w = 13, .box_h = 13, .ofs_x = 0, .ofs_y = -1},
    {.bitmap_index = 11804, .adv_w = 224, .box_w = 14, .box_h = 11, .ofs_x = 0, .ofs_y = 0},
    {.bitmap_index = 11863, .adv_w = 224, .box_w = 14, .box_h = 13, .ofs_x = 0, .ofs_y = -1},
    {.bitmap_index = 11950, .adv_w = 224, .box_w = 14, .box_h = 13, .ofs_x = 0, .ofs_y = -1},
    {.bitmap_index = 12025, .adv_w = 224, .box_w = 13, .box_h = 13, .ofs_x = 0, .ofs_y = -1},
    {.bitmap_index = 12091, .adv_w = 224, .box_w = 13, .box_h = 13, .ofs_x = 0, .ofs_y = -1},
    {.bitmap_index = 12163, .adv_w = 224, .box_w = 13, .box_h = 13, .ofs_x = 0, .ofs_y = -1},
    {.bitmap_index = 12224, .adv_w = 224, .box_w = 13, .box_h = 13, .ofs_x = 0, .ofs_y = -1},
    {.bitmap_index = 12280, .adv_w = 224, .box_w = 14, .box_h = 13, .ofs_x = 0, .ofs_y = -1},
    {.bitmap_index = 12341, .adv_w = 224, .box_w = 14, .box_h = 13, .ofs_x = 0, .ofs_y = -1},
    {.bitmap_index = 12413, .adv_w = 224, .box_w = 14, .box_h = 11, .ofs_x = 0, .ofs_y = 0},
    {.bitmap_index = 12473, .adv_w = 224, .box_w = 14, .box_h = 13, .ofs_x = 0, .ofs_y = -1},
    {.bitmap_index = 12544, .adv_w = 224, .box_w = 14, .box_h = 13, .ofs_x = 0, .ofs_y = -1},
    {.bitmap_index = 12615, .adv_w = 224, .box_w = 14, .box_h = 13, .ofs_x = 0, .ofs_y = -1},
    {.bitmap_index = 12687, .adv_w = 224, .box_w = 14, .box_h = 13, .ofs_x = 0, .ofs_y = -1},
    {.bitmap_index = 12771, .adv_w = 224, .box_w = 13, .box_h = 13, .ofs_x = 0, .ofs_y = -1},
    {.bitmap_index = 12835, .adv_w = 224, .box_w = 11, .box_h = 13, .ofs_x = 1, .ofs_y = -1},
    {.bitmap_index = 12890, .adv_w = 224, .box_w = 12, .box_h = 13, .ofs_x = 1, .ofs_y = -1},
    {.bitmap_index = 12950, .adv_w = 224, .box_w = 12, .box_h = 13, .ofs_x = 1, .ofs_y = -1},
    {.bitmap_index = 13014, .adv_w = 224, .box_w = 11, .box_h = 13, .ofs_x = 1, .ofs_y = -1},
    {.bitmap_index = 13077, .adv_w = 224, .box_w = 11, .box_h = 13, .ofs_x = 1, .ofs_y = -1},
    {.bitmap_index = 13139, .adv_w = 224, .box_w = 13, .box_h = 14, .ofs_x = 1, .ofs_y = -2},
    {.bitmap_index = 13223, .adv_w = 224, .box_w = 12, .box_h = 13, .ofs_x = 1, .ofs_y = -1},
    {.bitmap_index = 13296, .adv_w = 224, .box_w = 14, .box_h = 13, .ofs_x = 0, .ofs_y = -1},
    {.bitmap_index = 13357, .adv_w = 224, .box_w = 14, .box_h = 13, .ofs_x = 0, .ofs_y = -1},
    {.bitmap_index = 13422, .adv_w = 224, .box_w = 14, .box_h = 13, .ofs_x = 0, .ofs_y = -1},
    {.bitmap_index = 13496, .adv_w = 224, .box_w = 14, .box_h = 13, .ofs_x = 0, .ofs_y = -1},
    {.bitmap_index = 13576, .adv_w = 224, .box_w = 13, .box_h = 13, .ofs_x = 0, .ofs_y = -1},
    {.bitmap_index = 13636, .adv_w = 224, .box_w = 13, .box_h = 13, .ofs_x = 0, .ofs_y = -1},
    {.bitmap_index = 13696, .adv_w = 224, .box_w = 13, .box_h = 13, .ofs_x = 0, .ofs_y = -1},
    {.bitmap_index = 13761, .adv_w = 224, .box_w = 13, .box_h = 13, .ofs_x = 0, .ofs_y = -1},
    {.bitmap_index = 13830, .adv_w = 224, .box_w = 13, .box_h = 13, .ofs_x = 0, .ofs_y = -1},
    {.bitmap_index = 13906, .adv_w = 224, .box_w = 13, .box_h = 13, .ofs_x = 0, .ofs_y = -1},
    {.bitmap_index = 13962, .adv_w = 224, .box_w = 13, .box_h = 13, .ofs_x = 0, .ofs_y = -1},
    {.bitmap_index = 14024, .adv_w = 224, .box_w = 14, .box_h = 11, .ofs_x = 0, .ofs_y = 0},
    {.bitmap_index = 14086, .adv_w = 224, .box_w = 14, .box_h = 13, .ofs_x = 0, .ofs_y = -1},
    {.bitmap_index = 14150, .adv_w = 224, .box_w = 14, .box_h = 12, .ofs_x = 0, .ofs_y = -1},
    {.bitmap_index = 14206, .adv_w = 224, .box_w = 14, .box_h = 12, .ofs_x = 0, .ofs_y = -1},
    {.bitmap_index = 14272, .adv_w = 224, .box_w = 14, .box_h = 13, .ofs_x = 0, .ofs_y = -1},
    {.bitmap_index = 14354, .adv_w = 224, .box_w = 14, .box_h = 13, .ofs_x = 0, .ofs_y = -1},
    {.bitmap_index = 14416, .adv_w = 224, .box_w = 14, .box_h = 13, .ofs_x = 0, .ofs_y = -1},
    {.bitmap_index = 14497, .adv_w = 224, .box_w = 12, .box_h = 13, .ofs_x = 0, .ofs_y = -1},
    {.bitmap_index = 14550, .adv_w = 224, .box_w = 12, .box_h = 13, .ofs_x = 0, .ofs_y = -1},
    {.bitmap_index = 14605, .adv_w = 224, .box_w = 12, .box_h = 13, .ofs_x = 0, .ofs_y = -1},
    {.bitmap_index = 14665, .adv_w = 224, .box_w = 12, .box_h = 13, .ofs_x = 0, .ofs_y = -1},
    {.bitmap_index = 14727, .adv_w = 224, .box_w = 12, .box_h = 13, .ofs_x = 0, .ofs_y = -1},
    {.bitmap_index = 14786, .adv_w = 224, .box_w = 14, .box_h = 13, .ofs_x = 0, .ofs_y = -1},
    {.bitmap_index = 14851, .adv_w = 224, .box_w = 14, .box_h = 13, .ofs_x = 0, .ofs_y = -1},
    {.bitmap_index = 14926, .adv_w = 224, .box_w = 12, .box_h = 15, .ofs_x = 1, .ofs_y = -2},
    {.bitmap_index = 15007, .adv_w = 224, .box_w = 12, .box_h = 14, .ofs_x = 1, .ofs_y = -1},
    {.bitmap_index = 15088, .adv_w = 224, .box_w = 13, .box_h = 13, .ofs_x = 0, .ofs_y = -1},
    {.bitmap_index = 15150, .adv_w = 224, .box_w = 14, .box_h = 12, .ofs_x = 0, .ofs_y = 0},
    {.bitmap_index = 15217, .adv_w = 224, .box_w = 13, .box_h = 13, .ofs_x = 0, .ofs_y = -1},
    {.bitmap_index = 15290, .adv_w = 224, .box_w = 14, .box_h = 14, .ofs_x = 0, .ofs_y = -1},
    {.bitmap_index = 15357, .adv_w = 224, .box_w = 14, .box_h = 13, .ofs_x = 0, .ofs_y = -1},
    {.bitmap_index = 15440, .adv_w = 224, .box_w = 13, .box_h = 13, .ofs_x = 0, .ofs_y = -1},
    {.bitmap_index = 15503, .adv_w = 224, .box_w = 14, .box_h = 14, .ofs_x = 0, .ofs_y = -1},
    {.bitmap_index = 15574, .adv_w = 224, .box_w = 12, .box_h = 13, .ofs_x = 0, .ofs_y = -1},
    {.bitmap_index = 15633, .adv_w = 224, .box_w = 14, .box_h = 13, .ofs_x = 0, .ofs_y = -1},
    {.bitmap_index = 15690, .adv_w = 224, .box_w = 12, .box_h = 13, .ofs_x = 1, .ofs_y = -1},
    {.bitmap_index = 15752, .adv_w = 224, .box_w = 13, .box_h = 13, .ofs_x = 0, .ofs_y = -1},
    {.bitmap_index = 15813, .adv_w = 224, .box_w = 14, .box_h = 13, .ofs_x = 0, .ofs_y = -1},
    {.bitmap_index = 15878, .adv_w = 224, .box_w = 14, .box_h = 11, .ofs_x = 0, .ofs_y = 0},
    {.bitmap_index = 15932, .adv_w = 224, .box_w = 12, .box_h = 13, .ofs_x = 0, .ofs_y = -1},
    {.bitmap_index = 15981, .adv_w = 224, .box_w = 12, .box_h = 13, .ofs_x = 1, .ofs_y = -1},
    {.bitmap_index = 16031, .adv_w = 224, .box_w = 12, .box_h = 13, .ofs_x = 1, .ofs_y = -1},
    {.bitmap_index = 16081, .adv_w = 224, .box_w = 12, .box_h = 13, .ofs_x = 1, .ofs_y = -1},
    {.bitmap_index = 16138, .adv_w = 224, .box_w = 12, .box_h = 13, .ofs_x = 1, .ofs_y = -1},
    {.bitmap_index = 16195, .adv_w = 224, .box_w = 14, .box_h = 11, .ofs_x = 0, .ofs_y = 0},
    {.bitmap_index = 16244, .adv_w = 224, .box_w = 14, .box_h = 11, .ofs_x = 0, .ofs_y = 0},
    {.bitmap_index = 16290, .adv_w = 224, .box_w = 14, .box_h = 13, .ofs_x = 0, .ofs_y = -1},
    {.bitmap_index = 16348, .adv_w = 224, .box_w = 12, .box_h = 13, .ofs_x = 1, .ofs_y = -1},
    {.bitmap_index = 16413, .adv_w = 224, .box_w = 14, .box_h = 13, .ofs_x = 0, .ofs_y = -1},
    {.bitmap_index = 16472, .adv_w = 224, .box_w = 14, .box_h = 13, .ofs_x = 0, .ofs_y = -1},
    {.bitmap_index = 16543, .adv_w = 224, .box_w = 13, .box_h = 13, .ofs_x = 0, .ofs_y = -1},
    {.bitmap_index = 16596, .adv_w = 224, .box_w = 13, .box_h = 13, .ofs_x = 0, .ofs_y = -1},
    {.bitmap_index = 16660, .adv_w = 224, .box_w = 12, .box_h = 13, .ofs_x = 1, .ofs_y = -1},
    {.bitmap_index = 16723, .adv_w = 224, .box_w = 13, .box_h = 13, .ofs_x = 0, .ofs_y = -1},
    {.bitmap_index = 16774, .adv_w = 224, .box_w = 14, .box_h = 11, .ofs_x = 0, .ofs_y = 0},
    {.bitmap_index = 16834, .adv_w = 224, .box_w = 14, .box_h = 11, .ofs_x = 0, .ofs_y = 0},
    {.bitmap_index = 16888, .adv_w = 224, .box_w = 12, .box_h = 13, .ofs_x = 0, .ofs_y = -1},
    {.bitmap_index = 16939, .adv_w = 224, .box_w = 13, .box_h = 13, .ofs_x = 1, .ofs_y = -1},
    {.bitmap_index = 17005, .adv_w = 224, .box_w = 14, .box_h = 14, .ofs_x = 0, .ofs_y = -1},
    {.bitmap_index = 17085, .adv_w = 224, .box_w = 14, .box_h = 14, .ofs_x = 0, .ofs_y = -1},
    {.bitmap_index = 17163, .adv_w = 224, .box_w = 13, .box_h = 13, .ofs_x = 0, .ofs_y = -1},
    {.bitmap_index = 17226, .adv_w = 224, .box_w = 14, .box_h = 14, .ofs_x = 0, .ofs_y = -2},
    {.bitmap_index = 17320, .adv_w = 224, .box_w = 13, .box_h = 13, .ofs_x = 0, .ofs_y = -1},
    {.bitmap_index = 17402, .adv_w = 224, .box_w = 14, .box_h = 14, .ofs_x = 0, .ofs_y = -1},
    {.bitmap_index = 17492, .adv_w = 224, .box_w = 13, .box_h = 14, .ofs_x = 0, .ofs_y = -1},
    {.bitmap_index = 17566, .adv_w = 224, .box_w = 13, .box_h = 14, .ofs_x = 0, .ofs_y = -1},
    {.bitmap_index = 17640, .adv_w = 224, .box_w = 13, .box_h = 14, .ofs_x = 0, .ofs_y = -1},
    {.bitmap_index = 17723, .adv_w = 224, .box_w = 14, .box_h = 12, .ofs_x = 0, .ofs_y = 0},
    {.bitmap_index = 17790, .adv_w = 224, .box_w = 14, .box_h = 14, .ofs_x = 0, .ofs_y = -1},
    {.bitmap_index = 17875, .adv_w = 224, .box_w = 14, .box_h = 14, .ofs_x = 0, .ofs_y = -1},
    {.bitmap_index = 17956, .adv_w = 224, .box_w = 13, .box_h = 14, .ofs_x = 0, .ofs_y = -1},
    {.bitmap_index = 18032, .adv_w = 224, .box_w = 13, .box_h = 15, .ofs_x = 0, .ofs_y = -2},
    {.bitmap_index = 18118, .adv_w = 224, .box_w = 14, .box_h = 12, .ofs_x = 0, .ofs_y = 0},
    {.bitmap_index = 18187, .adv_w = 224, .box_w = 14, .box_h = 14, .ofs_x = 0, .ofs_y = -1},
    {.bitmap_index = 18258, .adv_w = 224, .box_w = 12, .box_h = 13, .ofs_x = 0, .ofs_y = -1}
};

/*---------------------
 *  CHARACTER MAPPING
 *--------------------*/

static const uint16_t unicode_list_1[] = {
    0x0, 0x1, 0x7, 0x27, 0x1f63, 0x1f64, 0x1f68, 0x1f69,
    0x1f6c, 0x1f6d, 0x1f72, 0x1f76, 0x2053, 0x20e2, 0xab50, 0xab51,
    0xab54, 0xab60, 0xab62, 0xab6c, 0xabc4, 0xabd0, 0xabd3, 0xabdc,
    0xac00, 0xac0d, 0xac14, 0xac30, 0xac45, 0xac4c, 0xac50, 0xaca0,
    0xacbc, 0xad48, 0xad4c, 0xad58, 0xad80, 0xad90, 0xae0c, 0xaf94,
    0xaf9a, 0xafad, 0xafe8, 0xaff8, 0xb004, 0xb019, 0xb060, 0xb074,
    0xb087, 0xb0c8, 0xb0e2, 0xb154, 0xb15c, 0xb1e4, 0xb1f5, 0xb218,
    0xb234, 0xb238, 0xb245, 0xb250, 0xb2c0, 0xb2c8, 0xb314, 0xb31c,
    0xb329, 0xb368, 0xb36c, 0xb378, 0xb42c, 0xb441, 0xb6cc, 0xb6e8,
    0xb6f8, 0xb719, 0xb73c, 0xb757, 0xb758, 0xb775, 0xb7ac, 0xb7ad,
    0xb7b4, 0xb7bf, 0xb81c, 0xb8a8, 0xb8c4, 0xb8c8, 0xb8d4, 0xb8fc,
    0xb900, 0xb904, 0xb90c, 0xb911, 0xb918, 0xb919, 0xb91c, 0xb920,
    0xb9a4, 0xb9c4, 0xb9f8, 0xb9f9, 0xba84, 0xba88, 0xba8c, 0xbb48,
    0xbb50, 0xbb6b, 0xbb79, 0xbbd4, 0xbbd8, 0xbc10, 0xbc14, 0xbc44,
    0xbcd0, 0xbcd4, 0xbcd8, 0xbd94, 0xbffc, 0xc000, 0xc011, 0xc019,
    0xc02d, 0xc06c, 0xc074, 0xc081, 0xc088, 0xc08c, 0xc0dc, 0xc0dd,
    0xc0f1, 0xc114, 0xc168, 0xc1f4, 0xc1fc, 0xc205, 0xc209, 0xc22c,
    0xc22d, 0xc230, 0xc234, 0xc23c, 0xc494, 0xc498, 0xc49a, 0xc49c,
    0xc4a8, 0xc4cd, 0xc4e1, 0xc504, 0xc508, 0xc515, 0xc516, 0xc518,
    0xc520, 0xc53d, 0xc540, 0xc544, 0xc54d, 0xc551, 0xc558, 0xc574,
    0xc578, 0xc594, 0xc5ac, 0xc5c8, 0xc5e4, 0xc5f9, 0xc604, 0xc61c,
    0xc620, 0xc638, 0xc654, 0xc670, 0xc671, 0xc68c, 0xc690, 0xc694,
    0xc69c, 0xc6a1, 0xc6a8, 0xc6c4, 0xc6c8, 0xc6cc, 0xc6d4, 0xc6d5,
    0xc6d8, 0xc6de, 0xc6e0, 0xc6e1, 0xc6e8, 0xc6f5, 0xc6fc, 0xc750,
    0xc754, 0xc758, 0xc765, 0xc76c, 0xc788, 0xc7c0, 0xc7c1, 0xc84c,
    0xc850, 0xc861, 0xc8d9, 0xc8ed, 0xc910, 0xc911, 0xc914, 0xc920,
    0xc921, 0xcb78, 0xcb88, 0xcbfb, 0xcbfd, 0xcc04, 0xcc58, 0xccac,
    0xcce4, 0xccf9, 0xcd38, 0xcd71, 0xcda8, 0xcdc4, 0xce38, 0xce6c,
    0xceac, 0xcfbc, 0xcff4, 0xd02c, 0xd080, 0xd084, 0xd0a4, 0xd0f0,
    0xd208, 0xd20c, 0xd255, 0xd25c, 0xd260, 0xd278, 0xd27c, 0xd2dc,
    0xd320, 0xd3ac, 0xd454, 0xd48c, 0xd4a8, 0xd4b8, 0xd4b9, 0xd4c4,
    0xd4d8, 0xd4d9, 0xd4f5, 0xd528, 0xd554, 0xd565, 0xd588, 0xd5a4,
    0xd5a5, 0xd5dc, 0xd5ef, 0xd5f8, 0xd614, 0xd6d8
};

/*Collect the unicode lists and glyph_id offsets*/
static const lv_font_fmt_txt_cmap_t cmaps[] =
{
    {
        .range_start = 32, .range_length = 95, .glyph_id_start = 1,
        .unicode_list = NULL, .glyph_id_ofs_list = NULL, .list_length = 0, .type = LV_FONT_FMT_TXT_CMAP_FORMAT0_TINY
    },
    {
        .range_start = 176, .range_length = 55001, .glyph_id_start = 96,
        .unicode_list = unicode_list_1, .glyph_id_ofs_list = NULL, .list_length = 262, .type = LV_FONT_FMT_TXT_CMAP_SPARSE_TINY
    }
};



/*--------------------
 *  ALL CUSTOM DATA
 *--------------------*/

#if LVGL_VERSION_MAJOR == 8
/*Store all the custom data of the font*/
static  lv_font_fmt_txt_glyph_cache_t cache;
#endif

#if LVGL_VERSION_MAJOR >= 8
static const lv_font_fmt_txt_dsc_t font_dsc = {
#else
static lv_font_fmt_txt_dsc_t font_dsc = {
#endif
    .glyph_bitmap = glyph_bitmap,
    .glyph_dsc = glyph_dsc,
    .cmaps = cmaps,
    .kern_dsc = NULL,
    .kern_scale = 0,
    .cmap_num = 2,
    .bpp = 4,
    .kern_classes = 0,
    .bitmap_format = 1,
#if LVGL_VERSION_MAJOR == 8
    .cache = &cache
#endif
};

extern const lv_font_t font_kr_full_14;


/*-----------------
 *  PUBLIC FONT
 *----------------*/

/*Initialize a public general font descriptor*/
#if LVGL_VERSION_MAJOR >= 8
const lv_font_t font_bold_14 = {
#else
lv_font_t font_bold_14 = {
#endif
    .get_glyph_dsc = lv_font_get_glyph_dsc_fmt_txt,    /*Function pointer to get glyph's data*/
    .get_glyph_bitmap = lv_font_get_bitmap_fmt_txt,    /*Function pointer to get glyph's bitmap*/
    .line_height = 16,          /*The maximum line height required by the font*/
    .base_line = 3,             /*Baseline measured from the bottom of the line*/
#if !(LVGL_VERSION_MAJOR == 6 && LVGL_VERSION_MINOR == 0)
    .subpx = LV_FONT_SUBPX_NONE,
#endif
#if LV_VERSION_CHECK(7, 4, 0) || LVGL_VERSION_MAJOR >= 8
    .underline_position = -3,
    .underline_thickness = 1,
#endif
    .dsc = &font_dsc,          /*The custom font data. Will be accessed by `get_glyph_bitmap/dsc` */
#if LV_VERSION_CHECK(8, 2, 0) || LVGL_VERSION_MAJOR >= 9
    .fallback = &font_kr_full_14,
#endif
    .user_data = NULL,
};



#endif /*#if FONT_BOLD_14*/

