/*******************************************************************************
 * Size: 12 px
 * Bpp: 4
 * Opts: --font C:\WINDOWS/Fonts/malgunbd.ttf -r 0x20-0x7E -r 0xB0 -r 0xB1 -r 0xB7 -r 0xD7 -r 0x2013 -r 0x2014 -r 0x2018 -r 0x2019 -r 0x201C -r 0x201D -r 0x2022 -r 0x2026 -r 0x2103 -r 0x2192 --symbols 가각간감값개건검것게결경계고공과관교구그근금기김꺼끄끊끝나남내냉널네넷노높누눌는능니다단답대데델도돌동되된됨드등라래램량러렇레력로록롤료류르름리릴림링마막만말메면모목무문물미밀받방버번변별보부분불비사산상색생서설성세센소속송쇄수스습승시식신실심아안않알았약양어언업없었에역연열엽영예오온완왜외요용운워원웨위유육으은을음응의이인일임입있잎자작잘장재저전절정제져조족주준중즉증지직진짐집차참첫청체초최추충취측치카컨켜크키태터턴텔토트튼파판패팬펌폐표프피하합해했행향험현형호화확회횟효후히 --size 12 --bpp 4 --format lvgl --lv-font-name font_bold_12 --lv-fallback font_kr_full_12 -o D:\Users\G433m\Documents\smartfarm\src\fonts\font_bold_12.c
 ******************************************************************************/

#ifdef LV_LVGL_H_INCLUDE_SIMPLE
#include "lvgl.h"
#else
#include "lvgl/lvgl.h"
#endif

#ifndef FONT_BOLD_12
#define FONT_BOLD_12 1
#endif

#if FONT_BOLD_12

/*-----------------
 *    BITMAPS
 *----------------*/

/*Store the image of the glyphs*/
static LV_ATTRIBUTE_LARGE_CONST const uint8_t glyph_bitmap[] = {
    /* U+0020 " " */

    /* U+0021 "!" */
    0xe, 0xc0, 0x3, 0x81, 0x80, 0x42, 0x2, 0x0,
    0x4c, 0x0, 0xc9, 0xa0,

    /* U+0022 "\"" */
    0xf6, 0xba, 0x13, 0x23, 0x97, 0xdd, 0x0,

    /* U+0023 "#" */
    0x0, 0x3d, 0x7, 0x10, 0x5, 0xb8, 0x40, 0x40,
    0x7c, 0xb1, 0xa3, 0xa0, 0x78, 0x3c, 0xb3, 0xa1,
    0x3a, 0x3c, 0xb0, 0xe1, 0x2b, 0x18, 0x1c, 0xe0,
    0x7, 0x37, 0x30, 0xd, 0x68, 0xf0, 0x1, 0x0,

    /* U+0024 "$" */
    0x0, 0x94, 0x3, 0xd0, 0x1, 0x93, 0x4b, 0xe4,
    0x1, 0x68, 0x59, 0xe0, 0x21, 0xe0, 0x6c, 0x2,
    0xd2, 0x48, 0x1, 0x4d, 0x8d, 0xd0, 0x4, 0x87,
    0x4a, 0x81, 0x28, 0x1a, 0xc, 0x5, 0x44, 0xb4,
    0x41, 0x7c, 0x5a, 0xa0,

    /* U+0025 "%" */
    0xa, 0xed, 0x20, 0x1e, 0x50, 0x66, 0x72, 0xd8,
    0x5b, 0xa8, 0x6, 0x10, 0x57, 0x90, 0x3, 0x33,
    0x8a, 0xaf, 0x80, 0x35, 0x75, 0xfb, 0x2e, 0xe9,
    0x40, 0x27, 0x9, 0x97, 0xcd, 0x80, 0xa, 0x38,
    0x0, 0x4e, 0x60, 0xf, 0x92, 0x18, 0xde, 0x90,

    /* U+0026 "&" */
    0x0, 0x4f, 0x7d, 0x0, 0x79, 0x5a, 0xec, 0xac,
    0x4, 0x1, 0x30, 0x0, 0x41, 0x7, 0x54, 0x0,
    0x47, 0x55, 0x11, 0x0, 0x40, 0x7d, 0xf5, 0xe9,
    0xa8, 0x50, 0x1c, 0x60, 0xa2, 0xa5, 0xa8, 0x0,
    0xa1, 0x8, 0xbc, 0x0, 0x25, 0x3, 0x96, 0xbb,
    0xe, 0xbc, 0xd8, 0x0,

    /* U+0027 "'" */
    0xf, 0x50, 0x11, 0x4, 0xa8,

    /* U+0028 "(" */
    0x0, 0x46, 0x80, 0x9, 0xf8, 0x1, 0x6, 0x60,
    0x2, 0x20, 0x2, 0x1e, 0x0, 0xfc, 0x22, 0x0,
    0x92, 0xc0, 0x29, 0x32, 0x0, 0x1b, 0x70, 0x5,
    0x3a, 0x0,

    /* U+0029 ")" */
    0x8c, 0x0, 0x41, 0x38, 0x2, 0x64, 0x0, 0x41,
    0x30, 0x20, 0x60, 0xe, 0x30, 0x10, 0x50, 0x40,
    0xa7, 0x7, 0x8, 0x7, 0xd0, 0x0,

    /* U+002A "*" */
    0x0, 0x6a, 0x0, 0x16, 0x83, 0x68, 0x13, 0x9,
    0x64, 0x6, 0xa8, 0x2e, 0x0, 0xc5, 0xd4, 0x0,

    /* U+002B "+" */
    0x0, 0x1e, 0x80, 0x7f, 0xa3, 0xb0, 0xbb, 0x87,
    0x3f, 0x65, 0xfe, 0x31, 0x13, 0x80, 0x88, 0x2,
    0x2a, 0x0, 0x80,

    /* U+002C "," */
    0x3d, 0x35, 0x23, 0xc5, 0x0,

    /* U+002D "-" */
    0x2f, 0xf8, 0x89, 0xbb, 0x10,

    /* U+002E "." */
    0x29, 0x36, 0x75,

    /* U+002F "/" */
    0x0, 0xc9, 0xe4, 0x1, 0xbd, 0x8, 0x2, 0x24,
    0xf0, 0xd, 0x64, 0x80, 0x10, 0xb5, 0x80, 0x69,
    0x16, 0x0, 0xcc, 0xc0, 0xc, 0xc3, 0x20, 0x1a,
    0xd4, 0x40, 0x21, 0x58, 0x0, 0xc0,

    /* U+0030 "0" */
    0x3, 0xcf, 0xd4, 0x0, 0x68, 0x58, 0xd8, 0x28,
    0xc2, 0x48, 0x29, 0x3, 0x3, 0x1, 0x78, 0x7,
    0xb8, 0x18, 0x18, 0x9, 0xc2, 0x12, 0x45, 0x46,
    0xc6, 0xc3, 0x40,

    /* U+0031 "1" */
    0x4, 0xdc, 0xab, 0x20, 0xed, 0x10, 0x42, 0x0,
    0xff, 0xe3, 0x0,

    /* U+0032 "2" */
    0x8, 0xdf, 0xd4, 0x0, 0x1c, 0x58, 0x58, 0x85,
    0xaa, 0x28, 0x18, 0x4, 0x6c, 0x64, 0x0, 0x7c,
    0x5d, 0x0, 0x3c, 0x42, 0xc4, 0x6, 0x10, 0x95,
    0x40, 0x40, 0x95, 0x51, 0x0,

    /* U+0033 "3" */
    0x9, 0xef, 0xc4, 0x0, 0x7d, 0x59, 0x48, 0x1,
    0x91, 0x81, 0x80, 0x9, 0xfa, 0x54, 0x0, 0x4c,
    0xa2, 0xc0, 0x8, 0xd5, 0x88, 0x83, 0x8, 0x85,
    0x12, 0x4, 0xbb, 0x36, 0x0,

    /* U+0034 "4" */
    0x0, 0x93, 0xe4, 0x3, 0x48, 0x7, 0x4b, 0x0,
    0x67, 0x75, 0x0, 0x49, 0x1a, 0x20, 0x17, 0x86,
    0x78, 0x34, 0xd6, 0xec, 0xb, 0x2, 0x45, 0x1,
    0x88,

    /* U+0035 "5" */
    0xb, 0xff, 0xb4, 0x0, 0xe7, 0x76, 0xe0, 0x0,
    0xaa, 0x20, 0xc0, 0x6, 0xdf, 0xa8, 0x0, 0xac,
    0xa0, 0xb0, 0x2, 0x1a, 0xa8, 0x8, 0x5c, 0xd5,
    0x88, 0x81, 0x79, 0x6b, 0xe0,

    /* U+0036 "6" */
    0x0, 0x3f, 0x7e, 0x80, 0x22, 0xd, 0x90, 0x2,
    0xed, 0x6, 0xa0, 0x40, 0xd, 0xe9, 0x6, 0x2,
    0xe6, 0x62, 0xb0, 0x71, 0xd0, 0x11, 0x94, 0xa5,
    0x82, 0x7, 0x85, 0xa5, 0x18,

    /* U+0037 "7" */
    0x7f, 0xfe, 0x65, 0xbb, 0x94, 0x1c, 0x91, 0xa,
    0x8e, 0x20, 0x14, 0x8c, 0x80, 0x42, 0xec, 0x20,
    0x13, 0x85, 0x0, 0x6d, 0x13, 0x0, 0xc8, 0xa0,
    0x10,

    /* U+0038 "8" */
    0x5, 0xcf, 0xd6, 0x0, 0x53, 0xe2, 0x49, 0x0,
    0x88, 0xc4, 0xc, 0x29, 0x7d, 0xe8, 0x45, 0x49,
    0x8b, 0x44, 0x83, 0x7, 0x60, 0xac, 0x14, 0x72,
    0x6, 0x69, 0x4c, 0x59, 0x40,

    /* U+0039 "9" */
    0x5, 0xdf, 0xc2, 0x2, 0xa7, 0xb0, 0xc0, 0x50,
    0x84, 0x91, 0x32, 0x5, 0xc, 0x6, 0x55, 0x47,
    0xa8, 0x8, 0x57, 0x72, 0xc1, 0x41, 0x89, 0xe1,
    0x84, 0x2f, 0x21, 0xa4, 0x0,

    /* U+003A ":" */
    0x4e, 0x56, 0x76, 0x29, 0x30, 0x8, 0xa4, 0xd9,
    0xd4,

    /* U+003B ";" */
    0x3e, 0x62, 0x75, 0x19, 0x30, 0x8, 0xf4, 0xd4,
    0x8f, 0x14, 0x0,

    /* U+003C "<" */
    0x0, 0xe1, 0x0, 0xc3, 0x1c, 0x0, 0x19, 0xe2,
    0xd0, 0x5e, 0x3e, 0xa2, 0x4, 0x74, 0xa4, 0x0,
    0xc, 0x76, 0xcf, 0x0, 0x66, 0xda, 0x0,

    /* U+003D "=" */
    0x8e, 0xee, 0x39, 0xff, 0xe3, 0x9e, 0xee, 0x39,
    0xee, 0xe3,

    /* U+003E ">" */
    0x10, 0xf, 0x3e, 0xb0, 0x6, 0x69, 0xde, 0x70,
    0x9, 0x2f, 0x6b, 0x80, 0x2, 0xfa, 0xd4, 0xb,
    0xdb, 0x96, 0x80, 0xfd, 0x44, 0x1, 0x0,

    /* U+003F "?" */
    0x4d, 0xfd, 0x50, 0x2a, 0xa0, 0x50, 0x33, 0xab,
    0x8, 0x5, 0xb, 0xa0, 0x4, 0x7c, 0x30, 0x3,
    0xb1, 0x0, 0x42, 0x4, 0x1, 0x3b, 0x98, 0x0,

    /* U+0040 "@" */
    0x0, 0x9b, 0x3b, 0x9b, 0x2, 0x1, 0x5d, 0x7f,
    0x73, 0xcb, 0x4, 0x21, 0xf2, 0xfa, 0xf6, 0x1a,
    0x1, 0xe1, 0x5b, 0xf8, 0xb, 0x50, 0x41, 0x71,
    0x5, 0x80, 0x21, 0x10, 0x10, 0xb0, 0x50, 0xe,
    0xd8, 0x25, 0x48, 0x76, 0x1f, 0x9b, 0x85, 0x3d,
    0xf7, 0x17, 0xb2, 0x0, 0x3, 0xe5, 0xdd, 0x98,
    0x0,

    /* U+0041 "A" */
    0x0, 0xbb, 0xd8, 0x3, 0x94, 0x45, 0x40, 0x1d,
    0xc5, 0x26, 0x40, 0x11, 0x25, 0x28, 0x58, 0x5,
    0x40, 0xa4, 0x6e, 0x1, 0x30, 0x6f, 0x98, 0xa8,
    0x28, 0xbe, 0x62, 0xc2, 0x43, 0x82, 0x4c, 0xc8,
    0xa6, 0x40,

    /* U+0042 "B" */
    0xff, 0xd8, 0x40, 0x3, 0xc9, 0x39, 0x0, 0x39,
    0xa8, 0x60, 0x1, 0x3f, 0xd, 0x80, 0x7, 0x94,
    0x58, 0x0, 0x73, 0x54, 0x21, 0x7, 0x35, 0x42,
    0x10, 0x3c, 0xa5, 0xf0,

    /* U+0043 "C" */
    0x0, 0x2e, 0x7f, 0xb4, 0x42, 0x28, 0x62, 0x50,
    0x9, 0xcf, 0x5d, 0xa4, 0x54, 0x24, 0x3, 0xff,
    0x82, 0x61, 0xc0, 0x1c, 0x89, 0x63, 0xb5, 0x8,
    0x5b, 0x8c, 0x40, 0x44,

    /* U+0044 "D" */
    0xff, 0xdb, 0x0, 0x11, 0xd4, 0x8b, 0xd8, 0x1,
    0xd5, 0xb1, 0x12, 0x0, 0xee, 0x2, 0x0, 0xe3,
    0x0, 0xfa, 0x81, 0x1, 0xd5, 0xb0, 0xdc, 0x80,
    0xea, 0x42, 0xa0, 0x0,

    /* U+0045 "E" */
    0xff, 0xda, 0x0, 0x3a, 0xa4, 0x80, 0x1d, 0x12,
    0x0, 0x27, 0x72, 0x40, 0x7, 0x77, 0x0, 0x1d,
    0x10, 0x40, 0x7, 0x55, 0x80, 0x7, 0x55, 0x0,

    /* U+0046 "F" */
    0xff, 0xda, 0x7, 0x54, 0x90, 0x74, 0x48, 0x13,
    0xb9, 0x20, 0x77, 0x70, 0x3a, 0x20, 0x80, 0x3f,
    0xc0,

    /* U+0047 "G" */
    0x0, 0x2e, 0x7f, 0xb9, 0x82, 0x28, 0x22, 0xa4,
    0xc9, 0xd3, 0x1d, 0x5d, 0x54, 0x1c, 0x11, 0xfe,
    0xe0, 0x0, 0x84, 0xe1, 0x81, 0x87, 0x0, 0x98,
    0x1, 0x10, 0xb6, 0xcc, 0x20, 0x5, 0xc3, 0x4c,
    0x14, 0x0,

    /* U+0048 "H" */
    0xfb, 0x0, 0x9f, 0xcc, 0x3, 0xfc, 0x23, 0x78,
    0x4, 0x9d, 0xd3, 0x80, 0x47, 0x77, 0x30, 0x4,
    0xe8, 0x97, 0x0, 0x7f, 0xf1, 0x80,

    /* U+0049 "I" */
    0xfb, 0x0, 0xff, 0xe1, 0x0,

    /* U+004A "J" */
    0x0, 0x3f, 0x98, 0x7, 0xff, 0x2b, 0xc0, 0x59,
    0xdc, 0x44, 0xd8, 0x3f, 0x0,

    /* U+004B "K" */
    0xfb, 0x0, 0x67, 0x98, 0x5, 0x27, 0x46, 0x0,
    0x56, 0x75, 0x0, 0x35, 0x2c, 0x0, 0x42, 0x27,
    0x10, 0x9, 0xe8, 0xb4, 0x3, 0x24, 0x1c, 0x80,
    0x67, 0x56, 0x70,

    /* U+004C "L" */
    0xfb, 0x0, 0xff, 0xe8, 0xba, 0xa9, 0x0, 0xea,
    0x96,

    /* U+004D "M" */
    0xff, 0x48, 0x6, 0xff, 0x40, 0x1, 0x84, 0x0,
    0xc0, 0x19, 0x41, 0xc0, 0x14, 0xa0, 0x11, 0x25,
    0x81, 0x9b, 0x80, 0x37, 0x11, 0xd1, 0xa8, 0x6,
    0x51, 0x96, 0xa0, 0xf, 0x32, 0x83, 0x0, 0x7a,
    0x41, 0x80, 0x30,

    /* U+004E "N" */
    0xff, 0x18, 0x5, 0xf0, 0x0, 0xe0, 0xf, 0x21,
    0x48, 0x7, 0x14, 0xb2, 0x0, 0x63, 0x65, 0xa1,
    0x0, 0xeb, 0xb, 0x0, 0xe1, 0xa5, 0x0, 0xf2,
    0x38, 0x0,

    /* U+004F "O" */
    0x0, 0x3e, 0xff, 0x51, 0x0, 0x2a, 0x1a, 0x59,
    0x70, 0x4d, 0x55, 0x6d, 0x14, 0x30, 0x81, 0xe0,
    0x12, 0x82, 0x80, 0x4, 0x3, 0xc6, 0x1c, 0x1,
    0x28, 0x22, 0x4b, 0x6d, 0x14, 0x32, 0x16, 0xed,
    0x2c, 0xbe, 0x20,

    /* U+0050 "P" */
    0xff, 0xba, 0xc8, 0x0, 0x77, 0x29, 0xc0, 0x7,
    0x47, 0x33, 0x0, 0x63, 0x38, 0x0, 0x9f, 0x87,
    0xc0, 0x3, 0xce, 0xc2, 0x0, 0x39, 0x88, 0x7,
    0xf8,

    /* U+0051 "Q" */
    0x0, 0x3e, 0xff, 0x51, 0x0, 0x55, 0xd, 0x2c,
    0xb8, 0x20, 0x6a, 0xab, 0x68, 0xa1, 0x80, 0x40,
    0xf0, 0x9, 0x41, 0x40, 0x21, 0x0, 0xf8, 0xc3,
    0x80, 0x25, 0x4, 0x4, 0x42, 0xdb, 0x45, 0x14,
    0x80, 0x2d, 0xda, 0x58, 0xc, 0xc0, 0x14, 0x6f,
    0xf4, 0x8e, 0x18,

    /* U+0052 "R" */
    0xff, 0xba, 0xc8, 0x0, 0x79, 0x9, 0xc0, 0x7,
    0x36, 0x22, 0x0, 0x64, 0x27, 0x0, 0x27, 0xdb,
    0x48, 0x0, 0xec, 0x9c, 0x40, 0xe, 0x9e, 0x3a,
    0x1, 0x8a, 0x8e, 0x40,

    /* U+0053 "S" */
    0x5, 0xcf, 0xf6, 0x1, 0xd0, 0x55, 0x10, 0x18,
    0x11, 0x55, 0x0, 0xa6, 0xf8, 0xa0, 0x16, 0x50,
    0x55, 0x80, 0x4b, 0x8c, 0x88, 0x59, 0x55, 0x20,
    0x33, 0x16, 0xa8, 0x34, 0x40,

    /* U+0054 "T" */
    0xcf, 0xfe, 0xc8, 0xa7, 0x7, 0xa8, 0x45, 0xd0,
    0xd5, 0x40, 0xf, 0xfe, 0xb8,

    /* U+0055 "U" */
    0x1f, 0x90, 0xb, 0x74, 0x1, 0xff, 0xcc, 0x10,
    0xf, 0xe5, 0x0, 0x89, 0x81, 0x8e, 0x5a, 0xc3,
    0x82, 0x59, 0xe5, 0xa5, 0x40,

    /* U+0056 "V" */
    0xbf, 0x10, 0xb, 0xb3, 0x81, 0xc0, 0x8, 0x34,
    0xa1, 0xa0, 0xe, 0x6, 0x6, 0x41, 0x5, 0x50,
    0x2, 0x81, 0xd4, 0x38, 0x0, 0x65, 0xbe, 0x28,
    0x1, 0x2a, 0x21, 0x80, 0x35, 0x0, 0xd0, 0x0,

    /* U+0057 "W" */
    0xbf, 0x10, 0x6, 0x79, 0x80, 0x37, 0x58, 0x8,
    0x2, 0x61, 0x60, 0x24, 0xaa, 0xc, 0x7, 0x3,
    0x40, 0x40, 0xc2, 0x22, 0x6, 0xa5, 0x98, 0x68,
    0x20, 0x29, 0xa, 0x6a, 0x2, 0xa2, 0x80, 0x30,
    0x20, 0x1c, 0xc7, 0xcf, 0x0, 0x8, 0xc, 0x42,
    0x8, 0xa0, 0xe0, 0x12, 0x82, 0x80, 0x3c, 0x8,
    0x40,

    /* U+0058 "X" */
    0x5f, 0x90, 0x3, 0xfa, 0xa9, 0x18, 0x89, 0x8,
    0xa1, 0x21, 0x30, 0x34, 0x0, 0x28, 0x45, 0xb1,
    0x0, 0xf1, 0x80, 0x47, 0xc, 0x92, 0x40, 0xe,
    0x18, 0x90, 0x90, 0x92, 0xb1, 0x27, 0x46,

    /* U+0059 "Y" */
    0xbf, 0x30, 0x6, 0x70, 0xc8, 0x48, 0x21, 0xc8,
    0x92, 0xa8, 0xa0, 0x9c, 0x1, 0x1, 0xc7, 0x0,
    0x11, 0x31, 0x99, 0x40, 0x35, 0x5, 0x80, 0x7f,
    0xf1, 0xc0,

    /* U+005A "Z" */
    0x6f, 0xff, 0x2, 0x55, 0x4c, 0xe, 0x4, 0xaa,
    0x76, 0x48, 0x0, 0xde, 0x34, 0x1, 0xa8, 0xb4,
    0x40, 0x27, 0x59, 0x30, 0x9, 0x20, 0x8d, 0x56,
    0x8, 0x2, 0xaa, 0xc0,

    /* U+005B "[" */
    0xbf, 0xe0, 0x5e, 0x0, 0xff, 0xe5, 0x2f, 0x0,

    /* U+005C "\\" */
    0xa, 0xa0, 0x17, 0xb8, 0x3e, 0x80, 0x35, 0x1,
    0x3, 0x3, 0x50, 0x0, 0x82, 0x2c, 0x55, 0x2,
    0x60, 0x16, 0x7, 0x2a, 0x87, 0xc6, 0x94, 0xbc,
    0xdc, 0x3c, 0x9c, 0x7d, 0x40, 0xa, 0xa2, 0x7,
    0x52, 0x0, 0xdc, 0x4e, 0x1a, 0x4a, 0x1, 0x8c,
    0x34, 0xc, 0x3c, 0x0,

    /* U+005D "]" */
    0x9f, 0xf0, 0x4d, 0x0, 0x7f, 0xf4, 0xa6, 0x80,
    0x0,

    /* U+005E "^" */
    0x0, 0x37, 0x0, 0x74, 0x1b, 0x80, 0x4e, 0x5d,
    0x22, 0x0, 0x98, 0x35, 0x90, 0x72, 0x40, 0x97,
    0x20,

    /* U+005F "_" */
    0xbb, 0xe1,

    /* U+0060 "`" */
    0x3f, 0x40, 0x3b, 0xa1,

    /* U+0061 "a" */
    0xa, 0xef, 0xb1, 0x2, 0xdc, 0x48, 0xc, 0xb8,
    0x5, 0x55, 0xff, 0x88, 0x34, 0x15, 0xc8, 0x28,
    0xb6, 0x48, 0x0,

    /* U+0062 "b" */
    0x2f, 0x70, 0xf, 0xfe, 0x5f, 0x5f, 0xe1, 0x0,
    0x4f, 0xd2, 0x7c, 0x1, 0x32, 0xb2, 0x18, 0x5,
    0xe0, 0x1f, 0x51, 0x22, 0x14, 0x2, 0x6f, 0xb5,
    0xb0,

    /* U+0063 "c" */
    0x3, 0xbf, 0xf2, 0xe, 0xb5, 0x5b, 0xb8, 0x65,
    0x50, 0xc4, 0x1c, 0x2, 0x50, 0xf4, 0x41, 0x95,
    0x85, 0xd3, 0x80,

    /* U+0064 "d" */
    0x0, 0xef, 0xa0, 0xf, 0xfe, 0x1a, 0x6f, 0x48,
    0x0, 0xac, 0x68, 0x2, 0x40, 0xf4, 0x90, 0x0,
    0x80, 0x79, 0x2, 0x46, 0x0, 0x7, 0x9, 0xe0,
    0x10,

    /* U+0065 "e" */
    0x3, 0xcf, 0xd4, 0x1, 0xc4, 0xd4, 0xb0, 0x70,
    0x6c, 0x60, 0x31, 0xa, 0xfe, 0xe1, 0xa8, 0x79,
    0x11, 0xc0, 0xa9, 0xb3, 0x44, 0x0,

    /* U+0066 "f" */
    0x1, 0xbf, 0x80, 0x94, 0xaa, 0x1, 0x2, 0x95,
    0xa8, 0x7a, 0xca, 0x6, 0x21, 0x8, 0x18, 0x80,
    0x7f, 0xf0, 0xc0,

    /* U+0067 "g" */
    0x5, 0xde, 0x9f, 0xa2, 0xa1, 0xa0, 0x9, 0x3,
    0xd2, 0x40, 0x2, 0x1, 0xe4, 0x8, 0x49, 0x0,
    0x1c, 0x2d, 0x70, 0x4, 0xfd, 0xc5, 0xd, 0x9,
    0x34, 0xe0, 0x50, 0x5c, 0xa7, 0xc2,

    /* U+0068 "h" */
    0x2f, 0x70, 0xf, 0xfe, 0x47, 0x67, 0xd8, 0x4,
    0xf0, 0xc8, 0xc0, 0x6, 0x48, 0xe, 0x0, 0x78,
    0x7, 0xff, 0x18,

    /* U+0069 "i" */
    0x2e, 0x63, 0x75, 0x19, 0x32, 0xf7, 0x0, 0xff,
    0xe1, 0x80,

    /* U+006A "j" */
    0x2, 0xe7, 0x3, 0x73, 0x1, 0x94, 0x2, 0xf8,
    0x0, 0xff, 0xe3, 0xf8, 0x4, 0x29, 0x60, 0xb2,
    0xf0, 0x60,

    /* U+006B "k" */
    0x2f, 0x70, 0xf, 0xfe, 0x56, 0x79, 0x0, 0x50,
    0x76, 0x40, 0xb, 0x78, 0x40, 0x9, 0x83, 0x40,
    0x36, 0xca, 0xb8, 0x6, 0x65, 0x85,

    /* U+006C "l" */
    0x2f, 0x70, 0xf, 0xfe, 0x60,

    /* U+006D "m" */
    0x2f, 0x9c, 0xfa, 0x4d, 0xf9, 0x0, 0x93, 0x9d,
    0x63, 0xd5, 0x8c, 0x0, 0xa5, 0x61, 0x45, 0xe0,
    0xc0, 0xf, 0x0, 0xe1, 0x0, 0xff, 0xe6, 0x0,

    /* U+006E "n" */
    0x2f, 0x9c, 0xfb, 0x0, 0x93, 0xa1, 0x18, 0x0,
    0xa4, 0xc1, 0xc0, 0xf, 0x0, 0x84, 0x3, 0xff,
    0x84,

    /* U+006F "o" */
    0x3, 0xcf, 0xe8, 0x2, 0xc0, 0xb8, 0x79, 0x40,
    0xf4, 0x63, 0x70, 0xf, 0x1a, 0x4, 0x23, 0x1a,
    0x95, 0xbd, 0xc3, 0xc0,

    /* U+0070 "p" */
    0x2f, 0x9b, 0xfc, 0x20, 0x9, 0xe3, 0xb, 0x80,
    0x26, 0x33, 0x21, 0x80, 0x78, 0x40, 0x33, 0x23,
    0x22, 0x80, 0x49, 0x32, 0x5b, 0x0, 0xb7, 0x5f,
    0x42, 0x1, 0xff, 0xc5,

    /* U+0071 "q" */
    0x4, 0xde, 0x9f, 0xa2, 0xb1, 0xa0, 0x9, 0x3,
    0xd2, 0x40, 0x2, 0x1, 0xe4, 0x8, 0x49, 0x0,
    0x1c, 0x2d, 0x70, 0x4, 0xfd, 0xc7, 0x0, 0xff,
    0xe2, 0x0,

    /* U+0072 "r" */
    0x0, 0xe2, 0xfa, 0xda, 0x0, 0x24, 0x48, 0x1,
    0xd4, 0xc0, 0x1c, 0x1, 0xff, 0xc0,

    /* U+0073 "s" */
    0x8, 0xef, 0xb0, 0x47, 0x6d, 0xf0, 0x60, 0x65,
    0x50, 0x16, 0xb4, 0xf8, 0x1b, 0x4b, 0x88, 0x9e,
    0xb9, 0x24, 0x40,

    /* U+0074 "t" */
    0x4, 0x80, 0xb, 0xd8, 0x1, 0x88, 0x3e, 0xbc,
    0x63, 0x8a, 0x4e, 0x6, 0x1, 0xf0, 0x89, 0x44,
    0x24, 0x69, 0x40,

    /* U+0075 "u" */
    0x4f, 0x60, 0x2f, 0x70, 0xf, 0xfe, 0x13, 0x80,
    0x42, 0x0, 0x20, 0xd1, 0xa0, 0x0, 0xc2, 0xf8,
    0x80, 0x0,

    /* U+0076 "v" */
    0xce, 0x0, 0x3f, 0x9d, 0xa, 0x5, 0x91, 0xb0,
    0x68, 0x9d, 0x0, 0x15, 0xdc, 0xc, 0x0, 0xe1,
    0xa5, 0x10, 0x2, 0x9, 0xf0, 0x0,

    /* U+0077 "w" */
    0xbe, 0x0, 0x7e, 0x81, 0xfa, 0x60, 0x92, 0x1,
    0xa, 0x2, 0x28, 0x3e, 0xb0, 0x26, 0xa8, 0x11,
    0x31, 0x34, 0xf1, 0x30, 0x0, 0x8e, 0x49, 0x6e,
    0x2e, 0x0, 0xd1, 0x40, 0x41, 0x31, 0x0,

    /* U+0078 "x" */
    0x7f, 0x50, 0xbe, 0x17, 0x28, 0x44, 0x58, 0x87,
    0x15, 0xaa, 0x80, 0x38, 0x40, 0x2e, 0x39, 0x45,
    0x9, 0x2f, 0x63, 0xb1,

    /* U+0079 "y" */
    0xcf, 0x0, 0x2f, 0x9d, 0x2, 0x7, 0x91, 0xb0,
    0x70, 0x2d, 0x0, 0x19, 0x14, 0x18, 0x1, 0x63,
    0x8, 0x20, 0x2, 0x32, 0xe0, 0xc, 0xc2, 0xa0,
    0x3, 0x65, 0x90, 0xa, 0x64, 0xce, 0x1, 0x0,

    /* U+007A "z" */
    0x8f, 0xfd, 0x13, 0x98, 0x11, 0x48, 0x9d, 0xe,
    0x88, 0x2b, 0x49, 0x81, 0x51, 0xa9, 0x8f, 0x1,
    0xe6, 0x20,

    /* U+007B "{" */
    0x0, 0x5e, 0x2, 0xa6, 0x81, 0x8, 0x80, 0x3b,
    0x48, 0x19, 0x60, 0x19, 0x60, 0x1, 0xa4, 0x0,
    0x11, 0x81, 0xd3, 0x40,

    /* U+007C "|" */
    0x95, 0x4d, 0x0, 0xff, 0xe4, 0x0,

    /* U+007D "}" */
    0x8c, 0x20, 0x87, 0x80, 0x1, 0x30, 0x0, 0x40,
    0x2e, 0x20, 0x3, 0x85, 0x83, 0x5, 0x7, 0x10,
    0x81, 0x38, 0x43, 0x78, 0x0,

    /* U+007E "~" */
    0x2c, 0xd6, 0xc, 0x58, 0x59, 0xdf, 0x15, 0xb9,
    0x4b, 0xfd, 0x0,

    /* U+00B0 "°" */
    0xa, 0xc7, 0x4, 0x1c, 0x90, 0x41, 0xd9, 0x0,

    /* U+00B1 "±" */
    0x0, 0x1e, 0x80, 0x7f, 0xa3, 0xb0, 0xbb, 0x87,
    0x1f, 0x65, 0xfe, 0x30, 0x17, 0x1, 0x10, 0x4,
    0x2a, 0x1, 0x4f, 0xeb, 0xff, 0x8c,

    /* U+00B7 "·" */
    0x2a, 0x36, 0x55, 0x0,

    /* U+00D7 "×" */
    0x0, 0xf8, 0xf0, 0x41, 0x30, 0xd, 0xb5, 0xae,
    0x40, 0x14, 0xf3, 0x25, 0x0, 0x32, 0xaa, 0xc8,
    0xe, 0x36, 0xa9, 0xe0, 0x7e, 0x60, 0xf8, 0x0,

    /* U+2013 "–" */
    0xff, 0xf1, 0x6e, 0xf8, 0x80,

    /* U+2014 "—" */
    0xff, 0xff, 0xe0, 0x26, 0xef, 0xff, 0x1, 0x0,

    /* U+2018 "‘" */
    0x9, 0x80, 0x6c, 0x27, 0x40,

    /* U+2019 "’" */
    0xc, 0x90, 0x3b, 0x28, 0x20,

    /* U+201C "“" */
    0x9, 0x84, 0xd0, 0x6c, 0xe4, 0x27, 0x52, 0xa0,

    /* U+201D "”" */
    0xc, 0x97, 0xd0, 0x1, 0xdd, 0xa8, 0xa, 0x9,
    0x18, 0x0,

    /* U+2022 "•" */
    0x8, 0xe8, 0x0, 0x38, 0xb8, 0x1, 0x81, 0x80,

    /* U+2026 "…" */
    0x9, 0x50, 0x49, 0x10, 0x95, 0x17, 0xd0, 0x37,
    0x30, 0x4c,

    /* U+2103 "℃" */
    0x1b, 0xb0, 0x80, 0x1a, 0xf7, 0x1e, 0x77, 0xa0,
    0x2e, 0x59, 0xdd, 0x80, 0x1a, 0x12, 0x36, 0xae,
    0xd3, 0xbd, 0xc, 0x4e, 0x1, 0x86, 0xec, 0x2,
    0xe0, 0x1f, 0x84, 0x4, 0x3, 0xf8, 0xd0, 0x80,
    0x3f, 0x40, 0x6c, 0x2b, 0x40, 0x6, 0x4b, 0x27,
    0xa9, 0x10, 0xe, 0x4d, 0xee, 0x7c, 0x80,

    /* U+2192 "→" */
    0x0, 0xf2, 0x38, 0x0, 0x47, 0xcd, 0x2e, 0x19,
    0xdd, 0xda, 0x31, 0x5b, 0xff, 0xdc, 0x37, 0x40,
    0x1e, 0x2b, 0x40,

    /* U+AC00 "가" */
    0x2, 0x44, 0xe0, 0x8e, 0x0, 0xaa, 0xef, 0x50,
    0x7, 0xa3, 0xfe, 0x24, 0x0, 0xfe, 0x32, 0xf0,
    0xf, 0xef, 0x25, 0x0, 0xf, 0xd0, 0x5, 0x47,
    0xc0, 0x1a, 0xe4, 0x6, 0xd6, 0x8c, 0x2, 0x14,
    0x30, 0xc5, 0xb5, 0x0, 0xfd, 0xfe, 0x40, 0xf,
    0xe2, 0x10, 0xf, 0xfe, 0x48,

    /* U+AC01 "각" */
    0x7, 0xff, 0xdc, 0x11, 0xc0, 0x13, 0x66, 0x2c,
    0x10, 0x3, 0xc2, 0x66, 0x20, 0xe0, 0x0, 0xa1,
    0x80, 0x47, 0x28, 0x80, 0xa, 0xe8, 0x0, 0xb8,
    0x76, 0x1, 0xf, 0xc8, 0x65, 0x36, 0x0, 0x7e,
    0xfb, 0xa3, 0x3d, 0xcc, 0x1, 0x19, 0xb3, 0x3a,
    0x58, 0x3, 0x3f, 0xff, 0x38, 0x7, 0xff, 0x3c,

    /* U+AC04 "간" */
    0x8, 0xff, 0xd6, 0x11, 0xc0, 0x15, 0x66, 0x28,
    0xc, 0x3, 0xc4, 0x66, 0xd0, 0xb0, 0xf, 0xc6,
    0xea, 0x60, 0x1, 0xfa, 0x0, 0x26, 0x15, 0x80,
    0x6b, 0x81, 0xab, 0x2c, 0x10, 0x8, 0x50, 0x87,
    0x67, 0x44, 0x3, 0xf3, 0xa5, 0x98, 0x7, 0xf0,
    0xa3, 0x80, 0x53, 0x80, 0x1e, 0x33, 0xc4, 0x20,
    0x1e, 0x8c, 0xce, 0x20,

    /* U+AC10 "감" */
    0x7, 0xff, 0xda, 0x11, 0xc0, 0x13, 0x66, 0x2c,
    0x10, 0x3, 0xc2, 0x66, 0xc0, 0xa0, 0x0, 0xa1,
    0x80, 0x48, 0xec, 0x60, 0x15, 0xd0, 0x1, 0xad,
    0x24, 0x2, 0x1f, 0x90, 0xc9, 0x6b, 0x0, 0xfd,
    0xf9, 0xa8, 0x98, 0x10, 0x2, 0x30, 0xbb, 0xe7,
    0x40, 0xf, 0x67, 0xfc, 0xe0, 0x1f, 0x29, 0x9c,
    0x40, 0x1f, 0x4e, 0x64, 0xa0, 0x10,

    /* U+AC12 "값" */
    0x8, 0xff, 0xd6, 0x1d, 0x40, 0x15, 0x66, 0x24,
    0x30, 0x3, 0xc4, 0x66, 0xc0, 0x60, 0x2, 0xea,
    0x0, 0x52, 0xb0, 0x20, 0x3, 0xb5, 0x6, 0xd6,
    0x63, 0x80, 0x4c, 0xc1, 0xa, 0x3a, 0x90, 0xc,
    0x60, 0x16, 0xcb, 0xc, 0x1, 0x34, 0x80, 0x43,
    0x34, 0xce, 0x2e, 0xe1, 0x0, 0xe4, 0xa0, 0x6,
    0x82, 0x0, 0x75, 0x40, 0x2b, 0x94, 0x8, 0x6,
    0x8a, 0xa, 0x5d, 0x1b, 0x0, 0xbb, 0xff, 0x50,
    0x65, 0x0,

    /* U+AC1C "개" */
    0x2, 0x44, 0xc7, 0xe7, 0xd0, 0x11, 0x77, 0x50,
    0x7, 0xab, 0xfc, 0x6a, 0x1, 0xf8, 0x4f, 0x0,
    0x3f, 0x48, 0x30, 0x3, 0x4, 0x2, 0x37, 0x70,
    0x80, 0x24, 0x2, 0x2d, 0x28, 0x0, 0x94, 0x40,
    0x70, 0x3c, 0x3, 0xe1, 0xbc, 0x20, 0xf, 0xca,
    0x40, 0x1f, 0xfc, 0x70,

    /* U+AC74 "건" */
    0x8, 0xff, 0xd8, 0x3, 0xec, 0x13, 0x98, 0xb0,
    0x50, 0xe, 0x13, 0x31, 0x6, 0x89, 0x80, 0x71,
    0x49, 0xff, 0x68, 0x6, 0x2f, 0xe, 0x9c, 0xb0,
    0x9, 0xb0, 0xf0, 0x88, 0x6a, 0x1, 0x6a, 0xf9,
    0x80, 0x7d, 0x76, 0xa6, 0x0, 0xfe, 0x5e, 0x0,
    0x87, 0x98, 0x3, 0x11, 0x9e, 0x22, 0x0, 0x65,
    0xcc, 0xeb,

    /* U+AC80 "검" */
    0x7, 0xff, 0xdc, 0x3, 0xec, 0xd, 0x98, 0xb0,
    0x40, 0xe, 0x13, 0x38, 0x31, 0x10, 0x1, 0xc9,
    0xb, 0xf7, 0x40, 0x19, 0xac, 0xea, 0x7f, 0x80,
    0x2c, 0x96, 0xc0, 0xf, 0xbe, 0xe9, 0x13, 0x2a,
    0x88, 0xd, 0x36, 0xef, 0x94, 0x80, 0x33, 0xff,
    0xe0, 0xf, 0x11, 0x9c, 0x80, 0x1e, 0x5c, 0xca,
    0xc0, 0x0,

    /* U+AC83 "것" */
    0x7, 0xff, 0xda, 0x0, 0xf7, 0x0, 0x36, 0x62,
    0xc1, 0xc0, 0x3c, 0x26, 0x62, 0xf, 0x11, 0x0,
    0x78, 0xa4, 0xfb, 0xa0, 0xe, 0x4c, 0x1d, 0xad,
    0xd0, 0x6, 0xab, 0x3c, 0x11, 0x11, 0x0, 0x36,
    0xbe, 0x91, 0x18, 0x3, 0xcf, 0x0, 0x4, 0x92,
    0x7, 0x40, 0xe, 0x1b, 0x9, 0x8, 0x30, 0xc,
    0xbe, 0x16, 0xb8, 0x80, 0x1b, 0x69, 0xf5, 0x3d,
    0xae, 0xc0, 0x17, 0xf4, 0x80, 0x6, 0xba, 0x80,

    /* U+AC8C "게" */
    0x3, 0x44, 0x8d, 0x3c, 0xf6, 0x42, 0x6e, 0xe8,
    0x0, 0xf5, 0x7f, 0x84, 0xc0, 0x3f, 0x10, 0x81,
    0x80, 0x7d, 0x60, 0xf0, 0x1, 0xe2, 0x68, 0xfb,
    0x0, 0xe1, 0xf2, 0x70, 0xf, 0xe, 0x1f, 0x80,
    0x7c, 0x35, 0xa4, 0x1, 0xf9, 0xcc, 0x3, 0xff,
    0x8e,

    /* U+ACB0 "결" */
    0x7, 0xff, 0xda, 0x3, 0xec, 0xd, 0x98, 0xa0,
    0x6d, 0xc0, 0x8, 0x4c, 0xa4, 0x6b, 0xa4, 0x3,
    0x37, 0x96, 0x37, 0x48, 0x5, 0xb2, 0xfe, 0x4b,
    0x10, 0x0, 0xb3, 0xa4, 0x40, 0x95, 0x62, 0x1,
    0x16, 0xf7, 0x72, 0x8, 0x5, 0x37, 0x7c, 0x26,
    0x1, 0x55, 0x78, 0xc, 0x3, 0x2e, 0x67, 0x38,
    0x6, 0x5c, 0xce, 0x80,

    /* U+ACBD "경" */
    0x7, 0xff, 0xda, 0x0, 0xf6, 0x6, 0xcc, 0x58,
    0x3a, 0x20, 0x2, 0x13, 0x31, 0x6, 0x55, 0x0,
    0x38, 0xa5, 0x99, 0xfe, 0x0, 0xc9, 0x89, 0x31,
    0xdc, 0x0, 0xaa, 0xda, 0xc2, 0x3b, 0x80, 0x14,
    0xe4, 0x2d, 0xee, 0xad, 0x54, 0x6, 0x67, 0xa2,
    0xba, 0x15, 0x0, 0xd6, 0x92, 0xcc, 0xb0, 0xb0,
    0x9, 0x10, 0xe6, 0x92, 0x18, 0x1, 0x44, 0x2b,
    0x29, 0x69, 0x0,

    /* U+ACC4 "계" */
    0x2, 0x33, 0x88, 0xfd, 0x36, 0x42, 0x73, 0x2e,
    0x0, 0xf5, 0x77, 0x8, 0x10, 0x3, 0x84, 0x40,
    0x47, 0x0, 0x1f, 0x48, 0x7e, 0x0, 0x78, 0x9d,
    0x91, 0x40, 0x3d, 0xe5, 0xf7, 0x20, 0x18, 0x70,
    0xbd, 0xbf, 0x0, 0x30, 0xde, 0x10, 0x7, 0xe7,
    0x30, 0xf, 0xfe, 0x38,

    /* U+ACE0 "고" */
    0x0, 0x19, 0xfe, 0x0, 0xdb, 0x99, 0xed, 0x0,
    0xdd, 0xff, 0xcc, 0x1, 0xff, 0xc7, 0x5b, 0x0,
    0x19, 0x80, 0x3c, 0x48, 0x0, 0x61, 0x0, 0xff,
    0x32, 0x80, 0x7f, 0xaa, 0x40, 0x3, 0xff, 0x40,
    0x7f, 0xf3, 0xd, 0xdf, 0xf9, 0xc0,

    /* U+ACF5 "공" */
    0x0, 0x47, 0xff, 0xb4, 0x3, 0x4e, 0x67, 0x20,
    0x7, 0x9, 0x95, 0x1, 0x88, 0x80, 0x3c, 0x6c,
    0xc0, 0x17, 0x0, 0x95, 0x64, 0xc, 0x5e, 0xe2,
    0x90, 0xd5, 0x52, 0xd, 0x55, 0x90, 0x7f, 0xed,
    0xbb, 0x67, 0xfc, 0xc0, 0x2, 0xcd, 0xaa, 0x67,
    0x30, 0x6, 0xb2, 0xde, 0xe7, 0xa4, 0x80, 0x61,
    0x12, 0x99, 0x95, 0xc4, 0x3, 0x44, 0x2f, 0x31,
    0x69, 0x80, 0x0,

    /* U+ACFC "과" */
    0x1, 0x22, 0xe0, 0x6f, 0x10, 0x4, 0x6e, 0xf1,
    0x80, 0x74, 0x77, 0x56, 0x2, 0x1, 0xc2, 0x39,
    0xc0, 0xc0, 0x3c, 0x2e, 0x4e, 0x1, 0x90, 0xc0,
    0x7, 0xe, 0x20, 0x20, 0xa, 0x80, 0xe, 0x12,
    0x0, 0xba, 0xc0, 0x31, 0xae, 0x10, 0x80, 0x53,
    0xfa, 0x13, 0xdc, 0xde, 0x0, 0xaf, 0x33, 0x6f,
    0x73, 0xc0, 0x22, 0x33, 0xc4, 0x22, 0x0, 0xc0,

    /* U+AD00 "관" */
    0x6, 0xff, 0xe6, 0x5f, 0x10, 0x3, 0xe6, 0x56,
    0x1, 0xf0, 0x98, 0xa, 0x81, 0x80, 0x7d, 0xb6,
    0x60, 0x20, 0xa, 0x80, 0xe, 0x2c, 0x63, 0x2,
    0xe4, 0xff, 0xb, 0x7e, 0x6f, 0x84, 0x32, 0xdd,
    0xd9, 0x8d, 0xd7, 0x80, 0x42, 0x83, 0x86, 0x62,
    0x21, 0x80, 0x76, 0x30, 0x6, 0x4b, 0x10, 0xc,
    0x26, 0x78, 0x9c, 0x3, 0xd9, 0x9e, 0x40,

    /* U+AD50 "교" */
    0x0, 0x22, 0x7e, 0x0, 0xd5, 0x77, 0xf0, 0x6,
    0xef, 0xfe, 0x80, 0xf, 0xfe, 0x35, 0x38, 0x62,
    0xf8, 0x7, 0x9f, 0x40, 0xc8, 0x4, 0x3, 0xfd,
    0xce, 0x1, 0xfe, 0x69, 0x0, 0xf, 0xf8, 0x97,
    0xc2, 0x3f, 0xe6, 0x1b, 0xbf, 0xf3, 0x80,

    /* U+AD6C "구" */
    0x0, 0x57, 0xff, 0xb4, 0x3, 0x46, 0x67, 0x20,
    0x7, 0x11, 0x9f, 0x8, 0x80, 0x3f, 0xc2, 0xe0,
    0x11, 0x9f, 0xcc, 0x6, 0x22, 0xcc, 0xf8, 0x93,
    0x1c, 0x7b, 0xb1, 0x9b, 0xbb, 0x30, 0x8, 0xe0,
    0x71, 0x1c, 0x1, 0xff, 0xd9,

    /* U+ADF8 "그" */
    0x0, 0x11, 0x7c, 0x20, 0x1b, 0xf7, 0x7d, 0x40,
    0x1b, 0x7f, 0xf8, 0xc0, 0x3f, 0xfa, 0xe2, 0x20,
    0xf, 0xf1, 0x98, 0x2, 0x11, 0xff, 0x0, 0xf7,
    0x7c, 0xf, 0xcc, 0x3b, 0xbf, 0xe6,

    /* U+ADFC "근" */
    0x0, 0x47, 0xff, 0xa8, 0x3, 0x4e, 0x67, 0x10,
    0x7, 0x9, 0x9f, 0x9, 0x80, 0x7f, 0x84, 0x3,
    0x22, 0x7c, 0x66, 0x41, 0x15, 0xdf, 0xc2, 0xb6,
    0xe3, 0xff, 0xfe, 0x60, 0x3, 0xe0, 0x7, 0xfb,
    0x88, 0x3, 0xff, 0x80, 0x67, 0xe0, 0xe, 0x1c,
    0xce, 0xe0, 0x0,

    /* U+AE08 "금" */
    0x0, 0x47, 0xff, 0xb4, 0x3, 0x56, 0x67, 0x20,
    0x80, 0x62, 0x33, 0xe1, 0x0, 0xc2, 0x3f, 0x9c,
    0x40, 0x7b, 0xbe, 0x44, 0x73, 0xe, 0xef, 0xf9,
    0xc0, 0x81, 0x9b, 0xe2, 0x10, 0x5, 0x5d, 0xfa,
    0x80, 0x3d, 0xff, 0x98, 0x3, 0xe3, 0x3e, 0x0,
    0xfb, 0x33, 0x28, 0x4,

    /* U+AE30 "기" */
    0x2, 0x44, 0xe0, 0x3f, 0x30, 0x5b, 0xbe, 0x0,
    0xe7, 0xff, 0x94, 0xc0, 0x3f, 0x95, 0x0, 0x3f,
    0x40, 0x48, 0x7, 0xca, 0xf2, 0x20, 0x1e, 0x7a,
    0x66, 0x0, 0x7b, 0x21, 0xe4, 0x3, 0xef, 0xc8,
    0x0, 0xfc, 0x66, 0x0, 0xff, 0xe3, 0x80,

    /* U+AE40 "김" */
    0x5, 0xff, 0xe0, 0x3f, 0x40, 0x4c, 0xc8, 0x50,
    0x3, 0x84, 0xcc, 0xc3, 0xe0, 0x1f, 0x1d, 0x2a,
    0x0, 0x79, 0x71, 0x28, 0x3, 0xd7, 0x4b, 0x60,
    0x1f, 0x45, 0xf2, 0x26, 0x65, 0x60, 0x34, 0xbb,
    0xea, 0x56, 0x0, 0xd3, 0xff, 0x68, 0x7, 0xb8,
    0xce, 0x70, 0xf, 0x3e, 0x65, 0x40, 0x0,

    /* U+AEBC "꺼" */
    0x3, 0x44, 0x12, 0x20, 0x43, 0xe0, 0x22, 0xef,
    0x9c, 0x3, 0x5d, 0x4, 0xf8, 0x18, 0x7, 0x10,
    0x81, 0x1, 0x20, 0x6, 0xc4, 0x7, 0x8, 0xb0,
    0x8, 0x53, 0xc3, 0xb, 0xfc, 0x1, 0x58, 0xa8,
    0x35, 0x0, 0x61, 0x68, 0x7, 0x6, 0x0, 0xc3,
    0x8c, 0x14, 0xc2, 0x1, 0xfb, 0x64, 0x3, 0xff,
    0x88,

    /* U+B044 "끄" */
    0x2, 0x44, 0x85, 0x13, 0x0, 0x57, 0x79, 0xae,
    0xf0, 0x5, 0x3f, 0xa0, 0x7f, 0xe7, 0x0, 0xf0,
    0x80, 0x7f, 0xf0, 0x5c, 0x3, 0xf9, 0x80, 0x80,
    0x21, 0x0, 0xed, 0x1, 0x0, 0x8, 0x7, 0x88,
    0xc0, 0x23, 0x30, 0x0, 0x7f, 0xca, 0x7f, 0xf2,
    0x97, 0xb0, 0xdd, 0xff, 0x9c,

    /* U+B04A "끊" */
    0x4, 0xff, 0xaf, 0x7f, 0xe1, 0x0, 0x26, 0x60,
    0x87, 0xb1, 0xc0, 0x40, 0x23, 0x3f, 0x78, 0x6,
    0x22, 0x84, 0x44, 0x4e, 0x12, 0x1, 0xdd, 0x81,
    0xf7, 0x4c, 0x3a, 0xc3, 0xdd, 0xe8, 0x87, 0x71,
    0x80, 0x59, 0x44, 0x16, 0xe9, 0x4c, 0x2, 0x9d,
    0x5, 0xe7, 0x6e, 0x60, 0xf, 0x20, 0x22, 0x1,
    0x0, 0x31, 0x9c, 0xb3, 0x25, 0x10, 0xc, 0xb9,
    0x6f, 0x32, 0x71, 0x0,

    /* U+B05D "끝" */
    0x4, 0xff, 0xab, 0xbf, 0xe0, 0x9, 0x33, 0x2,
    0x7b, 0x8c, 0x20, 0x18, 0xcc, 0x22, 0x33, 0x9,
    0x80, 0x42, 0x22, 0xf, 0x11, 0x10, 0x8, 0xf,
    0x73, 0x42, 0x3b, 0x8a, 0x5c, 0xc3, 0xb9, 0x9f,
    0xb5, 0x80, 0xa7, 0x33, 0xd0, 0x40, 0x18, 0x6a,
    0xba, 0x0, 0x38, 0x6a, 0xb9, 0x0, 0x38, 0x73,
    0x39, 0x40, 0x38, 0x73, 0x3b, 0x80, 0x0,

    /* U+B098 "나" */
    0x12, 0x0, 0xe8, 0xe0, 0x4, 0xe0, 0x7, 0xff,
    0x6c, 0x7e, 0xc0, 0x3f, 0xae, 0x0, 0x51, 0xa,
    0xcc, 0x1, 0x43, 0x0, 0x5d, 0xec, 0x0, 0xd1,
    0xff, 0x76, 0xd0, 0x7, 0xff, 0x38,

    /* U+B0A8 "남" */
    0x5f, 0x10, 0xd, 0x1c, 0x1, 0xff, 0xc9, 0x19,
    0x50, 0x1, 0x10, 0xd1, 0x0, 0x2, 0x20, 0x3,
    0x37, 0x2e, 0x0, 0x6d, 0xd7, 0xba, 0xff, 0x60,
    0x7, 0x95, 0x48, 0x97, 0xb0, 0x4, 0x57, 0x7d,
    0xc, 0x1, 0xd9, 0xff, 0x38, 0x7, 0x94, 0xce,
    0x20, 0xf, 0x4e, 0x64, 0xa0, 0x10,

    /* U+B0B4 "내" */
    0x12, 0x0, 0x9b, 0xc3, 0xa2, 0x70, 0x3, 0xff,
    0xaf, 0xe2, 0x1, 0xfa, 0x80, 0x21, 0x56, 0x80,
    0x2, 0x88, 0x78, 0xdd, 0x90, 0x40, 0x33, 0xf7,
    0x37, 0x4, 0x3, 0xff, 0x98,

    /* U+B0C9 "냉" */
    0x8f, 0x0, 0x97, 0xc7, 0xa0, 0x3, 0xff, 0x8b,
    0x22, 0x1, 0xc2, 0x0, 0x50, 0xd, 0xfe, 0xe3,
    0xc, 0x10, 0xab, 0xb6, 0x69, 0x80, 0x62, 0x44,
    0x18, 0x84, 0x1a, 0xf0, 0x1, 0x7b, 0x2e, 0x74,
    0x1c, 0x1, 0x49, 0xfd, 0xcd, 0x49, 0x0, 0x13,
    0xa9, 0xa5, 0x7, 0x0, 0x3d, 0x2f, 0x29, 0x25,
    0x80,

    /* U+B110 "널" */
    0x6f, 0x0, 0xe2, 0xf4, 0x0, 0xc5, 0xfe, 0xd0,
    0xf, 0x15, 0xda, 0x40, 0x32, 0x21, 0x48, 0x50,
    0x3, 0x5d, 0x5d, 0xb0, 0x2, 0x6f, 0xf7, 0x73,
    0x64, 0xd9, 0x80, 0xf, 0xfe, 0xe6, 0x60, 0x2,
    0x67, 0xa0, 0x3, 0x4c, 0xf4, 0x0, 0x73, 0x66,
    0x73, 0x0, 0x4d, 0x99, 0xd6,

    /* U+B124 "네" */
    0x13, 0x0, 0x8f, 0xcf, 0xa2, 0x74, 0x3, 0xff,
    0x80, 0x2e, 0x1, 0xf3, 0xf5, 0x80, 0x7c, 0xdb,
    0x40, 0x1f, 0x9, 0x30, 0x7, 0xa, 0xb4, 0x0,
    0x77, 0x94, 0x59, 0xb8, 0x6, 0x7d, 0xda, 0xdc,
    0x3, 0xff, 0x98,

    /* U+B137 "넷" */
    0x8f, 0x0, 0x8f, 0xcf, 0xa0, 0x3, 0xa, 0x28,
    0x7, 0xe4, 0xb9, 0x0, 0xfc, 0xbf, 0x80, 0x1f,
    0x6f, 0x78, 0x7, 0xae, 0xa2, 0xb0, 0x0, 0x20,
    0x11, 0xaa, 0x90, 0xaf, 0x48, 0x3, 0xe4, 0x77,
    0x5, 0x50, 0x3, 0xc, 0x5, 0x8a, 0x10, 0x0,
    0x9f, 0x83, 0x4b, 0x9c, 0x40, 0x1d, 0xf, 0xa5,
    0x8f, 0x3a, 0x0, 0xcf, 0x80, 0xa, 0x3b, 0x40,

    /* U+B178 "노" */
    0x0, 0x84, 0x3, 0xfd, 0x3e, 0x1, 0xff, 0xd8,
    0x55, 0xf0, 0x6, 0xe0, 0xba, 0xa5, 0xda, 0x40,
    0x33, 0xf7, 0x14, 0xfb, 0x98, 0x1, 0xff, 0xc2,
    0x1f, 0xfc, 0xa7, 0xff, 0x98, 0x6e, 0xff, 0xce,

    /* U+B192 "높" */
    0x0, 0x3f, 0x80, 0x7f, 0xf3, 0x3f, 0xfc, 0x1,
    0x96, 0xec, 0x83, 0x77, 0x0, 0x53, 0x7b, 0xa6,
    0x1d, 0xda, 0x4c, 0x15, 0x70, 0x9a, 0xae, 0x60,
    0xcf, 0x88, 0xfb, 0x14, 0x1, 0x17, 0x7f, 0x8,
    0x5, 0x76, 0xd, 0xf3, 0x5f, 0x10, 0x8, 0xcc,
    0xe, 0x62, 0x23, 0x0, 0xdd, 0x1, 0x58, 0x49,
    0x86, 0x0,

    /* U+B204 "누" */
    0x0, 0x3f, 0x80, 0x7f, 0xf3, 0x8, 0xbc, 0x1,
    0xed, 0xde, 0xf0, 0xc, 0xfd, 0xde, 0xc0, 0x9,
    0x10, 0xab, 0xf2, 0x8, 0xae, 0xff, 0xce, 0x3f,
    0xf9, 0x4f, 0xff, 0x30, 0x7, 0xff, 0x60,

    /* U+B20C "눌" */
    0x0, 0x3f, 0x80, 0x7f, 0xf3, 0x3b, 0xbc, 0x1,
    0x96, 0xae, 0xfa, 0x80, 0x3, 0xfb, 0x55, 0xeb,
    0xf6, 0x1c, 0xcc, 0xa3, 0x99, 0x9c, 0xe, 0xf3,
    0xa, 0x39, 0x8d, 0x31, 0x0, 0x5d, 0x57, 0x20,
    0x7, 0x5d, 0x57, 0x20, 0x7, 0xd9, 0x9d, 0xa0,
    0x1e, 0xcc, 0xf1, 0x0,

    /* U+B294 "는" */
    0x0, 0x47, 0x80, 0x7f, 0xf3, 0x11, 0x38, 0xc0,
    0x3d, 0x77, 0xde, 0x1, 0xa3, 0xff, 0xd8, 0x0,
    0x1f, 0xff, 0xf3, 0xd, 0xdf, 0xf9, 0xc1, 0x1c,
    0x11, 0x3e, 0x10, 0x5, 0x50, 0x3, 0xff, 0x80,
    0x67, 0xe0, 0xe, 0x1c, 0xce, 0xe0, 0x0,

    /* U+B2A5 "능" */
    0x0, 0x3f, 0x80, 0x7f, 0xf3, 0x19, 0xb9, 0x40,
    0x30, 0x8a, 0x23, 0xc0, 0x11, 0xae, 0xef, 0xb8,
    0xc4, 0x5b, 0xbf, 0xe7, 0x1e, 0xeb, 0xf6, 0xb3,
    0xba, 0x60, 0x0, 0xe7, 0x65, 0x6f, 0x20, 0x6,
    0x82, 0xdf, 0xef, 0x5a, 0x0, 0xdc, 0x2a, 0x66,
    0x56, 0x30, 0xc, 0xf1, 0x59, 0x8b, 0x7c, 0x0,
    0x0,

    /* U+B2C8 "니" */
    0x7f, 0x0, 0xe6, 0xf1, 0x0, 0xff, 0xf4, 0x22,
    0x15, 0x98, 0x1, 0x8, 0x5d, 0xec, 0x0, 0x9b,
    0xfe, 0xed, 0xa0, 0xf, 0xfe, 0x58,

    /* U+B2E4 "다" */
    0x24, 0x4c, 0x61, 0x1c, 0x0, 0xab, 0xbd, 0xe0,
    0x1e, 0x1f, 0xfb, 0x0, 0x3f, 0xf9, 0x83, 0xf8,
    0x1, 0xfd, 0x7e, 0x2, 0x89, 0x29, 0x80, 0xa1,
    0x80, 0x2e, 0xd5, 0xa, 0x1, 0xa3, 0xfe, 0xed,
    0x60, 0xf, 0xfe, 0x70,

    /* U+B2E8 "단" */
    0xef, 0xfd, 0x21, 0xd0, 0x1, 0x2d, 0xde, 0x0,
    0xf1, 0x22, 0x44, 0x1, 0xff, 0xc1, 0x7f, 0x40,
    0x36, 0x63, 0xc0, 0x0, 0xdd, 0x89, 0xae, 0xe3,
    0x0, 0x24, 0x16, 0x6e, 0xd9, 0x60, 0x1e, 0x5e,
    0x0, 0xfe, 0x31, 0x10, 0x5, 0x92, 0x1, 0xca,
    0x67, 0x9, 0x0, 0x75, 0xe6, 0x71, 0x0,

    /* U+B2F5 "답" */
    0xef, 0xfd, 0x21, 0xd0, 0x1, 0x2d, 0xde, 0x0,
    0xf1, 0x22, 0x44, 0x0, 0x5a, 0x20, 0x11, 0x88,
    0xc0, 0x21, 0x0, 0x37, 0x73, 0x70, 0x0, 0xb6,
    0x59, 0xba, 0xee, 0x78, 0x7, 0x10, 0xd8, 0x88,
    0x0, 0xda, 0x1, 0x2b, 0x31, 0x56, 0x7d, 0x0,
    0xeb, 0x88, 0x80, 0x3e, 0x9e, 0xe8, 0x40, 0x3d,
    0x79, 0x90, 0x80, 0x40,

    /* U+B300 "대" */
    0x44, 0xc4, 0xfe, 0x1e, 0xf5, 0x77, 0x50, 0x7,
    0x9f, 0xfd, 0x0, 0x1f, 0xfc, 0xaf, 0x0, 0xfe,
    0xb0, 0x8, 0x95, 0x94, 0x0, 0x80, 0x3, 0x48,
    0xbf, 0x0, 0xed, 0xed, 0xd5, 0x0, 0x7f, 0xf3,
    0x40,

    /* U+B370 "데" */
    0x44, 0xc2, 0xde, 0x5e, 0xd5, 0x77, 0x20, 0x7,
    0x9f, 0xfc, 0xa0, 0x1f, 0x89, 0x38, 0x3, 0xea,
    0xb7, 0x0, 0xfa, 0x3e, 0x40, 0x38, 0x95, 0x60,
    0xe, 0x34, 0xb8, 0xf0, 0xe, 0xde, 0xe6, 0xd0,
    0x7, 0xff, 0x34,

    /* U+B378 "델" */
    0xef, 0xfa, 0xf, 0xb, 0xe0, 0x17, 0x2f, 0x18,
    0xc4, 0x2, 0x23, 0x35, 0xd0, 0x7, 0x9, 0x1d,
    0x50, 0x3, 0x9b, 0x6e, 0x44, 0x3, 0x7f, 0x73,
    0xf1, 0xcc, 0x53, 0x84, 0x51, 0x98, 0xf0, 0xe7,
    0x0, 0xb2, 0xef, 0x8f, 0x80, 0x13, 0x11, 0xc0,
    0x1c, 0x99, 0x9d, 0x60, 0x12, 0x66, 0x77, 0x0,

    /* U+B3C4 "도" */
    0x0, 0xa, 0x27, 0x88, 0x3, 0x35, 0xdf, 0xa8,
    0x3, 0xdf, 0xfd, 0x0, 0x1f, 0xfc, 0x63, 0x3e,
    0x20, 0xf, 0x66, 0x77, 0x0, 0x67, 0xff, 0x29,
    0xff, 0xb0, 0x3, 0xff, 0x84, 0x3f, 0xf9, 0x4f,
    0xff, 0x30, 0xdd, 0xff, 0x9c,

    /* U+B3CC "돌" */
    0x0, 0x47, 0xff, 0xac, 0x3, 0xdb, 0xbd, 0x40,
    0x1e, 0x88, 0xe9, 0x0, 0xd7, 0x38, 0xcf, 0x99,
    0x0, 0x7, 0x7a, 0xec, 0x65, 0x76, 0x9d, 0x51,
    0x88, 0xd5, 0x48, 0x8c, 0xe0, 0xbb, 0x55, 0xef,
    0x52, 0x0, 0x55, 0x78, 0x84, 0x3, 0x5d, 0x57,
    0x10, 0x7, 0x86, 0xef, 0xa0, 0x3, 0x86, 0xef,
    0xb0, 0x0,

    /* U+B3D9 "동" */
    0x0, 0x47, 0xff, 0xb4, 0x3, 0xd9, 0x9d, 0xc0,
    0x1e, 0x77, 0xf0, 0x6, 0xf0, 0xbb, 0xea, 0x0,
    0x85, 0xbb, 0x8c, 0x3d, 0xcf, 0x10, 0x1e, 0xec,
    0xc3, 0xdd, 0x98, 0x77, 0x6c, 0xa9, 0xbd, 0xd9,
    0x80, 0x89, 0x39, 0x51, 0x7e, 0x24, 0x1, 0x3a,
    0x67, 0xf7, 0x7, 0xc0, 0x31, 0x5, 0x99, 0x90,
    0x9c, 0x3, 0x2c, 0xa6, 0x62, 0x1e, 0x80, 0x0,

    /* U+B418 "되" */
    0x1, 0x33, 0xe1, 0xf, 0x70, 0x6c, 0xce, 0x70,
    0xf, 0x7f, 0xe6, 0x0, 0xff, 0xe2, 0xa2, 0x62,
    0x0, 0xc2, 0x17, 0x79, 0x40, 0x33, 0x7e, 0x6,
    0x7b, 0x80, 0x7f, 0xf0, 0xa7, 0xfd, 0x81, 0x9f,
    0xe9, 0x0, 0x5d, 0xec, 0xcb, 0x60, 0x0, 0x48,
    0x91, 0x9c, 0x42, 0x0,

    /* U+B41C "된" */
    0x1, 0xff, 0xe6, 0x1f, 0x50, 0xa, 0x33, 0x27,
    0x0, 0xf0, 0x91, 0x42, 0x1, 0xe9, 0xee, 0xa0,
    0x3, 0xe, 0xe8, 0x23, 0x64, 0x2, 0x15, 0x74,
    0xd, 0x46, 0x40, 0x1, 0xdd, 0xa0, 0x9e, 0xb0,
    0xc0, 0x5, 0xdc, 0x6e, 0xdc, 0xb7, 0x0, 0xc2,
    0xec, 0x1, 0xd, 0x20, 0x6, 0xd4, 0x4c, 0x26,
    0x1, 0x9e, 0xef, 0xa8,

    /* U+B428 "됨" */
    0x2, 0xff, 0xe5, 0x1f, 0x50, 0xa, 0x33, 0x24,
    0x0, 0xf9, 0xde, 0x0, 0xfa, 0x2e, 0xe7, 0x0,
    0xc5, 0xfc, 0x15, 0xee, 0x60, 0x3, 0xee, 0x82,
    0xbf, 0xac, 0x0, 0x71, 0x73, 0x2a, 0xbb, 0x51,
    0xb0, 0x32, 0xcc, 0xaa, 0xed, 0x86, 0xc0, 0x19,
    0xb7, 0x6c, 0x0, 0xf8, 0x46, 0x60, 0xf, 0x36,
    0x65, 0x40, 0x0,

    /* U+B4DC "드" */
    0x0, 0xa, 0x27, 0x88, 0x3, 0x35, 0xdf, 0xa8,
    0x3, 0xdf, 0xfd, 0x0, 0x1f, 0xfc, 0x64, 0x4e,
    0x30, 0xc, 0x21, 0x77, 0xd0, 0x1, 0x9b, 0xff,
    0xd6, 0x1, 0xff, 0xc2, 0x1f, 0xff, 0xf3, 0xd,
    0xdf, 0xf9, 0xc0,

    /* U+B4F1 "등" */
    0x0, 0x47, 0xff, 0xb4, 0x3, 0xd9, 0x9d, 0xc0,
    0x1e, 0x77, 0xf0, 0x6, 0xf0, 0xbb, 0xf0, 0x4,
    0x4b, 0xbb, 0xf1, 0x0, 0xee, 0xff, 0x98, 0x7b,
    0xad, 0xcb, 0xde, 0xe9, 0x80, 0x45, 0x7b, 0x97,
    0xba, 0x31, 0x0, 0x9d, 0x6f, 0xfd, 0xa3, 0xc0,
    0x18, 0x40, 0xce, 0x73, 0x70, 0xc, 0xd1, 0x59,
    0x8b, 0x7a, 0x0, 0x0,

    /* U+B77C "라" */
    0x24, 0x4e, 0x7, 0xf0, 0x5, 0x5d, 0xea, 0x0,
    0xe8, 0xff, 0x98, 0x3, 0xc4, 0x89, 0x18, 0x7,
    0xae, 0xd5, 0x44, 0x30, 0xb, 0xec, 0x7, 0xba,
    0xd0, 0xa, 0xe0, 0x3, 0xf9, 0xc, 0x7, 0x7b,
    0x9f, 0xc0, 0x1a, 0xa9, 0x17, 0x59, 0x80, 0xc,
    0x6a, 0xb2, 0x19, 0x0, 0x7f, 0xf0, 0xc0,

    /* U+B798 "래" */
    0xef, 0xfa, 0x17, 0xc7, 0xdf, 0x73, 0x0, 0x1f,
    0x19, 0xc2, 0x1, 0xe4, 0x55, 0x8, 0x7, 0xaa,
    0xa0, 0xc, 0xe0, 0x13, 0x77, 0x20, 0x1, 0x0,
    0x10, 0x8c, 0x1, 0x78, 0x4, 0xff, 0xf1, 0x80,
    0x6d, 0xbb, 0x66, 0x98, 0x6, 0x34, 0x41, 0x90,
    0x7, 0xff, 0xc,

    /* U+B7A8 "램" */
    0x0, 0xfc, 0x63, 0xdf, 0xf4, 0x27, 0x9e, 0xce,
    0x64, 0x1, 0xf2, 0xdd, 0x80, 0x32, 0x88, 0x4a,
    0x9a, 0x70, 0x2, 0x40, 0x24, 0x88, 0x10, 0x3,
    0x4, 0x0, 0xd9, 0xb2, 0x60, 0x1b, 0xbf, 0x2a,
    0x49, 0xdc, 0xd8, 0x0, 0xfb, 0xb5, 0x3d, 0xbe,
    0x0, 0x4d, 0xff, 0x84, 0x3, 0x11, 0x9e, 0x10,
    0xc, 0x99, 0x98, 0x0,

    /* U+B7C9 "량" */
    0xef, 0xfd, 0x1, 0xd0, 0x0, 0xdc, 0xc8, 0x3,
    0x36, 0x9c, 0x77, 0x40, 0x19, 0x6c, 0x94, 0x55,
    0x4f, 0x80, 0x2, 0x41, 0x6, 0xdd, 0x88, 0xc1,
    0xb5, 0x1, 0x6a, 0xa9, 0x40, 0x6e, 0x4f, 0xee,
    0x5d, 0x51, 0x11, 0xe2, 0x2, 0x79, 0x77, 0x63,
    0xa0, 0x5, 0x65, 0xdd, 0x8e, 0xc0, 0x2e, 0x6,
    0x44, 0x30, 0xf0, 0x4, 0xf1, 0x57, 0x6a, 0x87,
    0x0, 0x0,

    /* U+B7EC "러" */
    0x24, 0x4e, 0x0, 0x74, 0x2d, 0xde, 0xa0, 0xc,
    0xff, 0xf3, 0x80, 0x70, 0x99, 0xc4, 0x6, 0x82,
    0x13, 0x99, 0x28, 0x75, 0x80, 0x43, 0xff, 0x76,
    0xf8, 0x80, 0x7f, 0xf0, 0x7, 0x7b, 0x9e, 0xe0,
    0x15, 0x52, 0x2a, 0x98, 0xc0, 0x11, 0x2a, 0x91,
    0x6, 0x20, 0x1f, 0xfc, 0x10,

    /* U+B807 "렇" */
    0x8f, 0xfd, 0xc0, 0xf, 0x89, 0xdd, 0x98, 0xd,
    0x0, 0xd, 0x99, 0x30, 0x7d, 0x80, 0x3c, 0x6a,
    0x97, 0x6d, 0xf0, 0xd, 0x77, 0x53, 0x80, 0x51,
    0xdd, 0x99, 0x0, 0xbc, 0x9, 0x9b, 0x5b, 0xd1,
    0x3, 0x77, 0x35, 0xb, 0xb8, 0x40, 0xb8, 0xea,
    0xb3, 0xb, 0x80, 0x24, 0x37, 0xbd, 0x9c, 0x2,
    0xf5, 0xcf, 0xe5, 0xa0,

    /* U+B808 "레" */
    0xef, 0xf8, 0xcb, 0xd3, 0xe3, 0x72, 0x0, 0x3e,
    0x33, 0x80, 0x3e, 0x11, 0x81, 0x90, 0x3, 0x7f,
    0x50, 0x7c, 0x80, 0x73, 0xf7, 0x2b, 0x40, 0x3c,
    0x22, 0x0, 0xf9, 0xb7, 0xbc, 0x40, 0x35, 0xda,
    0x2b, 0x4, 0x3, 0x2a, 0xc8, 0x60, 0x1f, 0xfc,
    0x30,

    /* U+B825 "력" */
    0x8f, 0xfd, 0x0, 0xf, 0x89, 0xcc, 0x84, 0x2f,
    0xc0, 0x9, 0x11, 0x8, 0x4e, 0x0, 0x35, 0x19,
    0x85, 0xe2, 0xe0, 0x10, 0xee, 0xcf, 0x14, 0x1,
    0xf, 0x75, 0xf7, 0xc0, 0xa, 0xa4, 0x42, 0xf0,
    0x44, 0x9c, 0x4b, 0x32, 0xac, 0xee, 0x27, 0x0,
    0x37, 0x7c, 0x20, 0x11, 0x17, 0x80, 0x3f, 0xf8,
    0x0,

    /* U+B85C "로" */
    0x0, 0x12, 0x27, 0x8c, 0x3, 0x5d, 0xfd, 0x0,
    0x1a, 0x7f, 0xf9, 0x0, 0x3a, 0x7f, 0xf9, 0x0,
    0x3c, 0x39, 0x9d, 0x20, 0x1e, 0x77, 0xe6, 0x0,
    0xe1, 0xbb, 0xf0, 0x6, 0x9f, 0xf2, 0x9f, 0xfc,
    0x0, 0x1e, 0xec, 0xa7, 0xdd, 0x98, 0x6e, 0xf5,
    0x52, 0xef, 0x20,

    /* U+B85D "록" */
    0x0, 0x4f, 0xff, 0xac, 0x3, 0x54, 0xcf, 0x10,
    0x7, 0x54, 0xcf, 0x10, 0x7, 0xd3, 0x3d, 0xc0,
    0x1b, 0x8a, 0xe6, 0x57, 0x69, 0x0, 0xa3, 0xd5,
    0x44, 0x2a, 0xa4, 0x83, 0xf, 0xfd, 0x53, 0xff,
    0x80, 0xf, 0x71, 0x1e, 0xa7, 0x30, 0x7, 0xdd,
    0xf2, 0x0, 0x71, 0xa2, 0x70, 0x80, 0x7f, 0xf0,
    0xc0,

    /* U+B864 "롤" */
    0x0, 0x47, 0xff, 0xa8, 0x3, 0x79, 0x17, 0x0,
    0x7b, 0xca, 0x23, 0x57, 0x0, 0x7a, 0xab, 0xc0,
    0x11, 0x5d, 0xc6, 0x57, 0x6a, 0x21, 0x16, 0xe5,
    0xd8, 0xca, 0xee, 0xd7, 0x1f, 0xb7, 0x7f, 0x4f,
    0xb0, 0x7, 0xe5, 0xd0, 0xd, 0x8e, 0xfc, 0x40,
    0x1c, 0x22, 0xcc, 0xe9, 0x0, 0xe1, 0xcc, 0xed,
    0x0, 0x0,

    /* U+B8CC "료" */
    0x0, 0x12, 0x27, 0x8c, 0x3, 0x55, 0xdf, 0xb4,
    0x3, 0x47, 0xff, 0x30, 0x7, 0x4f, 0xff, 0x30,
    0x7, 0x8b, 0xff, 0xb8, 0x3, 0x8b, 0xbb, 0xc4,
    0x1, 0x54, 0xc, 0xd9, 0x95, 0x90, 0x4, 0x68,
    0x6, 0xa2, 0xea, 0x0, 0x1e, 0xe6, 0x85, 0x71,
    0xa7, 0x71, 0x86, 0xee, 0xab, 0xb5, 0x52, 0xec,
    0x80,

    /* U+B958 "류" */
    0x0, 0x3f, 0xff, 0xb0, 0x3, 0x36, 0x67, 0x20,
    0x7, 0x3e, 0x67, 0x20, 0x7, 0x8, 0x66, 0x77,
    0x0, 0x7b, 0x33, 0xb4, 0x3, 0x36, 0x67, 0xc0,
    0x1, 0xfe, 0xcc, 0xfb, 0xd8, 0x6e, 0xca, 0x17,
    0x65, 0x1b, 0xb3, 0x82, 0x20, 0xc5, 0x10, 0x60,
    0x88, 0x10, 0xf, 0xfe, 0x60,

    /* U+B974 "르" */
    0x0, 0x12, 0x27, 0x8c, 0x3, 0x5d, 0xfd, 0x0,
    0x1a, 0x7f, 0xf9, 0x0, 0x3a, 0x7f, 0xf9, 0x0,
    0x3c, 0x39, 0x9d, 0x20, 0x1e, 0x77, 0xe6, 0x0,
    0xe1, 0xbb, 0xf0, 0x6, 0x9f, 0xff, 0x80, 0x3,
    0xff, 0xfe, 0x61, 0xbb, 0xff, 0x38,

    /* U+B984 "름" */
    0x0, 0x3f, 0xff, 0xa4, 0x3, 0x2c, 0xcf, 0x8,
    0x7, 0x2c, 0xcf, 0x8, 0x80, 0x3d, 0x33, 0xda,
    0x1, 0x88, 0x97, 0x7d, 0xe0, 0x14, 0xe2, 0x27,
    0x8e, 0x50, 0x3b, 0xbf, 0xce, 0xf, 0xf1, 0x1e,
    0xd7, 0x30, 0x0, 0x8a, 0xef, 0x18, 0x80, 0x79,
    0xdf, 0x0, 0x7c, 0x39, 0x98, 0xc0, 0x20,

    /* U+B9AC "리" */
    0x24, 0x4e, 0x2, 0xf4, 0x5b, 0xbe, 0x0, 0xcf,
    0xff, 0x38, 0x7, 0x9, 0x9c, 0x20, 0x1d, 0x39,
    0x93, 0x0, 0x78, 0x7f, 0xf0, 0x7, 0xff, 0xc,
    0x77, 0x5d, 0xcc, 0x0, 0xaa, 0x91, 0xb, 0xae,
    0x0, 0x89, 0x57, 0x21, 0x0, 0x7f, 0xf0, 0x40,

    /* U+B9B4 "릴" */
    0x8f, 0xfd, 0xc0, 0x7e, 0x93, 0x99, 0x28, 0x7,
    0x4e, 0x64, 0xa0, 0x1f, 0x66, 0x54, 0x40, 0x1d,
    0x99, 0x5c, 0x80, 0x53, 0xba, 0xee, 0x7d, 0x8a,
    0xb0, 0x96, 0x7f, 0xbb, 0x98, 0x82, 0x0, 0xbb,
    0xe9, 0x17, 0x0, 0x55, 0x74, 0x0, 0x73, 0xe6,
    0x72, 0x80, 0x4f, 0x99, 0xd2,

    /* U+B9BC "림" */
    0x8f, 0xfe, 0x3, 0xf4, 0x9c, 0xc9, 0x80, 0x39,
    0xfb, 0xa7, 0x0, 0xee, 0x29, 0x95, 0x58, 0x7,
    0x88, 0xa3, 0x60, 0xe, 0x99, 0xa3, 0x0, 0x28,
    0xfa, 0xa5, 0xdb, 0x99, 0x58, 0x1, 0x54, 0xbb,
    0xa9, 0x58, 0x2, 0x9f, 0xfb, 0x40, 0x3b, 0x8c,
    0xe7, 0x0, 0xe7, 0xcc, 0xa8, 0x0,

    /* U+B9C1 "링" */
    0x8f, 0xfd, 0xc0, 0x7e, 0x93, 0x99, 0x30, 0x7,
    0x3f, 0xfc, 0xe0, 0x1d, 0xc7, 0x32, 0xbb, 0x0,
    0x78, 0x46, 0x35, 0x0, 0xeb, 0xba, 0x78, 0x2,
    0x9d, 0xda, 0xa7, 0xc1, 0xd8, 0x49, 0xf6, 0xae,
    0xb0, 0x88, 0x0, 0xb5, 0xfd, 0xeb, 0x55, 0x0,
    0x9, 0xd4, 0xd3, 0x81, 0x80, 0x1a, 0x97, 0x94,
    0x36, 0x60,

    /* U+B9C8 "마" */
    0x24, 0x4c, 0x60, 0xfe, 0x0, 0xab, 0xbd, 0x80,
    0x1e, 0x1f, 0xf3, 0x80, 0x7f, 0xf3, 0xbe, 0xc0,
    0x3f, 0xae, 0x0, 0x51, 0x4, 0x1, 0x90, 0xc0,
    0x17, 0x65, 0x10, 0xe, 0x8f, 0xfd, 0xc0, 0x1f,
    0xfc, 0xf0,

    /* U+B9C9 "막" */
    0xef, 0xfc, 0xa1, 0xd0, 0x1, 0x2e, 0x58, 0x7,
    0xe2, 0x35, 0x0, 0xc9, 0x24, 0x1, 0xf8, 0x88,
    0x20, 0xff, 0xc0, 0x19, 0xac, 0xf6, 0xef, 0x20,
    0x7, 0x1b, 0x3b, 0xc4, 0x6b, 0xc0, 0x14, 0xe6,
    0x72, 0x70, 0x5, 0x7f, 0xfc, 0x20, 0x1f, 0xfc,
    0xd0,

    /* U+B9CC "만" */
    0xef, 0xfc, 0xa1, 0xd0, 0x1, 0x2e, 0x58, 0x7,
    0xe2, 0x35, 0x0, 0xff, 0xe1, 0xbf, 0xa0, 0x1b,
    0x30, 0x3, 0x1b, 0xb1, 0x35, 0xd1, 0x8, 0x1,
    0x20, 0xb3, 0x77, 0x20, 0x7, 0x97, 0x40, 0x3f,
    0x8c, 0x84, 0x2, 0xc9, 0x0, 0xe5, 0x33, 0x84,
    0x80, 0x3a, 0xf3, 0x38, 0x80,

    /* U+B9D0 "말" */
    0xef, 0xfc, 0xa1, 0xd0, 0x1, 0x2e, 0x58, 0x7,
    0xe2, 0x35, 0x0, 0xcf, 0xe8, 0x4, 0x88, 0x0,
    0xc9, 0x2a, 0xb, 0x74, 0x1, 0x8d, 0x87, 0xbf,
    0xba, 0x41, 0x9c, 0x0, 0x9b, 0xbb, 0xa3, 0x0,
    0x24, 0xbb, 0xe0, 0xe, 0x4b, 0xbe, 0x0, 0xfa,
    0xf3, 0x35, 0x80, 0x75, 0xe6, 0x71, 0x0,

    /* U+BA54 "메" */
    0x44, 0xc4, 0x4f, 0x4f, 0x8a, 0xbb, 0xa8, 0x3,
    0xcf, 0xe2, 0x1, 0xfe, 0x24, 0x0, 0xfc, 0xb2,
    0x1, 0xf9, 0xf4, 0x3, 0x89, 0x4, 0x3, 0xe5,
    0xb0, 0xf0, 0xe, 0xef, 0xf9, 0xc0, 0x3f, 0xf9,
    0xa0,

    /* U+BA74 "면" */
    0x12, 0x2e, 0x0, 0x7c, 0x4e, 0xef, 0x22, 0x0,
    0x21, 0xff, 0x38, 0x55, 0x0, 0x3e, 0x1e, 0xe0,
    0x4, 0x28, 0x82, 0x1f, 0xf0, 0x3, 0xc2, 0xec,
    0xa3, 0xfe, 0x0, 0x3f, 0xfe, 0xe0, 0xf, 0x54,
    0x80, 0x7e, 0x62, 0x0, 0xdb, 0x20, 0x13, 0x99,
    0xe1, 0x30, 0x8, 0xf3, 0x3a, 0x40,

    /* U+BAA8 "모" */
    0x0, 0xa, 0x27, 0x8c, 0x3, 0x35, 0xdf, 0xbc,
    0x3, 0xdf, 0xf9, 0x0, 0x3f, 0xf8, 0xe6, 0x79,
    0xc0, 0x3e, 0xcc, 0xc6, 0x1, 0xcf, 0xfe, 0x61,
    0xff, 0x60, 0x7, 0xff, 0x8, 0x7f, 0xf3, 0xf,
    0xfe, 0x61, 0xbb, 0xff, 0x38,

    /* U+BAA9 "목" */
    0x0, 0x47, 0xff, 0xb4, 0x3, 0xd9, 0x99, 0x0,
    0x3f, 0xf8, 0xf9, 0x99, 0x0, 0x3a, 0x3f, 0xcc,
    0x3f, 0xed, 0x0, 0xf, 0xfe, 0x61, 0xff, 0xcc,
    0x37, 0x7f, 0xe7, 0x4, 0xeb, 0xbf, 0x4a, 0x8,
    0x2, 0x2e, 0xf9, 0xc, 0x3, 0x12, 0x27, 0x10,
    0x7, 0xff, 0xc,

    /* U+BB34 "무" */
    0x0, 0x3f, 0xff, 0xb0, 0x3, 0xd9, 0x98, 0xc0,
    0x3e, 0x33, 0xce, 0x1, 0xf3, 0x36, 0x70, 0xe,
    0x12, 0xbb, 0xc2, 0xc0, 0x10, 0xbe, 0x67, 0xac,
    0x40, 0x7b, 0xbf, 0xcc, 0x39, 0x99, 0x47, 0x33,
    0x38, 0x19, 0xf0, 0x19, 0xe1, 0x0, 0xff, 0xe6,
    0x0,

    /* U+BB38 "문" */
    0x0, 0x47, 0xff, 0xb4, 0x3, 0xd9, 0x99, 0x0,
    0x3e, 0x11, 0xc0, 0x1f, 0xb7, 0x72, 0x0, 0x74,
    0x7f, 0xfb, 0x40, 0x3, 0xff, 0xfe, 0x61, 0xbb,
    0xcc, 0x17, 0x79, 0xc1, 0x1c, 0x53, 0x81, 0x13,
    0x8, 0x2, 0xe8, 0x11, 0xc0, 0x3f, 0x8c, 0x2c,
    0xce, 0x0, 0xf6, 0x67, 0x80, 0x0,

    /* U+BB3C "물" */
    0x0, 0x47, 0xff, 0xa8, 0x3, 0x87, 0x33, 0x10,
    0x7, 0x86, 0x23, 0x18, 0x7, 0x5c, 0xee, 0xe8,
    0xe0, 0x0, 0xfe, 0x4c, 0xfa, 0xfd, 0x86, 0xef,
    0x21, 0x5d, 0xe7, 0x4, 0xcb, 0xb2, 0x15, 0xdb,
    0x90, 0x40, 0x17, 0x33, 0xc4, 0x20, 0x1a, 0xa6,
    0x78, 0x80, 0x3c, 0x37, 0x7d, 0x0, 0x1c, 0x37,
    0x7d, 0x80, 0x0,

    /* U+BBF8 "미" */
    0x24, 0x4e, 0x2, 0xf4, 0xab, 0xbe, 0x0, 0xe1,
    0xff, 0x38, 0x7, 0xff, 0x60, 0x51, 0x4, 0x1,
    0xf5, 0xd9, 0x44, 0x3, 0x47, 0xfe, 0xe0, 0xf,
    0xfe, 0x60,

    /* U+BC00 "밀" */
    0x8f, 0xfd, 0xc0, 0x5e, 0xa0, 0xc, 0xc2, 0x80,
    0x7c, 0x66, 0x20, 0xf, 0x91, 0x4, 0x1, 0xde,
    0x17, 0x65, 0x0, 0xe7, 0xff, 0xdc, 0x6, 0xac,
    0x0, 0xee, 0xef, 0x47, 0x0, 0x5c, 0x46, 0x91,
    0x10, 0x2, 0xa6, 0x74, 0x0, 0x80, 0x4d, 0x99,
    0xcc, 0x1, 0x36, 0x67, 0x58,

    /* U+BC1B "받" */
    0xe8, 0x0, 0x7b, 0x87, 0x40, 0x4, 0x48, 0x80,
    0xf, 0xcb, 0x76, 0x0, 0xc4, 0x82, 0xf, 0xfe,
    0x0, 0xc9, 0x24, 0xf, 0xfe, 0x0, 0xcd, 0xa7,
    0x57, 0x79, 0x40, 0x39, 0x14, 0x2, 0x64, 0x46,
    0x80, 0x4f, 0x77, 0xcb, 0xa0, 0x1d, 0xdf, 0xfa,
    0x0, 0x39, 0x4c, 0xf1, 0x0, 0x75, 0xe6, 0x69,
    0x0, 0x0,

    /* U+BC29 "방" */
    0xe8, 0x0, 0x7b, 0x87, 0x40, 0x4, 0x46, 0x60,
    0xf, 0xcb, 0x98, 0x0, 0xc8, 0xe2, 0xf, 0xfe,
    0x0, 0xc3, 0xa6, 0xf, 0xdc, 0x0, 0xcb, 0x45,
    0x54, 0xbb, 0x52, 0x80, 0x72, 0x2a, 0x98, 0x1c,
    0xdb, 0x40, 0x21, 0xdc, 0xbb, 0x62, 0xb8, 0x5,
    0x5, 0xdd, 0x8e, 0x0, 0x2f, 0x6, 0x44, 0x30,
    0x90, 0x4, 0xd1, 0x57, 0x6a, 0x88, 0x0, 0x0,

    /* U+BC84 "버" */
    0xe8, 0x0, 0x74, 0x1, 0xfa, 0x0, 0x7f, 0xf2,
    0x5f, 0xfc, 0x24, 0x8a, 0x1, 0x25, 0x50, 0x16,
    0xe4, 0x2, 0x35, 0x50, 0xbf, 0xe0, 0x4, 0x46,
    0x61, 0x0, 0xf2, 0xe6, 0x0, 0x3d, 0xdf, 0xfa,
    0x0, 0x3f, 0xf9, 0x80,

    /* U+BC88 "번" */
    0x8e, 0x0, 0x47, 0x0, 0x3a, 0x0, 0x3f, 0xe1,
    0xee, 0x38, 0xaa, 0x84, 0x2, 0x99, 0x18, 0x55,
    0x0, 0x31, 0x99, 0x87, 0xfc, 0x21, 0xe1, 0x76,
    0x50, 0xe, 0x7f, 0xfd, 0xc0, 0x1e, 0x9a, 0x0,
    0xfc, 0x4c, 0x1, 0xbe, 0x0, 0x31, 0x9e, 0x22,
    0x0, 0x47, 0x99, 0xd2,

    /* U+BCC0 "변" */
    0x8e, 0x0, 0x47, 0x0, 0x3a, 0x0, 0x38, 0x73,
    0x2, 0x0, 0x1f, 0xf3, 0x82, 0x20, 0x3, 0x5d,
    0x94, 0x6e, 0xc2, 0x1, 0xe1, 0xcc, 0x8, 0x78,
    0x5d, 0x94, 0x7f, 0xc2, 0xf, 0xff, 0xb8, 0x3,
    0xd3, 0x20, 0xf, 0xc4, 0xa0, 0x1b, 0xe0, 0x3,
    0x19, 0xe2, 0x20, 0x4, 0x79, 0x9d, 0x20,

    /* U+BCC4 "별" */
    0x8e, 0x0, 0x47, 0x0, 0x3a, 0x0, 0x51, 0x4,
    0x37, 0x61, 0x0, 0xae, 0xca, 0x19, 0x80, 0x8,
    0x7f, 0xce, 0x1f, 0xe0, 0x8, 0x7f, 0xce, 0x1f,
    0xe0, 0x4, 0xe6, 0x73, 0xb9, 0xb4, 0x4e, 0x77,
    0x6e, 0xe3, 0x90, 0x3, 0xa2, 0x38, 0x7c, 0x1,
    0x13, 0x3c, 0x1, 0xc7, 0x99, 0xd4, 0x1, 0x1e,
    0x67, 0x48,

    /* U+BCF4 "보" */
    0x0, 0x1b, 0x0, 0x64, 0x50, 0xd, 0x72, 0x1,
    0xba, 0x0, 0x3d, 0xdd, 0x94, 0x3, 0xeb, 0xbc,
    0x60, 0x1f, 0x2a, 0xe6, 0x0, 0xfb, 0xff, 0x28,
    0x7, 0x4e, 0x61, 0x47, 0x31, 0xe0, 0x18, 0x4c,
    0xe0, 0x33, 0x10, 0x0, 0x7f, 0xf3, 0xf, 0xfe,
    0x61, 0xbb, 0xff, 0x38,

    /* U+BD80 "부" */
    0x0, 0x47, 0x80, 0x6a, 0xd0, 0xf, 0x6e, 0xe5,
    0x0, 0xfa, 0xef, 0x18, 0x7, 0xc4, 0x59, 0xc0,
    0x3b, 0xc2, 0xef, 0x20, 0x80, 0x67, 0xff, 0xf6,
    0x0, 0x7, 0xff, 0xfc, 0xc3, 0x99, 0x94, 0x73,
    0x33, 0x81, 0x9f, 0x1, 0x9e, 0x10, 0xf, 0xfe,
    0x60,

    /* U+BD84 "분" */
    0x0, 0x47, 0x80, 0x6a, 0xd0, 0xf, 0x7f, 0xe5,
    0x0, 0xfa, 0xef, 0x20, 0x7, 0xd5, 0x59, 0x0,
    0x3a, 0xae, 0xab, 0x5f, 0x0, 0x7, 0xb2, 0xab,
    0xdb, 0xca, 0x37, 0x79, 0x46, 0xef, 0x38, 0x2b,
    0x2, 0x90, 0xaa, 0xe2, 0x0, 0x5d, 0x6, 0x48,
    0x7, 0xf2, 0x9, 0xa2, 0x40, 0x1e, 0xbb, 0xf0,
    0x0,

    /* U+BD88 "불" */
    0x0, 0x3f, 0x91, 0x6a, 0xd0, 0xf, 0x6e, 0xe5,
    0x0, 0xfa, 0x67, 0x18, 0x7, 0x1b, 0x7f, 0xe5,
    0xa0, 0x0, 0xec, 0xa2, 0x7a, 0xb5, 0x46, 0x67,
    0x31, 0xcc, 0xe7, 0x4, 0x29, 0x92, 0x8c, 0xcb,
    0x90, 0x80, 0x9, 0x76, 0x89, 0xb1, 0x70, 0xc,
    0xb3, 0x3c, 0x60, 0x1f, 0x66, 0x77, 0x0, 0x7b,
    0x33, 0xc2, 0x0,

    /* U+BE44 "비" */
    0x8e, 0x0, 0x3f, 0x81, 0x7a, 0x80, 0x7f, 0xf2,
    0x47, 0xfd, 0x0, 0x1f, 0x5d, 0x98, 0x3, 0xc2,
    0x88, 0xe0, 0xf, 0x9, 0x9b, 0x80, 0x3e, 0xcc,
    0x30, 0x7, 0x47, 0xff, 0x0, 0x7f, 0xf3, 0x0,

    /* U+C0AC "사" */
    0x0, 0xa3, 0x80, 0x28, 0xe0, 0xf, 0xfe, 0x30,
    0x80, 0x7f, 0x8c, 0x4, 0x3, 0xf0, 0xa0, 0x30,
    0x4, 0x3f, 0x40, 0x8, 0x3, 0x92, 0x0, 0xae,
    0x41, 0x99, 0x1a, 0x1e, 0x40, 0x28, 0x66, 0x96,
    0x71, 0xc0, 0x50, 0xc, 0x7b, 0x20, 0x2, 0xd7,
    0x0, 0xe2, 0x0, 0xff, 0xe5, 0x0,

    /* U+C0B0 "산" */
    0x0, 0xa7, 0x80, 0x28, 0xe0, 0xf, 0xfe, 0x2a,
    0x88, 0x80, 0x3f, 0x19, 0x82, 0x0, 0x21, 0xfa,
    0x1, 0xe3, 0xa6, 0x91, 0x0, 0x5c, 0x17, 0x9e,
    0xad, 0x3a, 0x0, 0xa1, 0x11, 0xb0, 0x41, 0x79,
    0x40, 0x3a, 0x2, 0xcc, 0x3, 0xf8, 0x51, 0xc0,
    0x29, 0xc0, 0xf, 0x19, 0xe2, 0x10, 0xf, 0x46,
    0x67, 0x10, 0x0,

    /* U+C0C1 "상" */
    0x0, 0xa7, 0x80, 0x28, 0xe0, 0xe, 0x30, 0xf,
    0xf9, 0xc4, 0x40, 0x10, 0xa1, 0x80, 0x10, 0x82,
    0xc0, 0x35, 0xd0, 0x1d, 0xa5, 0x2d, 0x98, 0xf,
    0xc9, 0x61, 0xd2, 0xdb, 0x0, 0x71, 0x66, 0x4,
    0x82, 0x1f, 0x58, 0x2, 0x30, 0xbd, 0xab, 0xb5,
    0x70, 0x6, 0x64, 0xce, 0xe7, 0xb4, 0x80, 0x62,
    0xa, 0x44, 0x2a, 0x10, 0x6, 0x4a, 0x5a, 0xbb,
    0x3f, 0x80, 0x0,

    /* U+C0C9 "색" */
    0x0, 0xfe, 0x32, 0x0, 0xb1, 0x0, 0xfc, 0xf6,
    0xc0, 0x23, 0x20, 0xf, 0xc4, 0x1c, 0x1, 0x28,
    0x6, 0xb0, 0x61, 0x0, 0x48, 0x80, 0x15, 0x9c,
    0xf5, 0x43, 0x4, 0xa, 0x9a, 0x3c, 0x4, 0x3,
    0x17, 0x49, 0xb4, 0x1b, 0xb9, 0xb4, 0x4, 0x32,
    0xee, 0x7b, 0x7d, 0x0, 0xbf, 0xfc, 0x20, 0x1f,
    0xfc, 0xb0,

    /* U+C0DD "생" */
    0x0, 0xbd, 0x80, 0xfc, 0xfa, 0x40, 0x3f, 0xf8,
    0x26, 0x1e, 0x1, 0x28, 0x6, 0x90, 0x62, 0x0,
    0x48, 0x80, 0x1d, 0x60, 0xbd, 0x3, 0x4, 0xa,
    0x5d, 0xd8, 0xc2, 0x1, 0x8b, 0xe0, 0x6, 0xe,
    0x5, 0x3c, 0x4, 0x17, 0xb2, 0xe7, 0x45, 0xc0,
    0x2a, 0x4f, 0xee, 0x6a, 0x48, 0x4, 0x4e, 0xa6,
    0x94, 0x1c, 0x1, 0x7a, 0x5e, 0x5a, 0x4b, 0x0,

    /* U+C11C "서" */
    0x0, 0xa3, 0x80, 0x37, 0xb8, 0x7, 0xff, 0x8,
    0x44, 0x1, 0xfc, 0x40, 0x2d, 0xfe, 0x0, 0xc2,
    0x80, 0xcf, 0x76, 0x0, 0xd0, 0x9, 0x6, 0x88,
    0x0, 0x9d, 0xa6, 0x87, 0xcc, 0x2, 0x38, 0x76,
    0x1c, 0x6, 0x0, 0x8f, 0x60, 0x0, 0x5a, 0xa0,
    0x18, 0x80, 0x3f, 0xf9, 0x0,

    /* U+C124 "설" */
    0x0, 0xab, 0x0, 0x21, 0xf6, 0x0, 0x84, 0x40,
    0x48, 0x80, 0xe, 0x52, 0x22, 0x55, 0x80, 0x6a,
    0x13, 0xf4, 0xef, 0x0, 0xd, 0xad, 0xe8, 0xe9,
    0x80, 0x42, 0x58, 0x83, 0x94, 0x62, 0xa4, 0x12,
    0x7b, 0xdc, 0xbe, 0xe2, 0x8, 0x5, 0x11, 0xe1,
    0x30, 0xa, 0xe6, 0x78, 0xc, 0x3, 0x2e, 0x67,
    0x38, 0x6, 0x5c, 0xce, 0x80,

    /* U+C131 "성" */
    0x0, 0xa7, 0x40, 0x37, 0xb0, 0x4, 0x60, 0x1,
    0x44, 0x0, 0x73, 0x90, 0xb5, 0xd8, 0x3, 0x29,
    0x5, 0xbf, 0xf8, 0x2, 0x4a, 0x5c, 0x5b, 0x30,
    0x8, 0xad, 0x28, 0xf1, 0xc4, 0x2, 0x2c, 0xb0,
    0x58, 0x1e, 0xa5, 0x50, 0x18, 0x3d, 0x15, 0xd0,
    0xa8, 0x6, 0xb4, 0x96, 0x65, 0x85, 0x80, 0x48,
    0x87, 0x34, 0x90, 0xc0, 0xa, 0x21, 0x59, 0x4b,
    0x48,

    /* U+C138 "세" */
    0x0, 0xf, 0xa0, 0x17, 0xa6, 0xc8, 0x7, 0xff,
    0x30, 0xc0, 0x6f, 0x0, 0x3c, 0xe1, 0xb1, 0x0,
    0xf, 0x78, 0x29, 0xa0, 0x7, 0x22, 0xc1, 0x48,
    0x7, 0x1d, 0xab, 0xcb, 0x38, 0x6, 0x37, 0xa0,
    0x6d, 0x70, 0xe, 0x80, 0x8, 0x80, 0x3f, 0xf8,
    0x80,

    /* U+C13C "센" */
    0x0, 0xbd, 0x80, 0x1e, 0xdd, 0x20, 0x1f, 0xfc,
    0x12, 0xe, 0x8f, 0x0, 0xf2, 0x82, 0xd5, 0x80,
    0x70, 0xca, 0x15, 0xa0, 0x6, 0x2f, 0xa, 0xa3,
    0x38, 0x6, 0x27, 0xd1, 0x5d, 0x70, 0xe, 0x93,
    0xb9, 0x20, 0x75, 0x0, 0xe6, 0x30, 0x4, 0x1f,
    0xc0, 0x6, 0x64, 0x4c, 0xa6, 0x1, 0x8e, 0xef,
    0xa4,

    /* U+C18C "소" */
    0x0, 0xe9, 0xe0, 0xf, 0xf1, 0x8, 0x80, 0x3f,
    0x22, 0x2, 0x0, 0x3e, 0x6b, 0x5a, 0x6a, 0x10,
    0x9, 0x7a, 0x5e, 0x97, 0x1f, 0xa4, 0x0, 0x8d,
    0xb0, 0x8e, 0x7b, 0x3a, 0x0, 0x18, 0x20, 0xd9,
    0x0, 0x32, 0x0, 0x7f, 0xf0, 0x47, 0xff, 0x30,
    0xff, 0xe6, 0x1b, 0xbf, 0xf3, 0x80,

    /* U+C18D "속" */
    0x0, 0xeb, 0xd0, 0xf, 0xe4, 0x41, 0x30, 0x7,
    0x13, 0x5d, 0x9e, 0x65, 0x8e, 0x60, 0x6, 0xa3,
    0xdc, 0x3e, 0x4b, 0xb0, 0x1, 0x76, 0x4f, 0xe0,
    0x27, 0x64, 0x7, 0xbb, 0x21, 0x77, 0x66, 0x1d,
    0xdf, 0xf3, 0x1, 0x7e, 0xef, 0xbc, 0x80, 0x2e,
    0xbb, 0xe4, 0x0, 0xe3, 0x44, 0xe1, 0x0, 0xff,
    0xe1, 0x80,

    /* U+C1A1 "송" */
    0x0, 0xe9, 0xe0, 0xf, 0xe4, 0x61, 0x80, 0xe,
    0x27, 0xbb, 0x3d, 0xb6, 0xba, 0x0, 0x56, 0x7b,
    0xac, 0xeb, 0xcc, 0x0, 0x5d, 0x41, 0xec, 0x49,
    0x34, 0x3, 0xbb, 0x94, 0x77, 0x73, 0xf, 0x75,
    0x95, 0x4b, 0xee, 0x98, 0x4, 0x37, 0x2a, 0xed,
    0xe8, 0x20, 0x14, 0x16, 0xff, 0x7a, 0xd0, 0x6,
    0xe1, 0x53, 0x32, 0xb1, 0x0, 0x67, 0x8a, 0xcc,
    0x5a, 0x60, 0x0,

    /* U+C1C4 "쇄" */
    0x0, 0xfe, 0x32, 0x0, 0x90, 0x40, 0xbd, 0x76,
    0xc0, 0x5, 0x6a, 0x1, 0xf9, 0xc0, 0xc0, 0x3e,
    0x18, 0x8, 0x30, 0xe, 0x2c, 0xe, 0x4c, 0x40,
    0xd0, 0x1, 0x46, 0x4c, 0xa9, 0x1, 0x84, 0x0,
    0xa0, 0xee, 0x50, 0x5, 0x88, 0x9, 0x28, 0x12,
    0x38, 0x6, 0x6d, 0xb0, 0x9a, 0xf0, 0xc, 0xff,
    0xf7, 0x72, 0x0, 0x3f, 0xf9, 0x25, 0xeb, 0xb6,

    /* U+C218 "수" */
    0x0, 0xe9, 0xe0, 0xf, 0xf2, 0x9, 0x80, 0x7c,
    0x58, 0x69, 0xa8, 0x1, 0x93, 0x35, 0xf2, 0xda,
    0xf6, 0x0, 0x8, 0x8c, 0xb2, 0x8, 0xeb, 0xc0,
    0x2, 0x63, 0xa2, 0x65, 0x20, 0x21, 0xbb, 0xff,
    0x20, 0xff, 0xe6, 0x1f, 0xfc, 0xc0, 0x1f, 0xfd,
    0x80,

    /* U+C2A4 "스" */
    0x0, 0xe9, 0xe0, 0xf, 0xf1, 0x8, 0x80, 0x3f,
    0x22, 0x2, 0x0, 0x3e, 0x6b, 0x5a, 0x6a, 0x10,
    0x9, 0xba, 0x5e, 0x97, 0x1f, 0xa8, 0x0, 0xed,
    0xb0, 0x0, 0x3d, 0xae, 0x0, 0xc, 0x10, 0x7,
    0x2a, 0x0, 0x7f, 0xf0, 0x47, 0xff, 0xfc, 0xc3,
    0x77, 0xfe, 0x70,

    /* U+C2B5 "습" */
    0x0, 0xe9, 0xe0, 0xf, 0xe3, 0x61, 0x70, 0xe,
    0x25, 0xac, 0x6b, 0x9d, 0x63, 0x0, 0xd, 0x86,
    0x4a, 0x7d, 0x54, 0x0, 0x7a, 0xe7, 0x44, 0x29,
    0xc6, 0x88, 0xae, 0xff, 0xce, 0x3f, 0xd9, 0xff,
    0xb7, 0x3d, 0x80, 0x13, 0x88, 0x9a, 0x74, 0x3,
    0xd7, 0x79, 0x0, 0x3e, 0xcc, 0xca, 0x1, 0xf6,
    0x66, 0x50, 0x8,

    /* U+C2B9 "승" */
    0x0, 0xe9, 0xe0, 0xf, 0xe2, 0x71, 0x70, 0xe,
    0x14, 0x9d, 0x7a, 0x8c, 0x52, 0x0, 0x2d, 0x1d,
    0xca, 0xf2, 0x44, 0x0, 0xf, 0xb2, 0xe6, 0x62,
    0xbe, 0x91, 0x16, 0x67, 0xf9, 0xc7, 0xfe, 0xeb,
    0xb6, 0xff, 0xcc, 0x0, 0x1c, 0xeb, 0xad, 0xe5,
    0x0, 0xd0, 0x5b, 0xfd, 0xeb, 0x40, 0x1b, 0x85,
    0x4c, 0xca, 0xc4, 0x1, 0x9e, 0x2b, 0x31, 0x69,
    0x80, 0x0,

    /* U+C2DC "시" */
    0x0, 0x9b, 0xc4, 0x0, 0x7e, 0x60, 0x1f, 0xfc,
    0x21, 0x0, 0xff, 0x70, 0x28, 0x7, 0xe7, 0xe,
    0x0, 0xfa, 0x45, 0xd5, 0x0, 0x39, 0xda, 0x20,
    0x96, 0xc0, 0x11, 0x4b, 0xb8, 0x2d, 0x40, 0x31,
    0x7c, 0x0, 0x54, 0xc0, 0x18, 0x40, 0x3f, 0xf9,
    0x0,

    /* U+C2DD "식" */
    0x0, 0x9b, 0xc4, 0x0, 0x7e, 0x80, 0x1f, 0xfc,
    0x2e, 0x5, 0x0, 0xf8, 0x58, 0x20, 0x3, 0xc3,
    0xa1, 0x67, 0x86, 0x1, 0xb0, 0xf5, 0x30, 0x50,
    0x3, 0x76, 0x1, 0x87, 0x23, 0x9b, 0x81, 0xbe,
    0x67, 0x59, 0xb8, 0x1, 0x3f, 0xfb, 0x0, 0x3f,
    0xf9, 0x80,

    /* U+C2E0 "신" */
    0x0, 0x9f, 0xc0, 0x23, 0xf4, 0x0, 0xff, 0xe1,
    0x78, 0x10, 0x7, 0xe6, 0xb, 0x0, 0xfa, 0x5,
    0xd9, 0x80, 0x1d, 0x4f, 0x30, 0xf3, 0x0, 0x1d,
    0xc, 0x11, 0x72, 0x1, 0xa9, 0xf5, 0x41, 0x4,
    0x3, 0xc4, 0x40, 0x8, 0xf9, 0x0, 0x37, 0x19,
    0xe2, 0x10, 0xc, 0xd9, 0x9c, 0xc0,

    /* U+C2E4 "실" */
    0x0, 0x9f, 0xc0, 0x23, 0xf4, 0x0, 0xbc, 0x3,
    0xfc, 0xa0, 0xa0, 0x1f, 0x41, 0x25, 0xa0, 0x6,
    0x1b, 0x79, 0xb7, 0xb6, 0x0, 0x84, 0xed, 0x82,
    0x6d, 0x85, 0x58, 0x21, 0x3b, 0xaa, 0xec, 0x41,
    0x0, 0xa2, 0x3a, 0x45, 0xc0, 0x29, 0x9e, 0x80,
    0xf, 0x3e, 0x67, 0x30, 0x6, 0x7c, 0xce, 0xa0,

    /* U+C2EC "심" */
    0x0, 0xa3, 0xc0, 0x23, 0xf4, 0x0, 0xff, 0xe1,
    0x18, 0x18, 0x7, 0xc6, 0x81, 0xe0, 0x1e, 0x2d,
    0x3c, 0x3c, 0x30, 0x8, 0x70, 0xf4, 0xf0, 0x1c,
    0x2, 0x1c, 0xd5, 0x47, 0x80, 0x65, 0x60, 0x20,
    0xbb, 0xea, 0x56, 0x0, 0xd3, 0xff, 0x68, 0x7,
    0xb8, 0xce, 0x70, 0xf, 0x3e, 0x65, 0x40, 0x0,

    /* U+C544 "아" */
    0x7, 0xef, 0x80, 0x4, 0x70, 0x1, 0x61, 0xa5,
    0xd8, 0x3, 0xb8, 0xe1, 0x96, 0xc0, 0x39, 0x54,
    0x0, 0xd2, 0x0, 0xf0, 0x80, 0x4, 0x2, 0x1f,
    0xa2, 0x30, 0x7, 0x88, 0x5, 0x73, 0x68, 0x64,
    0xee, 0x0, 0xa, 0x1b, 0x9e, 0x69, 0xc0, 0x7,
    0xb3, 0x17, 0xa2, 0x1, 0xf1, 0xa0, 0x7, 0xff,
    0x18,

    /* U+C548 "안" */
    0x0, 0x4f, 0x72, 0x40, 0x11, 0xc0, 0x15, 0x3d,
    0xd9, 0xe4, 0x3, 0xcb, 0x2a, 0xa9, 0x60, 0xf,
    0xfe, 0x10, 0xfd, 0x2, 0xd1, 0x9a, 0x94, 0x2,
    0xa9, 0xb, 0x7c, 0xc3, 0xd8, 0x0, 0x54, 0xc0,
    0x6b, 0xfd, 0x42, 0x1, 0xf1, 0x69, 0x80, 0x7f,
    0x9, 0x38, 0x5, 0x38, 0x1, 0xe2, 0x33, 0x88,
    0x40, 0x3d, 0x39, 0x9c, 0x40,

    /* U+C54A "않" */
    0x1, 0xae, 0xe4, 0x88, 0x47, 0x0, 0x54, 0xf7,
    0x67, 0xb0, 0xf, 0x25, 0x2a, 0x99, 0x40, 0x3,
    0x90, 0x3, 0x80, 0x3, 0x20, 0xa, 0xb0, 0x29,
    0x7b, 0xd7, 0x80, 0x2, 0xc8, 0x9, 0xf5, 0x7c,
    0x74, 0x36, 0x1, 0x36, 0x22, 0x33, 0xa, 0xf3,
    0x0, 0x1, 0x20, 0x5, 0xd9, 0xda, 0xf4, 0x3,
    0xc9, 0x4e, 0xec, 0x50, 0xc, 0x6b, 0x47, 0xb2,
    0x86, 0x0, 0x10, 0xcb, 0xd2, 0xd8, 0x63, 0x0,

    /* U+C54C "알" */
    0x1, 0xae, 0xe5, 0x8, 0x47, 0x0, 0x5a, 0xf5,
    0x44, 0xb0, 0xf, 0x1d, 0x22, 0x19, 0x0, 0x3,
    0xf2, 0x5, 0x62, 0x4a, 0xa0, 0xa, 0xec, 0x1c,
    0x3d, 0xa3, 0x20, 0x1, 0x42, 0x3, 0xde, 0xe6,
    0x10, 0x64, 0x80, 0x63, 0xee, 0x7f, 0xd7, 0x20,
    0x18, 0xaa, 0xb9, 0x0, 0x38, 0xaa, 0xb9, 0x0,
    0x3e, 0x9c, 0xcd, 0xa0, 0x1e, 0x9c, 0xce, 0x20,

    /* U+C558 "았" */
    0x8, 0xee, 0x50, 0x84, 0x70, 0x1, 0xdd, 0x14,
    0xfa, 0x1, 0xd6, 0xac, 0x96, 0x62, 0x2, 0xea,
    0x2, 0x1, 0x84, 0x1, 0x5b, 0x49, 0xd, 0xa,
    0x0, 0x1d, 0x86, 0xa4, 0xa6, 0xa0, 0xf, 0x2f,
    0x7c, 0x0, 0xf5, 0x0, 0x6b, 0xd0, 0x3, 0xcb,
    0x0, 0x64, 0x16, 0xc, 0x4, 0x0, 0xa0, 0x9a,
    0xdd, 0x4a, 0x50, 0x1d, 0xd7, 0x37, 0xf, 0xab,
    0x42, 0xfc, 0x80, 0xdb, 0x1, 0x5e, 0x20,

    /* U+C57D "약" */
    0x1, 0x9e, 0xe4, 0x0, 0x23, 0x80, 0x2b, 0x7a,
    0xb7, 0x80, 0x0, 0xf4, 0x82, 0xca, 0x2b, 0x28,
    0x5, 0x74, 0x0, 0xf0, 0x1, 0x80, 0x61, 0x10,
    0x33, 0xba, 0x16, 0x80, 0x2b, 0x80, 0x98, 0xb4,
    0x97, 0x0, 0xf, 0x50, 0x1, 0xbf, 0xca, 0x66,
    0xf4, 0x10, 0xa, 0x73, 0x3a, 0x10, 0x3, 0x47,
    0xff, 0x38, 0x7, 0xff, 0x3c,

    /* U+C591 "양" */
    0x1, 0x9e, 0xe4, 0x0, 0x23, 0x80, 0x2b, 0x7a,
    0xb7, 0x80, 0x0, 0xfc, 0x82, 0xca, 0x2b, 0x28,
    0x5, 0x76, 0x0, 0x78, 0x0, 0xc0, 0x3e, 0x67,
    0x99, 0x2d, 0x0, 0x57, 0x60, 0x98, 0x55, 0x4b,
    0x80, 0x7, 0xe4, 0x0, 0xf9, 0xc4, 0xa9, 0xac,
    0x1, 0xd7, 0xb5, 0x76, 0xae, 0x0, 0xcc, 0x99,
    0xdc, 0xf6, 0x90, 0xc, 0x41, 0x48, 0x85, 0x42,
    0x0, 0xc9, 0x4b, 0x57, 0x67, 0xf0, 0x0,

    /* U+C5B4 "어" */
    0x7, 0xee, 0x38, 0x5, 0xee, 0x90, 0xd1, 0x5,
    0x0, 0xdc, 0x50, 0xcb, 0x20, 0x19, 0xd0, 0x1,
    0x86, 0x88, 0x0, 0xfd, 0x76, 0x0, 0x31, 0x0,
    0x38, 0x7f, 0xc0, 0xd, 0x43, 0x26, 0x40, 0xc,
    0xc9, 0x9a, 0x76, 0x1, 0xd7, 0x98, 0xd1, 0x0,
    0xf1, 0x98, 0x3, 0xff, 0x88,

    /* U+C5B8 "언" */
    0x7, 0xee, 0x50, 0x5, 0xee, 0xd1, 0x36, 0xf4,
    0x1, 0xa9, 0x5d, 0x61, 0x54, 0x80, 0x1e, 0x10,
    0xab, 0x0, 0x22, 0xa1, 0x40, 0xff, 0x80, 0x10,
    0xb7, 0xa5, 0xa0, 0x1d, 0x5d, 0xbc, 0x60, 0x1e,
    0xb5, 0x0, 0xfc, 0x9c, 0x1, 0xbd, 0xc0, 0x22,
    0x33, 0xe2, 0x0, 0x93, 0x33, 0xa0,

    /* U+C5C5 "업" */
    0x8, 0xee, 0x50, 0x80, 0x3d, 0xa1, 0xae, 0x9e,
    0x80, 0x32, 0xba, 0xa5, 0x26, 0xe8, 0x0, 0xca,
    0x0, 0xd1, 0x99, 0x0, 0x24, 0xbf, 0x92, 0x91,
    0x0, 0x2, 0xeb, 0xae, 0x40, 0xf, 0x18, 0x7,
    0x32, 0x80, 0x27, 0xd5, 0x73, 0x28, 0x4, 0x97,
    0x78, 0x3, 0x97, 0x77, 0x0, 0x72, 0xe6, 0x60,
    0x0,

    /* U+C5C6 "없" */
    0x8, 0xee, 0x50, 0x81, 0xfa, 0x4, 0x3d, 0xd3,
    0xd0, 0x7, 0x2b, 0x2a, 0x5a, 0x76, 0x80, 0x4c,
    0x80, 0xc, 0x2d, 0x80, 0xa, 0x4f, 0xf9, 0x38,
    0xd4, 0x2, 0x2e, 0xba, 0xe3, 0x0, 0xb, 0x81,
    0x5a, 0xaa, 0xc4, 0x26, 0xcc, 0x5, 0x37, 0x48,
    0x60, 0xa4, 0x1, 0xaa, 0x80, 0x3, 0xc, 0x0,
    0xc8, 0xa0, 0x3e, 0xa8, 0xc0, 0x16, 0xe0, 0x48,
    0x55, 0x20, 0x8f, 0xff, 0x56, 0x2, 0xf1, 0x0,

    /* U+C5C8 "었" */
    0x8, 0xee, 0x50, 0x80, 0xfb, 0x3, 0xba, 0x2d,
    0xe8, 0x3, 0xa9, 0x59, 0x61, 0x19, 0xc0, 0x21,
    0x0, 0x8c, 0x22, 0x0, 0x15, 0x2c, 0x34, 0x17,
    0x78, 0x4, 0xd2, 0x96, 0xf8, 0x1, 0xe6, 0xdc,
    0x91, 0x11, 0x4a, 0x0, 0x51, 0xe0, 0x6, 0xc7,
    0x20, 0x9, 0x5, 0x83, 0x1, 0x0, 0x29, 0x25,
    0xa7, 0x42, 0xb3, 0x7, 0x6b, 0xaa, 0x44, 0x35,
    0x74, 0x5f, 0x90, 0x1b, 0x5c, 0x2f, 0xc4,

    /* U+C5D0 "에" */
    0x1, 0xcf, 0xa0, 0x7, 0x3e, 0x50, 0x58, 0xd2,
    0xb8, 0x7, 0x96, 0xd5, 0xac, 0x3, 0x84, 0x8,
    0x38, 0x90, 0x40, 0x3f, 0xd, 0x80, 0x61, 0x1,
    0xf, 0x2f, 0x10, 0xc, 0x7e, 0xa, 0xe0, 0x1e,
    0x85, 0xf3, 0x80, 0xf, 0x27, 0x5f, 0x90, 0x7,
    0xc2, 0x82, 0x1, 0xff, 0xc5,

    /* U+C5ED "역" */
    0x7, 0xef, 0xb2, 0x0, 0x7b, 0x32, 0x21, 0x4d,
    0xbf, 0xe0, 0x5, 0x2b, 0x2c, 0x5, 0x60, 0x7,
    0xff, 0x1, 0x15, 0x92, 0x2, 0xb0, 0x1, 0xb,
    0x36, 0x1b, 0xfe, 0x0, 0xaa, 0x93, 0x26, 0x44,
    0x19, 0x80, 0x6a, 0x6e, 0xf1, 0x90, 0xf, 0xff,
    0x80, 0x3f, 0xf9, 0x40,

    /* U+C5F0 "연" */
    0x7, 0xef, 0xb2, 0x0, 0x7b, 0x3c, 0x42, 0xdb,
    0x7b, 0x80, 0xb, 0x56, 0x48, 0x8, 0xa0, 0x0,
    0x98, 0x0, 0x41, 0x50, 0x0, 0xee, 0x10, 0xe0,
    0xcf, 0x0, 0x59, 0x77, 0xac, 0xdd, 0x80, 0x3,
    0x98, 0xbe, 0x64, 0x40, 0x6, 0x93, 0x10, 0xf,
    0x9f, 0x80, 0x36, 0xb8, 0x4, 0x46, 0x78, 0x4c,
    0x2, 0x4c, 0xce, 0x80,

    /* U+C5F4 "열" */
    0x8, 0xee, 0x50, 0x80, 0x3d, 0xe1, 0xae, 0x9f,
    0xbf, 0xc0, 0x5, 0x75, 0x4b, 0xd, 0xd0, 0x1,
    0x94, 0x1, 0x81, 0xfe, 0x0, 0x49, 0x7f, 0x2c,
    0xcc, 0x0, 0x2e, 0x96, 0xb5, 0x77, 0x0, 0x80,
    0x21, 0xef, 0x32, 0x1, 0x0, 0x55, 0x78, 0x3,
    0x55, 0x78, 0x4, 0x2, 0x5c, 0xce, 0x40, 0x9,
    0x73, 0x3a, 0x40,

    /* U+C5FD "엽" */
    0x8, 0xee, 0x51, 0x0, 0xfb, 0x43, 0xdd, 0x3e,
    0xff, 0x0, 0x15, 0x95, 0x2c, 0x33, 0x40, 0xc,
    0x80, 0xc, 0x8, 0x90, 0x4, 0x9f, 0xf2, 0x46,
    0xe8, 0x0, 0x5d, 0x75, 0xee, 0xcc, 0x0, 0xc4,
    0xe2, 0x1, 0x31, 0x0, 0x22, 0xa, 0xb9, 0x8c,
    0x2, 0x58, 0x8c, 0x1, 0xc9, 0xdd, 0x80, 0x39,
    0x73, 0x30, 0x0,

    /* U+C601 "영" */
    0x8, 0xef, 0xb1, 0x1, 0xf6, 0x77, 0x45, 0x37,
    0x7f, 0x0, 0x2d, 0x59, 0x60, 0x2a, 0xc0, 0x3c,
    0x60, 0x1d, 0x6b, 0xf, 0x1, 0x56, 0x0, 0x77,
    0x34, 0x27, 0xfb, 0x80, 0x28, 0xea, 0x1d, 0xcb,
    0x45, 0x0, 0x3d, 0x15, 0xd0, 0xa0, 0x5, 0x69,
    0x2c, 0xcb, 0xb, 0x0, 0x22, 0x1c, 0xd2, 0x43,
    0x0, 0x11, 0xa, 0xca, 0x5a, 0x40,

    /* U+C608 "예" */
    0x1, 0xbf, 0xa0, 0x7, 0xb7, 0x40, 0x42, 0xd2,
    0x38, 0x80, 0x73, 0xb2, 0xb4, 0x70, 0x7, 0xf,
    0x7, 0x6, 0x0, 0x78, 0xc0, 0xc0, 0x80, 0x3c,
    0x40, 0x40, 0xe0, 0x1c, 0x98, 0x18, 0x16, 0x1,
    0xd0, 0x9e, 0x97, 0xa0, 0x1c, 0x7b, 0x5a, 0x80,
    0x1f, 0x12, 0x90, 0x7, 0xff, 0x14,

    /* U+C624 "오" */
    0x0, 0x8e, 0xfb, 0xf1, 0x80, 0x39, 0x30, 0x2a,
    0xd2, 0x64, 0x1, 0xb8, 0x6d, 0x11, 0xc, 0xc0,
    0xe, 0x30, 0xc, 0x20, 0x1d, 0xc5, 0x24, 0x46,
    0x76, 0x0, 0xc9, 0x49, 0xba, 0x87, 0x90, 0xe,
    0x5d, 0x61, 0xe8, 0x0, 0xff, 0xe1, 0x8f, 0xfe,
    0x61, 0xff, 0xcc, 0x37, 0x7f, 0xe7,

    /* U+C628 "온" */
    0x0, 0x97, 0x3b, 0xf6, 0x0, 0x39, 0x69, 0x6b,
    0x2d, 0xac, 0x3, 0x60, 0xca, 0x1b, 0x3a, 0x80,
    0x6d, 0x1b, 0x65, 0x86, 0x70, 0xc, 0x98, 0x51,
    0x47, 0x32, 0x0, 0x91, 0xf, 0xaa, 0x3e, 0x48,
    0x82, 0x1b, 0xbc, 0x83, 0x77, 0x90, 0x7f, 0xb7,
    0xff, 0xe6, 0x0, 0x4e, 0x80, 0x7f, 0xf0, 0xc,
    0xfc, 0x1, 0xec, 0xcf, 0x0, 0x0,

    /* U+C644 "완" */
    0x0, 0x3e, 0xfe, 0xa8, 0x3f, 0x80, 0x4d, 0x15,
    0x89, 0x44, 0x1, 0xdc, 0x2e, 0x70, 0xe, 0x1,
    0xd6, 0x30, 0x96, 0x28, 0x0, 0xe9, 0x3, 0xd3,
    0xb2, 0xf1, 0x0, 0x5d, 0x9, 0x6, 0x6, 0xaa,
    0xbc, 0x14, 0xdf, 0x75, 0x1, 0x54, 0xb2, 0x0,
    0x9b, 0xfb, 0x3f, 0xdd, 0xcd, 0x0, 0xe7, 0xc1,
    0x0, 0x9b, 0x40, 0x3c, 0xa6, 0x71, 0x8, 0x7,
    0xaf, 0x33, 0x88, 0x0,

    /* U+C65C "왜" */
    0x2, 0xcf, 0xc2, 0x27, 0xa7, 0xb8, 0x70, 0x58,
    0x70, 0x7, 0x9, 0xca, 0x49, 0x88, 0x7, 0x84,
    0x4, 0x1c, 0x3, 0x8, 0xbc, 0xfc, 0x58, 0x30,
    0x2, 0xb4, 0xc4, 0xb0, 0x3, 0x0, 0x4b, 0x81,
    0x6a, 0x0, 0xa0, 0x8, 0x40, 0x2, 0x6c, 0x1,
    0xa3, 0xb0, 0x2b, 0x38, 0x3, 0x4e, 0xeb, 0xb9,
    0xf0, 0x1, 0x84, 0x88, 0x22, 0x0, 0xf0,

    /* U+C678 "외" */
    0x0, 0x26, 0xfe, 0x20, 0x3, 0xdc, 0xe, 0xd2,
    0xde, 0xc8, 0x3, 0x50, 0xca, 0x58, 0x28, 0x6,
    0x33, 0x0, 0x6f, 0x0, 0xde, 0x4e, 0x30, 0x16,
    0x1, 0x95, 0xe3, 0x9e, 0x4c, 0x3, 0xa2, 0xc3,
    0x18, 0x3, 0xfe, 0x11, 0x0, 0x1f, 0xfd, 0x61,
    0x9f, 0xd6, 0x0, 0x6b, 0xb6, 0x65, 0xba, 0xb0,
    0x0, 0xa2, 0xc, 0xe2, 0x20, 0x80, 0x0,

    /* U+C694 "요" */
    0x0, 0x8e, 0xfb, 0xf1, 0x40, 0x38, 0xf0, 0x2e,
    0xc9, 0x50, 0x1, 0xa4, 0x6d, 0x52, 0x19, 0xc0,
    0x30, 0x98, 0x6, 0x10, 0xe, 0xd2, 0x60, 0x1,
    0xb1, 0x80, 0x66, 0x49, 0xfe, 0xc0, 0xe0, 0xe,
    0xc0, 0xba, 0x42, 0x20, 0x7, 0xc8, 0x81, 0x0,
    0xc3, 0xfe, 0x80, 0xff, 0x29, 0xff, 0x98, 0x6e,
    0xff, 0xce,

    /* U+C6A9 "용" */
    0x0, 0x9f, 0x7f, 0xdd, 0x22, 0x1, 0x9e, 0x2f,
    0x75, 0x49, 0xa0, 0x1b, 0xc1, 0x48, 0x88, 0xc4,
    0x1, 0xa4, 0xf3, 0xfb, 0xd6, 0x80, 0x30, 0xd8,
    0x66, 0xa1, 0x20, 0x0, 0x7b, 0x90, 0x1b, 0xa4,
    0x3e, 0xe3, 0xd, 0xda, 0xa5, 0x9e, 0x2a, 0xec,
    0x80, 0xa9, 0x32, 0x77, 0x45, 0x8a, 0x90, 0x2,
    0xb, 0x7f, 0xbd, 0x68, 0x3, 0x70, 0xa9, 0x99,
    0x58, 0x80, 0x33, 0xc5, 0x66, 0x2d, 0x34, 0x0,

    /* U+C6B4 "운" */
    0x0, 0x97, 0x3b, 0xf6, 0x0, 0x39, 0x69, 0x6b,
    0x2d, 0xac, 0x3, 0x60, 0xca, 0x1b, 0x3a, 0x0,
    0x6d, 0x1b, 0x65, 0x86, 0x50, 0xc, 0x98, 0x35,
    0x7, 0x34, 0x1, 0x2a, 0x9b, 0xe6, 0x38, 0xd5,
    0x44, 0x37, 0x7a, 0xa9, 0x77, 0x90, 0x7b, 0xf3,
    0x98, 0x7b, 0xb3, 0x0, 0x27, 0x43, 0x94, 0x3,
    0xf8, 0xd2, 0xc, 0xe0, 0xf, 0x66, 0x78, 0x0,

    /* U+C6CC "워" */
    0x0, 0x2e, 0xfe, 0x18, 0x3, 0xdc, 0xe, 0x97,
    0x1b, 0x4, 0x3, 0x28, 0x41, 0xc8, 0x10, 0x6,
    0x40, 0xa5, 0xf1, 0x30, 0xc, 0x58, 0x30, 0xd8,
    0x1, 0x8e, 0x2c, 0x90, 0xe2, 0xcc, 0x3, 0x8d,
    0x87, 0x74, 0x20, 0x3, 0x88, 0x70, 0x50, 0xdf,
    0x80, 0x7e, 0x4b, 0xb0, 0x7, 0xe2, 0x66, 0x0,
    0x7f, 0xf0, 0x40,

    /* U+C6D0 "원" */
    0x0, 0x36, 0xfe, 0xb8, 0x1f, 0xa0, 0x24, 0xd6,
    0xd4, 0x20, 0x7, 0x88, 0x82, 0x2, 0x1, 0x91,
    0xeb, 0xe5, 0xd4, 0x3, 0x2f, 0x4c, 0x40, 0x21,
    0xc0, 0x29, 0xad, 0x8a, 0x10, 0x10, 0xb, 0x31,
    0x62, 0xb8, 0xb0, 0x1, 0x91, 0x80, 0xf, 0x14,
    0x1, 0xb2, 0xe2, 0xc9, 0x54, 0xcc, 0x0, 0xc4,
    0xe8, 0x86, 0xd0, 0xc, 0x57, 0x7e, 0xa0,

    /* U+C6E8 "웨" */
    0x2, 0xcf, 0xc2, 0x1f, 0x5f, 0x70, 0xe0, 0xc7,
    0xf0, 0xf, 0x1d, 0x1f, 0x11, 0x80, 0x72, 0x5a,
    0xc9, 0x98, 0x3, 0xa9, 0x21, 0xb4, 0x3, 0x92,
    0x41, 0x2, 0xdc, 0x3, 0x38, 0xb, 0x1f, 0x90,
    0x6, 0x38, 0xa0, 0xce, 0xb0, 0xf, 0xe8, 0xa0,
    0xf, 0xe3, 0x40, 0xf, 0x14, 0xb8, 0x7, 0x80,

    /* U+C704 "위" */
    0x0, 0x36, 0xfe, 0xa8, 0x3, 0xd8, 0x12, 0x6b,
    0x2a, 0x88, 0x1, 0x8c, 0x5c, 0xdc, 0xc, 0x3,
    0x20, 0xd3, 0x50, 0x28, 0x6, 0x3c, 0xa, 0xc,
    0x20, 0x8, 0x51, 0xfa, 0x7d, 0x58, 0xc0, 0xb,
    0x77, 0x55, 0xdc, 0xa0, 0x4, 0xff, 0x60, 0x56,
    0xe9, 0x80, 0x3f, 0xfa, 0xe0,

    /* U+C720 "유" */
    0x0, 0x92, 0xfb, 0xf5, 0xc0, 0x39, 0x2c, 0x6b,
    0x2a, 0x24, 0x3, 0x68, 0x52, 0x1b, 0xab, 0x80,
    0x6c, 0x9, 0x32, 0x65, 0x40, 0xc, 0xb2, 0x99,
    0xb2, 0xf4, 0x1, 0xcd, 0xbf, 0xdf, 0x0, 0x10,
    0xff, 0xf7, 0x7f, 0xe6, 0x1b, 0xb3, 0x5, 0x59,
    0x95, 0xd9, 0xc1, 0x11, 0xe0, 0xa8, 0xe2, 0x88,
    0x10, 0xf, 0xfe, 0x60,

    /* U+C721 "육" */
    0x0, 0x9b, 0x3b, 0xf6, 0x44, 0x3, 0x34, 0xde,
    0xea, 0x1f, 0x40, 0x37, 0x83, 0x19, 0x2a, 0x10,
    0x6, 0xb2, 0xec, 0xbe, 0x5b, 0x0, 0xc5, 0xb9,
    0x5b, 0x7c, 0xa0, 0x1, 0xff, 0xb2, 0x65, 0x5d,
    0xfe, 0x61, 0xcc, 0x40, 0x5e, 0x1a, 0x66, 0x1c,
    0xe, 0xe8, 0x27, 0xcd, 0x60, 0xc4, 0x1, 0x95,
    0x15, 0x70, 0x4a, 0x1, 0x91, 0xdf, 0x94, 0x3,
    0xff, 0x86,

    /* U+C73C "으" */
    0x0, 0x8e, 0xfb, 0xf1, 0x40, 0x38, 0xf0, 0x2e,
    0xc9, 0x50, 0x1, 0xa4, 0x6d, 0x52, 0x19, 0xc0,
    0x30, 0x98, 0x6, 0x10, 0xe, 0xd2, 0x60, 0x1,
    0xb2, 0x0, 0x66, 0x79, 0xfe, 0xc5, 0xa0, 0xe,
    0x8e, 0xba, 0xdb, 0x10, 0xf, 0xa, 0x20, 0x80,
    0x30, 0xff, 0xff, 0x98, 0x6e, 0xff, 0xce,

    /* U+C740 "은" */
    0x0, 0x97, 0x3b, 0xf6, 0x0, 0x39, 0x69, 0x6b,
    0x2d, 0xac, 0x3, 0x60, 0xca, 0x1b, 0x3a, 0x0,
    0x6d, 0x1b, 0x65, 0x86, 0x50, 0xc, 0x98, 0x35,
    0x7, 0x34, 0x1, 0x22, 0x1f, 0xa2, 0x7c, 0x91,
    0x2, 0x2b, 0xbf, 0xf3, 0x8f, 0xf6, 0xff, 0xfc,
    0xc0, 0x9, 0xd0, 0xf, 0xfe, 0x1, 0x9f, 0x80,
    0x3d, 0x99, 0xe0, 0x0,

    /* U+C744 "을" */
    0x0, 0xa3, 0x7f, 0xdd, 0x44, 0x1, 0xa1, 0xe3,
    0x76, 0x6c, 0x0, 0xda, 0x18, 0x89, 0x12, 0x0,
    0x65, 0xde, 0xe7, 0xfa, 0xa8, 0x0, 0x1d, 0xd7,
    0xd2, 0xa2, 0xce, 0xe9, 0x46, 0x67, 0xfc, 0xe0,
    0x99, 0x77, 0xe9, 0x42, 0x0, 0x55, 0xdf, 0x21,
    0x80, 0x6a, 0xbb, 0xe4, 0x0, 0xfb, 0x33, 0xb4,
    0x3, 0xd9, 0x9e, 0x20,

    /* U+C74C "음" */
    0x0, 0x9f, 0x7f, 0xdd, 0x22, 0x1, 0x9e, 0x2f,
    0x75, 0x49, 0xa0, 0x1b, 0xc1, 0x48, 0x88, 0xc2,
    0x1, 0xa5, 0x33, 0xfb, 0xdb, 0x80, 0x21, 0xa,
    0xdb, 0xac, 0xc1, 0x8, 0xf, 0x75, 0xb7, 0x6c,
    0xee, 0x98, 0x77, 0x2e, 0xfe, 0xd6, 0x2, 0xbb,
    0xfa, 0x88, 0x3, 0xbb, 0xb2, 0x80, 0x7c, 0x45,
    0x80, 0x3f, 0x66, 0x65, 0x0, 0x80,

    /* U+C751 "응" */
    0x0, 0x9f, 0x7f, 0xdd, 0x22, 0x1, 0x9e, 0x2f,
    0x75, 0x49, 0xa0, 0x1b, 0xc1, 0x48, 0x88, 0xc2,
    0x1, 0xa5, 0x33, 0xfb, 0xdb, 0x80, 0x21, 0xa,
    0xdb, 0xb6, 0x60, 0x84, 0x7, 0xba, 0xdb, 0xac,
    0xee, 0x98, 0x7b, 0xac, 0xaa, 0x5f, 0x74, 0xc0,
    0x21, 0xb9, 0x57, 0x6f, 0x51, 0x0, 0xa0, 0xb7,
    0xfb, 0xd6, 0x80, 0x37, 0xa, 0x99, 0x95, 0x88,
    0x3, 0x3c, 0x56, 0x62, 0xd3, 0x40, 0x0,

    /* U+C758 "의" */
    0x0, 0x2e, 0xfe, 0x18, 0x3, 0xdc, 0x12, 0x96,
    0xdf, 0x4, 0x3, 0x71, 0x42, 0x50, 0x38, 0x6,
    0x11, 0x0, 0x4, 0x4, 0x3, 0x69, 0xb1, 0x48,
    0x28, 0x6, 0x67, 0x9d, 0x7a, 0x20, 0xe, 0x8f,
    0xee, 0x28, 0x7, 0xc2, 0x2, 0x44, 0x10, 0x3,
    0xff, 0xbb, 0xad, 0xd4, 0x80, 0x1b, 0x77, 0x77,
    0x3e, 0x0, 0x2, 0x45, 0x84, 0x40, 0x18,

    /* U+C774 "이" */
    0x6, 0xef, 0x90, 0x1, 0xfa, 0x1c, 0xb4, 0xb3,
    0x80, 0x6a, 0x28, 0x66, 0x50, 0x6, 0x57, 0x0,
    0x79, 0x0, 0x7e, 0x30, 0xe, 0x66, 0x0, 0x34,
    0x40, 0x37, 0x9a, 0xb, 0x38, 0x6, 0x54, 0xbe,
    0x38, 0x0, 0xeb, 0xcb, 0xd1, 0x0, 0xf1, 0xa0,
    0x7, 0xff, 0x10,

    /* U+C778 "인" */
    0x7, 0xee, 0x50, 0x81, 0xfa, 0x34, 0x4d, 0xbd,
    0x0, 0x6a, 0x57, 0x58, 0x41, 0x0, 0xf8, 0x40,
    0xc0, 0x24, 0x54, 0x28, 0x22, 0x0, 0x50, 0xb7,
    0xa3, 0xe0, 0x1d, 0x5d, 0xba, 0x20, 0xf, 0x53,
    0x80, 0x7e, 0x42, 0x0, 0x8f, 0xd0, 0x2, 0xe3,
    0x3e, 0x10, 0x9, 0xb3, 0x39, 0x80,

    /* U+C77C "일" */
    0x9, 0xee, 0x50, 0x81, 0xfa, 0x4b, 0xdd, 0x92,
    0x80, 0x32, 0x3a, 0xaa, 0x50, 0x3, 0x32, 0x80,
    0x30, 0x80, 0x34, 0x97, 0xf9, 0x64, 0x3, 0x17,
    0x66, 0x39, 0x0, 0x51, 0x80, 0x1b, 0xae, 0xeb,
    0x14, 0x40, 0x11, 0x1c, 0xc2, 0xe0, 0x33, 0x3c,
    0xe0, 0xe0, 0x13, 0xe6, 0x71, 0x0, 0x4f, 0x99,
    0xd2,

    /* U+C784 "임" */
    0x7, 0xef, 0xb2, 0x3, 0xf4, 0x68, 0x85, 0xb7,
    0x80, 0x6d, 0x46, 0x49, 0x22, 0x0, 0x67, 0x0,
    0x8, 0x7, 0x71, 0xcb, 0x5a, 0x10, 0x4, 0xb4,
    0x54, 0xf4, 0x1, 0xcb, 0xf1, 0xaa, 0x8c, 0xac,
    0x0, 0xbb, 0xea, 0x56, 0x0, 0xa7, 0xfe, 0xd0,
    0xe, 0xe3, 0x39, 0xc0, 0x39, 0xf3, 0x2a, 0x0,
    0x0,

    /* U+C785 "입" */
    0x8, 0xef, 0xa1, 0x3, 0xf4, 0x77, 0x45, 0xbe,
    0x80, 0x6b, 0x56, 0x48, 0x31, 0x0, 0x99, 0xc4,
    0x30, 0x44, 0x1, 0x58, 0x77, 0x1a, 0x80, 0x30,
    0xee, 0x57, 0x20, 0x7, 0xad, 0xc4, 0x0, 0x4c,
    0xc0, 0x3, 0xd2, 0xac, 0xcd, 0x0, 0x4d, 0x77,
    0x48, 0x7, 0x3e, 0xed, 0x60, 0x1c, 0xf9, 0x95,
    0x0, 0x0,

    /* U+C788 "있" */
    0x7, 0xef, 0xb2, 0x3, 0xf4, 0x6, 0x89, 0xb6,
    0xf0, 0xe, 0xd4, 0x74, 0x92, 0x30, 0xe, 0x70,
    0xc, 0x20, 0x1b, 0x8e, 0x5a, 0x4c, 0x80, 0x32,
    0xd2, 0xda, 0x68, 0x7, 0x97, 0x72, 0x44, 0x41,
    0x2a, 0x1, 0x56, 0x80, 0x23, 0x18, 0x40, 0x25,
    0x34, 0x5, 0x3, 0x0, 0xa8, 0x17, 0xe0, 0xcb,
    0x88, 0x25, 0x36, 0xb1, 0xe7, 0x7, 0xc2, 0x7c,
    0xc1, 0xf5, 0x87, 0x30, 0x0,

    /* U+C78E "잎" */
    0x7, 0xee, 0x50, 0x81, 0xfa, 0x3c, 0x42, 0xd2,
    0x80, 0x35, 0xab, 0x2c, 0x20, 0x80, 0x61, 0x0,
    0xfd, 0x49, 0xd, 0x8, 0x20, 0x13, 0x42, 0xc3,
    0xd0, 0x7, 0x34, 0x5e, 0x22, 0xb3, 0xb8, 0x16,
    0xea, 0x97, 0x54, 0x65, 0x4, 0xe1, 0x7e, 0x90,
    0xe6, 0x1, 0x31, 0x23, 0xe0, 0x42, 0x6, 0xc0,
    0x5c, 0x70, 0xbb, 0x0,

    /* U+C790 "자" */
    0x4, 0x4f, 0xc, 0x70, 0x5, 0x77, 0xe5, 0x0,
    0xef, 0xf3, 0x8f, 0xf9, 0x0, 0x3e, 0x11, 0x0,
    0x7f, 0x90, 0x10, 0x2, 0x1f, 0xa0, 0x2, 0x91,
    0x20, 0x3, 0x5c, 0x81, 0xd3, 0xf9, 0xd8, 0x80,
    0xa1, 0x96, 0x24, 0x16, 0x2b, 0x80, 0x62, 0xcb,
    0x0, 0x1f, 0x30, 0x7, 0x18, 0x7, 0xff, 0x28,

    /* U+C791 "작" */
    0xf, 0xff, 0x14, 0x70, 0x5, 0x98, 0x41, 0xcc,
    0x10, 0x7, 0x19, 0x9c, 0x4c, 0xc0, 0x1, 0x42,
    0x0, 0x11, 0x84, 0x0, 0x6b, 0xb0, 0xf, 0x94,
    0x3c, 0x88, 0xf, 0xc9, 0x79, 0xfb, 0xcb, 0xa8,
    0x6, 0x28, 0xc0, 0x24, 0xd6, 0xf5, 0x0, 0x9a,
    0xb7, 0x6c, 0xd8, 0x50, 0xd, 0x1d, 0xdc, 0xc0,
    0x1e, 0x11, 0xf0, 0x7, 0xff, 0xc,

    /* U+C798 "잘" */
    0xf, 0xff, 0x14, 0x70, 0x5, 0x98, 0x41, 0xcc,
    0x10, 0x7, 0x19, 0x98, 0x40, 0xc0, 0x3, 0xf4,
    0x0, 0x82, 0x5d, 0x40, 0xb, 0x20, 0x6d, 0xee,
    0x9a, 0xd0, 0x4, 0xc8, 0x4a, 0xd4, 0x67, 0x17,
    0x58, 0x2, 0x97, 0xee, 0xb3, 0xa9, 0x80, 0x31,
    0x5d, 0xf2, 0x80, 0x71, 0x5d, 0xf2, 0x80, 0x7d,
    0x39, 0x9b, 0x40, 0x3d, 0x39, 0x9c, 0x40,

    /* U+C7A5 "장" */
    0xf, 0xff, 0x14, 0x70, 0x5, 0x98, 0x41, 0xcc,
    0x10, 0x7, 0x19, 0x80, 0x4c, 0xc0, 0x1, 0x43,
    0x0, 0x12, 0x3, 0x80, 0x6b, 0xa0, 0x1f, 0x16,
    0x87, 0x0, 0xf, 0xc9, 0x79, 0xec, 0xc4, 0x14,
    0x3, 0x14, 0x79, 0x91, 0xc8, 0xeb, 0x0, 0x4c,
    0x37, 0xb5, 0x17, 0x5c, 0x1, 0x99, 0x33, 0xb9,
    0xed, 0x20, 0x18, 0x82, 0x91, 0xa, 0x84, 0x1,
    0x92, 0x96, 0xae, 0xcf, 0xe0, 0x0,

    /* U+C7AC "재" */
    0x4, 0x4f, 0x79, 0x74, 0xd, 0xdf, 0x8, 0x6,
    0x1f, 0xe0, 0xaf, 0x10, 0xf, 0x18, 0x7, 0xf9,
    0x80, 0x80, 0x25, 0x10, 0xb, 0x42, 0x80, 0x29,
    0x0, 0x8d, 0x98, 0x4e, 0x0, 0xc1, 0x2, 0xd3,
    0x99, 0x41, 0x80, 0x62, 0x7d, 0x6, 0xc3, 0x0,
    0xe9, 0x10, 0x1, 0x80, 0x7f, 0xf1, 0x0,

    /* U+C800 "저" */
    0x4, 0x4f, 0x8, 0x7b, 0x85, 0xdf, 0x94, 0x3,
    0x7f, 0x98, 0xbf, 0xc8, 0x1, 0xe3, 0x30, 0xa,
    0x20, 0x3, 0x9c, 0x49, 0x2e, 0xc0, 0x19, 0x48,
    0x65, 0x7f, 0xc0, 0x11, 0x53, 0x6a, 0x48, 0x6,
    0x2d, 0x49, 0x3a, 0x65, 0x0, 0x8a, 0xec, 0x0,
    0x5e, 0x50, 0xc, 0x80, 0x18, 0x40, 0x3f, 0xf8,
    0x60,

    /* U+C804 "전" */
    0xe, 0xff, 0xe2, 0x1f, 0x60, 0xdc, 0x51, 0xcc,
    0x10, 0x6, 0x33, 0x0, 0x99, 0xca, 0x1, 0xc8,
    0xa, 0x79, 0x60, 0x1a, 0x44, 0xec, 0x7f, 0x80,
    0x28, 0x68, 0xd2, 0xd5, 0x0, 0x85, 0x61, 0xc7,
    0x25, 0x40, 0x21, 0xd7, 0xc5, 0x6, 0x0, 0xf8,
    0xc8, 0x2, 0x1e, 0x60, 0xd, 0xc6, 0x78, 0x84,
    0x3, 0x36, 0x67, 0x48,

    /* U+C808 "절" */
    0xe, 0xff, 0xe2, 0x1f, 0x60, 0xdc, 0x40, 0xcc,
    0x19, 0x80, 0x23, 0x33, 0x0, 0x5d, 0xa0, 0x19,
    0xc8, 0xf8, 0x3b, 0x40, 0x3, 0x31, 0x38, 0xf8,
    0xa6, 0x0, 0x13, 0xb6, 0xa, 0xd4, 0x15, 0x20,
    0xa4, 0xde, 0xe6, 0x77, 0x10, 0x40, 0x28, 0x8f,
    0x9, 0x80, 0x55, 0x33, 0xc0, 0x60, 0x19, 0x73,
    0x39, 0xc0, 0x32, 0xe6, 0x74, 0x80,

    /* U+C815 "정" */
    0xf, 0xff, 0x10, 0x7b, 0x6, 0x61, 0x7, 0x30,
    0x40, 0x18, 0xcc, 0xe2, 0x63, 0xdc, 0x0, 0xc6,
    0x60, 0x92, 0xaa, 0x0, 0x43, 0xc9, 0x6d, 0x4a,
    0x80, 0x1, 0xf7, 0xb4, 0xb7, 0x20, 0x8, 0x7e,
    0x81, 0x7c, 0x3e, 0x95, 0x40, 0x20, 0xf4, 0x57,
    0x42, 0xa0, 0x1a, 0xd2, 0x59, 0x96, 0x16, 0x1,
    0x22, 0x1c, 0xd2, 0x43, 0x0, 0x28, 0x85, 0x65,
    0x2d, 0x20,

    /* U+C81C "제" */
    0x4, 0x4e, 0x2f, 0x4e, 0x80, 0xbb, 0xe1, 0x0,
    0xef, 0xe0, 0xaf, 0x10, 0xf, 0x18, 0x0, 0xd0,
    0x3, 0xcc, 0x5, 0x50, 0x1, 0xed, 0xa, 0x9c,
    0x0, 0xe2, 0x66, 0x13, 0x80, 0x71, 0x61, 0xcc,
    0x41, 0x0, 0x31, 0xbe, 0x83, 0xe2, 0x0, 0x61,
    0x91, 0x0, 0x18, 0x7, 0xff, 0x10,

    /* U+C838 "져" */
    0x1, 0x1f, 0x0, 0x3d, 0xc3, 0xbb, 0xca, 0x1,
    0xb7, 0x4a, 0x3b, 0x82, 0x80, 0x11, 0x10, 0xc4,
    0x86, 0xec, 0x1, 0xca, 0x4, 0x4c, 0xc0, 0x6,
    0x43, 0x19, 0x2c, 0xc0, 0x4, 0x54, 0xda, 0x91,
    0xfe, 0x0, 0x16, 0xac, 0x9d, 0xa2, 0x80, 0x45,
    0x96, 0x0, 0x4f, 0x50, 0xc, 0x60, 0x18, 0x40,
    0x3f, 0xf8, 0x60,

    /* U+C870 "조" */
    0x0, 0x1a, 0x27, 0xc2, 0x1, 0x6d, 0xdf, 0xca,
    0x1, 0x77, 0xf8, 0xc3, 0xbf, 0xc8, 0x1, 0xd0,
    0x65, 0xa2, 0x1, 0x85, 0xb5, 0xb3, 0xf, 0xd0,
    0x60, 0x5, 0xba, 0xe7, 0x75, 0xd2, 0x50, 0x1,
    0x35, 0xc3, 0x60, 0x17, 0x24, 0x3, 0xff, 0x82,
    0x3f, 0xf9, 0x87, 0xff, 0x30, 0xdd, 0xff, 0x9c,

    /* U+C871 "족" */
    0x0, 0x77, 0xff, 0xc6, 0x1, 0x6e, 0x50, 0x1,
    0xb3, 0x6, 0x1, 0xae, 0xc6, 0xed, 0x2e, 0x20,
    0x4, 0xc3, 0xb8, 0xec, 0x3a, 0xb0, 0x3, 0x6c,
    0xbf, 0x40, 0xde, 0x40, 0x8b, 0x77, 0x28, 0xee,
    0xe7, 0x1e, 0xe6, 0xef, 0xdc, 0xc0, 0x37, 0xbb,
    0xec, 0x10, 0xa, 0x33, 0x39, 0x40, 0x38, 0x8c,
    0xfc, 0x1, 0xff, 0xc3,

    /* U+C8FC "주" */
    0x0, 0x77, 0xff, 0xc8, 0x1, 0x6e, 0x58, 0x84,
    0xe6, 0x14, 0x2, 0x33, 0x68, 0x8a, 0xc4, 0xc4,
    0x0, 0x6f, 0xaf, 0x7e, 0x3b, 0x4a, 0x0, 0x7a,
    0x5f, 0x41, 0xca, 0x1d, 0x0, 0xc, 0x6a, 0x2a,
    0xc1, 0xda, 0x43, 0x77, 0xaa, 0x97, 0x79, 0x7,
    0xbb, 0x30, 0xf7, 0x66, 0x0, 0xff, 0xec, 0x0,

    /* U+C900 "준" */
    0x0, 0x77, 0xff, 0xc6, 0x1, 0x6e, 0x58, 0x84,
    0x66, 0xc, 0x2, 0x36, 0x90, 0x48, 0xb2, 0x0,
    0x97, 0xed, 0x7e, 0xe5, 0x7a, 0x80, 0xb, 0x9d,
    0x2, 0xd, 0xba, 0xb0, 0x1f, 0xcf, 0xff, 0x6f,
    0x30, 0xdd, 0xe4, 0x1b, 0xbc, 0x80, 0x8e, 0x48,
    0x40, 0x89, 0x88, 0x1, 0x72, 0x1b, 0x0, 0x1f,
    0xc8, 0x4, 0x89, 0x0, 0x7a, 0xef, 0xc2, 0x0,

    /* U+C911 "중" */
    0x0, 0x77, 0xff, 0xc6, 0x1, 0x6e, 0x50, 0x1,
    0xf3, 0x6, 0x1, 0xa, 0x59, 0xb3, 0xd0, 0x6,
    0x5d, 0xb8, 0xc9, 0xc3, 0xca, 0x0, 0xd, 0x41,
    0x22, 0x1f, 0xaf, 0x84, 0x57, 0x57, 0x7f, 0x9c,
    0x7f, 0xee, 0x51, 0xef, 0xf9, 0x80, 0x3, 0x7c,
    0xa3, 0xda, 0x80, 0x1a, 0x13, 0x3f, 0xdc, 0xd4,
    0x1, 0xb8, 0x10, 0xcc, 0x8c, 0x60, 0x19, 0xe2,
    0xb3, 0x16, 0x98, 0x0,

    /* U+C989 "즉" */
    0x0, 0x77, 0xff, 0xc6, 0x1, 0x6e, 0x50, 0x1,
    0xb3, 0x6, 0x1, 0xae, 0xc6, 0xed, 0x2e, 0x20,
    0x4, 0xc3, 0xbc, 0x8c, 0x3a, 0xb0, 0x3, 0xe4,
    0x31, 0x98, 0x2b, 0x64, 0x45, 0x99, 0xfe, 0x71,
    0xff, 0x77, 0x7d, 0xec, 0x0, 0xae, 0xef, 0x78,
    0x6, 0xbd, 0xde, 0x50, 0xe, 0x12, 0x2e, 0x30,
    0xf, 0xfe, 0x18,

    /* U+C99D "증" */
    0x0, 0x77, 0xff, 0xc6, 0x1, 0x6e, 0x50, 0x1,
    0xb3, 0x6, 0x1, 0xae, 0xc6, 0xed, 0x2e, 0x20,
    0x4, 0xc3, 0xbc, 0x8c, 0x3a, 0xb0, 0xa, 0xfc,
    0x51, 0xf, 0xb5, 0xc2, 0x2b, 0xbf, 0xf3, 0x8f,
    0xfd, 0xd9, 0x7b, 0xff, 0x30, 0x0, 0x73, 0xb2,
    0xb7, 0x90, 0x3, 0x41, 0x6f, 0xf7, 0xad, 0x0,
    0x6e, 0x15, 0x33, 0x2b, 0x10, 0x6, 0x78, 0xac,
    0xc5, 0xa6, 0x80, 0x0,

    /* U+C9C0 "지" */
    0x4, 0x4f, 0x9, 0xf9, 0x85, 0x5d, 0xf2, 0x0,
    0x6e, 0xf7, 0xf, 0xf2, 0x80, 0x78, 0x40, 0x3f,
    0xca, 0x8, 0x1, 0xf2, 0x19, 0x48, 0x7, 0x8a,
    0x9b, 0xf, 0x4, 0x2, 0x1c, 0x29, 0x1c, 0x27,
    0x0, 0x87, 0x70, 0x0, 0x5c, 0xc0, 0x18, 0xc0,
    0x3f, 0xf9, 0x0,

    /* U+C9C1 "직" */
    0xe, 0xff, 0xe2, 0x4f, 0x20, 0xdc, 0x51, 0xcc,
    0x10, 0x6, 0x33, 0x8, 0x8c, 0xc0, 0x1e, 0x24,
    0x7, 0x0, 0xfb, 0x85, 0xe1, 0xc0, 0x31, 0x69,
    0x64, 0x44, 0xa0, 0x11, 0x5e, 0x89, 0xa5, 0xb0,
    0x98, 0x1, 0x99, 0x99, 0x5e, 0x51, 0x80, 0x4b,
    0xff, 0xd4, 0x1, 0xfe, 0x10, 0xf, 0xfe, 0x8,

    /* U+C9C4 "진" */
    0xe, 0xff, 0xe2, 0x5f, 0x10, 0xdc, 0x51, 0xcc,
    0x10, 0x6, 0x33, 0x8, 0x8c, 0xc0, 0x1e, 0x15,
    0x5, 0x0, 0xfa, 0x5, 0x68, 0xc0, 0x30, 0xd3,
    0x4d, 0x26, 0x28, 0x6, 0x78, 0x60, 0xba, 0x50,
    0x8, 0x75, 0x30, 0x81, 0x40, 0x3c, 0xc6, 0x1,
    0x97, 0x84, 0x3, 0x39, 0x9e, 0x20, 0xe, 0xac,
    0xce, 0x30,

    /* U+C9D0 "짐" */
    0xe, 0xff, 0xe2, 0x5f, 0x20, 0xdc, 0x41, 0xcc,
    0x10, 0x6, 0x33, 0x38, 0x91, 0x80, 0x79, 0xc,
    0x2c, 0x3, 0xc7, 0x49, 0x8b, 0x84, 0x1, 0x16,
    0x15, 0x1e, 0x0, 0x71, 0x66, 0xaa, 0x3c, 0x31,
    0xa9, 0x81, 0x9a, 0xef, 0xa5, 0x4c, 0x3, 0x5f,
    0xfd, 0x60, 0x1e, 0x33, 0xe0, 0xf, 0x46, 0x65,
    0x0, 0x0,

    /* U+C9D1 "집" */
    0xe, 0xff, 0xe2, 0x4f, 0x30, 0xdc, 0x41, 0xcc,
    0x10, 0x6, 0x33, 0x30, 0x88, 0xc0, 0x3c, 0xa4,
    0x32, 0x1, 0xe4, 0xa5, 0xc4, 0xd3, 0x0, 0x8a,
    0xd2, 0x8b, 0x5c, 0x80, 0x22, 0xda, 0x82, 0x25,
    0xb, 0x30, 0x80, 0x81, 0xe9, 0x56, 0xa6, 0x30,
    0xc, 0xd7, 0x73, 0x0, 0x7a, 0x77, 0x68, 0x0,
    0xf4, 0x66, 0x52, 0x0,

    /* U+CC28 "차" */
    0x0, 0xa3, 0xc0, 0x29, 0xe0, 0x0, 0xff, 0x9c,
    0x3f, 0xd0, 0x1, 0x86, 0xec, 0xa1, 0x76, 0xa0,
    0xe, 0x44, 0x18, 0x22, 0x8, 0x3, 0xe4, 0x4,
    0x0, 0x87, 0xe4, 0x0, 0xa4, 0x49, 0x0, 0x86,
    0xec, 0x7, 0x4d, 0xe7, 0x84, 0x0, 0x42, 0x26,
    0x24, 0x96, 0xa, 0x80, 0x62, 0xcb, 0x0, 0x16,
    0xb8, 0x7, 0x18, 0x7, 0xff, 0x28,

    /* U+CC38 "참" */
    0x0, 0x84, 0xc0, 0x3f, 0xd1, 0xa0, 0x14, 0x70,
    0x5, 0xfe, 0x61, 0xff, 0x28, 0x7, 0x5d, 0x8c,
    0x2e, 0xc8, 0x2, 0x86, 0x8, 0xa4, 0x6, 0x82,
    0x0, 0xba, 0x2, 0xc2, 0x88, 0x49, 0x0, 0xfc,
    0x8e, 0x36, 0xbd, 0xa3, 0x80, 0x61, 0xfa, 0x54,
    0x9, 0x1e, 0x60, 0x8, 0x4a, 0xef, 0xa5, 0x80,
    0x3d, 0x9f, 0xf3, 0x80, 0x7c, 0xa6, 0x71, 0x0,
    0x7d, 0x39, 0x92, 0x80, 0x40,

    /* U+CCAB "첫" */
    0x0, 0x89, 0x80, 0x31, 0x88, 0x11, 0x2a, 0x4c,
    0x84, 0xb1, 0x3, 0x35, 0xc3, 0x36, 0x40, 0x37,
    0x7b, 0x86, 0xf6, 0x38, 0x7, 0x20, 0x29, 0xd5,
    0x80, 0x69, 0x37, 0x85, 0xec, 0x0, 0xb5, 0xee,
    0x2a, 0x60, 0x3, 0x77, 0xa0, 0x33, 0xc1, 0x80,
    0x46, 0x20, 0xa, 0x61, 0x17, 0xa8, 0x6, 0x46,
    0xa, 0x0, 0xe4, 0xab, 0x6d, 0x6e, 0x72, 0x1,
    0x96, 0xb9, 0x2d, 0x69, 0xa0, 0x1d, 0xc4, 0x0,
    0xa3, 0xa0,

    /* U+CCAD "청" */
    0x0, 0x89, 0x80, 0x31, 0x88, 0x8, 0x96, 0x48,
    0x40, 0xb1, 0x3, 0xfa, 0x3, 0x7a, 0x0, 0x37,
    0xf3, 0x86, 0xeb, 0x1c, 0x2, 0x11, 0x20, 0x28,
    0x5d, 0x0, 0x68, 0x37, 0x85, 0xfd, 0x0, 0xad,
    0xea, 0x2e, 0x60, 0x3, 0x76, 0x28, 0x3d, 0xe0,
    0xbb, 0x81, 0x4d, 0x3b, 0x2e, 0xb0, 0x88, 0x1,
    0x4a, 0xff, 0x73, 0x15, 0x80, 0x21, 0x65, 0x34,
    0xb0, 0x20, 0xb, 0x52, 0xf2, 0x92, 0x90,

    /* U+CCB4 "체" */
    0x0, 0x16, 0x98, 0xf, 0xaf, 0x40, 0x6f, 0x96,
    0xe9, 0x40, 0x3a, 0xe8, 0x1e, 0xd8, 0x3, 0x99,
    0x43, 0x1d, 0x80, 0x3c, 0xe0, 0x57, 0x60, 0xf,
    0x78, 0x55, 0x34, 0x3, 0x8d, 0x5c, 0xa0, 0xc0,
    0x31, 0x69, 0xc4, 0xba, 0x0, 0x62, 0x6d, 0x6,
    0xc4, 0x0, 0xe8, 0x10, 0x1, 0x80, 0x7f, 0xf1,
    0x0,

    /* U+CD08 "초" */
    0x0, 0xe9, 0xe0, 0xf, 0xbf, 0xe6, 0x1f, 0xf9,
    0x40, 0x2b, 0xb8, 0xc2, 0xee, 0x40, 0x9, 0x10,
    0xc6, 0x4, 0x88, 0x10, 0xc, 0x98, 0x6f, 0x2e,
    0x1, 0x97, 0x2d, 0x76, 0x26, 0x3a, 0x40, 0x8,
    0xb7, 0x67, 0x96, 0xe9, 0xc0, 0x0, 0xca, 0x7,
    0xb8, 0xb, 0xa8, 0x1, 0x9b, 0x10, 0xb3, 0x62,
    0x1b, 0xbc, 0xc5, 0x77, 0x9c,

    /* U+CD5C "최" */
    0x0, 0x97, 0xc8, 0x0, 0x3e, 0xc1, 0xdf, 0x41,
    0xbf, 0x20, 0x1b, 0x6d, 0x82, 0x2e, 0xc0, 0x18,
    0xd5, 0x2, 0xd0, 0x80, 0x31, 0xe0, 0x60, 0xeb,
    0x0, 0x45, 0x8f, 0xef, 0xeb, 0x80, 0x11, 0x75,
    0x35, 0x8c, 0x50, 0x6, 0x10, 0x9, 0xc0, 0x4c,
    0x1, 0x1f, 0xeb, 0xb, 0xfe, 0x80, 0x5, 0x5d,
    0xb3, 0x2d, 0xd4, 0x0, 0x9, 0x10, 0x67, 0x11,
    0xc, 0x0,

    /* U+CD94 "추" */
    0x0, 0xe3, 0x50, 0xf, 0x91, 0x29, 0xa4, 0x48,
    0x40, 0x2b, 0xb9, 0x42, 0xee, 0x40, 0xb, 0xfd,
    0x80, 0x7, 0xff, 0x28, 0x0, 0x52, 0xb1, 0x65,
    0xf5, 0x88, 0x1, 0x36, 0x17, 0x4d, 0xcb, 0x7c,
    0x0, 0xbc, 0x97, 0x33, 0x15, 0xf7, 0x88, 0xb3,
    0x3f, 0xce, 0x3f, 0xf9, 0x87, 0xff, 0x30, 0x7,
    0xff, 0x60,

    /* U+CDA9 "충" */
    0x0, 0xe3, 0x50, 0xf, 0x8d, 0x11, 0x34, 0x89,
    0x8, 0x5, 0xb7, 0x65, 0xb, 0xb9, 0x40, 0x2e,
    0xd6, 0x1, 0x3b, 0xf4, 0x0, 0x3f, 0xe9, 0xe7,
    0xa5, 0x7d, 0x80, 0x12, 0x72, 0x40, 0xaf, 0x6b,
    0xc4, 0x59, 0x39, 0x9e, 0xab, 0x71, 0xee, 0xca,
    0x3b, 0xdd, 0x30, 0x8, 0x5f, 0x28, 0xee, 0x28,
    0x80, 0x50, 0xb7, 0xdf, 0xad, 0x40, 0x1b, 0x80,
    0xd4, 0xdd, 0x8c, 0x3, 0x3b, 0xaa, 0xf2, 0xdf,
    0xc0, 0x0,

    /* U+CDE8 "취" */
    0x1, 0x22, 0x7c, 0x10, 0x87, 0x38, 0x4e, 0xe8,
    0x1f, 0x7c, 0x7, 0xc2, 0x3e, 0x40, 0xbb, 0x80,
    0x18, 0xe6, 0x4c, 0x18, 0xc2, 0x1, 0x52, 0x54,
    0xe2, 0xe8, 0x80, 0x55, 0x22, 0x88, 0xdd, 0x20,
    0x0, 0xb2, 0xee, 0xa8, 0xb3, 0x0, 0x17, 0xfc,
    0x2f, 0xba, 0x70, 0xf, 0xfe, 0xb8,

    /* U+CE21 "측" */
    0x0, 0xe3, 0x50, 0xf, 0x8d, 0x11, 0x34, 0x89,
    0x8, 0x5, 0xb7, 0x65, 0xb, 0xb9, 0x40, 0x2e,
    0xd6, 0x1, 0x3b, 0xf4, 0x0, 0x3f, 0xe9, 0xe7,
    0xa5, 0x7d, 0x80, 0x1a, 0xfa, 0xc8, 0x27, 0xf2,
    0x40, 0x7a, 0xfb, 0xbd, 0x9a, 0xc3, 0xbb, 0xfe,
    0x70, 0x28, 0xdd, 0xf7, 0x90, 0x80, 0x26, 0xef,
    0x90, 0xc0, 0x31, 0xa2, 0x71, 0x0, 0x7f, 0xf0,
    0xc0,

    /* U+CE58 "치" */
    0x0, 0x97, 0xc8, 0x0, 0x9e, 0x61, 0xdf, 0x41,
    0xbf, 0x40, 0x1a, 0xad, 0xc2, 0xae, 0x40, 0x32,
    0x23, 0x81, 0x90, 0xc0, 0x3d, 0x80, 0x80, 0x1f,
    0x1a, 0x9c, 0x90, 0x7, 0x16, 0xa6, 0x16, 0x18,
    0x6, 0xc3, 0xa0, 0xd5, 0x90, 0xd, 0xb8, 0x20,
    0x37, 0x40, 0x18, 0xc4, 0x3, 0xff, 0x8e,

    /* U+CE74 "카" */
    0x2, 0x44, 0xe0, 0x8e, 0x0, 0xaa, 0xef, 0x50,
    0x7, 0xa3, 0xfe, 0x35, 0x0, 0xf4, 0x55, 0xe1,
    0xe8, 0x7, 0xbc, 0xb0, 0xc5, 0x80, 0x3, 0xf4,
    0xf, 0x1c, 0x14, 0x1, 0xae, 0x40, 0x69, 0xa1,
    0x0, 0x21, 0x43, 0xc, 0x59, 0x70, 0xf, 0xdf,
    0xcc, 0x1, 0xfc, 0x42, 0x1, 0xff, 0xc9,

    /* U+CEE8 "컨" */
    0x8, 0xff, 0xd8, 0x3, 0xec, 0x13, 0x99, 0x2,
    0x80, 0x70, 0x99, 0x80, 0x1a, 0x26, 0x1, 0x6e,
    0xd8, 0x9f, 0xda, 0x1, 0x6e, 0x8, 0xaa, 0x72,
    0xc0, 0x25, 0xf2, 0xc1, 0x23, 0x50, 0xb, 0x93,
    0xc8, 0x3, 0xeb, 0xaa, 0x30, 0x7, 0xf2, 0xf0,
    0x4, 0x3c, 0xc0, 0x18, 0x8c, 0xf1, 0x10, 0x3,
    0x2e, 0x67, 0x58,

    /* U+CF1C "켜" */
    0x0, 0x8, 0xe0, 0xb, 0xdc, 0x2b, 0xbb, 0x68,
    0x7, 0x5e, 0xec, 0x42, 0x88, 0x0, 0xa, 0xba,
    0x29, 0x35, 0xd8, 0x0, 0x35, 0x15, 0x3, 0x5f,
    0xe0, 0xb, 0xb6, 0xc2, 0xc4, 0xcc, 0x1, 0xa2,
    0x25, 0x9c, 0xc0, 0x0, 0x75, 0xe5, 0xc2, 0x3f,
    0xc0, 0x1, 0x8d, 0x60, 0xf, 0xca, 0x40, 0x1f,
    0xfc, 0x70,

    /* U+D06C "크" */
    0x0, 0x19, 0xfe, 0x0, 0xdb, 0x99, 0xee, 0x0,
    0xdd, 0xff, 0xca, 0x1, 0xff, 0x8, 0x6, 0x5e,
    0xe7, 0xfe, 0x40, 0xc, 0x91, 0x76, 0xcc, 0x6a,
    0x8, 0x4, 0x2c, 0xa8, 0x66, 0x20, 0x70, 0xf,
    0xf3, 0x10, 0x0, 0x7f, 0xfe, 0x26, 0xf6, 0x1c,
    0xcf, 0xf3, 0x80,

    /* U+D0A4 "키" */
    0x2, 0x44, 0xe0, 0x3f, 0x30, 0x5b, 0xbe, 0x0,
    0xe7, 0xff, 0x94, 0xc0, 0x39, 0x59, 0xe1, 0x6c,
    0x3, 0xa6, 0xf1, 0x85, 0xc0, 0x3b, 0x37, 0x86,
    0xc0, 0x3e, 0x7a, 0x85, 0x0, 0xf6, 0x44, 0x1c,
    0x3, 0xef, 0xd7, 0x0, 0xfc, 0x64, 0x1, 0xff,
    0xc7,

    /* U+D0DC "태" */
    0x44, 0xc4, 0xfe, 0x1e, 0xf5, 0x77, 0x50, 0x7,
    0x9f, 0xfd, 0x0, 0x1e, 0x36, 0x60, 0x80, 0x79,
    0x6a, 0x86, 0x0, 0xf0, 0x9, 0xb3, 0x4, 0x0,
    0xb0, 0x8, 0x4d, 0x10, 0x0, 0x40, 0x9, 0xb2,
    0xfc, 0x3, 0xbb, 0xfe, 0xb0, 0xf, 0xfe, 0x68,

    /* U+D130 "터" */
    0x24, 0x4e, 0x0, 0x74, 0x55, 0xdf, 0x10, 0x6,
    0x1f, 0xfc, 0x40, 0x18, 0x62, 0x21, 0x22, 0x0,
    0x63, 0x3d, 0xba, 0x10, 0x0, 0xdd, 0xc5, 0xdc,
    0x10, 0x0, 0xaa, 0xcc, 0x82, 0x0, 0xf1, 0xbb,
    0xda, 0x1, 0x3f, 0x76, 0xd8, 0x0, 0xff, 0xe5,
    0x80,

    /* U+D134 "턴" */
    0x8f, 0xfe, 0x10, 0xf7, 0x0, 0x66, 0x61, 0x0,
    0xfc, 0x64, 0x80, 0x1b, 0x32, 0x19, 0xb0, 0x8,
    0x7f, 0xe0, 0xbf, 0x0, 0x87, 0xfe, 0xe5, 0x0,
    0xa7, 0x31, 0xba, 0xe5, 0x0, 0x84, 0xd1, 0x4,
    0x20, 0x1e, 0xbd, 0x0, 0xdc, 0xe0, 0x13, 0x99,
    0xe2, 0x20, 0x4, 0x79, 0x9d, 0x0,

    /* U+D154 "텔" */
    0xef, 0xfa, 0xf, 0xb, 0xe0, 0x17, 0x31, 0x2e,
    0x62, 0x1, 0x2e, 0x55, 0x2c, 0x3, 0x96, 0xeb,
    0xe0, 0x3, 0x96, 0xf2, 0xc, 0x3, 0x55, 0xdb,
    0x39, 0xcc, 0x53, 0x91, 0x1b, 0xfd, 0xe1, 0xce,
    0x1, 0x65, 0xdf, 0x1f, 0x0, 0x26, 0x23, 0x80,
    0x38, 0xf3, 0x3a, 0xc0, 0x23, 0xcc, 0xee,

    /* U+D1A0 "토" */
    0x0, 0x12, 0x27, 0x8c, 0x3, 0x5d, 0xfd, 0x0,
    0x1c, 0x3d, 0xdd, 0x60, 0x1c, 0x3d, 0xdc, 0xc0,
    0x1c, 0x3f, 0xfc, 0xc0, 0x1c, 0x3f, 0xfd, 0xc0,
    0x1a, 0xee, 0x32, 0xbb, 0x68, 0x6, 0x24, 0x43,
    0xa, 0x20, 0xc0, 0x3, 0xdd, 0x94, 0xfb, 0xb3,
    0xd, 0xde, 0xaa, 0x5d, 0xe4,

    /* U+D2B8 "트" */
    0x0, 0x12, 0x27, 0x8c, 0x3, 0x5d, 0xfd, 0x0,
    0x1c, 0x3d, 0xdd, 0x60, 0x1c, 0x3d, 0xdc, 0xc0,
    0x1c, 0x3f, 0xfc, 0xc0, 0x1c, 0x3f, 0xfd, 0xc0,
    0x1a, 0xef, 0xed, 0x0, 0xc4, 0x89, 0xe3, 0x0,
    0xf, 0x77, 0xf9, 0x86, 0xef, 0xfc, 0x80,

    /* U+D2BC "튼" */
    0x0, 0x47, 0xff, 0xac, 0x3, 0xd7, 0x7d, 0x20,
    0x1e, 0xbb, 0xe5, 0x0, 0xf5, 0x57, 0x20, 0x7,
    0xaa, 0xbb, 0xc0, 0x24, 0xcb, 0xbf, 0x42, 0x8,
    0xae, 0xff, 0xce, 0x3f, 0xee, 0xff, 0xf9, 0x80,
    0x13, 0xe0, 0x1f, 0xfc, 0x3, 0x3f, 0x0, 0x70,
    0xe6, 0x77, 0x0, 0x0,

    /* U+D30C "파" */
    0x3, 0x44, 0xe2, 0x8f, 0x0, 0xb6, 0xef, 0xa0,
    0x3, 0xba, 0xf7, 0xf3, 0x14, 0x1, 0xea, 0xa0,
    0x75, 0x0, 0x7c, 0x62, 0x1, 0xef, 0xa0, 0x0,
    0x80, 0x42, 0x1, 0x5c, 0x80, 0x81, 0x89, 0x81,
    0x0, 0xa1, 0xb7, 0x1a, 0xf0, 0xbe, 0x90, 0x4,
    0xfb, 0xbe, 0xe2, 0x0, 0x84, 0x8b, 0xc2, 0x1,
    0xff, 0xc4,

    /* U+D310 "판" */
    0xf, 0xff, 0x34, 0xe8, 0x5, 0x99, 0xe7, 0x0,
    0xe3, 0x86, 0x3f, 0x61, 0x0, 0xf2, 0x90, 0x19,
    0x80, 0x5, 0xd0, 0x0, 0x3f, 0x0, 0x84, 0x6,
    0xec, 0x9e, 0x4f, 0xe1, 0x3c, 0x6, 0xa6, 0x99,
    0x9d, 0xbc, 0x1, 0xc6, 0x30, 0x26, 0x42, 0x1,
    0xe6, 0x41, 0x0, 0xa3, 0x0, 0x3c, 0xa6, 0x71,
    0x10, 0x3, 0xd3, 0x99, 0xc4, 0x0,

    /* U+D328 "패" */
    0x3, 0x3e, 0x1f, 0x6e, 0x90, 0xcc, 0xe7, 0x0,
    0xee, 0x7e, 0x8b, 0x60, 0xe, 0x27, 0x29, 0x30,
    0xf, 0x8, 0x7, 0xa0, 0x40, 0x38, 0x44, 0x0,
    0x71, 0x1, 0x60, 0x50, 0xe3, 0xf, 0x0, 0x25,
    0x84, 0x83, 0xd0, 0x6, 0x5f, 0xfe, 0x90, 0xf,
    0xfe, 0x70,

    /* U+D32C "팬" */
    0x3f, 0xfe, 0x6f, 0x5e, 0x83, 0xcc, 0xe4, 0x0,
    0xe7, 0x83, 0x96, 0x30, 0xe, 0x14, 0x4, 0x30,
    0x5, 0x8, 0x0, 0x40, 0x31, 0x84, 0x0, 0x1e,
    0xc3, 0xc6, 0x6c, 0x8, 0x41, 0xae, 0xec, 0xc5,
    0x80, 0x61, 0x44, 0x7d, 0x19, 0x43, 0x80, 0x73,
    0x18, 0x1, 0xcb, 0xe0, 0x3, 0x32, 0x26, 0x52,
    0x0, 0xc7, 0x77, 0xd0,

    /* U+D38C "펌" */
    0xe, 0xff, 0xe5, 0x2f, 0x40, 0xcc, 0xf2, 0x0,
    0x62, 0xc4, 0x2c, 0x64, 0x40, 0x6, 0x1f, 0x0,
    0xae, 0x0, 0x31, 0x89, 0x80, 0x3f, 0x0, 0x7,
    0xe4, 0xda, 0x15, 0x80, 0x11, 0xe6, 0x22, 0x39,
    0xd5, 0xc0, 0xcd, 0x11, 0xaa, 0x8a, 0xe0, 0x1a,
    0x3f, 0xed, 0x0, 0xf7, 0x99, 0xce, 0x1, 0xe7,
    0xcc, 0xa8, 0x0,

    /* U+D3D0 "폐" */
    0x3, 0x3e, 0xf, 0x7d, 0xa2, 0xcc, 0xe0, 0xe,
    0x2d, 0x9e, 0x9d, 0x40, 0xe, 0x79, 0x39, 0x4b,
    0x0, 0xe1, 0x1, 0x4, 0xe0, 0xf, 0xe7, 0xe0,
    0xc, 0x24, 0xa, 0x0, 0xe0, 0xc, 0xd2, 0x12,
    0x14, 0x40, 0x19, 0xff, 0xf8, 0xc0, 0x3f, 0xf9,
    0xc0,

    /* U+D45C "표" */
    0x0, 0x22, 0x7e, 0x10, 0xa, 0xef, 0xf2, 0x0,
    0x5f, 0x31, 0xfe, 0xb6, 0xf5, 0x0, 0xdf, 0x40,
    0xc, 0x70, 0xf, 0x9, 0x80, 0x4, 0xc0, 0x30,
    0xfb, 0x8f, 0xf9, 0x8b, 0xd8, 0x0, 0x36, 0xc1,
    0x76, 0x32, 0xb7, 0x0, 0x93, 0x81, 0x10, 0xe2,
    0x82, 0x3, 0xdc, 0x80, 0xee, 0x21, 0xf7, 0x18,
    0x6a, 0x97, 0x6a, 0xa5, 0xda, 0xa8, 0x80,

    /* U+D504 "프" */
    0x0, 0x22, 0x7e, 0x10, 0xa, 0xef, 0xf2, 0x0,
    0x5f, 0xd, 0xfe, 0xa4, 0xf5, 0x0, 0xdc, 0x80,
    0xd, 0x50, 0xf, 0x9, 0x80, 0x4, 0xc0, 0x30,
    0xfb, 0x8f, 0xf9, 0x8b, 0xd8, 0x0, 0x37, 0x7f,
    0x9c, 0x2, 0x44, 0xfc, 0x20, 0x3d, 0xdf, 0xe6,
    0x1a, 0xaf, 0xf2, 0x0,

    /* U+D53C "피" */
    0x3, 0x44, 0xe3, 0x2f, 0x40, 0x8b, 0xbe, 0xd0,
    0xd, 0x79, 0x8f, 0xdb, 0xe0, 0xe, 0x88, 0x5,
    0xc8, 0x7, 0x85, 0xc0, 0x3f, 0xf8, 0x22, 0x1,
    0xc2, 0x0, 0x13, 0x1, 0x10, 0x1, 0x39, 0x4f,
    0x94, 0xf9, 0x0, 0x9, 0xbb, 0xee, 0x50, 0x8,
    0x8b, 0xc2, 0x1, 0xff, 0xc2,

    /* U+D558 "하" */
    0x0, 0x9b, 0xc4, 0x1, 0x3a, 0x0, 0x1e, 0xe4,
    0x87, 0xf6, 0x0, 0x61, 0xbb, 0x55, 0x2e, 0xd0,
    0x1, 0xca, 0x71, 0x52, 0xc8, 0x1, 0xc9, 0x2f,
    0x21, 0xa2, 0x6, 0x84, 0x18, 0x34, 0xdc, 0x2a,
    0x3, 0x76, 0xf, 0x12, 0x4, 0x6, 0x2, 0xf9,
    0x7, 0x3d, 0xe9, 0x72, 0x0, 0xf6, 0x62, 0xf6,
    0x0, 0x3f, 0x1a, 0x90, 0x7, 0xff, 0x18,

    /* U+D569 "합" */
    0x0, 0x89, 0x80, 0x22, 0x30, 0x9, 0x11, 0x52,
    0xa8, 0x75, 0xa0, 0x1, 0xaa, 0x30, 0xdd, 0x78,
    0x6, 0x1e, 0xd6, 0x46, 0xcc, 0x0, 0x8, 0x41,
    0x30, 0xc8, 0xf4, 0x40, 0x76, 0x0, 0xc2, 0xa2,
    0x0, 0xa0, 0x3d, 0x20, 0xc5, 0xdc, 0xc4, 0x40,
    0x0, 0x40, 0x3, 0xb7, 0x5b, 0x61, 0x54, 0x0,
    0xc9, 0x62, 0x23, 0x35, 0xd0, 0x7, 0xab, 0x32,
    0x60, 0xf, 0xab, 0x32, 0x60, 0xf, 0xab, 0x32,
    0x60, 0x8,

    /* U+D574 "해" */
    0x0, 0xb9, 0xc0, 0x1b, 0x51, 0xc0, 0xcc, 0x1c,
    0x63, 0x0, 0xc3, 0x76, 0x26, 0xb4, 0x0, 0xc3,
    0xb2, 0xb5, 0x8e, 0x1, 0xcb, 0x67, 0x38, 0x0,
    0x12, 0x0, 0x71, 0xde, 0x12, 0x2, 0x28, 0x0,
    0x44, 0xc, 0xe, 0xa, 0xe0, 0x9, 0x2e, 0xb4,
    0x30, 0xe, 0x3e, 0xbb, 0x80, 0x3e, 0x15, 0x40,
    0xf, 0xfe, 0x28,

    /* U+D588 "했" */
    0x1, 0x17, 0x48, 0x86, 0x5b, 0xe8, 0xf, 0x70,
    0x5b, 0xac, 0x1, 0xe6, 0x3, 0x94, 0xcf, 0x72,
    0x1, 0xe5, 0xa7, 0x75, 0x0, 0x11, 0x80, 0x2d,
    0x3e, 0xe0, 0xa0, 0x12, 0x0, 0x5c, 0x7d, 0xc1,
    0x40, 0x62, 0x0, 0x97, 0xae, 0x38, 0x95, 0xc1,
    0x40, 0x21, 0x38, 0x20, 0xa3, 0xfb, 0x0, 0xd4,
    0x1c, 0x34, 0x14, 0x1, 0xd, 0x1d, 0x35, 0xb3,
    0x9e, 0x18, 0x18, 0xe2, 0xdb, 0x54, 0x63, 0x8,

    /* U+D589 "행" */
    0x2, 0x27, 0x49, 0xe, 0x5b, 0xe8, 0xee, 0x85,
    0xb6, 0x80, 0x1e, 0x63, 0xf4, 0xcf, 0x96, 0x1,
    0xcf, 0x44, 0x98, 0x40, 0x8e, 0x0, 0xc4, 0xbc,
    0x4, 0x3, 0x50, 0x6, 0x26, 0x70, 0x28, 0x39,
    0x0, 0x1e, 0x95, 0xe5, 0xef, 0x40, 0xc0, 0xb,
    0x49, 0x35, 0x32, 0x69, 0x0, 0xbc, 0x3b, 0xaf,
    0x5a, 0x0, 0x98, 0x9c, 0xcc, 0xaa, 0x20, 0xa,
    0x9e, 0xf3, 0x10, 0xfa,

    /* U+D5A5 "향" */
    0x0, 0x85, 0x0, 0x21, 0x10, 0x4, 0x44, 0x6b,
    0x32, 0x19, 0xf0, 0x0, 0xee, 0xa0, 0x33, 0x70,
    0x0, 0x62, 0x2f, 0xd8, 0x68, 0xed, 0x1, 0xc6,
    0x3, 0xdd, 0xe, 0x78, 0x80, 0xfb, 0x82, 0x5,
    0xc7, 0x8a, 0x80, 0xfb, 0x82, 0x8f, 0x7d, 0x9a,
    0x0, 0xe3, 0x1, 0x75, 0xcc, 0xbc, 0xb9, 0xc,
    0x40, 0x2d, 0x99, 0x66, 0xc7, 0x80, 0x64, 0x6a,
    0xff, 0x92, 0x80, 0x33, 0x86, 0x21, 0xab, 0x8,
    0x6, 0x3a, 0x5a, 0xcb, 0x6c, 0x0, 0x0,

    /* U+D5D8 "험" */
    0x0, 0x89, 0x80, 0x31, 0x88, 0x19, 0x96, 0x54,
    0xc8, 0x31, 0x87, 0x31, 0x1, 0x59, 0xc0, 0x10,
    0xfe, 0x32, 0xc7, 0x60, 0x6, 0x4c, 0xd, 0xbc,
    0xbf, 0x0, 0x8c, 0x25, 0xe8, 0xbe, 0xc0, 0x25,
    0x1e, 0xd9, 0x54, 0x40, 0x4, 0x5d, 0x77, 0x84,
    0x50, 0x80, 0x15, 0x4d, 0xf7, 0x50, 0x80, 0x19,
    0xf7, 0x70, 0x7, 0x84, 0x78, 0x3, 0xcd, 0x99,
    0x80, 0x0,

    /* U+D604 "현" */
    0x0, 0x89, 0x80, 0x31, 0x88, 0x8, 0x92, 0x48,
    0x40, 0x18, 0xc3, 0xdc, 0x90, 0xde, 0xd0, 0x8,
    0x77, 0x55, 0x37, 0xbc, 0x40, 0x11, 0x4d, 0x4d,
    0xda, 0xb4, 0x2, 0x44, 0x67, 0xcb, 0x5f, 0x0,
    0x4e, 0xa, 0x5e, 0x15, 0xa0, 0x11, 0xc4, 0xeb,
    0xd5, 0xd8, 0x3, 0x3d, 0x6f, 0x29, 0xb8, 0x7,
    0x52, 0x0, 0x6f, 0x70, 0xd, 0xc6, 0x7c, 0x40,
    0x19, 0xf3, 0x3a, 0x40,

    /* U+D615 "형" */
    0x0, 0x84, 0xc0, 0x30, 0x80, 0x4, 0x4f, 0x86,
    0x22, 0xe, 0x71, 0xee, 0x48, 0x67, 0x60, 0x4,
    0x3d, 0x8e, 0xe9, 0xe9, 0x50, 0x8, 0xb1, 0xe,
    0x2b, 0x20, 0x2, 0x40, 0xcb, 0xb2, 0x64, 0x0,
    0x4a, 0x19, 0x76, 0x43, 0x90, 0x8, 0xba, 0x76,
    0x78, 0xf9, 0x8, 0x0, 0x21, 0x10, 0xba, 0xd0,
    0x40, 0xa, 0x93, 0xfb, 0x9a, 0x92, 0x1, 0x13,
    0xa9, 0xa5, 0x7, 0x0, 0x5e, 0x97, 0x96, 0x92,
    0xc0,

    /* U+D638 "호" */
    0x0, 0xe9, 0xe0, 0xf, 0x16, 0x64, 0xe3, 0x99,
    0x38, 0x0, 0xe6, 0x73, 0xd4, 0xc9, 0x40, 0x2,
    0xb9, 0x50, 0xf3, 0x27, 0x20, 0x9, 0x99, 0x7f,
    0xed, 0x1e, 0x0, 0xdc, 0xa, 0x0, 0x26, 0x10,
    0xd, 0x27, 0xd9, 0x7c, 0xb2, 0x1, 0x87, 0x30,
    0xeb, 0x5c, 0x80, 0x12, 0xac, 0xc0, 0x1, 0x55,
    0x88, 0x6e, 0xf2, 0x85, 0xde, 0x70,

    /* U+D654 "화" */
    0x0, 0x85, 0x80, 0x21, 0x50, 0xe, 0x49, 0x20,
    0x2, 0xd1, 0x0, 0xff, 0xa8, 0x37, 0xf8, 0x3,
    0xe, 0x62, 0x1e, 0x73, 0x40, 0x38, 0xba, 0x1e,
    0x60, 0xc0, 0x39, 0x8b, 0x7e, 0x91, 0x0, 0x4,
    0x30, 0x20, 0x54, 0xc0, 0x60, 0x4, 0xc0, 0x2c,
    0xd5, 0xad, 0x10, 0x3, 0x6c, 0x0, 0xd0, 0x1c,
    0xa2, 0x1, 0x9f, 0xfd, 0x41, 0xbf, 0xda, 0x1,
    0x35, 0xdd, 0x99, 0x6e, 0x0, 0x42, 0x89, 0x19,
    0xc4, 0x20, 0x10,

    /* U+D655 "확" */
    0x0, 0xc6, 0x1, 0xf8, 0x8d, 0x71, 0x8c, 0xa3,
    0xc0, 0x2c, 0xc5, 0x4, 0xe6, 0x0, 0x3b, 0xa9,
    0x4d, 0x6b, 0x80, 0x39, 0x6b, 0x3f, 0xd4, 0xa0,
    0x4, 0x20, 0x60, 0xa9, 0x90, 0x8, 0x2, 0xec,
    0x7, 0xc8, 0xa9, 0xa8, 0x0, 0xf9, 0x3d, 0xc6,
    0x6, 0xcf, 0x10, 0x8, 0xe6, 0x21, 0x37, 0x77,
    0xb0, 0x4, 0x9b, 0x32, 0xaa, 0x5c, 0xb0, 0x6,
    0x8f, 0xfe, 0x70, 0xf, 0xfe, 0x18,

    /* U+D68C "회" */
    0x0, 0x85, 0x84, 0x2, 0x42, 0x0, 0x8a, 0x54,
    0x2, 0xba, 0xf, 0xf6, 0x5, 0xff, 0x80, 0x36,
    0x62, 0x1e, 0x33, 0x0, 0x18, 0xfe, 0x1a, 0x38,
    0x80, 0x32, 0x9e, 0x76, 0x93, 0x80, 0x66, 0xa,
    0x5b, 0x5, 0x0, 0xc7, 0x4b, 0x4b, 0x46, 0x1,
    0xcb, 0xe1, 0xa, 0x20, 0x14, 0x7f, 0xb0, 0x2f,
    0xfa, 0x40, 0x15, 0x77, 0xb3, 0x1b, 0x0, 0x2,
    0x44, 0xc6, 0x62, 0x10, 0x0,

    /* U+D69F "횟" */
    0x0, 0xce, 0x40, 0x12, 0x88, 0x1, 0x9e, 0x22,
    0x77, 0x15, 0x20, 0x3, 0xb4, 0x94, 0x37, 0x40,
    0x1d, 0x4, 0x8a, 0x81, 0x40, 0x1c, 0x8f, 0x7d,
    0xaa, 0xe0, 0x1c, 0xa3, 0x17, 0xe0, 0x80, 0x1c,
    0x3d, 0x6a, 0x9a, 0x42, 0x1, 0x27, 0xfa, 0x41,
    0xf7, 0xa8, 0x2, 0x4c, 0xdd, 0x76, 0xbe, 0xd8,
    0x6, 0x32, 0x20, 0xd3, 0xd9, 0x7a, 0x80, 0x46,
    0xd8, 0xf2, 0xfa, 0xc6, 0x1, 0x45, 0xa7, 0x37,
    0x55, 0x3c, 0x2, 0xbd, 0x81, 0x0, 0x3e, 0x60,
    0x0,

    /* U+D6A8 "효" */
    0x0, 0xe9, 0xe0, 0xf, 0x16, 0x64, 0xe3, 0x99,
    0x38, 0x0, 0xe6, 0x73, 0xd4, 0xc9, 0x40, 0x2,
    0xb9, 0x50, 0xf3, 0x27, 0x20, 0x9, 0xdb, 0x3f,
    0xdc, 0x1c, 0x1, 0xff, 0x8, 0x6, 0x74, 0xcf,
    0xf7, 0x17, 0x0, 0x76, 0x85, 0xe1, 0xa9, 0x80,
    0x48, 0x8f, 0x1, 0x70, 0x64, 0x41, 0xd, 0x51,
    0xc6, 0xe8, 0x8e, 0xa8, 0x80,

    /* U+D6C4 "후" */
    0x0, 0xe3, 0x50, 0xf, 0x95, 0x68, 0xb5, 0x58,
    0x80, 0x5, 0x11, 0x31, 0xc4, 0x48, 0x0, 0x2d,
    0x97, 0x10, 0x6a, 0xd6, 0x0, 0x92, 0xc2, 0x63,
    0x22, 0x40, 0x31, 0x7, 0x2a, 0xc4, 0x40, 0xc,
    0xcb, 0x7f, 0xed, 0x8, 0x0, 0x8c, 0xd3, 0x73,
    0x2a, 0xe0, 0x31, 0x16, 0x65, 0x73, 0x2a, 0xcc,
    0x9c, 0x7f, 0xf3, 0xf, 0xfe, 0x60, 0xf, 0xfe,
    0x60,

    /* U+D788 "히" */
    0x0, 0x9b, 0xc8, 0x0, 0x5e, 0x81, 0x10, 0xd0,
    0xb8, 0x70, 0xc, 0x22, 0x26, 0x1, 0x0, 0xe9,
    0xd2, 0x43, 0xb7, 0x0, 0xc7, 0x63, 0x6d, 0x80,
    0x1d, 0x63, 0x4d, 0xc2, 0x80, 0x1b, 0xc4, 0x81,
    0x1, 0xc0, 0x33, 0x9e, 0xf4, 0xb1, 0x80, 0x76,
    0x62, 0xf6, 0x40, 0x3e, 0x35, 0x20, 0xf, 0xfe,
    0x20
};


/*---------------------
 *  GLYPH DESCRIPTION
 *--------------------*/

static const lv_font_fmt_txt_glyph_dsc_t glyph_dsc[] = {
    {.bitmap_index = 0, .adv_w = 0, .box_w = 0, .box_h = 0, .ofs_x = 0, .ofs_y = 0} /* id = 0 reserved */,
    {.bitmap_index = 0, .adv_w = 68, .box_w = 0, .box_h = 0, .ofs_x = 0, .ofs_y = 0},
    {.bitmap_index = 0, .adv_w = 62, .box_w = 3, .box_h = 8, .ofs_x = 0, .ofs_y = 0},
    {.bitmap_index = 12, .adv_w = 91, .box_w = 4, .box_h = 3, .ofs_x = 1, .ofs_y = 5},
    {.bitmap_index = 19, .adv_w = 117, .box_w = 8, .box_h = 8, .ofs_x = 0, .ofs_y = 0},
    {.bitmap_index = 51, .adv_w = 111, .box_w = 7, .box_h = 11, .ofs_x = 0, .ofs_y = -1},
    {.bitmap_index = 87, .adv_w = 168, .box_w = 10, .box_h = 8, .ofs_x = 0, .ofs_y = 0},
    {.bitmap_index = 127, .adv_w = 165, .box_w = 11, .box_h = 8, .ofs_x = 0, .ofs_y = 0},
    {.bitmap_index = 171, .adv_w = 54, .box_w = 3, .box_h = 3, .ofs_x = 0, .ofs_y = 5},
    {.bitmap_index = 176, .adv_w = 69, .box_w = 5, .box_h = 11, .ofs_x = 0, .ofs_y = -3},
    {.bitmap_index = 202, .adv_w = 69, .box_w = 4, .box_h = 11, .ofs_x = 0, .ofs_y = -3},
    {.bitmap_index = 224, .adv_w = 88, .box_w = 6, .box_h = 5, .ofs_x = 0, .ofs_y = 3},
    {.bitmap_index = 240, .adv_w = 138, .box_w = 7, .box_h = 6, .ofs_x = 1, .ofs_y = 0},
    {.bitmap_index = 259, .adv_w = 50, .box_w = 3, .box_h = 3, .ofs_x = 0, .ofs_y = -1},
    {.bitmap_index = 264, .adv_w = 79, .box_w = 5, .box_h = 2, .ofs_x = 0, .ofs_y = 2},
    {.bitmap_index = 269, .adv_w = 50, .box_w = 3, .box_h = 2, .ofs_x = 0, .ofs_y = 0},
    {.bitmap_index = 272, .adv_w = 84, .box_w = 7, .box_h = 10, .ofs_x = -1, .ofs_y = -2},
    {.bitmap_index = 302, .adv_w = 111, .box_w = 7, .box_h = 8, .ofs_x = 0, .ofs_y = 0},
    {.bitmap_index = 329, .adv_w = 111, .box_w = 4, .box_h = 8, .ofs_x = 1, .ofs_y = 0},
    {.bitmap_index = 340, .adv_w = 111, .box_w = 7, .box_h = 8, .ofs_x = 0, .ofs_y = 0},
    {.bitmap_index = 369, .adv_w = 111, .box_w = 7, .box_h = 8, .ofs_x = 0, .ofs_y = 0},
    {.bitmap_index = 398, .adv_w = 111, .box_w = 7, .box_h = 8, .ofs_x = 0, .ofs_y = 0},
    {.bitmap_index = 423, .adv_w = 111, .box_w = 7, .box_h = 8, .ofs_x = 0, .ofs_y = 0},
    {.bitmap_index = 452, .adv_w = 111, .box_w = 7, .box_h = 8, .ofs_x = 0, .ofs_y = 0},
    {.bitmap_index = 481, .adv_w = 111, .box_w = 7, .box_h = 8, .ofs_x = 0, .ofs_y = 0},
    {.bitmap_index = 506, .adv_w = 111, .box_w = 7, .box_h = 8, .ofs_x = 0, .ofs_y = 0},
    {.bitmap_index = 535, .adv_w = 111, .box_w = 7, .box_h = 8, .ofs_x = 0, .ofs_y = 0},
    {.bitmap_index = 564, .adv_w = 50, .box_w = 3, .box_h = 6, .ofs_x = 0, .ofs_y = 0},
    {.bitmap_index = 573, .adv_w = 50, .box_w = 3, .box_h = 7, .ofs_x = 0, .ofs_y = -1},
    {.bitmap_index = 584, .adv_w = 138, .box_w = 7, .box_h = 7, .ofs_x = 1, .ofs_y = 0},
    {.bitmap_index = 607, .adv_w = 138, .box_w = 7, .box_h = 4, .ofs_x = 1, .ofs_y = 1},
    {.bitmap_index = 617, .adv_w = 138, .box_w = 7, .box_h = 7, .ofs_x = 1, .ofs_y = 0},
    {.bitmap_index = 640, .adv_w = 87, .box_w = 6, .box_h = 8, .ofs_x = 0, .ofs_y = 0},
    {.bitmap_index = 664, .adv_w = 188, .box_w = 11, .box_h = 9, .ofs_x = 0, .ofs_y = -1},
    {.bitmap_index = 713, .adv_w = 135, .box_w = 9, .box_h = 8, .ofs_x = 0, .ofs_y = 0},
    {.bitmap_index = 747, .adv_w = 122, .box_w = 7, .box_h = 8, .ofs_x = 1, .ofs_y = 0},
    {.bitmap_index = 775, .adv_w = 123, .box_w = 8, .box_h = 8, .ofs_x = 0, .ofs_y = 0},
    {.bitmap_index = 803, .adv_w = 143, .box_w = 8, .box_h = 8, .ofs_x = 1, .ofs_y = 0},
    {.bitmap_index = 831, .adv_w = 103, .box_w = 6, .box_h = 8, .ofs_x = 1, .ofs_y = 0},
    {.bitmap_index = 855, .adv_w = 101, .box_w = 5, .box_h = 8, .ofs_x = 1, .ofs_y = 0},
    {.bitmap_index = 872, .adv_w = 139, .box_w = 8, .box_h = 8, .ofs_x = 0, .ofs_y = 0},
    {.bitmap_index = 906, .adv_w = 148, .box_w = 8, .box_h = 8, .ofs_x = 1, .ofs_y = 0},
    {.bitmap_index = 928, .adv_w = 60, .box_w = 2, .box_h = 8, .ofs_x = 1, .ofs_y = 0},
    {.bitmap_index = 933, .adv_w = 83, .box_w = 5, .box_h = 8, .ofs_x = 0, .ofs_y = 0},
    {.bitmap_index = 946, .adv_w = 124, .box_w = 7, .box_h = 8, .ofs_x = 1, .ofs_y = 0},
    {.bitmap_index = 973, .adv_w = 98, .box_w = 5, .box_h = 8, .ofs_x = 1, .ofs_y = 0},
    {.bitmap_index = 982, .adv_w = 185, .box_w = 10, .box_h = 8, .ofs_x = 1, .ofs_y = 0},
    {.bitmap_index = 1017, .adv_w = 153, .box_w = 8, .box_h = 8, .ofs_x = 1, .ofs_y = 0},
    {.bitmap_index = 1043, .adv_w = 149, .box_w = 9, .box_h = 8, .ofs_x = 0, .ofs_y = 0},
    {.bitmap_index = 1078, .adv_w = 118, .box_w = 7, .box_h = 8, .ofs_x = 1, .ofs_y = 0},
    {.bitmap_index = 1103, .adv_w = 149, .box_w = 10, .box_h = 9, .ofs_x = 0, .ofs_y = -1},
    {.bitmap_index = 1146, .adv_w = 126, .box_w = 7, .box_h = 8, .ofs_x = 1, .ofs_y = 0},
    {.bitmap_index = 1174, .adv_w = 109, .box_w = 7, .box_h = 8, .ofs_x = 0, .ofs_y = 0},
    {.bitmap_index = 1203, .adv_w = 112, .box_w = 7, .box_h = 8, .ofs_x = 0, .ofs_y = 0},
    {.bitmap_index = 1216, .adv_w = 140, .box_w = 8, .box_h = 8, .ofs_x = 0, .ofs_y = 0},
    {.bitmap_index = 1237, .adv_w = 129, .box_w = 8, .box_h = 8, .ofs_x = 0, .ofs_y = 0},
    {.bitmap_index = 1269, .adv_w = 194, .box_w = 12, .box_h = 8, .ofs_x = 0, .ofs_y = 0},
    {.bitmap_index = 1318, .adv_w = 125, .box_w = 8, .box_h = 8, .ofs_x = 0, .ofs_y = 0},
    {.bitmap_index = 1349, .adv_w = 116, .box_w = 8, .box_h = 8, .ofs_x = 0, .ofs_y = 0},
    {.bitmap_index = 1375, .adv_w = 117, .box_w = 8, .box_h = 8, .ofs_x = 0, .ofs_y = 0},
    {.bitmap_index = 1403, .adv_w = 69, .box_w = 3, .box_h = 10, .ofs_x = 1, .ofs_y = -2},
    {.bitmap_index = 1411, .adv_w = 147, .box_w = 11, .box_h = 8, .ofs_x = -1, .ofs_y = 0},
    {.bitmap_index = 1455, .adv_w = 69, .box_w = 4, .box_h = 10, .ofs_x = 0, .ofs_y = -2},
    {.bitmap_index = 1464, .adv_w = 138, .box_w = 7, .box_h = 5, .ofs_x = 1, .ofs_y = 4},
    {.bitmap_index = 1481, .adv_w = 82, .box_w = 6, .box_h = 1, .ofs_x = 0, .ofs_y = -2},
    {.bitmap_index = 1483, .adv_w = 59, .box_w = 4, .box_h = 2, .ofs_x = 0, .ofs_y = 7},
    {.bitmap_index = 1487, .adv_w = 104, .box_w = 6, .box_h = 6, .ofs_x = 0, .ofs_y = 0},
    {.bitmap_index = 1506, .adv_w = 120, .box_w = 8, .box_h = 9, .ofs_x = 0, .ofs_y = 0},
    {.bitmap_index = 1531, .adv_w = 94, .box_w = 6, .box_h = 6, .ofs_x = 0, .ofs_y = 0},
    {.bitmap_index = 1550, .adv_w = 120, .box_w = 7, .box_h = 9, .ofs_x = 0, .ofs_y = 0},
    {.bitmap_index = 1575, .adv_w = 106, .box_w = 7, .box_h = 6, .ofs_x = 0, .ofs_y = 0},
    {.bitmap_index = 1597, .adv_w = 72, .box_w = 5, .box_h = 9, .ofs_x = 0, .ofs_y = 0},
    {.bitmap_index = 1616, .adv_w = 120, .box_w = 7, .box_h = 9, .ofs_x = 0, .ofs_y = -3},
    {.bitmap_index = 1646, .adv_w = 117, .box_w = 7, .box_h = 9, .ofs_x = 0, .ofs_y = 0},
    {.bitmap_index = 1665, .adv_w = 53, .box_w = 3, .box_h = 9, .ofs_x = 0, .ofs_y = 0},
    {.bitmap_index = 1675, .adv_w = 54, .box_w = 4, .box_h = 12, .ofs_x = -1, .ofs_y = -3},
    {.bitmap_index = 1693, .adv_w = 107, .box_w = 7, .box_h = 9, .ofs_x = 0, .ofs_y = 0},
    {.bitmap_index = 1715, .adv_w = 53, .box_w = 3, .box_h = 9, .ofs_x = 0, .ofs_y = 0},
    {.bitmap_index = 1720, .adv_w = 177, .box_w = 11, .box_h = 6, .ofs_x = 0, .ofs_y = 0},
    {.bitmap_index = 1744, .adv_w = 117, .box_w = 7, .box_h = 6, .ofs_x = 0, .ofs_y = 0},
    {.bitmap_index = 1761, .adv_w = 119, .box_w = 7, .box_h = 6, .ofs_x = 0, .ofs_y = 0},
    {.bitmap_index = 1781, .adv_w = 120, .box_w = 8, .box_h = 9, .ofs_x = 0, .ofs_y = -3},
    {.bitmap_index = 1809, .adv_w = 120, .box_w = 7, .box_h = 9, .ofs_x = 0, .ofs_y = -3},
    {.bitmap_index = 1835, .adv_w = 76, .box_w = 5, .box_h = 7, .ofs_x = 0, .ofs_y = 0},
    {.bitmap_index = 1849, .adv_w = 89, .box_w = 6, .box_h = 6, .ofs_x = 0, .ofs_y = 0},
    {.bitmap_index = 1868, .adv_w = 74, .box_w = 5, .box_h = 8, .ofs_x = 0, .ofs_y = 0},
    {.bitmap_index = 1887, .adv_w = 117, .box_w = 7, .box_h = 6, .ofs_x = 0, .ofs_y = 0},
    {.bitmap_index = 1905, .adv_w = 103, .box_w = 7, .box_h = 6, .ofs_x = 0, .ofs_y = 0},
    {.bitmap_index = 1927, .adv_w = 153, .box_w = 10, .box_h = 6, .ofs_x = 0, .ofs_y = 0},
    {.bitmap_index = 1958, .adv_w = 103, .box_w = 7, .box_h = 6, .ofs_x = 0, .ofs_y = 0},
    {.bitmap_index = 1978, .adv_w = 103, .box_w = 7, .box_h = 9, .ofs_x = 0, .ofs_y = -3},
    {.bitmap_index = 2010, .adv_w = 93, .box_w = 6, .box_h = 6, .ofs_x = 0, .ofs_y = 0},
    {.bitmap_index = 2028, .adv_w = 69, .box_w = 4, .box_h = 10, .ofs_x = 0, .ofs_y = -2},
    {.bitmap_index = 2048, .adv_w = 59, .box_w = 2, .box_h = 12, .ofs_x = 1, .ofs_y = -3},
    {.bitmap_index = 2054, .adv_w = 69, .box_w = 4, .box_h = 10, .ofs_x = 0, .ofs_y = -2},
    {.bitmap_index = 2075, .adv_w = 138, .box_w = 7, .box_h = 3, .ofs_x = 1, .ofs_y = 2},
    {.bitmap_index = 2086, .adv_w = 75, .box_w = 5, .box_h = 3, .ofs_x = 0, .ofs_y = 5},
    {.bitmap_index = 2094, .adv_w = 138, .box_w = 7, .box_h = 7, .ofs_x = 1, .ofs_y = 0},
    {.bitmap_index = 2116, .adv_w = 50, .box_w = 3, .box_h = 2, .ofs_x = 0, .ofs_y = 3},
    {.bitmap_index = 2120, .adv_w = 138, .box_w = 7, .box_h = 7, .ofs_x = 1, .ofs_y = 0},
    {.bitmap_index = 2144, .adv_w = 99, .box_w = 7, .box_h = 2, .ofs_x = 0, .ofs_y = 2},
    {.bitmap_index = 2149, .adv_w = 197, .box_w = 13, .box_h = 2, .ofs_x = 0, .ofs_y = 2},
    {.bitmap_index = 2157, .adv_w = 54, .box_w = 3, .box_h = 3, .ofs_x = 0, .ofs_y = 5},
    {.bitmap_index = 2162, .adv_w = 54, .box_w = 3, .box_h = 3, .ofs_x = 0, .ofs_y = 5},
    {.bitmap_index = 2167, .adv_w = 91, .box_w = 5, .box_h = 3, .ofs_x = 0, .ofs_y = 5},
    {.bitmap_index = 2175, .adv_w = 91, .box_w = 6, .box_h = 3, .ofs_x = 0, .ofs_y = 5},
    {.bitmap_index = 2185, .adv_w = 80, .box_w = 5, .box_h = 3, .ofs_x = 0, .ofs_y = 2},
    {.bitmap_index = 2193, .adv_w = 169, .box_w = 10, .box_h = 2, .ofs_x = 0, .ofs_y = 0},
    {.bitmap_index = 2203, .adv_w = 182, .box_w = 11, .box_h = 10, .ofs_x = 0, .ofs_y = -1},
    {.bitmap_index = 2250, .adv_w = 192, .box_w = 10, .box_h = 5, .ofs_x = 1, .ofs_y = 1},
    {.bitmap_index = 2269, .adv_w = 192, .box_w = 12, .box_h = 11, .ofs_x = 0, .ofs_y = -1},
    {.bitmap_index = 2314, .adv_w = 192, .box_w = 12, .box_h = 11, .ofs_x = 0, .ofs_y = -1},
    {.bitmap_index = 2362, .adv_w = 192, .box_w = 12, .box_h = 11, .ofs_x = 0, .ofs_y = -1},
    {.bitmap_index = 2414, .adv_w = 192, .box_w = 12, .box_h = 11, .ofs_x = 0, .ofs_y = -1},
    {.bitmap_index = 2468, .adv_w = 192, .box_w = 12, .box_h = 12, .ofs_x = 0, .ofs_y = -2},
    {.bitmap_index = 2534, .adv_w = 192, .box_w = 11, .box_h = 11, .ofs_x = 0, .ofs_y = -1},
    {.bitmap_index = 2578, .adv_w = 192, .box_w = 11, .box_h = 11, .ofs_x = 0, .ofs_y = -1},
    {.bitmap_index = 2628, .adv_w = 192, .box_w = 11, .box_h = 11, .ofs_x = 0, .ofs_y = -1},
    {.bitmap_index = 2678, .adv_w = 192, .box_w = 12, .box_h = 12, .ofs_x = 0, .ofs_y = -2},
    {.bitmap_index = 2742, .adv_w = 192, .box_w = 11, .box_h = 11, .ofs_x = 0, .ofs_y = -1},
    {.bitmap_index = 2783, .adv_w = 192, .box_w = 11, .box_h = 11, .ofs_x = 0, .ofs_y = -1},
    {.bitmap_index = 2835, .adv_w = 192, .box_w = 11, .box_h = 11, .ofs_x = 0, .ofs_y = -1},
    {.bitmap_index = 2894, .adv_w = 192, .box_w = 11, .box_h = 11, .ofs_x = 0, .ofs_y = -1},
    {.bitmap_index = 2938, .adv_w = 192, .box_w = 12, .box_h = 10, .ofs_x = 0, .ofs_y = 0},
    {.bitmap_index = 2976, .adv_w = 192, .box_w = 12, .box_h = 11, .ofs_x = 0, .ofs_y = -1},
    {.bitmap_index = 3035, .adv_w = 192, .box_w = 12, .box_h = 11, .ofs_x = 0, .ofs_y = -1},
    {.bitmap_index = 3091, .adv_w = 192, .box_w = 12, .box_h = 11, .ofs_x = 0, .ofs_y = -1},
    {.bitmap_index = 3146, .adv_w = 192, .box_w = 12, .box_h = 10, .ofs_x = 0, .ofs_y = 0},
    {.bitmap_index = 3185, .adv_w = 192, .box_w = 12, .box_h = 11, .ofs_x = 0, .ofs_y = -1},
    {.bitmap_index = 3222, .adv_w = 192, .box_w = 12, .box_h = 10, .ofs_x = 0, .ofs_y = 0},
    {.bitmap_index = 3252, .adv_w = 192, .box_w = 12, .box_h = 11, .ofs_x = 0, .ofs_y = -1},
    {.bitmap_index = 3295, .adv_w = 192, .box_w = 12, .box_h = 11, .ofs_x = 0, .ofs_y = -1},
    {.bitmap_index = 3339, .adv_w = 192, .box_w = 11, .box_h = 11, .ofs_x = 0, .ofs_y = -1},
    {.bitmap_index = 3378, .adv_w = 192, .box_w = 11, .box_h = 11, .ofs_x = 0, .ofs_y = -1},
    {.bitmap_index = 3425, .adv_w = 192, .box_w = 11, .box_h = 11, .ofs_x = 0, .ofs_y = -1},
    {.bitmap_index = 3474, .adv_w = 192, .box_w = 12, .box_h = 10, .ofs_x = 0, .ofs_y = 0},
    {.bitmap_index = 3519, .adv_w = 192, .box_w = 12, .box_h = 11, .ofs_x = 0, .ofs_y = -1},
    {.bitmap_index = 3579, .adv_w = 192, .box_w = 12, .box_h = 11, .ofs_x = 0, .ofs_y = -1},
    {.bitmap_index = 3634, .adv_w = 192, .box_w = 11, .box_h = 11, .ofs_x = 1, .ofs_y = -1},
    {.bitmap_index = 3664, .adv_w = 192, .box_w = 11, .box_h = 11, .ofs_x = 1, .ofs_y = -1},
    {.bitmap_index = 3710, .adv_w = 192, .box_w = 10, .box_h = 11, .ofs_x = 1, .ofs_y = -1},
    {.bitmap_index = 3739, .adv_w = 192, .box_w = 10, .box_h = 11, .ofs_x = 1, .ofs_y = -1},
    {.bitmap_index = 3788, .adv_w = 192, .box_w = 10, .box_h = 11, .ofs_x = 1, .ofs_y = -1},
    {.bitmap_index = 3833, .adv_w = 192, .box_w = 10, .box_h = 11, .ofs_x = 1, .ofs_y = -1},
    {.bitmap_index = 3868, .adv_w = 192, .box_w = 11, .box_h = 12, .ofs_x = 1, .ofs_y = -2},
    {.bitmap_index = 3924, .adv_w = 192, .box_w = 12, .box_h = 10, .ofs_x = 0, .ofs_y = 0},
    {.bitmap_index = 3956, .adv_w = 192, .box_w = 12, .box_h = 11, .ofs_x = 0, .ofs_y = -1},
    {.bitmap_index = 4006, .adv_w = 192, .box_w = 12, .box_h = 11, .ofs_x = 0, .ofs_y = -1},
    {.bitmap_index = 4037, .adv_w = 192, .box_w = 12, .box_h = 11, .ofs_x = 0, .ofs_y = -1},
    {.bitmap_index = 4081, .adv_w = 192, .box_w = 12, .box_h = 11, .ofs_x = 0, .ofs_y = -1},
    {.bitmap_index = 4120, .adv_w = 192, .box_w = 12, .box_h = 11, .ofs_x = 0, .ofs_y = -1},
    {.bitmap_index = 4169, .adv_w = 192, .box_w = 10, .box_h = 11, .ofs_x = 1, .ofs_y = -1},
    {.bitmap_index = 4191, .adv_w = 192, .box_w = 11, .box_h = 11, .ofs_x = 1, .ofs_y = -1},
    {.bitmap_index = 4227, .adv_w = 192, .box_w = 11, .box_h = 11, .ofs_x = 1, .ofs_y = -1},
    {.bitmap_index = 4274, .adv_w = 192, .box_w = 11, .box_h = 11, .ofs_x = 1, .ofs_y = -1},
    {.bitmap_index = 4326, .adv_w = 192, .box_w = 10, .box_h = 11, .ofs_x = 1, .ofs_y = -1},
    {.bitmap_index = 4359, .adv_w = 192, .box_w = 10, .box_h = 11, .ofs_x = 1, .ofs_y = -1},
    {.bitmap_index = 4394, .adv_w = 192, .box_w = 10, .box_h = 11, .ofs_x = 1, .ofs_y = -1},
    {.bitmap_index = 4442, .adv_w = 192, .box_w = 12, .box_h = 10, .ofs_x = 0, .ofs_y = 0},
    {.bitmap_index = 4479, .adv_w = 192, .box_w = 12, .box_h = 11, .ofs_x = 0, .ofs_y = -1},
    {.bitmap_index = 4529, .adv_w = 192, .box_w = 12, .box_h = 11, .ofs_x = 0, .ofs_y = -1},
    {.bitmap_index = 4585, .adv_w = 192, .box_w = 11, .box_h = 11, .ofs_x = 0, .ofs_y = -1},
    {.bitmap_index = 4629, .adv_w = 192, .box_w = 11, .box_h = 11, .ofs_x = 0, .ofs_y = -1},
    {.bitmap_index = 4681, .adv_w = 192, .box_w = 11, .box_h = 11, .ofs_x = 0, .ofs_y = -1},
    {.bitmap_index = 4732, .adv_w = 192, .box_w = 12, .box_h = 10, .ofs_x = 0, .ofs_y = 0},
    {.bitmap_index = 4767, .adv_w = 192, .box_w = 12, .box_h = 11, .ofs_x = 0, .ofs_y = -1},
    {.bitmap_index = 4819, .adv_w = 192, .box_w = 11, .box_h = 11, .ofs_x = 1, .ofs_y = -1},
    {.bitmap_index = 4866, .adv_w = 192, .box_w = 10, .box_h = 11, .ofs_x = 1, .ofs_y = -1},
    {.bitmap_index = 4909, .adv_w = 192, .box_w = 10, .box_h = 12, .ofs_x = 1, .ofs_y = -1},
    {.bitmap_index = 4961, .adv_w = 192, .box_w = 11, .box_h = 11, .ofs_x = 1, .ofs_y = -1},
    {.bitmap_index = 5019, .adv_w = 192, .box_w = 10, .box_h = 11, .ofs_x = 1, .ofs_y = -1},
    {.bitmap_index = 5064, .adv_w = 192, .box_w = 10, .box_h = 11, .ofs_x = 1, .ofs_y = -1},
    {.bitmap_index = 5116, .adv_w = 192, .box_w = 10, .box_h = 11, .ofs_x = 1, .ofs_y = -1},
    {.bitmap_index = 5157, .adv_w = 192, .box_w = 10, .box_h = 11, .ofs_x = 1, .ofs_y = -1},
    {.bitmap_index = 5206, .adv_w = 192, .box_w = 12, .box_h = 10, .ofs_x = 0, .ofs_y = 0},
    {.bitmap_index = 5249, .adv_w = 192, .box_w = 12, .box_h = 11, .ofs_x = 0, .ofs_y = -1},
    {.bitmap_index = 5298, .adv_w = 192, .box_w = 12, .box_h = 11, .ofs_x = 0, .ofs_y = -1},
    {.bitmap_index = 5348, .adv_w = 192, .box_w = 12, .box_h = 10, .ofs_x = 0, .ofs_y = 0},
    {.bitmap_index = 5397, .adv_w = 192, .box_w = 12, .box_h = 11, .ofs_x = 0, .ofs_y = -1},
    {.bitmap_index = 5442, .adv_w = 192, .box_w = 12, .box_h = 10, .ofs_x = 0, .ofs_y = 0},
    {.bitmap_index = 5480, .adv_w = 192, .box_w = 12, .box_h = 11, .ofs_x = 0, .ofs_y = -1},
    {.bitmap_index = 5527, .adv_w = 192, .box_w = 10, .box_h = 11, .ofs_x = 1, .ofs_y = -1},
    {.bitmap_index = 5567, .adv_w = 192, .box_w = 10, .box_h = 11, .ofs_x = 1, .ofs_y = -1},
    {.bitmap_index = 5612, .adv_w = 192, .box_w = 10, .box_h = 11, .ofs_x = 1, .ofs_y = -1},
    {.bitmap_index = 5658, .adv_w = 192, .box_w = 10, .box_h = 11, .ofs_x = 1, .ofs_y = -1},
    {.bitmap_index = 5708, .adv_w = 192, .box_w = 11, .box_h = 11, .ofs_x = 1, .ofs_y = -1},
    {.bitmap_index = 5742, .adv_w = 192, .box_w = 11, .box_h = 11, .ofs_x = 1, .ofs_y = -1},
    {.bitmap_index = 5783, .adv_w = 192, .box_w = 11, .box_h = 11, .ofs_x = 1, .ofs_y = -1},
    {.bitmap_index = 5828, .adv_w = 192, .box_w = 11, .box_h = 11, .ofs_x = 1, .ofs_y = -1},
    {.bitmap_index = 5875, .adv_w = 192, .box_w = 10, .box_h = 11, .ofs_x = 1, .ofs_y = -1},
    {.bitmap_index = 5908, .adv_w = 192, .box_w = 10, .box_h = 11, .ofs_x = 1, .ofs_y = -1},
    {.bitmap_index = 5954, .adv_w = 192, .box_w = 12, .box_h = 10, .ofs_x = 0, .ofs_y = 0},
    {.bitmap_index = 5991, .adv_w = 192, .box_w = 12, .box_h = 11, .ofs_x = 0, .ofs_y = -1},
    {.bitmap_index = 6034, .adv_w = 192, .box_w = 12, .box_h = 11, .ofs_x = 0, .ofs_y = -1},
    {.bitmap_index = 6075, .adv_w = 192, .box_w = 12, .box_h = 11, .ofs_x = 0, .ofs_y = -1},
    {.bitmap_index = 6121, .adv_w = 192, .box_w = 12, .box_h = 11, .ofs_x = 0, .ofs_y = -1},
    {.bitmap_index = 6172, .adv_w = 192, .box_w = 10, .box_h = 11, .ofs_x = 1, .ofs_y = -1},
    {.bitmap_index = 6198, .adv_w = 192, .box_w = 10, .box_h = 11, .ofs_x = 1, .ofs_y = -1},
    {.bitmap_index = 6243, .adv_w = 192, .box_w = 11, .box_h = 11, .ofs_x = 1, .ofs_y = -1},
    {.bitmap_index = 6293, .adv_w = 192, .box_w = 11, .box_h = 11, .ofs_x = 1, .ofs_y = -1},
    {.bitmap_index = 6349, .adv_w = 192, .box_w = 10, .box_h = 11, .ofs_x = 1, .ofs_y = -1},
    {.bitmap_index = 6385, .adv_w = 192, .box_w = 10, .box_h = 11, .ofs_x = 1, .ofs_y = -1},
    {.bitmap_index = 6429, .adv_w = 192, .box_w = 10, .box_h = 11, .ofs_x = 1, .ofs_y = -1},
    {.bitmap_index = 6476, .adv_w = 192, .box_w = 10, .box_h = 11, .ofs_x = 1, .ofs_y = -1},
    {.bitmap_index = 6526, .adv_w = 192, .box_w = 12, .box_h = 10, .ofs_x = 0, .ofs_y = 0},
    {.bitmap_index = 6570, .adv_w = 192, .box_w = 12, .box_h = 11, .ofs_x = 0, .ofs_y = -1},
    {.bitmap_index = 6611, .adv_w = 192, .box_w = 12, .box_h = 11, .ofs_x = 0, .ofs_y = -1},
    {.bitmap_index = 6660, .adv_w = 192, .box_w = 12, .box_h = 11, .ofs_x = 0, .ofs_y = -1},
    {.bitmap_index = 6711, .adv_w = 192, .box_w = 10, .box_h = 11, .ofs_x = 1, .ofs_y = -1},
    {.bitmap_index = 6743, .adv_w = 192, .box_w = 12, .box_h = 11, .ofs_x = 0, .ofs_y = -1},
    {.bitmap_index = 6789, .adv_w = 192, .box_w = 12, .box_h = 11, .ofs_x = 0, .ofs_y = -1},
    {.bitmap_index = 6840, .adv_w = 192, .box_w = 12, .box_h = 11, .ofs_x = 0, .ofs_y = -1},
    {.bitmap_index = 6899, .adv_w = 192, .box_w = 11, .box_h = 12, .ofs_x = 0, .ofs_y = -1},
    {.bitmap_index = 6949, .adv_w = 192, .box_w = 11, .box_h = 11, .ofs_x = 0, .ofs_y = -1},
    {.bitmap_index = 7005, .adv_w = 192, .box_w = 11, .box_h = 11, .ofs_x = 0, .ofs_y = -1},
    {.bitmap_index = 7050, .adv_w = 192, .box_w = 11, .box_h = 11, .ofs_x = 0, .ofs_y = -1},
    {.bitmap_index = 7103, .adv_w = 192, .box_w = 11, .box_h = 11, .ofs_x = 0, .ofs_y = -1},
    {.bitmap_index = 7160, .adv_w = 192, .box_w = 11, .box_h = 11, .ofs_x = 0, .ofs_y = -1},
    {.bitmap_index = 7201, .adv_w = 192, .box_w = 11, .box_h = 11, .ofs_x = 0, .ofs_y = -1},
    {.bitmap_index = 7250, .adv_w = 192, .box_w = 12, .box_h = 10, .ofs_x = 0, .ofs_y = 0},
    {.bitmap_index = 7296, .adv_w = 192, .box_w = 12, .box_h = 11, .ofs_x = 0, .ofs_y = -1},
    {.bitmap_index = 7346, .adv_w = 192, .box_w = 12, .box_h = 11, .ofs_x = 0, .ofs_y = -1},
    {.bitmap_index = 7405, .adv_w = 192, .box_w = 11, .box_h = 13, .ofs_x = 0, .ofs_y = -2},
    {.bitmap_index = 7461, .adv_w = 192, .box_w = 12, .box_h = 11, .ofs_x = 0, .ofs_y = -1},
    {.bitmap_index = 7502, .adv_w = 192, .box_w = 12, .box_h = 10, .ofs_x = 0, .ofs_y = 0},
    {.bitmap_index = 7545, .adv_w = 192, .box_w = 12, .box_h = 11, .ofs_x = 0, .ofs_y = -1},
    {.bitmap_index = 7596, .adv_w = 192, .box_w = 12, .box_h = 11, .ofs_x = 0, .ofs_y = -1},
    {.bitmap_index = 7654, .adv_w = 192, .box_w = 11, .box_h = 11, .ofs_x = 0, .ofs_y = -1},
    {.bitmap_index = 7695, .adv_w = 192, .box_w = 11, .box_h = 11, .ofs_x = 0, .ofs_y = -1},
    {.bitmap_index = 7737, .adv_w = 192, .box_w = 11, .box_h = 11, .ofs_x = 0, .ofs_y = -1},
    {.bitmap_index = 7783, .adv_w = 192, .box_w = 11, .box_h = 11, .ofs_x = 0, .ofs_y = -1},
    {.bitmap_index = 7831, .adv_w = 192, .box_w = 11, .box_h = 11, .ofs_x = 0, .ofs_y = -1},
    {.bitmap_index = 7879, .adv_w = 192, .box_w = 11, .box_h = 11, .ofs_x = 1, .ofs_y = -1},
    {.bitmap_index = 7928, .adv_w = 192, .box_w = 12, .box_h = 11, .ofs_x = 0, .ofs_y = -1},
    {.bitmap_index = 7981, .adv_w = 192, .box_w = 12, .box_h = 11, .ofs_x = 0, .ofs_y = -1},
    {.bitmap_index = 8045, .adv_w = 192, .box_w = 12, .box_h = 11, .ofs_x = 0, .ofs_y = -1},
    {.bitmap_index = 8101, .adv_w = 192, .box_w = 11, .box_h = 12, .ofs_x = 1, .ofs_y = -2},
    {.bitmap_index = 8164, .adv_w = 192, .box_w = 12, .box_h = 11, .ofs_x = 0, .ofs_y = -1},
    {.bitmap_index = 8217, .adv_w = 192, .box_w = 12, .box_h = 11, .ofs_x = 0, .ofs_y = -1},
    {.bitmap_index = 8280, .adv_w = 192, .box_w = 10, .box_h = 11, .ofs_x = 1, .ofs_y = -1},
    {.bitmap_index = 8325, .adv_w = 192, .box_w = 10, .box_h = 11, .ofs_x = 1, .ofs_y = -1},
    {.bitmap_index = 8371, .adv_w = 192, .box_w = 10, .box_h = 11, .ofs_x = 1, .ofs_y = -1},
    {.bitmap_index = 8420, .adv_w = 192, .box_w = 11, .box_h = 12, .ofs_x = 1, .ofs_y = -2},
    {.bitmap_index = 8484, .adv_w = 192, .box_w = 11, .box_h = 12, .ofs_x = 1, .ofs_y = -2},
    {.bitmap_index = 8547, .adv_w = 192, .box_w = 11, .box_h = 11, .ofs_x = 0, .ofs_y = -1},
    {.bitmap_index = 8592, .adv_w = 192, .box_w = 10, .box_h = 11, .ofs_x = 1, .ofs_y = -1},
    {.bitmap_index = 8636, .adv_w = 192, .box_w = 10, .box_h = 11, .ofs_x = 1, .ofs_y = -1},
    {.bitmap_index = 8688, .adv_w = 192, .box_w = 10, .box_h = 11, .ofs_x = 1, .ofs_y = -1},
    {.bitmap_index = 8739, .adv_w = 192, .box_w = 10, .box_h = 11, .ofs_x = 1, .ofs_y = -1},
    {.bitmap_index = 8790, .adv_w = 192, .box_w = 10, .box_h = 11, .ofs_x = 1, .ofs_y = -1},
    {.bitmap_index = 8844, .adv_w = 192, .box_w = 11, .box_h = 11, .ofs_x = 0, .ofs_y = -1},
    {.bitmap_index = 8890, .adv_w = 192, .box_w = 12, .box_h = 10, .ofs_x = 0, .ofs_y = 0},
    {.bitmap_index = 8936, .adv_w = 192, .box_w = 12, .box_h = 11, .ofs_x = 0, .ofs_y = -1},
    {.bitmap_index = 8990, .adv_w = 192, .box_w = 12, .box_h = 11, .ofs_x = 0, .ofs_y = -1},
    {.bitmap_index = 9050, .adv_w = 192, .box_w = 11, .box_h = 11, .ofs_x = 0, .ofs_y = -1},
    {.bitmap_index = 9105, .adv_w = 192, .box_w = 11, .box_h = 11, .ofs_x = 0, .ofs_y = -1},
    {.bitmap_index = 9160, .adv_w = 192, .box_w = 12, .box_h = 10, .ofs_x = 0, .ofs_y = 0},
    {.bitmap_index = 9210, .adv_w = 192, .box_w = 12, .box_h = 11, .ofs_x = 0, .ofs_y = -1},
    {.bitmap_index = 9274, .adv_w = 192, .box_w = 12, .box_h = 11, .ofs_x = 0, .ofs_y = -1},
    {.bitmap_index = 9330, .adv_w = 192, .box_w = 11, .box_h = 11, .ofs_x = 0, .ofs_y = -1},
    {.bitmap_index = 9381, .adv_w = 192, .box_w = 11, .box_h = 11, .ofs_x = 0, .ofs_y = -1},
    {.bitmap_index = 9436, .adv_w = 192, .box_w = 11, .box_h = 11, .ofs_x = 0, .ofs_y = -1},
    {.bitmap_index = 9484, .adv_w = 192, .box_w = 11, .box_h = 11, .ofs_x = 0, .ofs_y = -1},
    {.bitmap_index = 9529, .adv_w = 192, .box_w = 12, .box_h = 11, .ofs_x = 0, .ofs_y = -1},
    {.bitmap_index = 9581, .adv_w = 192, .box_w = 12, .box_h = 11, .ofs_x = 0, .ofs_y = -1},
    {.bitmap_index = 9639, .adv_w = 192, .box_w = 12, .box_h = 10, .ofs_x = 0, .ofs_y = 0},
    {.bitmap_index = 9686, .adv_w = 192, .box_w = 12, .box_h = 11, .ofs_x = 0, .ofs_y = -1},
    {.bitmap_index = 9738, .adv_w = 192, .box_w = 12, .box_h = 11, .ofs_x = 0, .ofs_y = -1},
    {.bitmap_index = 9790, .adv_w = 192, .box_w = 12, .box_h = 11, .ofs_x = 0, .ofs_y = -1},
    {.bitmap_index = 9844, .adv_w = 192, .box_w = 12, .box_h = 11, .ofs_x = 0, .ofs_y = -1},
    {.bitmap_index = 9907, .adv_w = 192, .box_w = 11, .box_h = 11, .ofs_x = 0, .ofs_y = -1},
    {.bitmap_index = 9962, .adv_w = 192, .box_w = 10, .box_h = 11, .ofs_x = 1, .ofs_y = -1},
    {.bitmap_index = 10005, .adv_w = 192, .box_w = 10, .box_h = 11, .ofs_x = 1, .ofs_y = -1},
    {.bitmap_index = 10051, .adv_w = 192, .box_w = 10, .box_h = 11, .ofs_x = 1, .ofs_y = -1},
    {.bitmap_index = 10100, .adv_w = 192, .box_w = 10, .box_h = 11, .ofs_x = 1, .ofs_y = -1},
    {.bitmap_index = 10149, .adv_w = 192, .box_w = 10, .box_h = 11, .ofs_x = 1, .ofs_y = -1},
    {.bitmap_index = 10199, .adv_w = 192, .box_w = 11, .box_h = 12, .ofs_x = 1, .ofs_y = -2},
    {.bitmap_index = 10260, .adv_w = 192, .box_w = 10, .box_h = 11, .ofs_x = 1, .ofs_y = -1},
    {.bitmap_index = 10312, .adv_w = 192, .box_w = 12, .box_h = 11, .ofs_x = 0, .ofs_y = -1},
    {.bitmap_index = 10360, .adv_w = 192, .box_w = 12, .box_h = 11, .ofs_x = 0, .ofs_y = -1},
    {.bitmap_index = 10414, .adv_w = 192, .box_w = 12, .box_h = 11, .ofs_x = 0, .ofs_y = -1},
    {.bitmap_index = 10469, .adv_w = 192, .box_w = 12, .box_h = 11, .ofs_x = 0, .ofs_y = -1},
    {.bitmap_index = 10531, .adv_w = 192, .box_w = 11, .box_h = 11, .ofs_x = 0, .ofs_y = -1},
    {.bitmap_index = 10578, .adv_w = 192, .box_w = 11, .box_h = 11, .ofs_x = 0, .ofs_y = -1},
    {.bitmap_index = 10627, .adv_w = 192, .box_w = 11, .box_h = 11, .ofs_x = 0, .ofs_y = -1},
    {.bitmap_index = 10679, .adv_w = 192, .box_w = 11, .box_h = 11, .ofs_x = 0, .ofs_y = -1},
    {.bitmap_index = 10733, .adv_w = 192, .box_w = 11, .box_h = 11, .ofs_x = 0, .ofs_y = -1},
    {.bitmap_index = 10791, .adv_w = 192, .box_w = 11, .box_h = 11, .ofs_x = 0, .ofs_y = -1},
    {.bitmap_index = 10837, .adv_w = 192, .box_w = 11, .box_h = 11, .ofs_x = 0, .ofs_y = -1},
    {.bitmap_index = 10888, .adv_w = 192, .box_w = 12, .box_h = 10, .ofs_x = 0, .ofs_y = 0},
    {.bitmap_index = 10936, .adv_w = 192, .box_w = 12, .box_h = 11, .ofs_x = 0, .ofs_y = -1},
    {.bitmap_index = 10988, .adv_w = 192, .box_w = 12, .box_h = 11, .ofs_x = 0, .ofs_y = -1},
    {.bitmap_index = 11036, .adv_w = 192, .box_w = 12, .box_h = 11, .ofs_x = 0, .ofs_y = -1},
    {.bitmap_index = 11092, .adv_w = 192, .box_w = 12, .box_h = 11, .ofs_x = 0, .ofs_y = -1},
    {.bitmap_index = 11152, .adv_w = 192, .box_w = 12, .box_h = 11, .ofs_x = 0, .ofs_y = -1},
    {.bitmap_index = 11203, .adv_w = 192, .box_w = 12, .box_h = 11, .ofs_x = 0, .ofs_y = -1},
    {.bitmap_index = 11263, .adv_w = 192, .box_w = 11, .box_h = 11, .ofs_x = 0, .ofs_y = -1},
    {.bitmap_index = 11306, .adv_w = 192, .box_w = 11, .box_h = 11, .ofs_x = 0, .ofs_y = -1},
    {.bitmap_index = 11354, .adv_w = 192, .box_w = 11, .box_h = 11, .ofs_x = 0, .ofs_y = -1},
    {.bitmap_index = 11404, .adv_w = 192, .box_w = 11, .box_h = 11, .ofs_x = 0, .ofs_y = -1},
    {.bitmap_index = 11454, .adv_w = 192, .box_w = 11, .box_h = 11, .ofs_x = 0, .ofs_y = -1},
    {.bitmap_index = 11506, .adv_w = 192, .box_w = 12, .box_h = 11, .ofs_x = 0, .ofs_y = -1},
    {.bitmap_index = 11560, .adv_w = 192, .box_w = 12, .box_h = 12, .ofs_x = 0, .ofs_y = -1},
    {.bitmap_index = 11621, .adv_w = 192, .box_w = 11, .box_h = 13, .ofs_x = 0, .ofs_y = -2},
    {.bitmap_index = 11687, .adv_w = 192, .box_w = 11, .box_h = 12, .ofs_x = 0, .ofs_y = -1},
    {.bitmap_index = 11750, .adv_w = 192, .box_w = 11, .box_h = 11, .ofs_x = 0, .ofs_y = -1},
    {.bitmap_index = 11799, .adv_w = 192, .box_w = 12, .box_h = 10, .ofs_x = 0, .ofs_y = 0},
    {.bitmap_index = 11852, .adv_w = 192, .box_w = 11, .box_h = 11, .ofs_x = 0, .ofs_y = -1},
    {.bitmap_index = 11910, .adv_w = 192, .box_w = 12, .box_h = 12, .ofs_x = 0, .ofs_y = -1},
    {.bitmap_index = 11960, .adv_w = 192, .box_w = 12, .box_h = 12, .ofs_x = 0, .ofs_y = -1},
    {.bitmap_index = 12026, .adv_w = 192, .box_w = 11, .box_h = 11, .ofs_x = 0, .ofs_y = -1},
    {.bitmap_index = 12072, .adv_w = 192, .box_w = 12, .box_h = 12, .ofs_x = 0, .ofs_y = -1},
    {.bitmap_index = 12129, .adv_w = 192, .box_w = 11, .box_h = 11, .ofs_x = 0, .ofs_y = -1},
    {.bitmap_index = 12176, .adv_w = 192, .box_w = 12, .box_h = 11, .ofs_x = 0, .ofs_y = -1},
    {.bitmap_index = 12223, .adv_w = 192, .box_w = 11, .box_h = 11, .ofs_x = 0, .ofs_y = -1},
    {.bitmap_index = 12274, .adv_w = 192, .box_w = 11, .box_h = 11, .ofs_x = 0, .ofs_y = -1},
    {.bitmap_index = 12324, .adv_w = 192, .box_w = 12, .box_h = 10, .ofs_x = 0, .ofs_y = 0},
    {.bitmap_index = 12367, .adv_w = 192, .box_w = 11, .box_h = 11, .ofs_x = 0, .ofs_y = -1},
    {.bitmap_index = 12408, .adv_w = 192, .box_w = 10, .box_h = 11, .ofs_x = 1, .ofs_y = -1},
    {.bitmap_index = 12448, .adv_w = 192, .box_w = 10, .box_h = 11, .ofs_x = 1, .ofs_y = -1},
    {.bitmap_index = 12489, .adv_w = 192, .box_w = 10, .box_h = 11, .ofs_x = 1, .ofs_y = -1},
    {.bitmap_index = 12535, .adv_w = 192, .box_w = 10, .box_h = 11, .ofs_x = 1, .ofs_y = -1},
    {.bitmap_index = 12582, .adv_w = 192, .box_w = 12, .box_h = 10, .ofs_x = 0, .ofs_y = 0},
    {.bitmap_index = 12627, .adv_w = 192, .box_w = 12, .box_h = 10, .ofs_x = 0, .ofs_y = 0},
    {.bitmap_index = 12666, .adv_w = 192, .box_w = 12, .box_h = 11, .ofs_x = 0, .ofs_y = -1},
    {.bitmap_index = 12710, .adv_w = 192, .box_w = 12, .box_h = 11, .ofs_x = 0, .ofs_y = -1},
    {.bitmap_index = 12760, .adv_w = 192, .box_w = 12, .box_h = 11, .ofs_x = 0, .ofs_y = -1},
    {.bitmap_index = 12814, .adv_w = 192, .box_w = 11, .box_h = 11, .ofs_x = 0, .ofs_y = -1},
    {.bitmap_index = 12856, .adv_w = 192, .box_w = 11, .box_h = 11, .ofs_x = 0, .ofs_y = -1},
    {.bitmap_index = 12908, .adv_w = 192, .box_w = 11, .box_h = 11, .ofs_x = 0, .ofs_y = -1},
    {.bitmap_index = 12959, .adv_w = 192, .box_w = 11, .box_h = 11, .ofs_x = 0, .ofs_y = -1},
    {.bitmap_index = 13000, .adv_w = 192, .box_w = 12, .box_h = 10, .ofs_x = 0, .ofs_y = 0},
    {.bitmap_index = 13055, .adv_w = 192, .box_w = 12, .box_h = 10, .ofs_x = 0, .ofs_y = 0},
    {.bitmap_index = 13099, .adv_w = 192, .box_w = 11, .box_h = 11, .ofs_x = 0, .ofs_y = -1},
    {.bitmap_index = 13144, .adv_w = 192, .box_w = 12, .box_h = 11, .ofs_x = 0, .ofs_y = -1},
    {.bitmap_index = 13199, .adv_w = 192, .box_w = 12, .box_h = 12, .ofs_x = 0, .ofs_y = -1},
    {.bitmap_index = 13265, .adv_w = 192, .box_w = 11, .box_h = 11, .ofs_x = 0, .ofs_y = -1},
    {.bitmap_index = 13316, .adv_w = 192, .box_w = 12, .box_h = 11, .ofs_x = 0, .ofs_y = -1},
    {.bitmap_index = 13380, .adv_w = 192, .box_w = 11, .box_h = 11, .ofs_x = 0, .ofs_y = -1},
    {.bitmap_index = 13440, .adv_w = 192, .box_w = 12, .box_h = 12, .ofs_x = 0, .ofs_y = -1},
    {.bitmap_index = 13511, .adv_w = 192, .box_w = 11, .box_h = 12, .ofs_x = 0, .ofs_y = -1},
    {.bitmap_index = 13569, .adv_w = 192, .box_w = 11, .box_h = 12, .ofs_x = 0, .ofs_y = -1},
    {.bitmap_index = 13629, .adv_w = 192, .box_w = 11, .box_h = 12, .ofs_x = 0, .ofs_y = -1},
    {.bitmap_index = 13694, .adv_w = 192, .box_w = 12, .box_h = 10, .ofs_x = 0, .ofs_y = 0},
    {.bitmap_index = 13748, .adv_w = 192, .box_w = 12, .box_h = 12, .ofs_x = 0, .ofs_y = -1},
    {.bitmap_index = 13815, .adv_w = 192, .box_w = 12, .box_h = 12, .ofs_x = 0, .ofs_y = -1},
    {.bitmap_index = 13877, .adv_w = 192, .box_w = 11, .box_h = 12, .ofs_x = 0, .ofs_y = -1},
    {.bitmap_index = 13938, .adv_w = 192, .box_w = 12, .box_h = 13, .ofs_x = 0, .ofs_y = -2},
    {.bitmap_index = 14011, .adv_w = 192, .box_w = 12, .box_h = 10, .ofs_x = 0, .ofs_y = 0},
    {.bitmap_index = 14064, .adv_w = 192, .box_w = 12, .box_h = 12, .ofs_x = 0, .ofs_y = -1},
    {.bitmap_index = 14121, .adv_w = 192, .box_w = 11, .box_h = 11, .ofs_x = 0, .ofs_y = -1}
};

/*---------------------
 *  CHARACTER MAPPING
 *--------------------*/

static const uint16_t unicode_list_1[] = {
    0x0, 0x1, 0x7, 0x27, 0x1f63, 0x1f64, 0x1f68, 0x1f69,
    0x1f6c, 0x1f6d, 0x1f72, 0x1f76, 0x2053, 0x20e2, 0xab50, 0xab51,
    0xab54, 0xab60, 0xab62, 0xab6c, 0xabc4, 0xabd0, 0xabd3, 0xabdc,
    0xac00, 0xac0d, 0xac14, 0xac30, 0xac45, 0xac4c, 0xac50, 0xaca0,
    0xacbc, 0xad48, 0xad4c, 0xad58, 0xad80, 0xad90, 0xae0c, 0xaf94,
    0xaf9a, 0xafad, 0xafe8, 0xaff8, 0xb004, 0xb019, 0xb060, 0xb074,
    0xb087, 0xb0c8, 0xb0e2, 0xb154, 0xb15c, 0xb1e4, 0xb1f5, 0xb218,
    0xb234, 0xb238, 0xb245, 0xb250, 0xb2c0, 0xb2c8, 0xb314, 0xb31c,
    0xb329, 0xb368, 0xb36c, 0xb378, 0xb42c, 0xb441, 0xb6cc, 0xb6e8,
    0xb6f8, 0xb719, 0xb73c, 0xb757, 0xb758, 0xb775, 0xb7ac, 0xb7ad,
    0xb7b4, 0xb81c, 0xb8a8, 0xb8c4, 0xb8d4, 0xb8fc, 0xb904, 0xb90c,
    0xb911, 0xb918, 0xb919, 0xb91c, 0xb920, 0xb9a4, 0xb9c4, 0xb9f8,
    0xb9f9, 0xba84, 0xba88, 0xba8c, 0xbb48, 0xbb50, 0xbb6b, 0xbb79,
    0xbbd4, 0xbbd8, 0xbc10, 0xbc14, 0xbc44, 0xbcd0, 0xbcd4, 0xbcd8,
    0xbd94, 0xbffc, 0xc000, 0xc011, 0xc019, 0xc02d, 0xc06c, 0xc074,
    0xc081, 0xc088, 0xc08c, 0xc0dc, 0xc0dd, 0xc0f1, 0xc114, 0xc168,
    0xc1f4, 0xc205, 0xc209, 0xc22c, 0xc22d, 0xc230, 0xc234, 0xc23c,
    0xc494, 0xc498, 0xc49a, 0xc49c, 0xc4a8, 0xc4cd, 0xc4e1, 0xc504,
    0xc508, 0xc515, 0xc516, 0xc518, 0xc520, 0xc53d, 0xc540, 0xc544,
    0xc54d, 0xc551, 0xc558, 0xc574, 0xc578, 0xc594, 0xc5ac, 0xc5c8,
    0xc5e4, 0xc5f9, 0xc604, 0xc61c, 0xc620, 0xc638, 0xc654, 0xc670,
    0xc671, 0xc68c, 0xc690, 0xc694, 0xc69c, 0xc6a1, 0xc6a8, 0xc6c4,
    0xc6c8, 0xc6cc, 0xc6d4, 0xc6d5, 0xc6d8, 0xc6de, 0xc6e0, 0xc6e1,
    0xc6e8, 0xc6f5, 0xc6fc, 0xc750, 0xc754, 0xc758, 0xc765, 0xc76c,
    0xc788, 0xc7c0, 0xc7c1, 0xc84c, 0xc850, 0xc861, 0xc8d9, 0xc8ed,
    0xc910, 0xc911, 0xc914, 0xc920, 0xc921, 0xcb78, 0xcb88, 0xcbfb,
    0xcbfd, 0xcc04, 0xcc58, 0xccac, 0xcce4, 0xccf9, 0xcd38, 0xcd71,
    0xcda8, 0xcdc4, 0xce38, 0xce6c, 0xcfbc, 0xcff4, 0xd02c, 0xd080,
    0xd084, 0xd0a4, 0xd0f0, 0xd208, 0xd20c, 0xd25c, 0xd260, 0xd278,
    0xd27c, 0xd2dc, 0xd320, 0xd3ac, 0xd454, 0xd48c, 0xd4a8, 0xd4b9,
    0xd4c4, 0xd4d8, 0xd4d9, 0xd4f5, 0xd528, 0xd554, 0xd565, 0xd588,
    0xd5a4, 0xd5a5, 0xd5dc, 0xd5ef, 0xd5f8, 0xd614, 0xd6d8
};

/*Collect the unicode lists and glyph_id offsets*/
static const lv_font_fmt_txt_cmap_t cmaps[] =
{
    {
        .range_start = 32, .range_length = 95, .glyph_id_start = 1,
        .unicode_list = NULL, .glyph_id_ofs_list = NULL, .list_length = 0, .type = LV_FONT_FMT_TXT_CMAP_FORMAT0_TINY
    },
    {
        .range_start = 176, .range_length = 55001, .glyph_id_start = 96,
        .unicode_list = unicode_list_1, .glyph_id_ofs_list = NULL, .list_length = 255, .type = LV_FONT_FMT_TXT_CMAP_SPARSE_TINY
    }
};



/*--------------------
 *  ALL CUSTOM DATA
 *--------------------*/

#if LVGL_VERSION_MAJOR == 8
/*Store all the custom data of the font*/
static  lv_font_fmt_txt_glyph_cache_t cache;
#endif

#if LVGL_VERSION_MAJOR >= 8
static const lv_font_fmt_txt_dsc_t font_dsc = {
#else
static lv_font_fmt_txt_dsc_t font_dsc = {
#endif
    .glyph_bitmap = glyph_bitmap,
    .glyph_dsc = glyph_dsc,
    .cmaps = cmaps,
    .kern_dsc = NULL,
    .kern_scale = 0,
    .cmap_num = 2,
    .bpp = 4,
    .kern_classes = 0,
    .bitmap_format = 1,
#if LVGL_VERSION_MAJOR == 8
    .cache = &cache
#endif
};

extern const lv_font_t font_kr_full_12;


/*-----------------
 *  PUBLIC FONT
 *----------------*/

/*Initialize a public general font descriptor*/
#if LVGL_VERSION_MAJOR >= 8
const lv_font_t font_bold_12 = {
#else
lv_font_t font_bold_12 = {
#endif
    .get_glyph_dsc = lv_font_get_glyph_dsc_fmt_txt,    /*Function pointer to get glyph's data*/
    .get_glyph_bitmap = lv_font_get_bitmap_fmt_txt,    /*Function pointer to get glyph's bitmap*/
    .line_height = 14,          /*The maximum line height required by the font*/
    .base_line = 3,             /*Baseline measured from the bottom of the line*/
#if !(LVGL_VERSION_MAJOR == 6 && LVGL_VERSION_MINOR == 0)
    .subpx = LV_FONT_SUBPX_NONE,
#endif
#if LV_VERSION_CHECK(7, 4, 0) || LVGL_VERSION_MAJOR >= 8
    .underline_position = -2,
    .underline_thickness = 1,
#endif
    .dsc = &font_dsc,          /*The custom font data. Will be accessed by `get_glyph_bitmap/dsc` */
#if LV_VERSION_CHECK(8, 2, 0) || LVGL_VERSION_MAJOR >= 9
    .fallback = &font_kr_full_12,
#endif
    .user_data = NULL,
};



#endif /*#if FONT_BOLD_12*/

